order_id,order_at,purchase_amount,utm_source,utm_medium,utm_campaign,session_count,valid_session_count,created_date,mx_channel_id,mx_platform
2603200942017448,2026-03-20 00:42:01.000 UTC,85000.000000,(direct),(none),(not set),306,179,2026-03-20,567375433033637313,GODOMALL5
2603201003482979,2026-03-20 01:03:48.000 UTC,199000.000000,naver,brandsearch,naver_bs,599,552,2026-03-20,567375433033637313,GODOMALL5
2603201029189270,2026-03-20 01:29:19.000 UTC,193000.000000,naver,brandsearch,naver_bs,599,552,2026-03-20,567375433033637313,GODOMALL5
2603201103244701,2026-03-20 02:03:24.000 UTC,66420.000000,naver,brandsearch,naver_bs,599,552,2026-03-20,567375433033637313,GODOMALL5
2603201253572814,2026-03-20 03:53:57.000 UTC,20000.000000,(direct),(none),(not set),306,179,2026-03-20,567375433033637313,GODOMALL5
2603201308071315,2026-03-20 04:08:07.000 UTC,176920.000000,(direct),(none),(direct),306,179,2026-03-20,567375433033637313,GODOMALL5
2603201317298376,2026-03-20 04:17:29.000 UTC,148000.000000,naver,organic,(organic),85,76,2026-03-20,567375433033637313,GODOMALL5
2603201328118047,2026-03-20 04:28:11.000 UTC,102000.000000,(direct),(none),(direct),306,179,2026-03-20,567375433033637313,GODOMALL5
2603201407074628,2026-03-20 05:07:07.000 UTC,126500.000000,(direct),(none),(direct),306,179,2026-03-20,567375433033637313,GODOMALL5
2603201419309799,2026-03-20 05:19:31.000 UTC,106100.000000,(direct),(none),(direct),306,179,2026-03-20,567375433033637313,GODOMALL5
2603201512358700,2026-03-20 06:12:35.000 UTC,43000.000000,naver,brandsearch,naver_bs,599,552,2026-03-20,567375433033637313,GODOMALL5
2603201523127451,2026-03-20 06:23:12.000 UTC,136000.000000,(direct),(none),(not set),306,179,2026-03-20,567375433033637313,GODOMALL5
2603201612320662,2026-03-20 07:12:32.000 UTC,194000.000000,naver,organic,(organic),85,76,2026-03-20,567375433033637313,GODOMALL5
2603201631447133,2026-03-20 07:31:44.000 UTC,479200.000000,google,organic,(organic),52,42,2026-03-20,567375433033637313,GODOMALL5
2603201718127024,2026-03-20 08:18:12.000 UTC,53000.000000,naver,brandsearch,naver_bs,599,552,2026-03-20,567375433033637313,GODOMALL5
2603202231518715,2026-03-20 13:31:51.000 UTC,66500.000000,naver,brandsearch,naver_bs,599,552,2026-03-20,567375433033637313,GODOMALL5
2603202234377126,2026-03-20 13:34:37.000 UTC,99500.000000,naver,brandsearch,naver_bs,599,552,2026-03-20,567375433033637313,GODOMALL5
2603202249318887,2026-03-20 13:49:31.000 UTC,272000.000000,naver,brandsearch,naver_bs,599,552,2026-03-20,567375433033637313,GODOMALL5
2603202254441868,2026-03-20 13:54:44.000 UTC,181000.000000,naver,brandsearch,naver_bs,599,552,2026-03-20,567375433033637313,GODOMALL5
2603202332467109,2026-03-20 14:32:46.000 UTC,46000.000000,,,,0,0,2026-03-20,567375433033637313,GODOMALL5
2603202338547830,2026-03-20 14:38:54.000 UTC,83000.000000,naver,brandsearch,naver_bs,599,552,2026-03-20,567375433033637313,GODOMALL5
2603210059218251,2026-03-20 15:59:21.000 UTC,101000.000000,naver,brandsearch,naver_bs,426,394,2026-03-21,567375433033637313,GODOMALL5
2603210913549172,2026-03-21 00:13:55.000 UTC,76000.000000,naver,brandsearch,naver_bs,426,394,2026-03-21,567375433033637313,GODOMALL5
2603210949357973,2026-03-21 00:49:35.000 UTC,122000.000000,(direct),(none),(direct),245,126,2026-03-21,567375433033637313,GODOMALL5
2603211212245234,2026-03-21 03:12:24.000 UTC,156000.000000,naver,brandsearch,naver_bs,426,394,2026-03-21,567375433033637313,GODOMALL5
2603211216595725,2026-03-21 03:16:59.000 UTC,113500.000000,naver,brandsearch,naver_bs,426,394,2026-03-21,567375433033637313,GODOMALL5
2603211313325726,2026-03-21 04:13:32.000 UTC,77000.000000,naver,brandsearch,naver_bs,426,394,2026-03-21,567375433033637313,GODOMALL5
2603211343405278,2026-03-21 04:43:40.000 UTC,55000.000000,place.naver.com,referral,(referral),14,12,2026-03-21,567375433033637313,GODOMALL5
2603211414538409,2026-03-21 05:14:53.000 UTC,107920.000000,naver,brandsearch,naver_bs,426,394,2026-03-21,567375433033637313,GODOMALL5
2603211509548290,2026-03-21 06:09:54.000 UTC,117420.000000,,,,0,0,2026-03-21,567375433033637313,GODOMALL5
2603211635212322,2026-03-21 07:35:21.000 UTC,51000.000000,,,,0,0,2026-03-21,567375433033637313,GODOMALL5
2603211659038663,2026-03-21 07:59:04.000 UTC,128000.000000,naver,brandsearch,naver_bs,426,394,2026-03-21,567375433033637313,GODOMALL5
2603211724178324,2026-03-21 08:24:17.000 UTC,69500.000000,(direct),(none),(direct),245,126,2026-03-21,567375433033637313,GODOMALL5
2603211734343395,2026-03-21 08:34:34.000 UTC,301500.000000,naver,brandsearch,naver_bs,426,394,2026-03-21,567375433033637313,GODOMALL5
2603211746518857,2026-03-21 08:46:52.000 UTC,460000.000000,(direct),(none),(direct),245,126,2026-03-21,567375433033637313,GODOMALL5
2603211853148078,2026-03-21 09:53:14.000 UTC,1472000.000000,daum,organic,(organic),2,1,2026-03-21,567375433033637313,GODOMALL5
2603211931002469,2026-03-21 10:31:00.000 UTC,127000.000000,naver,brandsearch,naver_bs,426,394,2026-03-21,567375433033637313,GODOMALL5
2603212027484551,2026-03-21 11:27:48.000 UTC,195000.000000,naver,brandsearch,naver_bs,426,394,2026-03-21,567375433033637313,GODOMALL5
2603220031125741,2026-03-21 15:31:12.000 UTC,36500.000000,google,organic,(organic),27,23,2026-03-22,567375433033637313,GODOMALL5
2603220723467162,2026-03-21 22:23:46.000 UTC,101000.000000,naver,brandsearch,naver_bs,518,472,2026-03-22,567375433033637313,GODOMALL5
2603220913077783,2026-03-22 00:13:07.000 UTC,99000.000000,naver,brandsearch,naver_bs,518,472,2026-03-22,567375433033637313,GODOMALL5
2603220947008605,2026-03-22 00:47:00.000 UTC,184500.000000,bing,organic,(organic),3,3,2026-03-22,567375433033637313,GODOMALL5
2603221028463766,2026-03-22 01:28:46.000 UTC,190000.000000,naver,brandsearch,naver_bs,518,472,2026-03-22,567375433033637313,GODOMALL5
2603221403123247,2026-03-22 05:03:12.000 UTC,107000.000000,naver,brandsearch,naver_bs,518,472,2026-03-22,567375433033637313,GODOMALL5
2603221526008018,2026-03-22 06:26:00.000 UTC,149000.000000,(direct),(none),(not set),278,164,2026-03-22,567375433033637313,GODOMALL5
2603221550173809,2026-03-22 06:50:17.000 UTC,41000.000000,naver,brandsearch,naver_bs,518,472,2026-03-22,567375433033637313,GODOMALL5
2603221608395240,2026-03-22 07:08:39.000 UTC,223000.000000,naver,brandsearch,naver_bs,518,472,2026-03-22,567375433033637313,GODOMALL5
2603222003265152,2026-03-22 11:03:26.000 UTC,102000.000000,,,,0,0,2026-03-22,567375433033637313,GODOMALL5
2603222211435816,2026-03-22 13:11:43.000 UTC,32500.000000,naver,brandsearch,naver_bs,518,472,2026-03-22,567375433033637313,GODOMALL5
2603222217508407,2026-03-22 13:17:50.000 UTC,969000.000000,(direct),(none),(not set),278,164,2026-03-22,567375433033637313,GODOMALL5
2603222240597500,2026-03-22 13:40:59.000 UTC,320500.000000,bing,organic,(organic),3,3,2026-03-22,567375433033637313,GODOMALL5
2603222244052071,2026-03-22 13:44:05.000 UTC,125500.000000,,,,0,0,2026-03-22,567375433033637313,GODOMALL5
2603222247416772,2026-03-22 13:47:41.000 UTC,91000.000000,(direct),(none),(not set),278,164,2026-03-22,567375433033637313,GODOMALL5
2603230143004821,2026-03-22 16:43:00.000 UTC,39500.000000,(direct),(none),(direct),336,219,2026-03-23,567375433033637313,GODOMALL5
2603230718097122,2026-03-22 22:18:09.000 UTC,64000.000000,(direct),(none),(direct),336,219,2026-03-23,567375433033637313,GODOMALL5
2603230729339553,2026-03-22 22:29:34.000 UTC,234000.000000,naver,brandsearch,naver_bs,759,696,2026-03-23,567375433033637313,GODOMALL5
2603230743232884,2026-03-22 22:43:23.000 UTC,370000.000000,naver,brandsearch,naver_bs,759,696,2026-03-23,567375433033637313,GODOMALL5
2603230825231035,2026-03-22 23:25:23.000 UTC,30000.000000,naver,brandsearch,naver_bs,759,696,2026-03-23,567375433033637313,GODOMALL5
2603230839080736,2026-03-22 23:39:08.000 UTC,91000.000000,(direct),(none),(not set),336,219,2026-03-23,567375433033637313,GODOMALL5
2603230901509817,2026-03-23 00:01:51.000 UTC,49000.000000,naver,brandsearch,naver_bs,759,696,2026-03-23,567375433033637313,GODOMALL5
2603230933551688,2026-03-23 00:33:55.000 UTC,417000.000000,(direct),(none),(not set),336,219,2026-03-23,567375433033637313,GODOMALL5
2603230941439749,2026-03-23 00:41:44.000 UTC,60500.000000,naver,brandsearch,naver_bs,759,696,2026-03-23,567375433033637313,GODOMALL5
2603230946331711,2026-03-23 00:46:33.000 UTC,118000.000000,daum,organic,(organic),6,5,2026-03-23,567375433033637313,GODOMALL5
2603230951347402,2026-03-23 00:51:34.000 UTC,74000.000000,naver,brandsearch,naver_bs,759,696,2026-03-23,567375433033637313,GODOMALL5
2603231023137493,2026-03-23 01:23:13.000 UTC,53500.000000,naver,organic,(organic),85,80,2026-03-23,567375433033637313,GODOMALL5
2603231025565994,2026-03-23 01:25:56.000 UTC,231600.000000,naver,brandsearch,naver_bs,759,696,2026-03-23,567375433033637313,GODOMALL5
2603231031595415,2026-03-23 01:31:59.000 UTC,102500.000000,(direct),(none),(not set),336,219,2026-03-23,567375433033637313,GODOMALL5
2603231035041147,2026-03-23 01:35:04.000 UTC,52000.000000,naver,organic,(organic),85,80,2026-03-23,567375433033637313,GODOMALL5
2603231053343660,2026-03-23 01:53:34.000 UTC,158000.000000,(direct),(none),(direct),336,219,2026-03-23,567375433033637313,GODOMALL5
2603231107046021,2026-03-23 02:07:04.000 UTC,259100.000000,naver,brandsearch,naver_bs,759,696,2026-03-23,567375433033637313,GODOMALL5
2603231116296112,2026-03-23 02:16:29.000 UTC,268500.000000,naver,brandsearch,naver_bs,759,696,2026-03-23,567375433033637313,GODOMALL5
2603231123106294,2026-03-23 02:23:10.000 UTC,2185000.000000,(direct),(none),(direct),336,219,2026-03-23,567375433033637313,GODOMALL5
2603231149403905,2026-03-23 02:49:40.000 UTC,712000.000000,,,,0,0,2026-03-23,567375433033637313,GODOMALL5
2603231201165536,2026-03-23 03:01:16.000 UTC,53500.000000,naver,brandsearch,naver_bs,759,696,2026-03-23,567375433033637313,GODOMALL5
2603231229020137,2026-03-23 03:29:02.000 UTC,144000.000000,(direct),(none),(direct),336,219,2026-03-23,567375433033637313,GODOMALL5
2603231232201648,2026-03-23 03:32:20.000 UTC,144000.000000,(direct),(none),(direct),336,219,2026-03-23,567375433033637313,GODOMALL5
2603231325529680,2026-03-23 04:25:53.000 UTC,469000.000000,place.naver.com,referral,(referral),22,18,2026-03-23,567375433033637313,GODOMALL5
2603231337011062,2026-03-23 04:37:01.000 UTC,53500.000000,google,organic,(organic),38,32,2026-03-23,567375433033637313,GODOMALL5
2603231337174863,2026-03-23 04:37:17.000 UTC,458000.000000,(direct),(none),(direct),336,219,2026-03-23,567375433033637313,GODOMALL5
2603231346291055,2026-03-23 04:46:29.000 UTC,77000.000000,(direct),(none),(direct),336,219,2026-03-23,567375433033637313,GODOMALL5
2603231447528767,2026-03-23 05:47:52.000 UTC,99000.000000,(direct),(none),(not set),336,219,2026-03-23,567375433033637313,GODOMALL5
2603231449546238,2026-03-23 05:49:54.000 UTC,47000.000000,naver,brandsearch,naver_bs,759,696,2026-03-23,567375433033637313,GODOMALL5
2603231515562589,2026-03-23 06:15:56.000 UTC,51000.000000,naver,brandsearch,naver_bs,759,696,2026-03-23,567375433033637313,GODOMALL5
2603231605513471,2026-03-23 07:05:51.000 UTC,69000.000000,naver,brandsearch,naver_bs,759,696,2026-03-23,567375433033637313,GODOMALL5
2603231614541684,2026-03-23 07:14:54.000 UTC,180000.000000,(direct),(none),(direct),336,219,2026-03-23,567375433033637313,GODOMALL5
2603231625470027,2026-03-23 07:25:47.000 UTC,184000.000000,(direct),(none),(not set),336,219,2026-03-23,567375433033637313,GODOMALL5
2603231644323268,2026-03-23 07:44:32.000 UTC,36500.000000,naver,brandsearch,naver_bs,759,696,2026-03-23,567375433033637313,GODOMALL5
2603231654265649,2026-03-23 07:54:26.000 UTC,22500.000000,naver,brandsearch,naver_bs,759,696,2026-03-23,567375433033637313,GODOMALL5
2603231657299790,2026-03-23 07:57:30.000 UTC,62000.000000,naver,brandsearch,naver_bs,759,696,2026-03-23,567375433033637313,GODOMALL5
2603231725283671,2026-03-23 08:25:28.000 UTC,61000.000000,naver,brandsearch,naver_bs,759,696,2026-03-23,567375433033637313,GODOMALL5
2603231725424502,2026-03-23 08:25:42.000 UTC,62000.000000,naver,brandsearch,naver_bs,759,696,2026-03-23,567375433033637313,GODOMALL5
2603231837516074,2026-03-23 09:37:51.000 UTC,20000.000000,(direct),(none),(direct),336,219,2026-03-23,567375433033637313,GODOMALL5
2603231849253135,2026-03-23 09:49:25.000 UTC,59000.000000,(direct),(none),(not set),336,219,2026-03-23,567375433033637313,GODOMALL5
2603231941363518,2026-03-23 10:41:36.000 UTC,150500.000000,naver,brandsearch,naver_bs,759,696,2026-03-23,567375433033637313,GODOMALL5
2603231942104019,2026-03-23 10:42:10.000 UTC,216000.000000,naver,brandsearch,naver_bs,759,696,2026-03-23,567375433033637313,GODOMALL5
2603232003033971,2026-03-23 11:03:03.000 UTC,158420.000000,,,,0,0,2026-03-23,567375433033637313,GODOMALL5
2603232004084482,2026-03-23 11:04:08.000 UTC,35500.000000,naver,brandsearch,naver_bs,759,696,2026-03-23,567375433033637313,GODOMALL5
2603232013428023,2026-03-23 11:13:42.000 UTC,61000.000000,naver,brandsearch,naver_bs,759,696,2026-03-23,567375433033637313,GODOMALL5
2603232026084214,2026-03-23 11:26:08.000 UTC,190000.000000,(direct),(none),(direct),336,219,2026-03-23,567375433033637313,GODOMALL5
2603232137033425,2026-03-23 12:37:03.000 UTC,144000.000000,(direct),(none),(direct),336,219,2026-03-23,567375433033637313,GODOMALL5
2603232325523416,2026-03-23 14:25:52.000 UTC,52500.000000,naver,brandsearch,naver_bs,759,696,2026-03-23,567375433033637313,GODOMALL5
2603232344268078,2026-03-23 14:44:26.000 UTC,135000.000000,naver,brandsearch,naver_bs,759,696,2026-03-23,567375433033637313,GODOMALL5
2603240845515371,2026-03-23 23:45:51.000 UTC,206500.000000,naver,brandsearch,naver_bs,646,603,2026-03-24,567375433033637313,GODOMALL5
2603240948582153,2026-03-24 00:48:58.000 UTC,412000.000000,naver,brandsearch,naver_bs,646,603,2026-03-24,567375433033637313,GODOMALL5
2603241002575974,2026-03-24 01:02:57.000 UTC,254000.000000,naver,brandsearch,naver_bs,646,603,2026-03-24,567375433033637313,GODOMALL5
2603241006429345,2026-03-24 01:06:43.000 UTC,930000.000000,naver,brandsearch,naver_bs,646,603,2026-03-24,567375433033637313,GODOMALL5
2603241009134926,2026-03-24 01:09:13.000 UTC,833000.000000,naver,brandsearch,naver_bs,646,603,2026-03-24,567375433033637313,GODOMALL5
2603241016109737,2026-03-24 01:16:11.000 UTC,56000.000000,pcmap.place.naver.com,referral,(referral),11,11,2026-03-24,567375433033637313,GODOMALL5
2603241017207518,2026-03-24 01:17:20.000 UTC,83500.000000,naver,brandsearch,naver_bs,646,603,2026-03-24,567375433033637313,GODOMALL5
2603241020452069,2026-03-24 01:20:45.000 UTC,805000.000000,naver,brandsearch,naver_bs,646,603,2026-03-24,567375433033637313,GODOMALL5
2603241022462320,2026-03-24 01:22:46.000 UTC,690000.000000,naver,brandsearch,naver_bs,646,603,2026-03-24,567375433033637313,GODOMALL5
2603241025238611,2026-03-24 01:25:23.000 UTC,82500.000000,pcmap.place.naver.com,referral,(referral),11,11,2026-03-24,567375433033637313,GODOMALL5
2603241042084722,2026-03-24 01:42:08.000 UTC,101500.000000,(direct),(none),(not set),312,178,2026-03-24,567375433033637313,GODOMALL5
2603241046133663,2026-03-24 01:46:13.000 UTC,169500.000000,(direct),(none),(direct),312,178,2026-03-24,567375433033637313,GODOMALL5
2603241049557214,2026-03-24 01:49:55.000 UTC,114500.000000,naver,brandsearch,naver_bs,646,603,2026-03-24,567375433033637313,GODOMALL5
2603241057376765,2026-03-24 01:57:37.000 UTC,331000.000000,(direct),(none),(direct),312,178,2026-03-24,567375433033637313,GODOMALL5
2603241108045816,2026-03-24 02:08:04.000 UTC,52000.000000,naver,brandsearch,naver_bs,646,603,2026-03-24,567375433033637313,GODOMALL5
2603241113349967,2026-03-24 02:13:35.000 UTC,88000.000000,(direct),(none),(direct),312,178,2026-03-24,567375433033637313,GODOMALL5
2603241122563158,2026-03-24 02:22:56.000 UTC,249000.000000,(direct),(none),(direct),312,178,2026-03-24,567375433033637313,GODOMALL5
2603241205064413,2026-03-24 03:05:06.000 UTC,86000.000000,naver,brandsearch,naver_bs,646,603,2026-03-24,567375433033637313,GODOMALL5
2603241213366814,2026-03-24 03:13:36.000 UTC,75000.000000,(direct),(none),(not set),312,178,2026-03-24,567375433033637313,GODOMALL5
2603241216317015,2026-03-24 03:16:31.000 UTC,239500.000000,,,,0,0,2026-03-24,567375433033637313,GODOMALL5
2603241312166407,2026-03-24 04:12:16.000 UTC,134000.000000,(direct),(none),(direct),312,178,2026-03-24,567375433033637313,GODOMALL5
2603241321105108,2026-03-24 04:21:10.000 UTC,131000.000000,(direct),(none),(direct),312,178,2026-03-24,567375433033637313,GODOMALL5
2603241336098289,2026-03-24 04:36:09.000 UTC,52500.000000,naver,brandsearch,naver_bs,646,603,2026-03-24,567375433033637313,GODOMALL5
2603241354201030,2026-03-24 04:54:20.000 UTC,192000.000000,(direct),(none),(direct),312,178,2026-03-24,567375433033637313,GODOMALL5
2603241402025691,2026-03-24 05:02:02.000 UTC,216000.000000,naver,brandsearch,naver_bs,646,603,2026-03-24,567375433033637313,GODOMALL5
2603241432023802,2026-03-24 05:32:02.000 UTC,242000.000000,naver,brandsearch,naver_bs,646,603,2026-03-24,567375433033637313,GODOMALL5
2603241513441533,2026-03-24 06:13:44.000 UTC,60500.000000,naver,brandsearch,naver_bs,646,603,2026-03-24,567375433033637313,GODOMALL5
2603241540235254,2026-03-24 06:40:23.000 UTC,143000.000000,naver,brandsearch,naver_bs,646,603,2026-03-24,567375433033637313,GODOMALL5
2603241611139155,2026-03-24 07:11:14.000 UTC,133500.000000,(direct),(none),(not set),312,178,2026-03-24,567375433033637313,GODOMALL5
2603241637381227,2026-03-24 07:37:38.000 UTC,838000.000000,pcmap.place.naver.com,referral,(referral),11,11,2026-03-24,567375433033637313,GODOMALL5
2603241652397928,2026-03-24 07:52:39.000 UTC,20000.000000,naver,brandsearch,naver_bs,646,603,2026-03-24,567375433033637313,GODOMALL5
2603241725520539,2026-03-24 08:25:52.000 UTC,58500.000000,naver,brandsearch,naver_bs,646,603,2026-03-24,567375433033637313,GODOMALL5
2603241753576080,2026-03-24 08:53:57.000 UTC,1151000.000000,(direct),(none),(direct),312,178,2026-03-24,567375433033637313,GODOMALL5
2603241855037474,2026-03-24 09:55:03.000 UTC,107400.000000,,,,0,0,2026-03-24,567375433033637313,GODOMALL5
2603242015000525,2026-03-24 11:15:00.000 UTC,59000.000000,naver,brandsearch,naver_bs,646,603,2026-03-24,567375433033637313,GODOMALL5
2603242124556860,2026-03-24 12:24:55.000 UTC,133000.000000,naver,brandsearch,naver_bs,646,603,2026-03-24,567375433033637313,GODOMALL5
2603242151048298,2026-03-24 12:51:04.000 UTC,410500.000000,(direct),(none),(direct),312,178,2026-03-24,567375433033637313,GODOMALL5
2603242201288101,2026-03-24 13:01:28.000 UTC,125000.000000,naver,brandsearch,naver_bs,646,603,2026-03-24,567375433033637313,GODOMALL5
2603242249161204,2026-03-24 13:49:16.000 UTC,107000.000000,naver,brandsearch,naver_bs,646,603,2026-03-24,567375433033637313,GODOMALL5
2603242259588036,2026-03-24 13:59:58.000 UTC,57000.000000,naver,brandsearch,naver_bs,646,603,2026-03-24,567375433033637313,GODOMALL5
2603242304503717,2026-03-24 14:04:50.000 UTC,30600.000000,naver,brandsearch,naver_bs,646,603,2026-03-24,567375433033637313,GODOMALL5
2603250935507071,2026-03-25 00:35:50.000 UTC,234000.000000,naver,brandsearch,naver_bs,616,554,2026-03-25,567375433033637313,GODOMALL5
2603250957106622,2026-03-25 00:57:10.000 UTC,86000.000000,naver,brandsearch,naver_bs,616,554,2026-03-25,567375433033637313,GODOMALL5
2603251000403073,2026-03-25 01:00:40.000 UTC,258000.000000,naver,organic,(organic),76,68,2026-03-25,567375433033637313,GODOMALL5
2603251009065194,2026-03-25 01:09:06.000 UTC,206000.000000,(direct),(none),(direct),303,172,2026-03-25,567375433033637313,GODOMALL5
2603251040379268,2026-03-25 01:40:38.000 UTC,78000.000000,naver,brandsearch,naver_bs,616,554,2026-03-25,567375433033637313,GODOMALL5
2603251044218719,2026-03-25 01:44:21.000 UTC,504000.000000,naver,brandsearch,naver_bs,616,554,2026-03-25,567375433033637313,GODOMALL5
2603251047214280,2026-03-25 01:47:21.000 UTC,448000.000000,naver,brandsearch,naver_bs,616,554,2026-03-25,567375433033637313,GODOMALL5
2603251049303901,2026-03-25 01:49:30.000 UTC,311000.000000,naver,brandsearch,naver_bs,616,554,2026-03-25,567375433033637313,GODOMALL5
2603251055151523,2026-03-25 01:55:15.000 UTC,62000.000000,naver,brandsearch,naver_bs,616,554,2026-03-25,567375433033637313,GODOMALL5
2603251100500965,2026-03-25 02:00:50.000 UTC,66000.000000,naver,brandsearch,naver_bs,616,554,2026-03-25,567375433033637313,GODOMALL5
2603251109083916,2026-03-25 02:09:08.000 UTC,264500.000000,naver,brandsearch,naver_bs,616,554,2026-03-25,567375433033637313,GODOMALL5
2603251121228397,2026-03-25 02:21:22.000 UTC,138000.000000,naver,brandsearch,naver_bs,616,554,2026-03-25,567375433033637313,GODOMALL5
2603251125417348,2026-03-25 02:25:41.000 UTC,100000.000000,naver,brandsearch,naver_bs,616,554,2026-03-25,567375433033637313,GODOMALL5
2603251127125529,2026-03-25 02:27:12.000 UTC,105000.000000,naver,brandsearch,naver_bs,616,554,2026-03-25,567375433033637313,GODOMALL5
2603251210193522,2026-03-25 03:10:19.000 UTC,270000.000000,,,,0,0,2026-03-25,567375433033637313,GODOMALL5
2603251249573644,2026-03-25 03:49:57.000 UTC,91100.000000,(direct),(none),(direct),303,172,2026-03-25,567375433033637313,GODOMALL5
2603251310077545,2026-03-25 04:10:07.000 UTC,37000.000000,naver,brandsearch,naver_bs,616,554,2026-03-25,567375433033637313,GODOMALL5
2603251326085496,2026-03-25 04:26:08.000 UTC,1235000.000000,naver,organic,(organic),76,68,2026-03-25,567375433033637313,GODOMALL5
2603251338189207,2026-03-25 04:38:19.000 UTC,330000.000000,(direct),(none),(direct),303,172,2026-03-25,567375433033637313,GODOMALL5
2603251340457619,2026-03-25 04:40:45.000 UTC,327000.000000,(direct),(none),(not set),303,172,2026-03-25,567375433033637313,GODOMALL5
2603251427551371,2026-03-25 05:27:55.000 UTC,100000.000000,(direct),(none),(not set),303,172,2026-03-25,567375433033637313,GODOMALL5
2603251434306812,2026-03-25 05:34:30.000 UTC,84000.000000,,,,0,0,2026-03-25,567375433033637313,GODOMALL5
2603251449572333,2026-03-25 05:49:57.000 UTC,44000.000000,naver,brandsearch,naver_bs,616,554,2026-03-25,567375433033637313,GODOMALL5
2603251450014744,2026-03-25 05:50:01.000 UTC,18000.000000,naver,brandsearch,naver_bs,616,554,2026-03-25,567375433033637313,GODOMALL5
2603251450326125,2026-03-25 05:50:32.000 UTC,545000.000000,,,,0,0,2026-03-25,567375433033637313,GODOMALL5
2603251451118336,2026-03-25 05:51:11.000 UTC,102000.000000,,,,0,0,2026-03-25,567375433033637313,GODOMALL5
2603251618564410,2026-03-25 07:18:56.000 UTC,133000.000000,naver,brandsearch,naver_bs,616,554,2026-03-25,567375433033637313,GODOMALL5
2603251622240271,2026-03-25 07:22:24.000 UTC,524000.000000,(direct),(none),(not set),303,172,2026-03-25,567375433033637313,GODOMALL5
2603251646158364,2026-03-25 07:46:15.000 UTC,369000.000000,naver,brandsearch,naver_bs,616,554,2026-03-25,567375433033637313,GODOMALL5
2603251755342695,2026-03-25 08:55:34.000 UTC,61000.000000,naver,brandsearch,naver_bs,616,554,2026-03-25,567375433033637313,GODOMALL5
2603251811054746,2026-03-25 09:11:05.000 UTC,186500.000000,(direct),(none),(direct),303,172,2026-03-25,567375433033637313,GODOMALL5
2603251906538307,2026-03-25 10:06:53.000 UTC,77000.000000,naver,brandsearch,naver_bs,616,554,2026-03-25,567375433033637313,GODOMALL5
2603251929509619,2026-03-25 10:29:51.000 UTC,66000.000000,,,,0,0,2026-03-25,567375433033637313,GODOMALL5
2603252023056140,2026-03-25 11:23:05.000 UTC,20000.000000,naver,brandsearch,naver_bs,616,554,2026-03-25,567375433033637313,GODOMALL5
2603252104097061,2026-03-25 12:04:09.000 UTC,173100.000000,naver,brandsearch,naver_bs,616,554,2026-03-25,567375433033637313,GODOMALL5
2603252131569152,2026-03-25 12:31:56.000 UTC,148000.000000,(direct),(none),(direct),303,172,2026-03-25,567375433033637313,GODOMALL5
2603252238132073,2026-03-25 13:38:13.000 UTC,41000.000000,naver,brandsearch,naver_bs,616,554,2026-03-25,567375433033637313,GODOMALL5
2603252251016434,2026-03-25 13:51:01.000 UTC,41000.000000,naver,brandsearch,naver_bs,616,554,2026-03-25,567375433033637313,GODOMALL5
2603260020324651,2026-03-25 15:20:32.000 UTC,166500.000000,,,,0,0,2026-03-26,567375433033637313,GODOMALL5
2603260106564072,2026-03-25 16:06:56.000 UTC,201000.000000,naver,brandsearch,naver_bs,600,560,2026-03-26,567375433033637313,GODOMALL5
2603260649494823,2026-03-25 21:49:49.000 UTC,28500.000000,,,,0,0,2026-03-26,567375433033637313,GODOMALL5
2603261101429994,2026-03-26 02:01:43.000 UTC,36000.000000,pcmap.place.naver.com,referral,(referral),11,10,2026-03-26,567375433033637313,GODOMALL5
2603261145231885,2026-03-26 02:45:23.000 UTC,368000.000000,google,organic,(organic),37,34,2026-03-26,567375433033637313,GODOMALL5
2603261226273696,2026-03-26 03:26:27.000 UTC,22000.000000,google,organic,(organic),37,34,2026-03-26,567375433033637313,GODOMALL5
2603261246387277,2026-03-26 03:46:38.000 UTC,131000.000000,naver,brandsearch,naver_bs,600,560,2026-03-26,567375433033637313,GODOMALL5
2603261255185918,2026-03-26 03:55:18.000 UTC,133000.000000,naver,brandsearch,naver_bs,600,560,2026-03-26,567375433033637313,GODOMALL5
2603261316430124,2026-03-26 04:16:43.000 UTC,90000.000000,(direct),(none),(direct),281,167,2026-03-26,567375433033637313,GODOMALL5
2603261320362685,2026-03-26 04:20:36.000 UTC,153000.000000,(direct),(none),(direct),281,167,2026-03-26,567375433033637313,GODOMALL5
2603261349547127,2026-03-26 04:49:54.000 UTC,507000.000000,naver,brandsearch,naver_bs,600,560,2026-03-26,567375433033637313,GODOMALL5
2603261444397498,2026-03-26 05:44:39.000 UTC,108000.000000,google,organic,(organic),37,34,2026-03-26,567375433033637313,GODOMALL5
2603261509081229,2026-03-26 06:09:08.000 UTC,182500.000000,(direct),(none),(direct),281,167,2026-03-26,567375433033637313,GODOMALL5
2603261552552290,2026-03-26 06:52:55.000 UTC,435500.000000,naver,brandsearch,naver_bs,600,560,2026-03-26,567375433033637313,GODOMALL5
2603261602127132,2026-03-26 07:02:12.000 UTC,165000.000000,(direct),(none),(direct),281,167,2026-03-26,567375433033637313,GODOMALL5
2603261633103653,2026-03-26 07:33:10.000 UTC,103500.000000,naver,brandsearch,naver_bs,600,560,2026-03-26,567375433033637313,GODOMALL5
2603261645264214,2026-03-26 07:45:26.000 UTC,131000.000000,,,,0,0,2026-03-26,567375433033637313,GODOMALL5
2603261721558505,2026-03-26 08:21:55.000 UTC,186920.000000,naver,brandsearch,naver_bs,600,560,2026-03-26,567375433033637313,GODOMALL5
2603261809577020,2026-03-26 09:09:57.000 UTC,45000.000000,,,,0,0,2026-03-26,567375433033637313,GODOMALL5
2603261900177731,2026-03-26 10:00:17.000 UTC,914000.000000,naver,brandsearch,naver_bs,600,560,2026-03-26,567375433033637313,GODOMALL5
2603261927006222,2026-03-26 10:27:00.000 UTC,54500.000000,naver,brandsearch,naver_bs,600,560,2026-03-26,567375433033637313,GODOMALL5
2603261928184513,2026-03-26 10:28:18.000 UTC,83000.000000,naver,brandsearch,naver_bs,600,560,2026-03-26,567375433033637313,GODOMALL5
2603261946331294,2026-03-26 10:46:33.000 UTC,35000.000000,naver,brandsearch,naver_bs,600,560,2026-03-26,567375433033637313,GODOMALL5
2603261947167735,2026-03-26 10:47:16.000 UTC,99400.000000,(direct),(none),(direct),281,167,2026-03-26,567375433033637313,GODOMALL5
2603262037090896,2026-03-26 11:37:09.000 UTC,57000.000000,naver,organic,(organic),80,73,2026-03-26,567375433033637313,GODOMALL5
2603262214413460,2026-03-26 13:14:41.000 UTC,144000.000000,bing,organic,(organic),8,8,2026-03-26,567375433033637313,GODOMALL5
2603262230163551,2026-03-26 13:30:16.000 UTC,146000.000000,,,,0,0,2026-03-26,567375433033637313,GODOMALL5
2603262241064393,2026-03-26 13:41:06.000 UTC,110500.000000,naver,brandsearch,naver_bs,600,560,2026-03-26,567375433033637313,GODOMALL5
2603270005145581,2026-03-26 15:05:14.000 UTC,26000.000000,(direct),(none),(direct),293,180,2026-03-27,567375433033637313,GODOMALL5
2603270051580512,2026-03-26 15:51:58.000 UTC,117000.000000,naver,brandsearch,naver_bs,616,561,2026-03-27,567375433033637313,GODOMALL5
2603270738497883,2026-03-26 22:38:49.000 UTC,107000.000000,,,,0,0,2026-03-27,567375433033637313,GODOMALL5
2603270742086724,2026-03-26 22:42:08.000 UTC,367000.000000,bing,organic,(organic),2,2,2026-03-27,567375433033637313,GODOMALL5
2603270747568295,2026-03-26 22:47:56.000 UTC,1207000.000000,(direct),(none),(not set),293,180,2026-03-27,567375433033637313,GODOMALL5
2603270929228876,2026-03-27 00:29:22.000 UTC,927000.000000,(direct),(none),(direct),293,180,2026-03-27,567375433033637313,GODOMALL5
2603270949556457,2026-03-27 00:49:55.000 UTC,36500.000000,naver,brandsearch,naver_bs,616,561,2026-03-27,567375433033637313,GODOMALL5
2603271019487489,2026-03-27 01:19:48.000 UTC,178000.000000,(direct),(none),(direct),293,180,2026-03-27,567375433033637313,GODOMALL5
2603271043130401,2026-03-27 01:43:13.000 UTC,84500.000000,pcmap.place.naver.com,referral,(referral),6,6,2026-03-27,567375433033637313,GODOMALL5
2603271058491442,2026-03-27 01:58:49.000 UTC,33000.000000,,,,0,0,2026-03-27,567375433033637313,GODOMALL5
2603271100045384,2026-03-27 02:00:04.000 UTC,402500.000000,naver,brandsearch,naver_bs,616,561,2026-03-27,567375433033637313,GODOMALL5
2603271103496625,2026-03-27 02:03:49.000 UTC,11840000.000000,(direct),(none),(direct),293,180,2026-03-27,567375433033637313,GODOMALL5
2603271105180506,2026-03-27 02:05:18.000 UTC,5430000.000000,(direct),(none),(direct),293,180,2026-03-27,567375433033637313,GODOMALL5
2603271120188677,2026-03-27 02:20:18.000 UTC,98000.000000,naver,brandsearch,naver_bs,616,561,2026-03-27,567375433033637313,GODOMALL5
2603271121170358,2026-03-27 02:21:17.000 UTC,56000.000000,google,organic,(organic),32,29,2026-03-27,567375433033637313,GODOMALL5
2603271253117789,2026-03-27 03:53:11.000 UTC,41000.000000,naver,brandsearch,naver_bs,616,561,2026-03-27,567375433033637313,GODOMALL5
2603271315140320,2026-03-27 04:15:14.000 UTC,88000.000000,naver,brandsearch,naver_bs,616,561,2026-03-27,567375433033637313,GODOMALL5
2603271320311231,2026-03-27 04:20:31.000 UTC,168500.000000,daum,organic,(organic),5,4,2026-03-27,567375433033637313,GODOMALL5
2603271406333702,2026-03-27 05:06:33.000 UTC,98000.000000,naver,brandsearch,naver_bs,616,561,2026-03-27,567375433033637313,GODOMALL5
2603271409181463,2026-03-27 05:09:18.000 UTC,208000.000000,(direct),(none),(direct),293,180,2026-03-27,567375433033637313,GODOMALL5
2603271500512974,2026-03-27 06:00:51.000 UTC,205000.000000,(direct),(none),(direct),293,180,2026-03-27,567375433033637313,GODOMALL5
2603271539293155,2026-03-27 06:39:29.000 UTC,70500.000000,(direct),(none),(not set),293,180,2026-03-27,567375433033637313,GODOMALL5
2603271613040707,2026-03-27 07:13:04.000 UTC,441500.000000,naver,brandsearch,naver_bs,616,561,2026-03-27,567375433033637313,GODOMALL5
2603271615227528,2026-03-27 07:15:22.000 UTC,211000.000000,(direct),(none),(not set),293,180,2026-03-27,567375433033637313,GODOMALL5
2603271638274699,2026-03-27 07:38:27.000 UTC,196000.000000,bing,organic,(organic),2,2,2026-03-27,567375433033637313,GODOMALL5
2603271639326570,2026-03-27 07:39:32.000 UTC,179000.000000,(direct),(none),(direct),293,180,2026-03-27,567375433033637313,GODOMALL5
2603271641524511,2026-03-27 07:41:52.000 UTC,176000.000000,naver,brandsearch,naver_bs,616,561,2026-03-27,567375433033637313,GODOMALL5
2603271711334122,2026-03-27 08:11:33.000 UTC,108600.000000,naver,brandsearch,naver_bs,616,561,2026-03-27,567375433033637313,GODOMALL5
2603271752245253,2026-03-27 08:52:24.000 UTC,312000.000000,naver,brandsearch,naver_bs,616,561,2026-03-27,567375433033637313,GODOMALL5
2603272214545204,2026-03-27 13:14:54.000 UTC,200000.000000,(direct),(none),(direct),293,180,2026-03-27,567375433033637313,GODOMALL5
2603280009528991,2026-03-27 15:09:52.000 UTC,70000.000000,,,,0,0,2026-03-28,567375433033637313,GODOMALL5
2603280046452632,2026-03-27 15:46:45.000 UTC,56500.000000,naver,brandsearch,naver_bs,429,388,2026-03-28,567375433033637313,GODOMALL5
2603280117538943,2026-03-27 16:17:53.000 UTC,95500.000000,naver,brandsearch,naver_bs,429,388,2026-03-28,567375433033637313,GODOMALL5
2603280935241656,2026-03-28 00:35:24.000 UTC,121000.000000,naver,brandsearch,naver_bs,429,388,2026-03-28,567375433033637313,GODOMALL5
2603280945526787,2026-03-28 00:45:52.000 UTC,54200.000000,naver,brandsearch,naver_bs,429,388,2026-03-28,567375433033637313,GODOMALL5
2603281102004678,2026-03-28 02:02:00.000 UTC,76000.000000,naver,brandsearch,naver_bs,429,388,2026-03-28,567375433033637313,GODOMALL5
2603281358571640,2026-03-28 04:58:57.000 UTC,154000.000000,google,organic,(organic),13,12,2026-03-28,567375433033637313,GODOMALL5
2603281421496272,2026-03-28 05:21:49.000 UTC,286000.000000,(direct),(none),(not set),232,133,2026-03-28,567375433033637313,GODOMALL5
2603281517494203,2026-03-28 06:17:49.000 UTC,396000.000000,naver,brandsearch,naver_bs,429,388,2026-03-28,567375433033637313,GODOMALL5
2603281658478774,2026-03-28 07:58:47.000 UTC,338000.000000,(direct),(none),(not set),232,133,2026-03-28,567375433033637313,GODOMALL5
2603281714483065,2026-03-28 08:14:48.000 UTC,90000.000000,naver,brandsearch,naver_bs,429,388,2026-03-28,567375433033637313,GODOMALL5
2603281922446956,2026-03-28 10:22:44.000 UTC,74000.000000,(direct),(none),(direct),232,133,2026-03-28,567375433033637313,GODOMALL5
2603281923472977,2026-03-28 10:23:47.000 UTC,114500.000000,naver,brandsearch,naver_bs,429,388,2026-03-28,567375433033637313,GODOMALL5
2603282041054818,2026-03-28 11:41:05.000 UTC,185000.000000,(direct),(none),(not set),232,133,2026-03-28,567375433033637313,GODOMALL5
2603282356262340,2026-03-28 14:56:26.000 UTC,103000.000000,(direct),(none),(not set),232,133,2026-03-28,567375433033637313,GODOMALL5
2603291118334182,2026-03-29 02:18:33.000 UTC,106500.000000,(direct),(none),(not set),201,106,2026-03-29,567375433033637313,GODOMALL5
2603291228445893,2026-03-29 03:28:44.000 UTC,114000.000000,naver,brandsearch,naver_bs,415,383,2026-03-29,567375433033637313,GODOMALL5
2603291558420304,2026-03-29 06:58:42.000 UTC,63000.000000,(direct),(none),(direct),201,106,2026-03-29,567375433033637313,GODOMALL5
2603291608567815,2026-03-29 07:08:56.000 UTC,112500.000000,naver,brandsearch,naver_bs,415,383,2026-03-29,567375433033637313,GODOMALL5
2603291632111896,2026-03-29 07:32:11.000 UTC,101000.000000,naver,brandsearch,naver_bs,415,383,2026-03-29,567375433033637313,GODOMALL5
2603291807302657,2026-03-29 09:07:30.000 UTC,325800.000000,naver,brandsearch,naver_bs,415,383,2026-03-29,567375433033637313,GODOMALL5
2603291826102108,2026-03-29 09:26:10.000 UTC,171500.000000,naver,brandsearch,naver_bs,415,383,2026-03-29,567375433033637313,GODOMALL5
2603291828572419,2026-03-29 09:28:57.000 UTC,399000.000000,naver,brandsearch,naver_bs,415,383,2026-03-29,567375433033637313,GODOMALL5
2603291901266880,2026-03-29 10:01:26.000 UTC,112000.000000,,,,0,0,2026-03-29,567375433033637313,GODOMALL5
2603292010560081,2026-03-29 11:10:56.000 UTC,72000.000000,google,organic,(organic),21,19,2026-03-29,567375433033637313,GODOMALL5
2603292034377372,2026-03-29 11:34:37.000 UTC,116000.000000,,,,0,0,2026-03-29,567375433033637313,GODOMALL5
2603292034400433,2026-03-29 11:34:40.000 UTC,133000.000000,naver,brandsearch,naver_bs,415,383,2026-03-29,567375433033637313,GODOMALL5
2603292108529714,2026-03-29 12:08:53.000 UTC,52000.000000,naver,brandsearch,naver_bs,415,383,2026-03-29,567375433033637313,GODOMALL5
2603292137118655,2026-03-29 12:37:11.000 UTC,116000.000000,naver,brandsearch,naver_bs,415,383,2026-03-29,567375433033637313,GODOMALL5
2603292210320638,2026-03-29 13:10:32.000 UTC,131200.000000,naver,brandsearch,naver_bs,415,383,2026-03-29,567375433033637313,GODOMALL5
2603292246450049,2026-03-29 13:46:45.000 UTC,36000.000000,,,,0,0,2026-03-29,567375433033637313,GODOMALL5
2603300005056041,2026-03-29 15:05:05.000 UTC,55000.000000,,,,0,0,2026-03-30,567375433033637313,GODOMALL5
2603300038154973,2026-03-29 15:38:15.000 UTC,120500.000000,(direct),(none),(direct),328,195,2026-03-30,567375433033637313,GODOMALL5
2603300603236864,2026-03-29 21:03:23.000 UTC,104000.000000,naver,brandsearch,naver_bs,609,554,2026-03-30,567375433033637313,GODOMALL5
2603300749112996,2026-03-29 22:49:11.000 UTC,411000.000000,(direct),(none),(not set),328,195,2026-03-30,567375433033637313,GODOMALL5
2603300751259847,2026-03-29 22:51:26.000 UTC,155000.000000,naver,brandsearch,naver_bs,609,554,2026-03-30,567375433033637313,GODOMALL5
2603300858230159,2026-03-29 23:58:23.000 UTC,41000.000000,naver,brandsearch,naver_bs,609,554,2026-03-30,567375433033637313,GODOMALL5
2603300943042440,2026-03-30 00:43:04.000 UTC,174920.000000,naver,brandsearch,naver_bs,609,554,2026-03-30,567375433033637313,GODOMALL5
2603301023521431,2026-03-30 01:23:52.000 UTC,177000.000000,naver,brandsearch,naver_bs,609,554,2026-03-30,567375433033637313,GODOMALL5
2603301034550042,2026-03-30 01:34:55.000 UTC,102000.000000,naver,brandsearch,naver_bs,609,554,2026-03-30,567375433033637313,GODOMALL5
2603301035416323,2026-03-30 01:35:41.000 UTC,49000.000000,pcmap.place.naver.com,referral,(referral),9,9,2026-03-30,567375433033637313,GODOMALL5
2603301102132940,2026-03-30 02:02:13.000 UTC,208000.000000,(direct),(none),(not set),328,195,2026-03-30,567375433033637313,GODOMALL5
2603301120267735,2026-03-30 02:20:26.000 UTC,94000.000000,naver,brandsearch,naver_bs,609,554,2026-03-30,567375433033637313,GODOMALL5
2603301139183426,2026-03-30 02:39:18.000 UTC,70000.000000,naver,brandsearch,naver_bs,609,554,2026-03-30,567375433033637313,GODOMALL5
2603301154552328,2026-03-30 02:54:55.000 UTC,40000.000000,naver,brandsearch,naver_bs,609,554,2026-03-30,567375433033637313,GODOMALL5
2603301223435349,2026-03-30 03:23:43.000 UTC,33000.000000,,,,0,0,2026-03-30,567375433033637313,GODOMALL5
2603301243595503,2026-03-30 03:43:59.000 UTC,103500.000000,naver,brandsearch,naver_bs,609,554,2026-03-30,567375433033637313,GODOMALL5
2603301259422014,2026-03-30 03:59:42.000 UTC,68000.000000,naver,brandsearch,naver_bs,609,554,2026-03-30,567375433033637313,GODOMALL5
2603301359038148,2026-03-30 04:59:03.000 UTC,174600.000000,,,,0,0,2026-03-30,567375433033637313,GODOMALL5
2603301401319119,2026-03-30 05:01:31.000 UTC,104200.000000,naver,brandsearch,naver_bs,609,554,2026-03-30,567375433033637313,GODOMALL5
2603301413228630,2026-03-30 05:13:22.000 UTC,174000.000000,naver,brandsearch,naver_bs,609,554,2026-03-30,567375433033637313,GODOMALL5
2603301422344901,2026-03-30 05:22:34.000 UTC,201000.000000,naver,brandsearch,naver_bs,609,554,2026-03-30,567375433033637313,GODOMALL5
2603301427442392,2026-03-30 05:27:44.000 UTC,130000.000000,naver,brandsearch,naver_bs,609,554,2026-03-30,567375433033637313,GODOMALL5
2603301438571923,2026-03-30 05:38:57.000 UTC,76000.000000,,,,0,0,2026-03-30,567375433033637313,GODOMALL5
2603301526307515,2026-03-30 06:26:30.000 UTC,121400.000000,naver,brandsearch,naver_bs,609,554,2026-03-30,567375433033637313,GODOMALL5
2603301551258216,2026-03-30 06:51:25.000 UTC,174000.000000,naver,brandsearch,naver_bs,609,554,2026-03-30,567375433033637313,GODOMALL5
2603301612143667,2026-03-30 07:12:14.000 UTC,153000.000000,naver,brandsearch,naver_bs,609,554,2026-03-30,567375433033637313,GODOMALL5
2603301644158078,2026-03-30 07:44:15.000 UTC,41000.000000,naver,brandsearch,naver_bs,609,554,2026-03-30,567375433033637313,GODOMALL5
2603301700309601,2026-03-30 08:00:31.000 UTC,62000.000000,naver,brandsearch,naver_bs,609,554,2026-03-30,567375433033637313,GODOMALL5
2603301736419812,2026-03-30 08:36:42.000 UTC,176500.000000,pcmap.place.naver.com,referral,(referral),9,9,2026-03-30,567375433033637313,GODOMALL5
2603301755486583,2026-03-30 08:55:48.000 UTC,60000.000000,naver,brandsearch,naver_bs,609,554,2026-03-30,567375433033637313,GODOMALL5
2603301800081885,2026-03-30 09:00:08.000 UTC,569000.000000,pcmap.place.naver.com,referral,(referral),9,9,2026-03-30,567375433033637313,GODOMALL5
2603301804014446,2026-03-30 09:04:01.000 UTC,302000.000000,(direct),(none),(not set),328,195,2026-03-30,567375433033637313,GODOMALL5
2603301806560927,2026-03-30 09:06:56.000 UTC,75000.000000,naver,brandsearch,naver_bs,609,554,2026-03-30,567375433033637313,GODOMALL5
2603302014451519,2026-03-30 11:14:45.000 UTC,136000.000000,naver,brandsearch,naver_bs,609,554,2026-03-30,567375433033637313,GODOMALL5
2603302056347432,2026-03-30 11:56:34.000 UTC,467000.000000,naver,brandsearch,naver_bs,609,554,2026-03-30,567375433033637313,GODOMALL5
2603302237583303,2026-03-30 13:37:58.000 UTC,122000.000000,(direct),(none),(direct),328,195,2026-03-30,567375433033637313,GODOMALL5
2603310054491631,2026-03-30 15:54:49.000 UTC,82000.000000,naver,brandsearch,naver_bs,677,628,2026-03-31,567375433033637313,GODOMALL5
2603310723126905,2026-03-30 22:23:12.000 UTC,133000.000000,(direct),(none),(not set),302,156,2026-03-31,567375433033637313,GODOMALL5
2603310734475732,2026-03-30 22:34:47.000 UTC,154500.000000,,,,0,0,2026-03-31,567375433033637313,GODOMALL5
2603310810025323,2026-03-30 23:10:02.000 UTC,78000.000000,naver,brandsearch,naver_bs,677,628,2026-03-31,567375433033637313,GODOMALL5
2603311010013327,2026-03-31 01:10:01.000 UTC,481500.000000,naver,brandsearch,naver_bs,677,628,2026-03-31,567375433033637313,GODOMALL5
2603311010529178,2026-03-31 01:10:52.000 UTC,165500.000000,,,,0,0,2026-03-31,567375433033637313,GODOMALL5
2603311033335319,2026-03-31 01:33:33.000 UTC,98000.000000,naver,brandsearch,naver_bs,677,628,2026-03-31,567375433033637313,GODOMALL5
2603311055011950,2026-03-31 01:55:01.000 UTC,91000.000000,naver,brandsearch,naver_bs,677,628,2026-03-31,567375433033637313,GODOMALL5
2603311056379101,2026-03-31 01:56:37.000 UTC,237000.000000,naver,organic,(organic),67,60,2026-03-31,567375433033637313,GODOMALL5
2603311116038242,2026-03-31 02:16:03.000 UTC,243000.000000,naver,brandsearch,naver_bs,677,628,2026-03-31,567375433033637313,GODOMALL5
2603311224566164,2026-03-31 03:24:56.000 UTC,100000.000000,,,,0,0,2026-03-31,567375433033637313,GODOMALL5
2603311236338355,2026-03-31 03:36:33.000 UTC,151000.000000,(direct),(none),(direct),302,156,2026-03-31,567375433033637313,GODOMALL5
2603311320363926,2026-03-31 04:20:36.000 UTC,141000.000000,(direct),(none),(not set),302,156,2026-03-31,567375433033637313,GODOMALL5
2603311337397497,2026-03-31 04:37:39.000 UTC,58000.000000,naver,brandsearch,naver_bs,677,628,2026-03-31,567375433033637313,GODOMALL5
2603311349420398,2026-03-31 04:49:42.000 UTC,81000.000000,naver,brandsearch,naver_bs,677,628,2026-03-31,567375433033637313,GODOMALL5
2603311355307010,2026-03-31 04:55:30.000 UTC,100500.000000,naver,brandsearch,naver_bs,677,628,2026-03-31,567375433033637313,GODOMALL5
2603311407124911,2026-03-31 05:07:12.000 UTC,76000.000000,(direct),(none),(direct),302,156,2026-03-31,567375433033637313,GODOMALL5
2603311408565222,2026-03-31 05:08:56.000 UTC,265000.000000,naver,brandsearch,naver_bs,677,628,2026-03-31,567375433033637313,GODOMALL5
2603311448377743,2026-03-31 05:48:37.000 UTC,187000.000000,naver,brandsearch,naver_bs,677,628,2026-03-31,567375433033637313,GODOMALL5
2603311512542684,2026-03-31 06:12:54.000 UTC,60000.000000,naver,brandsearch,naver_bs,677,628,2026-03-31,567375433033637313,GODOMALL5
2603311603333597,2026-03-31 07:03:33.000 UTC,133000.000000,(direct),(none),(not set),302,156,2026-03-31,567375433033637313,GODOMALL5
2603311659563208,2026-03-31 07:59:56.000 UTC,43000.000000,naver,brandsearch,naver_bs,677,628,2026-03-31,567375433033637313,GODOMALL5
2603311709320989,2026-03-31 08:09:32.000 UTC,85000.000000,naver,brandsearch,naver_bs,677,628,2026-03-31,567375433033637313,GODOMALL5
2603311711434210,2026-03-31 08:11:43.000 UTC,21500.000000,naver,brandsearch,naver_bs,677,628,2026-03-31,567375433033637313,GODOMALL5
2603311720052041,2026-03-31 08:20:05.000 UTC,85500.000000,(direct),(none),(not set),302,156,2026-03-31,567375433033637313,GODOMALL5
2603311723322532,2026-03-31 08:23:32.000 UTC,83500.000000,naver,brandsearch,naver_bs,677,628,2026-03-31,567375433033637313,GODOMALL5
2603311834273066,2026-03-31 09:34:27.000 UTC,64000.000000,place.naver.com,referral,(referral),7,7,2026-03-31,567375433033637313,GODOMALL5
2603311851577667,2026-03-31 09:51:57.000 UTC,58000.000000,naver,brandsearch,naver_bs,677,628,2026-03-31,567375433033637313,GODOMALL5
2603311900207448,2026-03-31 10:00:20.000 UTC,198000.000000,naver,brandsearch,naver_bs,677,628,2026-03-31,567375433033637313,GODOMALL5
2603311903489089,2026-03-31 10:03:49.000 UTC,57000.000000,,,,0,0,2026-03-31,567375433033637313,GODOMALL5
2603312022276950,2026-03-31 11:22:27.000 UTC,124000.000000,naver,brandsearch,naver_bs,677,628,2026-03-31,567375433033637313,GODOMALL5
2603312155175671,2026-03-31 12:55:17.000 UTC,45000.000000,(direct),(none),(not set),302,156,2026-03-31,567375433033637313,GODOMALL5
2603312157570532,2026-03-31 12:57:57.000 UTC,152500.000000,naver,brandsearch,naver_bs,677,628,2026-03-31,567375433033637313,GODOMALL5
2603312308470313,2026-03-31 14:08:47.000 UTC,22000.000000,naver,brandsearch,naver_bs,677,628,2026-03-31,567375433033637313,GODOMALL5
2603312356112004,2026-03-31 14:56:11.000 UTC,119000.000000,,,,0,0,2026-03-31,567375433033637313,GODOMALL5
2604010002308801,2026-03-31 15:02:30.000 UTC,99000.000000,,,,0,0,2026-04-01,567375433033637313,GODOMALL5
2604010020202982,2026-03-31 15:20:20.000 UTC,66000.000000,,,,0,0,2026-04-01,567375433033637313,GODOMALL5
2604010516322983,2026-03-31 20:16:32.000 UTC,176000.000000,,,,0,0,2026-04-01,567375433033637313,GODOMALL5
2604010727145785,2026-03-31 22:27:14.000 UTC,126600.000000,naver,brandsearch,naver_bs,656,601,2026-04-01,567375433033637313,GODOMALL5
2604010858098576,2026-03-31 23:58:09.000 UTC,227000.000000,naver,brandsearch,naver_bs,656,601,2026-04-01,567375433033637313,GODOMALL5
2604010941194639,2026-04-01 00:41:19.000 UTC,248000.000000,(direct),(none),(not set),274,161,2026-04-01,567375433033637313,GODOMALL5
2604010947126010,2026-04-01 00:47:12.000 UTC,248000.000000,(direct),(none),(not set),274,161,2026-04-01,567375433033637313,GODOMALL5
2604010957110371,2026-04-01 00:57:11.000 UTC,71000.000000,(direct),(none),(not set),274,161,2026-04-01,567375433033637313,GODOMALL5
2604011012109442,2026-04-01 01:12:11.000 UTC,349000.000000,naver,brandsearch,naver_bs,656,601,2026-04-01,567375433033637313,GODOMALL5
2604011020413203,2026-04-01 01:20:41.000 UTC,135000.000000,(direct),(none),(direct),274,161,2026-04-01,567375433033637313,GODOMALL5
2604011030519234,2026-04-01 01:30:51.000 UTC,55000.000000,,,,0,0,2026-04-01,567375433033637313,GODOMALL5
2604011034331326,2026-04-01 01:34:33.000 UTC,240000.000000,naver,brandsearch,naver_bs,656,601,2026-04-01,567375433033637313,GODOMALL5
2604011036451607,2026-04-01 01:36:45.000 UTC,21500.000000,naver,brandsearch,naver_bs,656,601,2026-04-01,567375433033637313,GODOMALL5
2604011046298458,2026-04-01 01:46:29.000 UTC,89920.000000,(direct),(none),(not set),274,161,2026-04-01,567375433033637313,GODOMALL5
2604011049224999,2026-04-01 01:49:22.000 UTC,201000.000000,(direct),(none),(direct),274,161,2026-04-01,567375433033637313,GODOMALL5
2604011049453590,2026-04-01 01:49:45.000 UTC,120000.000000,naver,brandsearch,naver_bs,656,601,2026-04-01,567375433033637313,GODOMALL5
2604011100143331,2026-04-01 02:00:14.000 UTC,213000.000000,,,,0,0,2026-04-01,567375433033637313,GODOMALL5
2604011116194453,2026-04-01 02:16:19.000 UTC,166600.000000,naver,brandsearch,naver_bs,656,601,2026-04-01,567375433033637313,GODOMALL5
2604011136133905,2026-04-01 02:36:13.000 UTC,76500.000000,naver,organic,(organic),76,66,2026-04-01,567375433033637313,GODOMALL5
2604011143009006,2026-04-01 02:43:00.000 UTC,194000.000000,,,,0,0,2026-04-01,567375433033637313,GODOMALL5
2604011144499417,2026-04-01 02:44:50.000 UTC,160800.000000,google,organic,(organic),45,40,2026-04-01,567375433033637313,GODOMALL5
2604011153378198,2026-04-01 02:53:37.000 UTC,46000.000000,google,organic,(organic),45,40,2026-04-01,567375433033637313,GODOMALL5
2604011221227339,2026-04-01 03:21:22.000 UTC,163000.000000,(direct),(none),(direct),274,161,2026-04-01,567375433033637313,GODOMALL5
2604011233197211,2026-04-01 03:33:19.000 UTC,1083000.000000,naver,brandsearch,naver_bs,656,601,2026-04-01,567375433033637313,GODOMALL5
2604011333503394,2026-04-01 04:33:50.000 UTC,73000.000000,(direct),(none),(not set),274,161,2026-04-01,567375433033637313,GODOMALL5
2604011425163735,2026-04-01 05:25:16.000 UTC,167000.000000,naver,brandsearch,naver_bs,656,601,2026-04-01,567375433033637313,GODOMALL5
2604011443170588,2026-04-01 05:43:17.000 UTC,135000.000000,naver,brandsearch,naver_bs,656,601,2026-04-01,567375433033637313,GODOMALL5
2604011456072530,2026-04-01 05:56:07.000 UTC,110000.000000,naver,brandsearch,naver_bs,656,601,2026-04-01,567375433033637313,GODOMALL5
2604011505230871,2026-04-01 06:05:23.000 UTC,60800.000000,naver,brandsearch,naver_bs,656,601,2026-04-01,567375433033637313,GODOMALL5
2604011546204372,2026-04-01 06:46:20.000 UTC,335000.000000,(direct),(none),(direct),274,161,2026-04-01,567375433033637313,GODOMALL5
2604011555356634,2026-04-01 06:55:35.000 UTC,93500.000000,naver,organic,(organic),76,66,2026-04-01,567375433033637313,GODOMALL5
2604011627320195,2026-04-01 07:27:32.000 UTC,90000.000000,(direct),(none),(not set),274,161,2026-04-01,567375433033637313,GODOMALL5
2604011653594936,2026-04-01 07:53:59.000 UTC,41000.000000,google,organic,(organic),45,40,2026-04-01,567375433033637313,GODOMALL5
2604011703173797,2026-04-01 08:03:17.000 UTC,535920.000000,naver,brandsearch,naver_bs,656,601,2026-04-01,567375433033637313,GODOMALL5
2604011704158188,2026-04-01 08:04:15.000 UTC,61000.000000,google,organic,(organic),45,40,2026-04-01,567375433033637313,GODOMALL5
2604011724377839,2026-04-01 08:24:37.000 UTC,140000.000000,,,,0,0,2026-04-01,567375433033637313,GODOMALL5
2604011742335290,2026-04-01 08:42:33.000 UTC,463000.000000,naver,brandsearch,naver_bs,656,601,2026-04-01,567375433033637313,GODOMALL5
2604011816002751,2026-04-01 09:16:00.000 UTC,90000.000000,naver,brandsearch,naver_bs,656,601,2026-04-01,567375433033637313,GODOMALL5
2604011821499722,2026-04-01 09:21:50.000 UTC,90000.000000,naver,brandsearch,naver_bs,656,601,2026-04-01,567375433033637313,GODOMALL5
2604011824366123,2026-04-01 09:24:36.000 UTC,90000.000000,naver,brandsearch,naver_bs,656,601,2026-04-01,567375433033637313,GODOMALL5
2604011831328684,2026-04-01 09:31:32.000 UTC,90000.000000,naver,brandsearch,naver_bs,656,601,2026-04-01,567375433033637313,GODOMALL5
2604011835340285,2026-04-01 09:35:34.000 UTC,90000.000000,naver,brandsearch,naver_bs,656,601,2026-04-01,567375433033637313,GODOMALL5
2604011839225486,2026-04-01 09:39:22.000 UTC,90000.000000,naver,brandsearch,naver_bs,656,601,2026-04-01,567375433033637313,GODOMALL5
2604011902288618,2026-04-01 10:02:28.000 UTC,195000.000000,,,,0,0,2026-04-01,567375433033637313,GODOMALL5
2604012116519459,2026-04-01 12:16:52.000 UTC,171000.000000,naver,brandsearch,naver_bs,656,601,2026-04-01,567375433033637313,GODOMALL5
2604012131088650,2026-04-01 12:31:08.000 UTC,140000.000000,(direct),(none),(direct),274,161,2026-04-01,567375433033637313,GODOMALL5
2604012214160401,2026-04-01 13:14:16.000 UTC,335000.000000,naver,brandsearch,naver_bs,656,601,2026-04-01,567375433033637313,GODOMALL5
2604012231551492,2026-04-01 13:31:55.000 UTC,199000.000000,naver,brandsearch,naver_bs,656,601,2026-04-01,567375433033637313,GODOMALL5
2604012308130753,2026-04-01 14:08:13.000 UTC,110000.000000,naver,brandsearch,naver_bs,656,601,2026-04-01,567375433033637313,GODOMALL5
2604012308182534,2026-04-01 14:08:18.000 UTC,118000.000000,naver,brandsearch,naver_bs,656,601,2026-04-01,567375433033637313,GODOMALL5
2604020001167795,2026-04-01 15:01:16.000 UTC,95000.000000,,,,0,0,2026-04-02,567375433033637313,GODOMALL5
2604020006346542,2026-04-01 15:06:34.000 UTC,54000.000000,,,,0,0,2026-04-02,567375433033637313,GODOMALL5
2604020812039653,2026-04-01 23:12:04.000 UTC,149000.000000,naver,brandsearch,naver_bs,563,530,2026-04-02,567375433033637313,GODOMALL5
2604020942377275,2026-04-02 00:42:37.000 UTC,118000.000000,pcmap.place.naver.com,referral,(referral),12,12,2026-04-02,567375433033637313,GODOMALL5
2604021018560416,2026-04-02 01:18:56.000 UTC,44500.000000,naver,brandsearch,naver_bs,563,530,2026-04-02,567375433033637313,GODOMALL5
2604021031523237,2026-04-02 01:31:52.000 UTC,136000.000000,naver,brandsearch,naver_bs,563,530,2026-04-02,567375433033637313,GODOMALL5
2604021045221228,2026-04-02 01:45:22.000 UTC,184000.000000,,,,0,0,2026-04-02,567375433033637313,GODOMALL5
2604021128212949,2026-04-02 02:28:21.000 UTC,75000.000000,(direct),(none),(not set),272,156,2026-04-02,567375433033637313,GODOMALL5
2604021225556400,2026-04-02 03:25:55.000 UTC,28500.000000,(direct),(none),(direct),272,156,2026-04-02,567375433033637313,GODOMALL5
2604021242166261,2026-04-02 03:42:16.000 UTC,41000.000000,(direct),(none),(direct),272,156,2026-04-02,567375433033637313,GODOMALL5
2604021309307332,2026-04-02 04:09:30.000 UTC,20000.000000,naver,brandsearch,naver_bs,563,530,2026-04-02,567375433033637313,GODOMALL5
2604021316417403,2026-04-02 04:16:41.000 UTC,105000.000000,(direct),(none),(not set),272,156,2026-04-02,567375433033637313,GODOMALL5
2604021349461565,2026-04-02 04:49:46.000 UTC,128000.000000,(direct),(none),(direct),272,156,2026-04-02,567375433033637313,GODOMALL5
2604021421595016,2026-04-02 05:21:59.000 UTC,171000.000000,(direct),(none),(direct),272,156,2026-04-02,567375433033637313,GODOMALL5
2604021510196077,2026-04-02 06:10:19.000 UTC,300000.000000,naver,brandsearch,naver_bs,563,530,2026-04-02,567375433033637313,GODOMALL5
2604021548271858,2026-04-02 06:48:27.000 UTC,636000.000000,naver,brandsearch,naver_bs,563,530,2026-04-02,567375433033637313,GODOMALL5
2604021555303319,2026-04-02 06:55:30.000 UTC,100000.000000,,,,0,0,2026-04-02,567375433033637313,GODOMALL5
2604021611000282,2026-04-02 07:11:00.000 UTC,51000.000000,,,,0,0,2026-04-02,567375433033637313,GODOMALL5
2604021622584723,2026-04-02 07:22:58.000 UTC,59000.000000,naver,brandsearch,naver_bs,563,530,2026-04-02,567375433033637313,GODOMALL5
2604021630516184,2026-04-02 07:30:51.000 UTC,88000.000000,pcmap.place.naver.com,referral,(referral),12,12,2026-04-02,567375433033637313,GODOMALL5
2604021700249965,2026-04-02 08:00:25.000 UTC,144000.000000,naver,brandsearch,naver_bs,563,530,2026-04-02,567375433033637313,GODOMALL5
2604021728437906,2026-04-02 08:28:43.000 UTC,140000.000000,google,organic,(organic),33,28,2026-04-02,567375433033637313,GODOMALL5
2604021735120887,2026-04-02 08:35:12.000 UTC,147000.000000,google,organic,(organic),33,28,2026-04-02,567375433033637313,GODOMALL5
2604021752437168,2026-04-02 08:52:43.000 UTC,107500.000000,naver,brandsearch,naver_bs,563,530,2026-04-02,567375433033637313,GODOMALL5
2604021819070549,2026-04-02 09:19:07.000 UTC,84500.000000,google,organic,(organic),33,28,2026-04-02,567375433033637313,GODOMALL5
2604021919558830,2026-04-02 10:19:55.000 UTC,106500.000000,naver,brandsearch,naver_bs,563,530,2026-04-02,567375433033637313,GODOMALL5
2604021940395871,2026-04-02 10:40:39.000 UTC,74500.000000,(direct),(none),(not set),272,156,2026-04-02,567375433033637313,GODOMALL5
2604022149198952,2026-04-02 12:49:19.000 UTC,79000.000000,naver,brandsearch,naver_bs,563,530,2026-04-02,567375433033637313,GODOMALL5
2604022237450423,2026-04-02 13:37:45.000 UTC,55000.000000,naver,brandsearch,naver_bs,563,530,2026-04-02,567375433033637313,GODOMALL5
2604030432393353,2026-04-02 19:32:39.000 UTC,288000.000000,naver,brandsearch,naver_bs,551,510,2026-04-03,567375433033637313,GODOMALL5
2604030529298634,2026-04-02 20:29:29.000 UTC,204000.000000,,,,0,0,2026-04-03,567375433033637313,GODOMALL5
2604030723119162,2026-04-02 22:23:11.000 UTC,74500.000000,naver,brandsearch,naver_bs,551,510,2026-04-03,567375433033637313,GODOMALL5
2604030812425263,2026-04-02 23:12:42.000 UTC,199500.000000,naver,brandsearch,naver_bs,551,510,2026-04-03,567375433033637313,GODOMALL5
2604030822221674,2026-04-02 23:22:22.000 UTC,60800.000000,naver,brandsearch,naver_bs,551,510,2026-04-03,567375433033637313,GODOMALL5
2604030852291335,2026-04-02 23:52:29.000 UTC,156000.000000,(direct),(none),(direct),297,169,2026-04-03,567375433033637313,GODOMALL5
2604030908288636,2026-04-03 00:08:28.000 UTC,65500.000000,(direct),(none),(direct),297,169,2026-04-03,567375433033637313,GODOMALL5
2604031000009957,2026-04-03 01:00:01.000 UTC,74000.000000,naver,brandsearch,naver_bs,551,510,2026-04-03,567375433033637313,GODOMALL5
2604031002276518,2026-04-03 01:02:27.000 UTC,247000.000000,naver,brandsearch,naver_bs,551,510,2026-04-03,567375433033637313,GODOMALL5
2604031002400419,2026-04-03 01:02:40.000 UTC,50000.000000,,,,0,0,2026-04-03,567375433033637313,GODOMALL5
2604031013130860,2026-04-03 01:13:13.000 UTC,90000.000000,naver,brandsearch,naver_bs,551,510,2026-04-03,567375433033637313,GODOMALL5
2604031033564841,2026-04-03 01:33:56.000 UTC,58000.000000,,,,0,0,2026-04-03,567375433033637313,GODOMALL5
2604031035001912,2026-04-03 01:35:00.000 UTC,119000.000000,,,,0,0,2026-04-03,567375433033637313,GODOMALL5
2604031046276843,2026-04-03 01:46:27.000 UTC,31000.000000,naver,brandsearch,naver_bs,551,510,2026-04-03,567375433033637313,GODOMALL5
2604031056057094,2026-04-03 01:56:05.000 UTC,130000.000000,naver,brandsearch,naver_bs,551,510,2026-04-03,567375433033637313,GODOMALL5
2604031123260845,2026-04-03 02:23:26.000 UTC,48000.000000,,,,0,0,2026-04-03,567375433033637313,GODOMALL5
2604031124136356,2026-04-03 02:24:13.000 UTC,118000.000000,naver,brandsearch,naver_bs,551,510,2026-04-03,567375433033637313,GODOMALL5
2604031142199237,2026-04-03 02:42:20.000 UTC,80000.000000,naver,brandsearch,naver_bs,551,510,2026-04-03,567375433033637313,GODOMALL5
2604031145296138,2026-04-03 02:45:29.000 UTC,232000.000000,naver,brandsearch,naver_bs,551,510,2026-04-03,567375433033637313,GODOMALL5
2604031215528419,2026-04-03 03:15:52.000 UTC,258000.000000,google,organic,(organic),38,32,2026-04-03,567375433033637313,GODOMALL5
2604031222598300,2026-04-03 03:22:59.000 UTC,78000.000000,(direct),(none),(not set),297,169,2026-04-03,567375433033637313,GODOMALL5
2604031223166431,2026-04-03 03:23:16.000 UTC,201000.000000,naver,brandsearch,naver_bs,551,510,2026-04-03,567375433033637313,GODOMALL5
2604031228132962,2026-04-03 03:28:13.000 UTC,191000.000000,naver,brandsearch,naver_bs,551,510,2026-04-03,567375433033637313,GODOMALL5
2604031247419913,2026-04-03 03:47:42.000 UTC,91000.000000,naver,brandsearch,naver_bs,551,510,2026-04-03,567375433033637313,GODOMALL5
2604031252036274,2026-04-03 03:52:03.000 UTC,75500.000000,naver,brandsearch,naver_bs,551,510,2026-04-03,567375433033637313,GODOMALL5
2604031253367335,2026-04-03 03:53:36.000 UTC,205000.000000,(direct),(none),(direct),297,169,2026-04-03,567375433033637313,GODOMALL5
2604031258531926,2026-04-03 03:58:53.000 UTC,102000.000000,naver,organic,(organic),76,68,2026-04-03,567375433033637313,GODOMALL5
2604031429056337,2026-04-03 05:29:05.000 UTC,118000.000000,naver,organic,(organic),76,68,2026-04-03,567375433033637313,GODOMALL5
2604031444519888,2026-04-03 05:44:52.000 UTC,382000.000000,naver,brandsearch,naver_bs,551,510,2026-04-03,567375433033637313,GODOMALL5
2604031505351129,2026-04-03 06:05:35.000 UTC,243000.000000,(direct),(none),(not set),297,169,2026-04-03,567375433033637313,GODOMALL5
2604031507447060,2026-04-03 06:07:44.000 UTC,498000.000000,(direct),(none),(not set),297,169,2026-04-03,567375433033637313,GODOMALL5
2604031512321133,2026-04-03 06:12:32.000 UTC,430000.000000,(direct),(none),(not set),297,169,2026-04-03,567375433033637313,GODOMALL5
2604031558543004,2026-04-03 06:58:54.000 UTC,138000.000000,pcmap.place.naver.com,referral,(referral),11,11,2026-04-03,567375433033637313,GODOMALL5
2604031606120415,2026-04-03 07:06:12.000 UTC,179000.000000,pcmap.place.naver.com,referral,(referral),11,11,2026-04-03,567375433033637313,GODOMALL5
2604031644229536,2026-04-03 07:44:23.000 UTC,101000.000000,naver,brandsearch,naver_bs,551,510,2026-04-03,567375433033637313,GODOMALL5
2604031657168607,2026-04-03 07:57:16.000 UTC,405000.000000,,,,0,0,2026-04-03,567375433033637313,GODOMALL5
2604031701314608,2026-04-03 08:01:31.000 UTC,33000.000000,naver,brandsearch,naver_bs,551,510,2026-04-03,567375433033637313,GODOMALL5
2604031726569170,2026-04-03 08:26:56.000 UTC,58500.000000,naver,brandsearch,naver_bs,551,510,2026-04-03,567375433033637313,GODOMALL5
2604031731573851,2026-04-03 08:31:57.000 UTC,206000.000000,(direct),(none),(direct),297,169,2026-04-03,567375433033637313,GODOMALL5
2604031752307172,2026-04-03 08:52:30.000 UTC,120000.000000,naver,brandsearch,naver_bs,551,510,2026-04-03,567375433033637313,GODOMALL5
2604031755216733,2026-04-03 08:55:21.000 UTC,104500.000000,naver,brandsearch,naver_bs,551,510,2026-04-03,567375433033637313,GODOMALL5
2604031857420914,2026-04-03 09:57:42.000 UTC,66500.000000,,,,0,0,2026-04-03,567375433033637313,GODOMALL5
2604032158487875,2026-04-03 12:58:48.000 UTC,117000.000000,,,,0,0,2026-04-03,567375433033637313,GODOMALL5
2604040845324223,2026-04-03 23:45:32.000 UTC,104000.000000,blog.naver.com,referral,(referral),8,5,2026-04-04,567375433033637313,GODOMALL5
2604040905454954,2026-04-04 00:05:45.000 UTC,118000.000000,naver,brandsearch,naver_bs,450,409,2026-04-04,567375433033637313,GODOMALL5
2604041051474976,2026-04-04 01:51:47.000 UTC,122000.000000,place.naver.com,referral,(referral),19,16,2026-04-04,567375433033637313,GODOMALL5
2604041346252297,2026-04-04 04:46:25.000 UTC,29800.000000,,,,0,0,2026-04-04,567375433033637313,GODOMALL5
2604041418394818,2026-04-04 05:18:39.000 UTC,59000.000000,ig,social,(not set),11,8,2026-04-04,567375433033637313,GODOMALL5
2604041427315899,2026-04-04 05:27:31.000 UTC,44000.000000,,,,0,0,2026-04-04,567375433033637313,GODOMALL5
2604041621211752,2026-04-04 07:21:21.000 UTC,69000.000000,naver,brandsearch,naver_bs,450,409,2026-04-04,567375433033637313,GODOMALL5
2604041659415433,2026-04-04 07:59:41.000 UTC,44000.000000,(direct),(none),(direct),196,110,2026-04-04,567375433033637313,GODOMALL5
2604041748073145,2026-04-04 08:48:07.000 UTC,313000.000000,(direct),(none),(direct),196,110,2026-04-04,567375433033637313,GODOMALL5
2604041834508776,2026-04-04 09:34:50.000 UTC,128000.000000,,,,0,0,2026-04-04,567375433033637313,GODOMALL5
2604041845471928,2026-04-04 09:45:47.000 UTC,128000.000000,naver,organic,(organic),52,47,2026-04-04,567375433033637313,GODOMALL5
2604041915465169,2026-04-04 10:15:46.000 UTC,71500.000000,(direct),(none),(direct),196,110,2026-04-04,567375433033637313,GODOMALL5
2604042004164190,2026-04-04 11:04:16.000 UTC,357500.000000,naver,brandsearch,naver_bs,450,409,2026-04-04,567375433033637313,GODOMALL5
2604042059593421,2026-04-04 11:59:59.000 UTC,120000.000000,naver,brandsearch,naver_bs,450,409,2026-04-04,567375433033637313,GODOMALL5
2604042211413572,2026-04-04 13:11:41.000 UTC,116000.000000,,,,0,0,2026-04-04,567375433033637313,GODOMALL5
2604042330122343,2026-04-04 14:30:12.000 UTC,141000.000000,naver,brandsearch,naver_bs,450,409,2026-04-04,567375433033637313,GODOMALL5
2604050015563771,2026-04-04 15:15:56.000 UTC,310500.000000,,,,0,0,2026-04-05,567375433033637313,GODOMALL5
2604050908171492,2026-04-05 00:08:17.000 UTC,69500.000000,(direct),(none),(not set),256,154,2026-04-05,567375433033637313,GODOMALL5
2604051031117843,2026-04-05 01:31:11.000 UTC,543000.000000,(direct),(none),(not set),256,154,2026-04-05,567375433033637313,GODOMALL5
2604051108466934,2026-04-05 02:08:46.000 UTC,98000.000000,(direct),(none),(not set),256,154,2026-04-05,567375433033637313,GODOMALL5
2604051402343697,2026-04-05 05:02:34.000 UTC,138000.000000,naver,brandsearch,naver_bs,475,439,2026-04-05,567375433033637313,GODOMALL5
2604051422224808,2026-04-05 05:22:22.000 UTC,87000.000000,naver,brandsearch,naver_bs,475,439,2026-04-05,567375433033637313,GODOMALL5
2604051523141989,2026-04-05 06:23:14.000 UTC,196000.000000,google,organic,(organic),17,14,2026-04-05,567375433033637313,GODOMALL5
2604051539408480,2026-04-05 06:39:40.000 UTC,47000.000000,naver,brandsearch,naver_bs,475,439,2026-04-05,567375433033637313,GODOMALL5
2604051642348231,2026-04-05 07:42:34.000 UTC,26500.000000,naver,brandsearch,naver_bs,475,439,2026-04-05,567375433033637313,GODOMALL5
2604051738280873,2026-04-05 08:38:28.000 UTC,380000.000000,naver,brandsearch,naver_bs,475,439,2026-04-05,567375433033637313,GODOMALL5
2604051906564816,2026-04-05 10:06:56.000 UTC,121000.000000,naver,brandsearch,naver_bs,475,439,2026-04-05,567375433033637313,GODOMALL5
2604051914557057,2026-04-05 10:14:55.000 UTC,119000.000000,naver,brandsearch,naver_bs,475,439,2026-04-05,567375433033637313,GODOMALL5
2604051929390258,2026-04-05 10:29:39.000 UTC,24500.000000,naver,brandsearch,naver_bs,475,439,2026-04-05,567375433033637313,GODOMALL5
2604052018553099,2026-04-05 11:18:55.000 UTC,95000.000000,,,,0,0,2026-04-05,567375433033637313,GODOMALL5
2604052025469370,2026-04-05 11:25:47.000 UTC,73000.000000,(direct),(none),(not set),256,154,2026-04-05,567375433033637313,GODOMALL5
2604052110085011,2026-04-05 12:10:08.000 UTC,72000.000000,naver,brandsearch,naver_bs,475,439,2026-04-05,567375433033637313,GODOMALL5
2604052217405612,2026-04-05 13:17:40.000 UTC,33000.000000,naver,brandsearch,naver_bs,475,439,2026-04-05,567375433033637313,GODOMALL5
2604052254382853,2026-04-05 13:54:38.000 UTC,231000.000000,(direct),(none),(direct),256,154,2026-04-05,567375433033637313,GODOMALL5
2604052314578256,2026-04-05 14:14:57.000 UTC,146000.000000,(direct),(none),(not set),256,154,2026-04-05,567375433033637313,GODOMALL5
2604060340572043,2026-04-05 18:40:57.000 UTC,526500.000000,place.naver.com,referral,(referral),3,3,2026-04-06,567375433033637313,GODOMALL5
2604060727560714,2026-04-05 22:27:56.000 UTC,278000.000000,naver,brandsearch,naver_bs,656,616,2026-04-06,567375433033637313,GODOMALL5
2604060741075835,2026-04-05 22:41:07.000 UTC,30000.000000,(direct),(none),(not set),291,166,2026-04-06,567375433033637313,GODOMALL5
2604060746355886,2026-04-05 22:46:35.000 UTC,155000.000000,naver,brandsearch,naver_bs,656,616,2026-04-06,567375433033637313,GODOMALL5
2604060834283937,2026-04-05 23:34:28.000 UTC,19000.000000,naver,brandsearch,naver_bs,656,616,2026-04-06,567375433033637313,GODOMALL5
2604060925279648,2026-04-06 00:25:28.000 UTC,136000.000000,,,,0,0,2026-04-06,567375433033637313,GODOMALL5
2604061006138049,2026-04-06 01:06:13.000 UTC,390000.000000,naver,brandsearch,naver_bs,656,616,2026-04-06,567375433033637313,GODOMALL5
2604061025269961,2026-04-06 01:25:27.000 UTC,152000.000000,naver,brandsearch,naver_bs,656,616,2026-04-06,567375433033637313,GODOMALL5
2604061033226102,2026-04-06 01:33:22.000 UTC,120500.000000,,,,0,0,2026-04-06,567375433033637313,GODOMALL5
2604061039454113,2026-04-06 01:39:45.000 UTC,83000.000000,,,,0,0,2026-04-06,567375433033637313,GODOMALL5
2604061044217054,2026-04-06 01:44:21.000 UTC,86000.000000,naver,brandsearch,naver_bs,656,616,2026-04-06,567375433033637313,GODOMALL5
2604061224153005,2026-04-06 03:24:15.000 UTC,166000.000000,naver,brandsearch,naver_bs,656,616,2026-04-06,567375433033637313,GODOMALL5
2604061247097576,2026-04-06 03:47:09.000 UTC,101000.000000,daum,organic,(organic),11,11,2026-04-06,567375433033637313,GODOMALL5
2604061254528017,2026-04-06 03:54:52.000 UTC,65500.000000,naver,brandsearch,naver_bs,656,616,2026-04-06,567375433033637313,GODOMALL5
2604061302351788,2026-04-06 04:02:35.000 UTC,81000.000000,naver,brandsearch,naver_bs,656,616,2026-04-06,567375433033637313,GODOMALL5
2604061309537140,2026-04-06 04:09:53.000 UTC,280000.000000,naver,brandsearch,naver_bs,656,616,2026-04-06,567375433033637313,GODOMALL5
2604061336018841,2026-04-06 04:36:01.000 UTC,575500.000000,naver,brandsearch,naver_bs,656,616,2026-04-06,567375433033637313,GODOMALL5
2604061346251192,2026-04-06 04:46:25.000 UTC,81000.000000,naver,brandsearch,naver_bs,656,616,2026-04-06,567375433033637313,GODOMALL5
2604061417393363,2026-04-06 05:17:39.000 UTC,107000.000000,naver,brandsearch,naver_bs,656,616,2026-04-06,567375433033637313,GODOMALL5
2604061433135984,2026-04-06 05:33:13.000 UTC,181000.000000,(direct),(none),(direct),291,166,2026-04-06,567375433033637313,GODOMALL5
2604061505291995,2026-04-06 06:05:29.000 UTC,119000.000000,daum,organic,(organic),11,11,2026-04-06,567375433033637313,GODOMALL5
2604061528576926,2026-04-06 06:28:57.000 UTC,116000.000000,naver,brandsearch,naver_bs,656,616,2026-04-06,567375433033637313,GODOMALL5
2604061553488527,2026-04-06 06:53:48.000 UTC,354200.000000,naver,brandsearch,naver_bs,656,616,2026-04-06,567375433033637313,GODOMALL5
2604061601296819,2026-04-06 07:01:29.000 UTC,81000.000000,naver,brandsearch,naver_bs,656,616,2026-04-06,567375433033637313,GODOMALL5
2604061602439850,2026-04-06 07:02:44.000 UTC,24500.000000,naver,brandsearch,naver_bs,656,616,2026-04-06,567375433033637313,GODOMALL5
2604061714244323,2026-04-06 08:14:24.000 UTC,402500.000000,,,,0,0,2026-04-06,567375433033637313,GODOMALL5
2604061724488677,2026-04-06 08:24:48.000 UTC,751000.000000,(direct),(none),(not set),291,166,2026-04-06,567375433033637313,GODOMALL5
2604061726407739,2026-04-06 08:26:40.000 UTC,514000.000000,(direct),(none),(not set),291,166,2026-04-06,567375433033637313,GODOMALL5
2604061732034500,2026-04-06 08:32:03.000 UTC,312000.000000,(direct),(none),(not set),291,166,2026-04-06,567375433033637313,GODOMALL5
2604061738338561,2026-04-06 08:38:33.000 UTC,140000.000000,(direct),(none),(direct),291,166,2026-04-06,567375433033637313,GODOMALL5
2604061739492982,2026-04-06 08:39:49.000 UTC,38500.000000,naver,brandsearch,naver_bs,656,616,2026-04-06,567375433033637313,GODOMALL5
2604061919109163,2026-04-06 10:19:11.000 UTC,198400.000000,naver,brandsearch,naver_bs,656,616,2026-04-06,567375433033637313,GODOMALL5
2604061926597265,2026-04-06 10:26:59.000 UTC,225000.000000,naver,brandsearch,naver_bs,656,616,2026-04-06,567375433033637313,GODOMALL5
2604061955562656,2026-04-06 10:55:56.000 UTC,60500.000000,naver,brandsearch,naver_bs,656,616,2026-04-06,567375433033637313,GODOMALL5
2604062239582078,2026-04-06 13:39:58.000 UTC,151000.000000,naver,brandsearch,naver_bs,656,616,2026-04-06,567375433033637313,GODOMALL5
2604070827291081,2026-04-06 23:27:29.000 UTC,149000.000000,google,organic,(organic),44,39,2026-04-07,567375433033637313,GODOMALL5
2604070831052432,2026-04-06 23:31:05.000 UTC,186800.000000,naver,brandsearch,naver_bs,595,541,2026-04-07,567375433033637313,GODOMALL5
2604070854537463,2026-04-06 23:54:53.000 UTC,135000.000000,(direct),(none),(not set),323,197,2026-04-07,567375433033637313,GODOMALL5
2604070942003374,2026-04-07 00:42:00.000 UTC,115000.000000,bing,organic,(organic),6,6,2026-04-07,567375433033637313,GODOMALL5
2604071056528065,2026-04-07 01:56:52.000 UTC,87500.000000,naver,brandsearch,naver_bs,595,541,2026-04-07,567375433033637313,GODOMALL5
2604071058159826,2026-04-07 01:58:16.000 UTC,103500.000000,naver,brandsearch,naver_bs,595,541,2026-04-07,567375433033637313,GODOMALL5
2604071212390397,2026-04-07 03:12:39.000 UTC,69000.000000,naver,brandsearch,naver_bs,595,541,2026-04-07,567375433033637313,GODOMALL5
2604071233059599,2026-04-07 03:33:06.000 UTC,89500.000000,naver,brandsearch,naver_bs,595,541,2026-04-07,567375433033637313,GODOMALL5
2604071237500370,2026-04-07 03:37:50.000 UTC,73000.000000,naver,brandsearch,naver_bs,595,541,2026-04-07,567375433033637313,GODOMALL5
2604071314204141,2026-04-07 04:14:20.000 UTC,393000.000000,google,organic,(organic),44,39,2026-04-07,567375433033637313,GODOMALL5
2604071339165332,2026-04-07 04:39:16.000 UTC,139000.000000,naver,organic,(organic),81,76,2026-04-07,567375433033637313,GODOMALL5
2604071419540893,2026-04-07 05:19:54.000 UTC,133000.000000,naver,brandsearch,naver_bs,595,541,2026-04-07,567375433033637313,GODOMALL5
2604071428055654,2026-04-07 05:28:05.000 UTC,255500.000000,(direct),(none),(not set),323,197,2026-04-07,567375433033637313,GODOMALL5
2604071447193388,2026-04-07 05:47:19.000 UTC,256000.000000,(direct),(none),(direct),323,197,2026-04-07,567375433033637313,GODOMALL5
2604071458060579,2026-04-07 05:58:06.000 UTC,59500.000000,naver,brandsearch,naver_bs,595,541,2026-04-07,567375433033637313,GODOMALL5
2604071509361950,2026-04-07 06:09:36.000 UTC,955000.000000,naver,brandsearch,naver_bs,595,541,2026-04-07,567375433033637313,GODOMALL5
2604071515101322,2026-04-07 06:15:10.000 UTC,651000.000000,google,organic,(organic),44,39,2026-04-07,567375433033637313,GODOMALL5
2604071517353003,2026-04-07 06:17:35.000 UTC,119500.000000,naver,brandsearch,naver_bs,595,541,2026-04-07,567375433033637313,GODOMALL5
2604071533293594,2026-04-07 06:33:29.000 UTC,79000.000000,naver,brandsearch,naver_bs,595,541,2026-04-07,567375433033637313,GODOMALL5
2604071600435206,2026-04-07 07:00:43.000 UTC,111000.000000,google,organic,(organic),44,39,2026-04-07,567375433033637313,GODOMALL5
2604071606495907,2026-04-07 07:06:49.000 UTC,30000.000000,naver,brandsearch,naver_bs,595,541,2026-04-07,567375433033637313,GODOMALL5
2604071614194658,2026-04-07 07:14:19.000 UTC,69000.000000,naver,brandsearch,naver_bs,595,541,2026-04-07,567375433033637313,GODOMALL5
2604071617180609,2026-04-07 07:17:18.000 UTC,220500.000000,(direct),(none),(direct),323,197,2026-04-07,567375433033637313,GODOMALL5
2604071623309700,2026-04-07 07:23:31.000 UTC,69500.000000,google,organic,(organic),44,39,2026-04-07,567375433033637313,GODOMALL5
2604071628397611,2026-04-07 07:28:39.000 UTC,139000.000000,naver,brandsearch,naver_bs,595,541,2026-04-07,567375433033637313,GODOMALL5
2604071637035183,2026-04-07 07:37:03.000 UTC,230000.000000,pcmap.place.naver.com,referral,(referral),4,4,2026-04-07,567375433033637313,GODOMALL5
2604071748258144,2026-04-07 08:48:25.000 UTC,148000.000000,(direct),(none),(not set),323,197,2026-04-07,567375433033637313,GODOMALL5
2604071830397325,2026-04-07 09:30:39.000 UTC,266000.000000,(direct),(none),(not set),323,197,2026-04-07,567375433033637313,GODOMALL5
2604071942358966,2026-04-07 10:42:36.000 UTC,87000.000000,naver,brandsearch,naver_bs,595,541,2026-04-07,567375433033637313,GODOMALL5
2604072129572707,2026-04-07 12:29:57.000 UTC,130900.000000,naver,brandsearch,naver_bs,595,541,2026-04-07,567375433033637313,GODOMALL5
2604072151386969,2026-04-07 12:51:38.000 UTC,138500.000000,naver,brandsearch,naver_bs,595,541,2026-04-07,567375433033637313,GODOMALL5
2604072213230190,2026-04-07 13:13:23.000 UTC,88000.000000,(direct),(none),(not set),323,197,2026-04-07,567375433033637313,GODOMALL5
2604080807262751,2026-04-07 23:07:26.000 UTC,266000.000000,(direct),(none),(not set),307,191,2026-04-08,567375433033637313,GODOMALL5
2604081033174979,2026-04-08 01:33:17.000 UTC,134000.000000,naver,brandsearch,naver_bs,594,554,2026-04-08,567375433033637313,GODOMALL5
2604081037115410,2026-04-08 01:37:11.000 UTC,24500.000000,(direct),(none),(not set),307,191,2026-04-08,567375433033637313,GODOMALL5
2604081046145011,2026-04-08 01:46:14.000 UTC,477000.000000,(direct),(none),(not set),307,191,2026-04-08,567375433033637313,GODOMALL5
2604081049513792,2026-04-08 01:49:51.000 UTC,280000.000000,naver,brandsearch,naver_bs,594,554,2026-04-08,567375433033637313,GODOMALL5
2604081120250934,2026-04-08 02:20:25.000 UTC,65000.000000,(direct),(none),(not set),307,191,2026-04-08,567375433033637313,GODOMALL5
2604081123398596,2026-04-08 02:23:39.000 UTC,85000.000000,(direct),(none),(not set),307,191,2026-04-08,567375433033637313,GODOMALL5
2604081127195557,2026-04-08 02:27:19.000 UTC,83000.000000,(direct),(none),(not set),307,191,2026-04-08,567375433033637313,GODOMALL5
2604081130115918,2026-04-08 02:30:11.000 UTC,267000.000000,(direct),(none),(not set),307,191,2026-04-08,567375433033637313,GODOMALL5
2604081130552459,2026-04-08 02:30:55.000 UTC,171000.000000,naver,brandsearch,naver_bs,594,554,2026-04-08,567375433033637313,GODOMALL5
2604081143220710,2026-04-08 02:43:22.000 UTC,67000.000000,(direct),(none),(not set),307,191,2026-04-08,567375433033637313,GODOMALL5
2604081210546061,2026-04-08 03:10:54.000 UTC,233000.000000,naver,brandsearch,naver_bs,594,554,2026-04-08,567375433033637313,GODOMALL5
2604081235580502,2026-04-08 03:35:58.000 UTC,224000.000000,(direct),(none),(not set),307,191,2026-04-08,567375433033637313,GODOMALL5
2604081242375053,2026-04-08 03:42:37.000 UTC,285000.000000,(direct),(none),(not set),307,191,2026-04-08,567375433033637313,GODOMALL5
2604081326330160,2026-04-08 04:26:33.000 UTC,33500.000000,(direct),(none),(not set),307,191,2026-04-08,567375433033637313,GODOMALL5
2604081326390951,2026-04-08 04:26:39.000 UTC,226000.000000,naver,brandsearch,naver_bs,594,554,2026-04-08,567375433033637313,GODOMALL5
2604081349429543,2026-04-08 04:49:43.000 UTC,65500.000000,naver,brandsearch,naver_bs,594,554,2026-04-08,567375433033637313,GODOMALL5
2604081351191734,2026-04-08 04:51:19.000 UTC,155500.000000,naver,brandsearch,naver_bs,594,554,2026-04-08,567375433033637313,GODOMALL5
2604081356081917,2026-04-08 04:56:08.000 UTC,70000.000000,(direct),(none),(not set),307,191,2026-04-08,567375433033637313,GODOMALL5
2604081358289188,2026-04-08 04:58:29.000 UTC,24500.000000,naver,brandsearch,naver_bs,594,554,2026-04-08,567375433033637313,GODOMALL5
2604081407007789,2026-04-08 05:07:00.000 UTC,36000.000000,naver,brandsearch,naver_bs,594,554,2026-04-08,567375433033637313,GODOMALL5
2604081540587070,2026-04-08 06:40:58.000 UTC,218000.000000,naver,brandsearch,naver_bs,594,554,2026-04-08,567375433033637313,GODOMALL5
2604081559541221,2026-04-08 06:59:54.000 UTC,145500.000000,(direct),(none),(direct),307,191,2026-04-08,567375433033637313,GODOMALL5
2604081608520682,2026-04-08 07:08:52.000 UTC,168000.000000,naver,brandsearch,naver_bs,594,554,2026-04-08,567375433033637313,GODOMALL5
2604081636103213,2026-04-08 07:36:10.000 UTC,54000.000000,naver,brandsearch,naver_bs,594,554,2026-04-08,567375433033637313,GODOMALL5
2604081658474824,2026-04-08 07:58:47.000 UTC,139000.000000,naver,brandsearch,naver_bs,594,554,2026-04-08,567375433033637313,GODOMALL5
2604081735230487,2026-04-08 08:35:23.000 UTC,172000.000000,naver,brandsearch,naver_bs,594,554,2026-04-08,567375433033637313,GODOMALL5
2604081742351719,2026-04-08 08:42:35.000 UTC,172000.000000,naver,brandsearch,naver_bs,594,554,2026-04-08,567375433033637313,GODOMALL5
2604081744588861,2026-04-08 08:44:58.000 UTC,1655000.000000,naver,brandsearch,naver_bs,594,554,2026-04-08,567375433033637313,GODOMALL5
2604081759440092,2026-04-08 08:59:44.000 UTC,128000.000000,(direct),(none),(not set),307,191,2026-04-08,567375433033637313,GODOMALL5
2604081800056773,2026-04-08 09:00:05.000 UTC,88000.000000,naver,brandsearch,naver_bs,594,554,2026-04-08,567375433033637313,GODOMALL5
2604081804516184,2026-04-08 09:04:51.000 UTC,128000.000000,(direct),(none),(not set),307,191,2026-04-08,567375433033637313,GODOMALL5
2604081808160735,2026-04-08 09:08:16.000 UTC,124000.000000,(direct),(none),(not set),307,191,2026-04-08,567375433033637313,GODOMALL5
2604081812323246,2026-04-08 09:12:32.000 UTC,85000.000000,(direct),(none),(not set),307,191,2026-04-08,567375433033637313,GODOMALL5
2604081814419097,2026-04-08 09:14:41.000 UTC,80000.000000,(direct),(none),(not set),307,191,2026-04-08,567375433033637313,GODOMALL5
2604081817091508,2026-04-08 09:17:09.000 UTC,59000.000000,(direct),(none),(not set),307,191,2026-04-08,567375433033637313,GODOMALL5
2604081819164359,2026-04-08 09:19:16.000 UTC,89000.000000,(direct),(none),(not set),307,191,2026-04-08,567375433033637313,GODOMALL5
2604081821201750,2026-04-08 09:21:20.000 UTC,220000.000000,,,,0,0,2026-04-08,567375433033637313,GODOMALL5
2604081823185762,2026-04-08 09:23:18.000 UTC,132000.000000,(direct),(none),(not set),307,191,2026-04-08,567375433033637313,GODOMALL5
2604081831013395,2026-04-08 09:31:01.000 UTC,122000.000000,naver,brandsearch,naver_bs,594,554,2026-04-08,567375433033637313,GODOMALL5
2604082015198296,2026-04-08 11:15:19.000 UTC,138000.000000,(direct),(none),(direct),307,191,2026-04-08,567375433033637313,GODOMALL5
2604082019298777,2026-04-08 11:19:30.000 UTC,1648000.000000,(direct),(none),(direct),307,191,2026-04-08,567375433033637313,GODOMALL5
2604082217104408,2026-04-08 13:17:10.000 UTC,215000.000000,naver,brandsearch,naver_bs,594,554,2026-04-08,567375433033637313,GODOMALL5
2604082226384099,2026-04-08 13:26:38.000 UTC,66000.000000,naver,brandsearch,naver_bs,594,554,2026-04-08,567375433033637313,GODOMALL5
2604082300560580,2026-04-08 14:00:56.000 UTC,27000.000000,(direct),(none),(not set),307,191,2026-04-08,567375433033637313,GODOMALL5
2604090820047171,2026-04-08 23:20:04.000 UTC,104500.000000,(direct),(none),(direct),282,166,2026-04-09,567375433033637313,GODOMALL5
2604090840186422,2026-04-08 23:40:18.000 UTC,314000.000000,naver,brandsearch,naver_bs,644,587,2026-04-09,567375433033637313,GODOMALL5
2604090927266713,2026-04-09 00:27:26.000 UTC,53800.000000,naver,brandsearch,naver_bs,644,587,2026-04-09,567375433033637313,GODOMALL5
2604090928202354,2026-04-09 00:28:20.000 UTC,24500.000000,naver,brandsearch,naver_bs,644,587,2026-04-09,567375433033637313,GODOMALL5
2604091005344791,2026-04-09 01:05:34.000 UTC,112000.000000,naver,brandsearch,naver_bs,644,587,2026-04-09,567375433033637313,GODOMALL5
2604091008294032,2026-04-09 01:08:29.000 UTC,126000.000000,naver,organic,(organic),69,66,2026-04-09,567375433033637313,GODOMALL5
2604091012237073,2026-04-09 01:12:23.000 UTC,127500.000000,(direct),(none),(direct),282,166,2026-04-09,567375433033637313,GODOMALL5
2604091015426184,2026-04-09 01:15:42.000 UTC,853000.000000,naver,brandsearch,naver_bs,644,587,2026-04-09,567375433033637313,GODOMALL5
2604091028149415,2026-04-09 01:28:14.000 UTC,303000.000000,pcmap.place.naver.com,referral,(referral),12,12,2026-04-09,567375433033637313,GODOMALL5
2604091029005796,2026-04-09 01:29:00.000 UTC,55000.000000,(direct),(none),(not set),282,166,2026-04-09,567375433033637313,GODOMALL5
2604091031460337,2026-04-09 01:31:46.000 UTC,169000.000000,google,organic,(organic),43,36,2026-04-09,567375433033637313,GODOMALL5
2604091048385768,2026-04-09 01:48:38.000 UTC,71500.000000,google,organic,(organic),43,36,2026-04-09,567375433033637313,GODOMALL5
2604091149539839,2026-04-09 02:49:54.000 UTC,164000.000000,,,,0,0,2026-04-09,567375433033637313,GODOMALL5
2604091157226980,2026-04-09 02:57:22.000 UTC,65000.000000,naver,brandsearch,naver_bs,644,587,2026-04-09,567375433033637313,GODOMALL5
2604091232482611,2026-04-09 03:32:48.000 UTC,129000.000000,naver,brandsearch,naver_bs,644,587,2026-04-09,567375433033637313,GODOMALL5
2604091242314342,2026-04-09 03:42:31.000 UTC,144500.000000,naver,brandsearch,naver_bs,644,587,2026-04-09,567375433033637313,GODOMALL5
2604091307545453,2026-04-09 04:07:54.000 UTC,131000.000000,naver,brandsearch,naver_bs,644,587,2026-04-09,567375433033637313,GODOMALL5
2604091311567284,2026-04-09 04:11:56.000 UTC,100500.000000,,,,0,0,2026-04-09,567375433033637313,GODOMALL5
2604091323590925,2026-04-09 04:23:59.000 UTC,145800.000000,naver,brandsearch,naver_bs,644,587,2026-04-09,567375433033637313,GODOMALL5
2604091324012286,2026-04-09 04:24:01.000 UTC,57500.000000,(direct),(none),(not set),282,166,2026-04-09,567375433033637313,GODOMALL5
2604091419125708,2026-04-09 05:19:12.000 UTC,214000.000000,naver,brandsearch,naver_bs,644,587,2026-04-09,567375433033637313,GODOMALL5
2604091420016620,2026-04-09 05:20:01.000 UTC,107000.000000,naver,brandsearch,naver_bs,644,587,2026-04-09,567375433033637313,GODOMALL5
2604091540597648,2026-04-09 06:40:59.000 UTC,36000.000000,google,organic,(organic),43,36,2026-04-09,567375433033637313,GODOMALL5
2604091556156790,2026-04-09 06:56:15.000 UTC,135000.000000,naver,brandsearch,naver_bs,644,587,2026-04-09,567375433033637313,GODOMALL5
2604091728078625,2026-04-09 08:28:07.000 UTC,106000.000000,naver,brandsearch,naver_bs,644,587,2026-04-09,567375433033637313,GODOMALL5
2604091826223616,2026-04-09 09:26:22.000 UTC,31000.000000,naver,brandsearch,naver_bs,644,587,2026-04-09,567375433033637313,GODOMALL5
2604091935301137,2026-04-09 10:35:30.000 UTC,29800.000000,(direct),(none),(not set),282,166,2026-04-09,567375433033637313,GODOMALL5
2604091956226362,2026-04-09 10:56:22.000 UTC,89500.000000,(direct),(none),(direct),282,166,2026-04-09,567375433033637313,GODOMALL5
2604092143450663,2026-04-09 12:43:45.000 UTC,176000.000000,(direct),(none),(direct),282,166,2026-04-09,567375433033637313,GODOMALL5
2604092205594784,2026-04-09 13:05:59.000 UTC,79000.000000,naver,brandsearch,naver_bs,644,587,2026-04-09,567375433033637313,GODOMALL5
2604092218450385,2026-04-09 13:18:45.000 UTC,96500.000000,naver,brandsearch,naver_bs,644,587,2026-04-09,567375433033637313,GODOMALL5
2604100130547415,2026-04-09 16:30:54.000 UTC,62000.000000,naver,organic,(organic),95,88,2026-04-10,567375433033637313,GODOMALL5
2604100724558896,2026-04-09 22:24:55.000 UTC,144000.000000,(direct),(none),(not set),274,161,2026-04-10,567375433033637313,GODOMALL5
2604100804595137,2026-04-09 23:04:59.000 UTC,136000.000000,naver,brandsearch,naver_bs,627,569,2026-04-10,567375433033637313,GODOMALL5
2604100821209628,2026-04-09 23:21:21.000 UTC,39500.000000,(direct),(none),(not set),274,161,2026-04-10,567375433033637313,GODOMALL5
2604100832526779,2026-04-09 23:32:52.000 UTC,116000.000000,naver,brandsearch,naver_bs,627,569,2026-04-10,567375433033637313,GODOMALL5
2604100857515800,2026-04-09 23:57:51.000 UTC,78000.000000,naver,brandsearch,naver_bs,627,569,2026-04-10,567375433033637313,GODOMALL5
2604100859543041,2026-04-09 23:59:54.000 UTC,1980000.000000,google,organic,(organic),37,31,2026-04-10,567375433033637313,GODOMALL5
2604100943009042,2026-04-10 00:43:00.000 UTC,502000.000000,,,,0,0,2026-04-10,567375433033637313,GODOMALL5
2604100948408145,2026-04-10 00:48:40.000 UTC,94000.000000,(direct),(none),(direct),274,161,2026-04-10,567375433033637313,GODOMALL5
2604101023076817,2026-04-10 01:23:07.000 UTC,273000.000000,naver,brandsearch,naver_bs,627,569,2026-04-10,567375433033637313,GODOMALL5
2604101133417718,2026-04-10 02:33:41.000 UTC,120000.000000,(direct),(none),(not set),274,161,2026-04-10,567375433033637313,GODOMALL5
2604101220286399,2026-04-10 03:20:28.000 UTC,94500.000000,,,,0,0,2026-04-10,567375433033637313,GODOMALL5
2604101347584281,2026-04-10 04:47:58.000 UTC,335600.000000,naver,brandsearch,naver_bs,627,569,2026-04-10,567375433033637313,GODOMALL5
2604101413477954,2026-04-10 05:13:47.000 UTC,244500.000000,naver,organic,(organic),95,88,2026-04-10,567375433033637313,GODOMALL5
2604101425405455,2026-04-10 05:25:40.000 UTC,113000.000000,(direct),(none),(not set),274,161,2026-04-10,567375433033637313,GODOMALL5
2604101600557926,2026-04-10 07:00:55.000 UTC,143000.000000,naver,brandsearch,naver_bs,627,569,2026-04-10,567375433033637313,GODOMALL5
2604101605084337,2026-04-10 07:05:08.000 UTC,71000.000000,naver,brandsearch,naver_bs,627,569,2026-04-10,567375433033637313,GODOMALL5
2604101611126349,2026-04-10 07:11:12.000 UTC,80000.000000,naver,brandsearch,naver_bs,627,569,2026-04-10,567375433033637313,GODOMALL5
2604101618479700,2026-04-10 07:18:48.000 UTC,112000.000000,naver,brandsearch,naver_bs,627,569,2026-04-10,567375433033637313,GODOMALL5
2604101637020603,2026-04-10 07:37:02.000 UTC,173000.000000,naver,brandsearch,naver_bs,627,569,2026-04-10,567375433033637313,GODOMALL5
2604101641522325,2026-04-10 07:41:52.000 UTC,120000.000000,naver,brandsearch,naver_bs,627,569,2026-04-10,567375433033637313,GODOMALL5
2604101732328498,2026-04-10 08:32:32.000 UTC,78500.000000,(direct),(none),(direct),274,161,2026-04-10,567375433033637313,GODOMALL5
2604101818183070,2026-04-10 09:18:18.000 UTC,211200.000000,naver,brandsearch,naver_bs,627,569,2026-04-10,567375433033637313,GODOMALL5
2604101847442093,2026-04-10 09:47:44.000 UTC,138000.000000,naver,brandsearch,naver_bs,627,569,2026-04-10,567375433033637313,GODOMALL5
2604102104425984,2026-04-10 12:04:42.000 UTC,104000.000000,naver,brandsearch,naver_bs,627,569,2026-04-10,567375433033637313,GODOMALL5
2604102315493486,2026-04-10 14:15:49.000 UTC,91000.000000,naver,brandsearch,naver_bs,627,569,2026-04-10,567375433033637313,GODOMALL5
2604111002117522,2026-04-11 01:02:11.000 UTC,120000.000000,naver,brandsearch,naver_bs,519,469,2026-04-11,567375433033637313,GODOMALL5
2604111158583353,2026-04-11 02:58:58.000 UTC,114100.000000,naver,brandsearch,naver_bs,519,469,2026-04-11,567375433033637313,GODOMALL5
2604111432208314,2026-04-11 05:32:20.000 UTC,81500.000000,(direct),(none),(not set),250,145,2026-04-11,567375433033637313,GODOMALL5
2604111528393225,2026-04-11 06:28:39.000 UTC,133000.000000,naver,brandsearch,naver_bs,519,469,2026-04-11,567375433033637313,GODOMALL5
2604111613262216,2026-04-11 07:13:26.000 UTC,88000.000000,naver,brandsearch,naver_bs,519,469,2026-04-11,567375433033637313,GODOMALL5
2604111805272967,2026-04-11 09:05:27.000 UTC,50500.000000,(direct),(none),(direct),250,145,2026-04-11,567375433033637313,GODOMALL5
2604112351242103,2026-04-11 14:51:24.000 UTC,77000.000000,naver,brandsearch,naver_bs,519,469,2026-04-11,567375433033637313,GODOMALL5
2604121006310412,2026-04-12 01:06:31.000 UTC,314000.000000,(direct),(none),(not set),239,114,2026-04-12,567375433033637313,GODOMALL5
2604121028549725,2026-04-12 01:28:55.000 UTC,102500.000000,naver,brandsearch,naver_bs,460,414,2026-04-12,567375433033637313,GODOMALL5
2604121102076676,2026-04-12 02:02:07.000 UTC,335000.000000,,,,0,0,2026-04-12,567375433033637313,GODOMALL5
2604121218110757,2026-04-12 03:18:11.000 UTC,114500.000000,naver,organic,(organic),45,40,2026-04-12,567375433033637313,GODOMALL5
2604121335069508,2026-04-12 04:35:07.000 UTC,305000.000000,google,organic,(organic),21,18,2026-04-12,567375433033637313,GODOMALL5
2604121451526319,2026-04-12 05:51:52.000 UTC,114000.000000,naver,brandsearch,naver_bs,460,414,2026-04-12,567375433033637313,GODOMALL5
2604121500325360,2026-04-12 06:00:32.000 UTC,112000.000000,naver,brandsearch,naver_bs,460,414,2026-04-12,567375433033637313,GODOMALL5
2604121822103051,2026-04-12 09:22:10.000 UTC,83000.000000,,,,0,0,2026-04-12,567375433033637313,GODOMALL5
2604121846242182,2026-04-12 09:46:24.000 UTC,64000.000000,,,,0,0,2026-04-12,567375433033637313,GODOMALL5
2604121931241184,2026-04-12 10:31:24.000 UTC,202000.000000,(direct),(none),(not set),239,114,2026-04-12,567375433033637313,GODOMALL5
2604122039257515,2026-04-12 11:39:25.000 UTC,189000.000000,(direct),(none),(not set),239,114,2026-04-12,567375433033637313,GODOMALL5
2604122221254076,2026-04-12 13:21:25.000 UTC,24500.000000,naver,brandsearch,naver_bs,460,414,2026-04-12,567375433033637313,GODOMALL5
2604122237466907,2026-04-12 13:37:46.000 UTC,105500.000000,(direct),(none),(not set),239,114,2026-04-12,567375433033637313,GODOMALL5
2604130719507461,2026-04-12 22:19:50.000 UTC,189000.000000,naver,brandsearch,naver_bs,640,595,2026-04-13,567375433033637313,GODOMALL5
2604130855489544,2026-04-12 23:55:49.000 UTC,111500.000000,(direct),(none),(direct),280,173,2026-04-13,567375433033637313,GODOMALL5
2604130857024285,2026-04-12 23:57:02.000 UTC,498000.000000,naver,brandsearch,naver_bs,640,595,2026-04-13,567375433033637313,GODOMALL5
2604130945137158,2026-04-13 00:45:13.000 UTC,114000.000000,naver,brandsearch,naver_bs,640,595,2026-04-13,567375433033637313,GODOMALL5
2604131029143579,2026-04-13 01:29:14.000 UTC,140000.000000,naver,brandsearch,naver_bs,640,595,2026-04-13,567375433033637313,GODOMALL5
2604131030164030,2026-04-13 01:30:16.000 UTC,119000.000000,daum,organic,(organic),5,5,2026-04-13,567375433033637313,GODOMALL5
2604131122134884,2026-04-13 02:22:13.000 UTC,64000.000000,naver,brandsearch,naver_bs,640,595,2026-04-13,567375433033637313,GODOMALL5
2604131137108235,2026-04-13 02:37:10.000 UTC,146000.000000,naver,brandsearch,naver_bs,640,595,2026-04-13,567375433033637313,GODOMALL5
2604131150064816,2026-04-13 02:50:06.000 UTC,124500.000000,(direct),(none),(direct),280,173,2026-04-13,567375433033637313,GODOMALL5
2604131202166767,2026-04-13 03:02:16.000 UTC,24500.000000,naver,brandsearch,naver_bs,640,595,2026-04-13,567375433033637313,GODOMALL5
2604131208359688,2026-04-13 03:08:36.000 UTC,147000.000000,naver,brandsearch,naver_bs,640,595,2026-04-13,567375433033637313,GODOMALL5
2604131209099599,2026-04-13 03:09:10.000 UTC,74000.000000,(direct),(none),(direct),280,173,2026-04-13,567375433033637313,GODOMALL5
2604131228243094,2026-04-13 03:28:24.000 UTC,130500.000000,naver,brandsearch,naver_bs,640,595,2026-04-13,567375433033637313,GODOMALL5
2604131234044097,2026-04-13 03:34:04.000 UTC,50000.000000,place.map.kakao.com,referral,(referral),2,2,2026-04-13,567375433033637313,GODOMALL5
2604131244212548,2026-04-13 03:44:21.000 UTC,123000.000000,(direct),(none),(direct),280,173,2026-04-13,567375433033637313,GODOMALL5
2604131251041001,2026-04-13 03:51:04.000 UTC,303000.000000,(direct),(none),(direct),280,173,2026-04-13,567375433033637313,GODOMALL5
2604131309251792,2026-04-13 04:09:25.000 UTC,314000.000000,naver,brandsearch,naver_bs,640,595,2026-04-13,567375433033637313,GODOMALL5
2604131359482163,2026-04-13 04:59:48.000 UTC,55500.000000,naver,brandsearch,naver_bs,640,595,2026-04-13,567375433033637313,GODOMALL5
2604131402307844,2026-04-13 05:02:30.000 UTC,348000.000000,naver,brandsearch,naver_bs,640,595,2026-04-13,567375433033637313,GODOMALL5
2604131406517875,2026-04-13 05:06:51.000 UTC,838000.000000,naver,brandsearch,naver_bs,640,595,2026-04-13,567375433033637313,GODOMALL5
2604131417052036,2026-04-13 05:17:05.000 UTC,116200.000000,(direct),(none),(not set),280,173,2026-04-13,567375433033637313,GODOMALL5
2604131626582788,2026-04-13 07:26:58.000 UTC,228000.000000,naver,organic,(organic),56,53,2026-04-13,567375433033637313,GODOMALL5
2604131659268710,2026-04-13 07:59:26.000 UTC,109500.000000,naver,brandsearch,naver_bs,640,595,2026-04-13,567375433033637313,GODOMALL5
2604131714396781,2026-04-13 08:14:39.000 UTC,100500.000000,naver,brandsearch,naver_bs,640,595,2026-04-13,567375433033637313,GODOMALL5
2604131718106043,2026-04-13 08:18:10.000 UTC,527600.000000,(direct),(none),(not set),280,173,2026-04-13,567375433033637313,GODOMALL5
2604131728023174,2026-04-13 08:28:02.000 UTC,85000.000000,naver,brandsearch,naver_bs,640,595,2026-04-13,567375433033637313,GODOMALL5
2604131917222780,2026-04-13 10:17:22.000 UTC,71000.000000,naver,brandsearch,naver_bs,640,595,2026-04-13,567375433033637313,GODOMALL5
2604131931486211,2026-04-13 10:31:48.000 UTC,198000.000000,(direct),(none),(direct),280,173,2026-04-13,567375433033637313,GODOMALL5
2604132016502532,2026-04-13 11:16:50.000 UTC,197500.000000,naver,brandsearch,naver_bs,640,595,2026-04-13,567375433033637313,GODOMALL5
2604132154059413,2026-04-13 12:54:06.000 UTC,181000.000000,(direct),(none),(direct),280,173,2026-04-13,567375433033637313,GODOMALL5
2604132159375154,2026-04-13 12:59:37.000 UTC,181000.000000,(direct),(none),(direct),280,173,2026-04-13,567375433033637313,GODOMALL5
2604132354243647,2026-04-13 14:54:24.000 UTC,188000.000000,naver,brandsearch,naver_bs,640,595,2026-04-13,567375433033637313,GODOMALL5
2604140108591151,2026-04-13 16:08:59.000 UTC,60000.000000,naver,brandsearch,naver_bs,616,569,2026-04-14,567375433033637313,GODOMALL5
2604140149144802,2026-04-13 16:49:14.000 UTC,118000.000000,naver,brandsearch,naver_bs,616,569,2026-04-14,567375433033637313,GODOMALL5
2604140753084473,2026-04-13 22:53:08.000 UTC,70000.000000,place.naver.com,referral,(referral),8,8,2026-04-14,567375433033637313,GODOMALL5
2604140827032615,2026-04-13 23:27:03.000 UTC,73500.000000,naver,brandsearch,naver_bs,616,569,2026-04-14,567375433033637313,GODOMALL5
2604141017048806,2026-04-14 01:17:04.000 UTC,166000.000000,(direct),(none),(direct),259,127,2026-04-14,567375433033637313,GODOMALL5
2604141027125297,2026-04-14 01:27:12.000 UTC,59000.000000,naver,brandsearch,naver_bs,616,569,2026-04-14,567375433033637313,GODOMALL5
2604141033037610,2026-04-14 01:33:03.000 UTC,71000.000000,naver,brandsearch,naver_bs,616,569,2026-04-14,567375433033637313,GODOMALL5
2604141038525641,2026-04-14 01:38:52.000 UTC,164000.000000,naver,brandsearch,naver_bs,616,569,2026-04-14,567375433033637313,GODOMALL5
2604141104104813,2026-04-14 02:04:10.000 UTC,521500.000000,google,organic,(organic),35,30,2026-04-14,567375433033637313,GODOMALL5
2604141117330798,2026-04-14 02:17:33.000 UTC,109000.000000,naver,brandsearch,naver_bs,616,569,2026-04-14,567375433033637313,GODOMALL5
2604141119161249,2026-04-14 02:19:16.000 UTC,109000.000000,naver,brandsearch,naver_bs,616,569,2026-04-14,567375433033637313,GODOMALL5
2604141339069210,2026-04-14 04:39:07.000 UTC,356500.000000,(direct),(none),(not set),259,127,2026-04-14,567375433033637313,GODOMALL5
2604141352449461,2026-04-14 04:52:45.000 UTC,244000.000000,naver,brandsearch,naver_bs,616,569,2026-04-14,567375433033637313,GODOMALL5
2604141412385853,2026-04-14 05:12:38.000 UTC,267000.000000,(direct),(none),(not set),259,127,2026-04-14,567375433033637313,GODOMALL5
2604141650562315,2026-04-14 07:50:56.000 UTC,76000.000000,naver,brandsearch,naver_bs,616,569,2026-04-14,567375433033637313,GODOMALL5
2604141651222546,2026-04-14 07:51:22.000 UTC,68000.000000,naver,brandsearch,naver_bs,616,569,2026-04-14,567375433033637313,GODOMALL5
2604141657159267,2026-04-14 07:57:16.000 UTC,55000.000000,naver,brandsearch,naver_bs,616,569,2026-04-14,567375433033637313,GODOMALL5
2604141721389118,2026-04-14 08:21:39.000 UTC,109000.000000,naver,brandsearch,naver_bs,616,569,2026-04-14,567375433033637313,GODOMALL5
2604141731401629,2026-04-14 08:31:40.000 UTC,69000.000000,(direct),(none),(not set),259,127,2026-04-14,567375433033637313,GODOMALL5
2604141750376920,2026-04-14 08:50:37.000 UTC,135000.000000,naver,brandsearch,naver_bs,616,569,2026-04-14,567375433033637313,GODOMALL5
2604141827382361,2026-04-14 09:27:38.000 UTC,167000.000000,naver,brandsearch,naver_bs,616,569,2026-04-14,567375433033637313,GODOMALL5
2604141847177622,2026-04-14 09:47:17.000 UTC,84000.000000,daum,organic,(organic),7,7,2026-04-14,567375433033637313,GODOMALL5
2604141852350073,2026-04-14 09:52:35.000 UTC,491000.000000,pcmap.place.naver.com,referral,(referral),9,9,2026-04-14,567375433033637313,GODOMALL5
2604141859223025,2026-04-14 09:59:22.000 UTC,56000.000000,(direct),(none),(direct),259,127,2026-04-14,567375433033637313,GODOMALL5
2604141907139177,2026-04-14 10:07:13.000 UTC,73000.000000,,,,0,0,2026-04-14,567375433033637313,GODOMALL5
2604141914057448,2026-04-14 10:14:05.000 UTC,170000.000000,naver,brandsearch,naver_bs,616,569,2026-04-14,567375433033637313,GODOMALL5
2604142146254649,2026-04-14 12:46:25.000 UTC,70500.000000,(direct),(none),(direct),259,127,2026-04-14,567375433033637313,GODOMALL5
2604142239416100,2026-04-14 13:39:41.000 UTC,520000.000000,naver,brandsearch,naver_bs,616,569,2026-04-14,567375433033637313,GODOMALL5
2604142328141403,2026-04-14 14:28:14.000 UTC,56500.000000,naver,brandsearch,naver_bs,616,569,2026-04-14,567375433033637313,GODOMALL5
2604142328408634,2026-04-14 14:28:40.000 UTC,645000.000000,naver,brandsearch,naver_bs,616,569,2026-04-14,567375433033637313,GODOMALL5
2604150009355491,2026-04-14 15:09:35.000 UTC,63000.000000,,,,0,0,2026-04-15,567375433033637313,GODOMALL5
2604150833194764,2026-04-14 23:33:19.000 UTC,61000.000000,naver,brandsearch,naver_bs,610,552,2026-04-15,567375433033637313,GODOMALL5
2604150843238166,2026-04-14 23:43:23.000 UTC,181500.000000,(direct),(none),(direct),270,157,2026-04-15,567375433033637313,GODOMALL5
2604151045192028,2026-04-15 01:45:19.000 UTC,69000.000000,naver,brandsearch,naver_bs,610,552,2026-04-15,567375433033637313,GODOMALL5
2604151106247989,2026-04-15 02:06:24.000 UTC,7000.000000,(direct),(none),(not set),270,157,2026-04-15,567375433033637313,GODOMALL5
2604151342587840,2026-04-15 04:42:58.000 UTC,171000.000000,naver,brandsearch,naver_bs,610,552,2026-04-15,567375433033637313,GODOMALL5
2604151400264922,2026-04-15 05:00:26.000 UTC,118600.000000,naver,brandsearch,naver_bs,610,552,2026-04-15,567375433033637313,GODOMALL5
2604151413249293,2026-04-15 05:13:25.000 UTC,68000.000000,naver,brandsearch,naver_bs,610,552,2026-04-15,567375433033637313,GODOMALL5
2604151507595796,2026-04-15 06:07:59.000 UTC,493000.000000,,,,0,0,2026-04-15,567375433033637313,GODOMALL5
2604151520587527,2026-04-15 06:20:58.000 UTC,157000.000000,(direct),(none),(not set),270,157,2026-04-15,567375433033637313,GODOMALL5
2604151528122018,2026-04-15 06:28:12.000 UTC,241500.000000,naver,brandsearch,naver_bs,610,552,2026-04-15,567375433033637313,GODOMALL5
2604151543272189,2026-04-15 06:43:27.000 UTC,141000.000000,naver,brandsearch,naver_bs,610,552,2026-04-15,567375433033637313,GODOMALL5
2604151607257811,2026-04-15 07:07:25.000 UTC,162000.000000,daum,organic,(organic),7,7,2026-04-15,567375433033637313,GODOMALL5
2604151629264872,2026-04-15 07:29:26.000 UTC,112000.000000,(direct),(none),(direct),270,157,2026-04-15,567375433033637313,GODOMALL5
2604151636597863,2026-04-15 07:36:59.000 UTC,163500.000000,google,organic,(organic),32,30,2026-04-15,567375433033637313,GODOMALL5
2604151707277664,2026-04-15 08:07:27.000 UTC,230000.000000,naver,brandsearch,naver_bs,610,552,2026-04-15,567375433033637313,GODOMALL5
2604151725164195,2026-04-15 08:25:16.000 UTC,33000.000000,,,,0,0,2026-04-15,567375433033637313,GODOMALL5
2604151831258208,2026-04-15 09:31:25.000 UTC,77000.000000,naver,brandsearch,naver_bs,610,552,2026-04-15,567375433033637313,GODOMALL5
2604151924423809,2026-04-15 10:24:42.000 UTC,187000.000000,(direct),(none),(not set),270,157,2026-04-15,567375433033637313,GODOMALL5
2604151941126700,2026-04-15 10:41:12.000 UTC,39500.000000,(direct),(none),(not set),270,157,2026-04-15,567375433033637313,GODOMALL5
2604152021251221,2026-04-15 11:21:25.000 UTC,58500.000000,naver,brandsearch,naver_bs,610,552,2026-04-15,567375433033637313,GODOMALL5
2604152056021422,2026-04-15 11:56:02.000 UTC,131500.000000,naver,brandsearch,naver_bs,610,552,2026-04-15,567375433033637313,GODOMALL5
2604152159106833,2026-04-15 12:59:10.000 UTC,222500.000000,(direct),(none),(direct),270,157,2026-04-15,567375433033637313,GODOMALL5
2604152229565994,2026-04-15 13:29:56.000 UTC,24500.000000,naver,brandsearch,naver_bs,610,552,2026-04-15,567375433033637313,GODOMALL5
2604152321570306,2026-04-15 14:21:57.000 UTC,156000.000000,naver,brandsearch,naver_bs,610,552,2026-04-15,567375433033637313,GODOMALL5
2604160018018811,2026-04-15 15:18:01.000 UTC,50000.000000,,,,0,0,2026-04-16,567375433033637313,GODOMALL5
2604160036375692,2026-04-15 15:36:37.000 UTC,106000.000000,,,,0,0,2026-04-16,567375433033637313,GODOMALL5
2604160144160303,2026-04-15 16:44:16.000 UTC,107000.000000,(direct),(none),(not set),254,142,2026-04-16,567375433033637313,GODOMALL5
2604160711294044,2026-04-15 22:11:29.000 UTC,166000.000000,naver,brandsearch,naver_bs,552,511,2026-04-16,567375433033637313,GODOMALL5
2604160824511245,2026-04-15 23:24:51.000 UTC,104000.000000,naver,brandsearch,naver_bs,552,511,2026-04-16,567375433033637313,GODOMALL5
2604160950539456,2026-04-16 00:50:54.000 UTC,68000.000000,naver,brandsearch,naver_bs,552,511,2026-04-16,567375433033637313,GODOMALL5
2604161038353887,2026-04-16 01:38:35.000 UTC,148500.000000,naver,brandsearch,naver_bs,552,511,2026-04-16,567375433033637313,GODOMALL5
2604161100273308,2026-04-16 02:00:27.000 UTC,161000.000000,naver,brandsearch,naver_bs,552,511,2026-04-16,567375433033637313,GODOMALL5
2604161107041449,2026-04-16 02:07:04.000 UTC,117000.000000,naver,brandsearch,naver_bs,552,511,2026-04-16,567375433033637313,GODOMALL5
2604161116336310,2026-04-16 02:16:33.000 UTC,66000.000000,naver,brandsearch,naver_bs,552,511,2026-04-16,567375433033637313,GODOMALL5
2604161142559861,2026-04-16 02:42:56.000 UTC,122000.000000,,,,0,0,2026-04-16,567375433033637313,GODOMALL5
2604161155530332,2026-04-16 02:55:53.000 UTC,76000.000000,naver,brandsearch,naver_bs,552,511,2026-04-16,567375433033637313,GODOMALL5
2604161158485693,2026-04-16 02:58:48.000 UTC,64000.000000,naver,brandsearch,naver_bs,552,511,2026-04-16,567375433033637313,GODOMALL5
2604161301153054,2026-04-16 04:01:15.000 UTC,207500.000000,naver,brandsearch,naver_bs,552,511,2026-04-16,567375433033637313,GODOMALL5
2604161335339687,2026-04-16 04:35:34.000 UTC,28500.000000,(direct),(none),(direct),254,142,2026-04-16,567375433033637313,GODOMALL5
2604161340163878,2026-04-16 04:40:16.000 UTC,122000.000000,(direct),(none),(direct),254,142,2026-04-16,567375433033637313,GODOMALL5
2604161425391419,2026-04-16 05:25:39.000 UTC,204000.000000,naver,brandsearch,naver_bs,552,511,2026-04-16,567375433033637313,GODOMALL5
2604161436424662,2026-04-16 05:36:42.000 UTC,210500.000000,naver,brandsearch,naver_bs,552,511,2026-04-16,567375433033637313,GODOMALL5
2604161442281173,2026-04-16 05:42:28.000 UTC,204000.000000,naver,brandsearch,naver_bs,552,511,2026-04-16,567375433033637313,GODOMALL5
2604161445041194,2026-04-16 05:45:04.000 UTC,210500.000000,naver,brandsearch,naver_bs,552,511,2026-04-16,567375433033637313,GODOMALL5
2604161716456926,2026-04-16 08:16:45.000 UTC,121000.000000,google,organic,(organic),26,23,2026-04-16,567375433033637313,GODOMALL5
2604161746230237,2026-04-16 08:46:23.000 UTC,31500.000000,naver,brandsearch,naver_bs,552,511,2026-04-16,567375433033637313,GODOMALL5
2604161826557488,2026-04-16 09:26:55.000 UTC,63000.000000,naver,brandsearch,naver_bs,552,511,2026-04-16,567375433033637313,GODOMALL5
2604161922547519,2026-04-16 10:22:54.000 UTC,138000.000000,naver,brandsearch,naver_bs,552,511,2026-04-16,567375433033637313,GODOMALL5
2604161926238940,2026-04-16 10:26:23.000 UTC,66000.000000,naver,brandsearch,naver_bs,552,511,2026-04-16,567375433033637313,GODOMALL5
2604162222425793,2026-04-16 13:22:42.000 UTC,40500.000000,naver,brandsearch,naver_bs,552,511,2026-04-16,567375433033637313,GODOMALL5
2604170736262221,2026-04-16 22:36:26.000 UTC,49000.000000,naver,brandsearch,naver_bs,566,507,2026-04-17,567375433033637313,GODOMALL5
2604170743585232,2026-04-16 22:43:58.000 UTC,138000.000000,naver,brandsearch,naver_bs,566,507,2026-04-17,567375433033637313,GODOMALL5
2604170758454203,2026-04-16 22:58:45.000 UTC,412000.000000,(direct),(none),(not set),235,136,2026-04-17,567375433033637313,GODOMALL5
2604170934462997,2026-04-17 00:34:46.000 UTC,89500.000000,naver,brandsearch,naver_bs,566,507,2026-04-17,567375433033637313,GODOMALL5
2604170957009168,2026-04-17 00:57:00.000 UTC,50000.000000,(direct),(none),(direct),235,136,2026-04-17,567375433033637313,GODOMALL5
2604170959292829,2026-04-17 00:59:29.000 UTC,148000.000000,naver,brandsearch,naver_bs,566,507,2026-04-17,567375433033637313,GODOMALL5
2604171025430160,2026-04-17 01:25:43.000 UTC,81800.000000,naver,brandsearch,naver_bs,566,507,2026-04-17,567375433033637313,GODOMALL5
2604171029560872,2026-04-17 01:29:56.000 UTC,177700.000000,naver,brandsearch,naver_bs,566,507,2026-04-17,567375433033637313,GODOMALL5
2604171032396603,2026-04-17 01:32:39.000 UTC,147000.000000,naver,brandsearch,naver_bs,566,507,2026-04-17,567375433033637313,GODOMALL5
2604171045164764,2026-04-17 01:45:16.000 UTC,227800.000000,naver,brandsearch,naver_bs,566,507,2026-04-17,567375433033637313,GODOMALL5
2604171048243045,2026-04-17 01:48:24.000 UTC,166000.000000,naver,brandsearch,naver_bs,566,507,2026-04-17,567375433033637313,GODOMALL5
2604171225450917,2026-04-17 03:25:45.000 UTC,94000.000000,naver,brandsearch,naver_bs,566,507,2026-04-17,567375433033637313,GODOMALL5
2604171235132079,2026-04-17 03:35:13.000 UTC,58500.000000,(direct),(none),(direct),235,136,2026-04-17,567375433033637313,GODOMALL5
2604171407015610,2026-04-17 05:07:01.000 UTC,182000.000000,naver,brandsearch,naver_bs,566,507,2026-04-17,567375433033637313,GODOMALL5
2604171418574211,2026-04-17 05:18:57.000 UTC,165000.000000,naver,brandsearch,naver_bs,566,507,2026-04-17,567375433033637313,GODOMALL5
2604171745448013,2026-04-17 08:45:44.000 UTC,189000.000000,naver,brandsearch,naver_bs,566,507,2026-04-17,567375433033637313,GODOMALL5
2604171748191584,2026-04-17 08:48:19.000 UTC,237000.000000,naver,brandsearch,naver_bs,566,507,2026-04-17,567375433033637313,GODOMALL5
2604171823394345,2026-04-17 09:23:39.000 UTC,113000.000000,naver,brandsearch,naver_bs,566,507,2026-04-17,567375433033637313,GODOMALL5
2604172203424046,2026-04-17 13:03:42.000 UTC,167000.000000,(direct),(none),(direct),235,136,2026-04-17,567375433033637313,GODOMALL5
2604172254294447,2026-04-17 13:54:29.000 UTC,55000.000000,(direct),(none),(not set),235,136,2026-04-17,567375433033637313,GODOMALL5
2604180407551004,2026-04-17 19:07:55.000 UTC,104000.000000,naver,brandsearch,naver_bs,437,396,2026-04-18,567375433033637313,GODOMALL5
2604180724392995,2026-04-17 22:24:39.000 UTC,72000.000000,naver,brandsearch,naver_bs,437,396,2026-04-18,567375433033637313,GODOMALL5
2604181121213777,2026-04-18 02:21:21.000 UTC,45500.000000,naver,brandsearch,naver_bs,437,396,2026-04-18,567375433033637313,GODOMALL5
2604181409127288,2026-04-18 05:09:12.000 UTC,378500.000000,naver,brandsearch,naver_bs,437,396,2026-04-18,567375433033637313,GODOMALL5
2604181452365539,2026-04-18 05:52:36.000 UTC,110000.000000,,,,0,0,2026-04-18,567375433033637313,GODOMALL5
2604181504481510,2026-04-18 06:04:48.000 UTC,227000.000000,naver,brandsearch,naver_bs,437,396,2026-04-18,567375433033637313,GODOMALL5
2604181726295501,2026-04-18 08:26:29.000 UTC,307500.000000,naver,brandsearch,naver_bs,437,396,2026-04-18,567375433033637313,GODOMALL5
2604181809253382,2026-04-18 09:09:25.000 UTC,102500.000000,naver,brandsearch,naver_bs,437,396,2026-04-18,567375433033637313,GODOMALL5
2604181824307203,2026-04-18 09:24:30.000 UTC,538000.000000,(direct),(none),(not set),208,106,2026-04-18,567375433033637313,GODOMALL5
2604181843191834,2026-04-18 09:43:19.000 UTC,227300.000000,naver,brandsearch,naver_bs,437,396,2026-04-18,567375433033637313,GODOMALL5
2604181905333626,2026-04-18 10:05:33.000 UTC,151000.000000,,,,0,0,2026-04-18,567375433033637313,GODOMALL5
2604181936083467,2026-04-18 10:36:08.000 UTC,143500.000000,naver,brandsearch,naver_bs,437,396,2026-04-18,567375433033637313,GODOMALL5
2604182030233888,2026-04-18 11:30:23.000 UTC,142000.000000,(direct),(none),(direct),208,106,2026-04-18,567375433033637313,GODOMALL5
2604182134008220,2026-04-18 12:34:00.000 UTC,108000.000000,(direct),(none),(direct),208,106,2026-04-18,567375433033637313,GODOMALL5
2604182205501042,2026-04-18 13:05:50.000 UTC,205000.000000,naver,brandsearch,naver_bs,437,396,2026-04-18,567375433033637313,GODOMALL5
