date,product_id,aa_product_id,pca_product_id,entry_product_id,expansion_product_id,source_product_id,target_product_id,transition_customer_cnt,transition_rate,avg_days_to_pca,avg_days_to_expansion
2026-04-06,1000000035,1000000035,1000000033,1000000035,1000000033,1000000035,1000000033,2,2.5974025974025976E-2,32.5,32.5
2026-04-06,1000000035,1000000035,1000000035,1000000035,1000000035,1000000035,1000000035,1,1.2987012987012988E-2,19,19
2026-04-06,1000000035,1000000035,1000000042,1000000035,1000000042,1000000035,1000000042,2,2.5974025974025976E-2,37,37
2026-04-06,1000000035,1000000035,1000000043,1000000035,1000000043,1000000035,1000000043,1,1.2987012987012988E-2,0,0
2026-04-06,1000000035,1000000035,1000000063,1000000035,1000000063,1000000035,1000000063,1,1.2987012987012988E-2,8,8
2026-04-06,1000000035,1000000035,1000000064,1000000035,1000000064,1000000035,1000000064,1,1.2987012987012988E-2,28,28
2026-04-06,1000000035,1000000035,1000000083,1000000035,1000000083,1000000035,1000000083,1,1.2987012987012988E-2,24,24
2026-04-06,1000000035,1000000035,1000000084,1000000035,1000000084,1000000035,1000000084,1,1.2987012987012988E-2,18,18
2026-04-06,1000000035,1000000035,1000000087,1000000035,1000000087,1000000035,1000000087,1,1.2987012987012988E-2,20,20
2026-04-06,1000000035,1000000035,1000000089,1000000035,1000000089,1000000035,1000000089,1,1.2987012987012988E-2,9,9
2026-04-06,1000000035,1000000035,1000000094,1000000035,1000000094,1000000035,1000000094,1,1.2987012987012988E-2,0,0
2026-04-06,1000000035,1000000035,1000000121,1000000035,1000000121,1000000035,1000000121,2,2.5974025974025976E-2,36.5,36.5
2026-04-06,1000000035,1000000035,1000000156,1000000035,1000000156,1000000035,1000000156,1,1.2987012987012988E-2,56,56
2026-04-06,1000000042,1000000042,1000000027,1000000042,1000000027,1000000042,1000000027,2,1.0638297872340425E-2,19.5,19.5
2026-04-06,1000000042,1000000042,1000000033,1000000042,1000000033,1000000042,1000000033,1,5.319148936170213E-3,0,0
2026-04-06,1000000042,1000000042,1000000035,1000000042,1000000035,1000000042,1000000035,1,5.319148936170213E-3,78,78
2026-04-06,1000000042,1000000042,1000000042,1000000042,1000000042,1000000042,1000000042,22,1.1702127659574468E-1,32.27272727272727,32.27272727272727
2026-04-06,1000000042,1000000042,1000000043,1000000042,1000000043,1000000042,1000000043,4,2.127659574468085E-2,10.75,10.75
2026-04-06,1000000042,1000000042,1000000044,1000000042,1000000044,1000000042,1000000044,1,5.319148936170213E-3,13,13
2026-04-06,1000000042,1000000042,1000000045,1000000042,1000000045,1000000042,1000000045,4,2.127659574468085E-2,31.5,31.5
2026-04-06,1000000042,1000000042,1000000063,1000000042,1000000063,1000000042,1000000063,1,5.319148936170213E-3,1,1
2026-04-06,1000000042,1000000042,1000000064,1000000042,1000000064,1000000042,1000000064,4,2.127659574468085E-2,22,22
2026-04-06,1000000042,1000000042,1000000065,1000000042,1000000065,1000000042,1000000065,1,5.319148936170213E-3,0,0
2026-04-06,1000000042,1000000042,1000000084,1000000042,1000000084,1000000042,1000000084,1,5.319148936170213E-3,8,8
2026-04-06,1000000042,1000000042,1000000087,1000000042,1000000087,1000000042,1000000087,1,5.319148936170213E-3,1,1
2026-04-06,1000000042,1000000042,1000000088,1000000042,1000000088,1000000042,1000000088,1,5.319148936170213E-3,0,0
2026-04-06,1000000042,1000000042,1000000112,1000000042,1000000112,1000000042,1000000112,1,5.319148936170213E-3,9,9
2026-04-06,1000000042,1000000042,1000000121,1000000042,1000000121,1000000042,1000000121,3,1.5957446808510637E-2,16,16
2026-04-06,1000000043,1000000043,1000000033,1000000043,1000000033,1000000043,1000000033,1,5.154639175257732E-3,33,33
2026-04-06,1000000043,1000000043,1000000042,1000000043,1000000042,1000000043,1000000042,10,5.154639175257732E-2,25.6,25.6
2026-04-06,1000000043,1000000043,1000000043,1000000043,1000000043,1000000043,1000000043,12,6.1855670103092786E-2,19.666666666666668,19.666666666666668
2026-04-06,1000000043,1000000043,1000000044,1000000043,1000000044,1000000043,1000000044,5,2.577319587628866E-2,9.8,9.8
2026-04-06,1000000043,1000000043,1000000045,1000000043,1000000045,1000000043,1000000045,3,1.5463917525773196E-2,2.3333333333333335,2.3333333333333335
2026-04-06,1000000043,1000000043,1000000062,1000000043,1000000062,1000000043,1000000062,1,5.154639175257732E-3,35,35
2026-04-06,1000000043,1000000043,1000000064,1000000043,1000000064,1000000043,1000000064,2,1.0309278350515464E-2,31.5,31.5
2026-04-06,1000000043,1000000043,1000000087,1000000043,1000000087,1000000043,1000000087,2,1.0309278350515464E-2,10.5,10.5
2026-04-06,1000000043,1000000043,1000000108,1000000043,1000000108,1000000043,1000000108,2,1.0309278350515464E-2,1.5,1.5
2026-04-06,1000000043,1000000043,1000000111,1000000043,1000000111,1000000043,1000000111,1,5.154639175257732E-3,29,29
2026-04-06,1000000043,1000000043,1000000121,1000000043,1000000121,1000000043,1000000121,2,1.0309278350515464E-2,11,11
2026-04-06,1000000044,1000000044,1000000027,1000000044,1000000027,1000000044,1000000027,1,7.042253521126761E-3,39,39
2026-04-06,1000000044,1000000044,1000000033,1000000044,1000000033,1000000044,1000000033,1,7.042253521126761E-3,46,46
2026-04-06,1000000044,1000000044,1000000042,1000000044,1000000042,1000000044,1000000042,6,4.225352112676056E-2,27.833333333333332,27.833333333333332
2026-04-06,1000000044,1000000044,1000000043,1000000044,1000000043,1000000044,1000000043,3,2.112676056338028E-2,10.333333333333334,10.333333333333334
2026-04-06,1000000044,1000000044,1000000044,1000000044,1000000044,1000000044,1000000044,4,2.8169014084507043E-2,21.5,21.5
2026-04-06,1000000044,1000000044,1000000045,1000000044,1000000045,1000000044,1000000045,2,1.4084507042253521E-2,32.5,32.5
2026-04-06,1000000044,1000000044,1000000062,1000000044,1000000062,1000000044,1000000062,1,7.042253521126761E-3,0,0
2026-04-06,1000000044,1000000044,1000000066,1000000044,1000000066,1000000044,1000000066,1,7.042253521126761E-3,11,11
2026-04-06,1000000044,1000000044,1000000070,1000000044,1000000070,1000000044,1000000070,1,7.042253521126761E-3,8,8
2026-04-06,1000000044,1000000044,1000000084,1000000044,1000000084,1000000044,1000000084,1,7.042253521126761E-3,18,18
2026-04-06,1000000044,1000000044,1000000085,1000000044,1000000085,1000000044,1000000085,1,7.042253521126761E-3,45,45
2026-04-06,1000000044,1000000044,1000000088,1000000044,1000000088,1000000044,1000000088,1,7.042253521126761E-3,16,16
2026-04-06,1000000044,1000000044,1000000112,1000000044,1000000112,1000000044,1000000112,1,7.042253521126761E-3,9,9
2026-04-06,1000000044,1000000044,1000000113,1000000044,1000000113,1000000044,1000000113,1,7.042253521126761E-3,0,0
2026-04-06,1000000044,1000000044,1000000121,1000000044,1000000121,1000000044,1000000121,2,1.4084507042253521E-2,21.5,21.5
2026-04-06,1000000044,1000000044,1000000156,1000000044,1000000156,1000000044,1000000156,1,7.042253521126761E-3,0,0
2026-04-06,1000000045,1000000045,1000000027,1000000045,1000000027,1000000045,1000000027,1,3.215434083601286E-3,39,39
2026-04-06,1000000045,1000000045,1000000033,1000000045,1000000033,1000000045,1000000033,2,6.430868167202572E-3,23,23
2026-04-06,1000000045,1000000045,1000000035,1000000045,1000000035,1000000045,1000000035,1,3.215434083601286E-3,27,27
2026-04-06,1000000045,1000000045,1000000042,1000000045,1000000042,1000000045,1000000042,8,2.572347266881029E-2,17.875,17.875
2026-04-06,1000000045,1000000045,1000000043,1000000045,1000000043,1000000045,1000000043,5,1.607717041800643E-2,6.8,6.8
2026-04-06,1000000045,1000000045,1000000044,1000000045,1000000044,1000000045,1000000044,2,6.430868167202572E-3,10.5,10.5
2026-04-06,1000000045,1000000045,1000000045,1000000045,1000000045,1000000045,1000000045,18,5.787781350482315E-2,17.944444444444443,17.944444444444443
2026-04-06,1000000045,1000000045,1000000063,1000000045,1000000063,1000000045,1000000063,3,9.64630225080386E-3,12.333333333333334,12.333333333333334
2026-04-06,1000000045,1000000045,1000000064,1000000045,1000000064,1000000045,1000000064,7,2.2508038585209004E-2,21.857142857142858,21.857142857142858
2026-04-06,1000000045,1000000045,1000000066,1000000045,1000000066,1000000045,1000000066,1,3.215434083601286E-3,11,11
2026-04-06,1000000045,1000000045,1000000085,1000000045,1000000085,1000000045,1000000085,1,3.215434083601286E-3,0,0
2026-04-06,1000000045,1000000045,1000000086,1000000045,1000000086,1000000045,1000000086,1,3.215434083601286E-3,56,56
2026-04-06,1000000045,1000000045,1000000091,1000000045,1000000091,1000000045,1000000091,2,6.430868167202572E-3,5.0E-1,5.0E-1
2026-04-06,1000000045,1000000045,1000000108,1000000045,1000000108,1000000045,1000000108,3,9.64630225080386E-3,18.666666666666668,18.666666666666668
2026-04-06,1000000045,1000000045,1000000112,1000000045,1000000112,1000000045,1000000112,1,3.215434083601286E-3,9,9
2026-04-06,1000000045,1000000045,1000000113,1000000045,1000000113,1000000045,1000000113,1,3.215434083601286E-3,0,0
2026-04-06,1000000045,1000000045,1000000121,1000000045,1000000121,1000000045,1000000121,2,6.430868167202572E-3,6.5,6.5
2026-04-06,1000000045,1000000045,1000000153,1000000045,1000000153,1000000045,1000000153,2,6.430868167202572E-3,0,0
2026-04-06,1000000045,1000000045,1000000156,1000000045,1000000156,1000000045,1000000156,2,6.430868167202572E-3,21,21
2026-04-06,1000000062,1000000062,1000000027,1000000062,1000000027,1000000062,1000000027,1,4.166666666666667E-3,0,0
2026-04-06,1000000062,1000000062,1000000028,1000000062,1000000028,1000000062,1000000028,1,4.166666666666667E-3,7,7
2026-04-06,1000000062,1000000062,1000000042,1000000062,1000000042,1000000062,1000000042,2,8.333333333333333E-3,51,51
2026-04-06,1000000062,1000000062,1000000045,1000000062,1000000045,1000000062,1000000045,3,1.25E-2,32,32
2026-04-06,1000000062,1000000062,1000000062,1000000062,1000000062,1000000062,1000000062,6,2.5E-2,7.166666666666667,7.166666666666667
2026-04-06,1000000062,1000000062,1000000063,1000000062,1000000063,1000000062,1000000063,1,4.166666666666667E-3,0,0
2026-04-06,1000000062,1000000062,1000000064,1000000062,1000000064,1000000062,1000000064,6,2.5E-2,15.666666666666666,15.666666666666666
2026-04-06,1000000062,1000000062,1000000065,1000000062,1000000065,1000000062,1000000065,1,4.166666666666667E-3,12,12
2026-04-06,1000000062,1000000062,1000000066,1000000062,1000000066,1000000062,1000000066,1,4.166666666666667E-3,11,11
2026-04-06,1000000062,1000000062,1000000087,1000000062,1000000087,1000000062,1000000087,1,4.166666666666667E-3,71,71
2026-04-06,1000000062,1000000062,1000000093,1000000062,1000000093,1000000062,1000000093,1,4.166666666666667E-3,22,22
2026-04-06,1000000062,1000000062,1000000111,1000000062,1000000111,1000000062,1000000111,1,4.166666666666667E-3,37,37
2026-04-06,1000000062,1000000062,1000000121,1000000062,1000000121,1000000062,1000000121,1,4.166666666666667E-3,1,1
2026-04-06,1000000062,1000000062,1000000153,1000000062,1000000153,1000000062,1000000153,1,4.166666666666667E-3,0,0
2026-04-06,1000000063,1000000063,1000000042,1000000063,1000000042,1000000063,1000000042,4,1.3468013468013467E-2,39.75,39.75
2026-04-06,1000000063,1000000063,1000000043,1000000063,1000000043,1000000063,1000000043,3,1.0101010101010102E-2,1.3333333333333333,1.3333333333333333
2026-04-06,1000000063,1000000063,1000000044,1000000063,1000000044,1000000063,1000000044,4,1.3468013468013467E-2,29.25,29.25
2026-04-06,1000000063,1000000063,1000000045,1000000063,1000000045,1000000063,1000000045,1,3.367003367003367E-3,6,6
2026-04-06,1000000063,1000000063,1000000062,1000000063,1000000062,1000000063,1000000062,6,2.0202020202020204E-2,10.166666666666666,10.166666666666666
2026-04-06,1000000063,1000000063,1000000063,1000000063,1000000063,1000000063,1000000063,11,3.7037037037037035E-2,22,22
2026-04-06,1000000063,1000000063,1000000064,1000000063,1000000064,1000000063,1000000064,9,3.0303030303030304E-2,19.333333333333332,19.333333333333332
2026-04-06,1000000063,1000000063,1000000069,1000000063,1000000069,1000000063,1000000069,1,3.367003367003367E-3,9,9
2026-04-06,1000000063,1000000063,1000000087,1000000063,1000000087,1000000063,1000000087,3,1.0101010101010102E-2,16,16
2026-04-06,1000000063,1000000063,1000000088,1000000063,1000000088,1000000063,1000000088,1,3.367003367003367E-3,0,0
2026-04-06,1000000063,1000000063,1000000090,1000000063,1000000090,1000000063,1000000090,2,6.734006734006734E-3,20.5,20.5
2026-04-06,1000000063,1000000063,1000000092,1000000063,1000000092,1000000063,1000000092,1,3.367003367003367E-3,1,1
2026-04-06,1000000063,1000000063,1000000093,1000000063,1000000093,1000000063,1000000093,2,6.734006734006734E-3,48.5,48.5
2026-04-06,1000000063,1000000063,1000000108,1000000063,1000000108,1000000063,1000000108,2,6.734006734006734E-3,28,28
2026-04-06,1000000063,1000000063,1000000112,1000000063,1000000112,1000000063,1000000112,1,3.367003367003367E-3,9,9
2026-04-06,1000000063,1000000063,1000000127,1000000063,1000000127,1000000063,1000000127,1,3.367003367003367E-3,0,0
2026-04-06,1000000064,1000000064,1000000033,1000000064,1000000033,1000000064,1000000033,1,6.024096385542169E-4,0,0
2026-04-06,1000000064,1000000064,1000000035,1000000064,1000000035,1000000064,1000000035,1,6.024096385542169E-4,46,46
2026-04-06,1000000064,1000000064,1000000042,1000000064,1000000042,1000000064,1000000042,13,7.83132530120482E-3,22.384615384615383,22.384615384615383
2026-04-06,1000000064,1000000064,1000000043,1000000064,1000000043,1000000064,1000000043,8,4.819277108433735E-3,17.375,17.375
2026-04-06,1000000064,1000000064,1000000044,1000000064,1000000044,1000000064,1000000044,5,3.0120481927710845E-3,16,16
2026-04-06,1000000064,1000000064,1000000045,1000000064,1000000045,1000000064,1000000045,6,3.6144578313253013E-3,21.333333333333332,21.333333333333332
2026-04-06,1000000064,1000000064,1000000062,1000000064,1000000062,1000000064,1000000062,3,1.8072289156626507E-3,23.333333333333332,23.333333333333332
2026-04-06,1000000064,1000000064,1000000063,1000000064,1000000063,1000000064,1000000063,9,5.421686746987952E-3,20.444444444444443,20.444444444444443
2026-04-06,1000000064,1000000064,1000000064,1000000064,1000000064,1000000064,1000000064,134,8.072289156626505E-2,13.194029850746269,13.194029850746269
2026-04-06,1000000064,1000000064,1000000069,1000000064,1000000069,1000000064,1000000069,1,6.024096385542169E-4,0,0
2026-04-06,1000000064,1000000064,1000000083,1000000064,1000000083,1000000064,1000000083,1,6.024096385542169E-4,0,0
2026-04-06,1000000064,1000000064,1000000084,1000000064,1000000084,1000000064,1000000084,2,1.2048192771084338E-3,35,35
2026-04-06,1000000064,1000000064,1000000085,1000000064,1000000085,1000000064,1000000085,4,2.4096385542168677E-3,17.5,17.5
2026-04-06,1000000064,1000000064,1000000086,1000000064,1000000086,1000000064,1000000086,2,1.2048192771084338E-3,48.5,48.5
2026-04-06,1000000064,1000000064,1000000088,1000000064,1000000088,1000000064,1000000088,5,3.0120481927710845E-3,21.4,21.4
2026-04-06,1000000064,1000000064,1000000090,1000000064,1000000090,1000000064,1000000090,1,6.024096385542169E-4,3,3
2026-04-06,1000000064,1000000064,1000000091,1000000064,1000000091,1000000064,1000000091,5,3.0120481927710845E-3,7.8,7.8
2026-04-06,1000000064,1000000064,1000000092,1000000064,1000000092,1000000064,1000000092,2,1.2048192771084338E-3,24.5,24.5
2026-04-06,1000000064,1000000064,1000000093,1000000064,1000000093,1000000064,1000000093,7,4.216867469879518E-3,2.857142857142857,2.857142857142857
2026-04-06,1000000064,1000000064,1000000094,1000000064,1000000094,1000000064,1000000094,2,1.2048192771084338E-3,15,15
2026-04-06,1000000064,1000000064,1000000108,1000000064,1000000108,1000000064,1000000108,2,1.2048192771084338E-3,0,0
2026-04-06,1000000064,1000000064,1000000111,1000000064,1000000111,1000000064,1000000111,2,1.2048192771084338E-3,10,10
2026-04-06,1000000064,1000000064,1000000113,1000000064,1000000113,1000000064,1000000113,2,1.2048192771084338E-3,5.0E-1,5.0E-1
2026-04-06,1000000064,1000000064,1000000121,1000000064,1000000121,1000000064,1000000121,2,1.2048192771084338E-3,6.5,6.5
2026-04-06,1000000064,1000000064,1000000127,1000000064,1000000127,1000000064,1000000127,3,1.8072289156626507E-3,19.666666666666668,19.666666666666668
2026-04-06,1000000064,1000000064,1000000128,1000000064,1000000128,1000000064,1000000128,1,6.024096385542169E-4,24,24
2026-04-06,1000000064,1000000064,1000000142,1000000064,1000000142,1000000064,1000000142,2,1.2048192771084338E-3,2,2
2026-04-06,1000000064,1000000064,1000000153,1000000064,1000000153,1000000064,1000000153,2,1.2048192771084338E-3,0,0
2026-04-06,1000000064,1000000064,1000000156,1000000064,1000000156,1000000064,1000000156,3,1.8072289156626507E-3,32.666666666666664,32.666666666666664
2026-04-06,1000000066,1000000066,1000000042,1000000066,1000000042,1000000066,1000000042,1,1.1627906976744186E-2,24,24
2026-04-06,1000000066,1000000066,1000000043,1000000066,1000000043,1000000066,1000000043,2,2.3255813953488372E-2,51,51
2026-04-06,1000000066,1000000066,1000000044,1000000066,1000000044,1000000066,1000000044,3,3.488372093023256E-2,6.666666666666667,6.666666666666667
2026-04-06,1000000066,1000000066,1000000063,1000000066,1000000063,1000000066,1000000063,1,1.1627906976744186E-2,23,23
2026-04-06,1000000066,1000000066,1000000064,1000000066,1000000064,1000000066,1000000064,2,2.3255813953488372E-2,5.5,5.5
2026-04-06,1000000066,1000000066,1000000065,1000000066,1000000065,1000000066,1000000065,1,1.1627906976744186E-2,20,20
2026-04-06,1000000066,1000000066,1000000066,1000000066,1000000066,1000000066,1000000066,1,1.1627906976744186E-2,0,0
2026-04-06,1000000066,1000000066,1000000084,1000000066,1000000084,1000000066,1000000084,1,1.1627906976744186E-2,18,18
2026-04-06,1000000066,1000000066,1000000087,1000000066,1000000087,1000000066,1000000087,1,1.1627906976744186E-2,1,1
2026-04-06,1000000066,1000000066,1000000111,1000000066,1000000111,1000000066,1000000111,1,1.1627906976744186E-2,0,0
2026-04-06,1000000069,1000000069,1000000028,1000000069,1000000028,1000000069,1000000028,1,9.708737864077669E-3,12,12
2026-04-06,1000000069,1000000069,1000000042,1000000069,1000000042,1000000069,1000000042,2,1.9417475728155338E-2,20,20
2026-04-06,1000000069,1000000069,1000000043,1000000069,1000000043,1000000069,1000000043,1,9.708737864077669E-3,0,0
2026-04-06,1000000069,1000000069,1000000044,1000000069,1000000044,1000000069,1000000044,1,9.708737864077669E-3,36,36
2026-04-06,1000000069,1000000069,1000000045,1000000069,1000000045,1000000069,1000000045,1,9.708737864077669E-3,15,15
2026-04-06,1000000069,1000000069,1000000063,1000000069,1000000063,1000000069,1000000063,1,9.708737864077669E-3,35,35
2026-04-06,1000000069,1000000069,1000000064,1000000069,1000000064,1000000069,1000000064,2,1.9417475728155338E-2,41,41
2026-04-06,1000000069,1000000069,1000000086,1000000069,1000000086,1000000069,1000000086,1,9.708737864077669E-3,0,0
2026-04-06,1000000069,1000000069,1000000091,1000000069,1000000091,1000000069,1000000091,1,9.708737864077669E-3,0,0
2026-04-06,1000000069,1000000069,1000000121,1000000069,1000000121,1000000069,1000000121,1,9.708737864077669E-3,12,12
2026-04-06,1000000069,1000000069,1000000154,1000000069,1000000154,1000000069,1000000154,1,9.708737864077669E-3,36,36
2026-04-06,1000000083,1000000083,1000000028,1000000083,1000000028,1000000083,1000000028,1,1.282051282051282E-2,18,18
2026-04-06,1000000083,1000000083,1000000035,1000000083,1000000035,1000000083,1000000035,1,1.282051282051282E-2,19,19
2026-04-06,1000000083,1000000083,1000000042,1000000083,1000000042,1000000083,1000000042,3,3.8461538461538464E-2,29,29
2026-04-06,1000000083,1000000083,1000000044,1000000083,1000000044,1000000083,1000000044,1,1.282051282051282E-2,13,13
2026-04-06,1000000083,1000000083,1000000045,1000000083,1000000045,1000000083,1000000045,1,1.282051282051282E-2,0,0
2026-04-06,1000000083,1000000083,1000000064,1000000083,1000000064,1000000083,1000000064,3,3.8461538461538464E-2,26.333333333333332,26.333333333333332
2026-04-06,1000000083,1000000083,1000000069,1000000083,1000000069,1000000083,1000000069,1,1.282051282051282E-2,9,9
2026-04-06,1000000083,1000000083,1000000083,1000000083,1000000083,1000000083,1000000083,1,1.282051282051282E-2,43,43
2026-04-06,1000000083,1000000083,1000000088,1000000083,1000000088,1000000083,1000000088,1,1.282051282051282E-2,12,12
2026-04-06,1000000083,1000000083,1000000094,1000000083,1000000094,1000000083,1000000094,1,1.282051282051282E-2,0,0
2026-04-06,1000000083,1000000083,1000000108,1000000083,1000000108,1000000083,1000000108,1,1.282051282051282E-2,0,0
2026-04-06,1000000083,1000000083,1000000121,1000000083,1000000121,1000000083,1000000121,1,1.282051282051282E-2,1,1
2026-04-06,1000000084,1000000084,1000000064,1000000084,1000000064,1000000084,1000000064,2,1.3513513513513514E-2,25.5,25.5
2026-04-06,1000000084,1000000084,1000000083,1000000084,1000000083,1000000084,1000000083,1,6.756756756756757E-3,1,1
2026-04-06,1000000084,1000000084,1000000084,1000000084,1000000084,1000000084,1000000084,4,2.702702702702703E-2,2.5,2.5
2026-04-06,1000000084,1000000084,1000000087,1000000084,1000000087,1000000084,1000000087,1,6.756756756756757E-3,0,0
2026-04-06,1000000084,1000000084,1000000088,1000000084,1000000088,1000000084,1000000088,2,1.3513513513513514E-2,3.5,3.5
2026-04-06,1000000084,1000000084,1000000092,1000000084,1000000092,1000000084,1000000092,1,6.756756756756757E-3,0,0
2026-04-06,1000000084,1000000084,1000000093,1000000084,1000000093,1000000084,1000000093,2,1.3513513513513514E-2,41,41
2026-04-06,1000000084,1000000084,1000000108,1000000084,1000000108,1000000084,1000000108,2,1.3513513513513514E-2,0,0
2026-04-06,1000000084,1000000084,1000000110,1000000084,1000000110,1000000084,1000000110,2,1.3513513513513514E-2,1,1
2026-04-06,1000000085,1000000085,1000000033,1000000085,1000000033,1000000085,1000000033,1,3.1645569620253164E-3,4,4
2026-04-06,1000000085,1000000085,1000000035,1000000085,1000000035,1000000085,1000000035,1,3.1645569620253164E-3,47,47
2026-04-06,1000000085,1000000085,1000000042,1000000085,1000000042,1000000085,1000000042,1,3.1645569620253164E-3,27,27
2026-04-06,1000000085,1000000085,1000000045,1000000085,1000000045,1000000085,1000000045,2,6.329113924050633E-3,0,0
2026-04-06,1000000085,1000000085,1000000064,1000000085,1000000064,1000000085,1000000064,2,6.329113924050633E-3,0,0
2026-04-06,1000000085,1000000085,1000000084,1000000085,1000000084,1000000085,1000000084,4,1.2658227848101266E-2,23.5,23.5
2026-04-06,1000000085,1000000085,1000000085,1000000085,1000000085,1000000085,1000000085,17,5.379746835443038E-2,9.588235294117647,9.588235294117647
2026-04-06,1000000085,1000000085,1000000086,1000000085,1000000086,1000000085,1000000086,10,3.164556962025317E-2,7,7
2026-04-06,1000000085,1000000085,1000000087,1000000085,1000000087,1000000085,1000000087,7,2.2151898734177215E-2,4.142857142857143,4.142857142857143
2026-04-06,1000000085,1000000085,1000000088,1000000085,1000000088,1000000085,1000000088,7,2.2151898734177215E-2,7.142857142857143E-1,7.142857142857143E-1
2026-04-06,1000000085,1000000085,1000000089,1000000085,1000000089,1000000085,1000000089,1,3.1645569620253164E-3,36,36
2026-04-06,1000000085,1000000085,1000000090,1000000085,1000000090,1000000085,1000000090,2,6.329113924050633E-3,1.5,1.5
2026-04-06,1000000085,1000000085,1000000091,1000000085,1000000091,1000000085,1000000091,2,6.329113924050633E-3,33.5,33.5
2026-04-06,1000000085,1000000085,1000000092,1000000085,1000000092,1000000085,1000000092,3,9.49367088607595E-3,3.333333333333333E-1,3.333333333333333E-1
2026-04-06,1000000085,1000000085,1000000093,1000000085,1000000093,1000000085,1000000093,1,3.1645569620253164E-3,0,0
2026-04-06,1000000085,1000000085,1000000108,1000000085,1000000108,1000000085,1000000108,2,6.329113924050633E-3,5.0E-1,5.0E-1
2026-04-06,1000000085,1000000085,1000000111,1000000085,1000000111,1000000085,1000000111,1,3.1645569620253164E-3,0,0
2026-04-06,1000000085,1000000085,1000000153,1000000085,1000000153,1000000085,1000000153,1,3.1645569620253164E-3,1,1
2026-04-06,1000000086,1000000086,1000000045,1000000086,1000000045,1000000086,1000000045,1,5.025125628140704E-3,6,6
2026-04-06,1000000086,1000000086,1000000063,1000000086,1000000063,1000000086,1000000063,1,5.025125628140704E-3,60,60
2026-04-06,1000000086,1000000086,1000000064,1000000086,1000000064,1000000086,1000000064,2,1.0050251256281407E-2,12,12
2026-04-06,1000000086,1000000086,1000000084,1000000086,1000000084,1000000086,1000000084,4,2.0100502512562814E-2,21.25,21.25
2026-04-06,1000000086,1000000086,1000000085,1000000086,1000000085,1000000086,1000000085,12,6.030150753768844E-2,12.416666666666666,12.416666666666666
2026-04-06,1000000086,1000000086,1000000086,1000000086,1000000086,1000000086,1000000086,20,1.0050251256281408E-1,11.4,11.4
2026-04-06,1000000086,1000000086,1000000087,1000000086,1000000087,1000000086,1000000087,7,3.5175879396984924E-2,4.714285714285714,4.714285714285714
2026-04-06,1000000086,1000000086,1000000088,1000000086,1000000088,1000000086,1000000088,6,3.015075376884422E-2,0,0
2026-04-06,1000000086,1000000086,1000000089,1000000086,1000000089,1000000086,1000000089,2,1.0050251256281407E-2,35,35
2026-04-06,1000000086,1000000086,1000000090,1000000086,1000000090,1000000086,1000000090,1,5.025125628140704E-3,0,0
2026-04-06,1000000086,1000000086,1000000092,1000000086,1000000092,1000000086,1000000092,1,5.025125628140704E-3,0,0
2026-04-06,1000000086,1000000086,1000000113,1000000086,1000000113,1000000086,1000000113,1,5.025125628140704E-3,0,0
2026-04-06,1000000087,1000000087,1000000033,1000000087,1000000033,1000000087,1000000033,1,2.1598272138228943E-3,22,22
2026-04-06,1000000087,1000000087,1000000035,1000000087,1000000035,1000000087,1000000035,1,2.1598272138228943E-3,46,46
2026-04-06,1000000087,1000000087,1000000043,1000000087,1000000043,1000000087,1000000043,2,4.319654427645789E-3,1,1
2026-04-06,1000000087,1000000087,1000000044,1000000087,1000000044,1000000087,1000000044,1,2.1598272138228943E-3,5,5
2026-04-06,1000000087,1000000087,1000000064,1000000087,1000000064,1000000087,1000000064,6,1.2958963282937365E-2,34.666666666666664,34.666666666666664
2026-04-06,1000000087,1000000087,1000000084,1000000087,1000000084,1000000087,1000000084,3,6.4794816414686825E-3,9.333333333333334,9.333333333333334
2026-04-06,1000000087,1000000087,1000000085,1000000087,1000000085,1000000087,1000000085,9,1.9438444924406047E-2,9.222222222222221,9.222222222222221
2026-04-06,1000000087,1000000087,1000000086,1000000087,1000000086,1000000087,1000000086,6,1.2958963282937365E-2,10.833333333333334,10.833333333333334
2026-04-06,1000000087,1000000087,1000000087,1000000087,1000000087,1000000087,1000000087,32,6.911447084233262E-2,15.65625,15.65625
2026-04-06,1000000087,1000000087,1000000088,1000000087,1000000088,1000000087,1000000088,14,3.023758099352052E-2,10.714285714285714,10.714285714285714
2026-04-06,1000000087,1000000087,1000000092,1000000087,1000000092,1000000087,1000000092,2,4.319654427645789E-3,42,42
2026-04-06,1000000087,1000000087,1000000093,1000000087,1000000093,1000000087,1000000093,4,8.639308855291577E-3,2.25,2.25
2026-04-06,1000000087,1000000087,1000000094,1000000087,1000000094,1000000087,1000000094,1,2.1598272138228943E-3,0,0
2026-04-06,1000000087,1000000087,1000000143,1000000087,1000000143,1000000087,1000000143,1,2.1598272138228943E-3,2,2
2026-04-06,1000000088,1000000088,1000000063,1000000088,1000000063,1000000088,1000000063,1,2.840909090909091E-3,0,0
2026-04-06,1000000088,1000000088,1000000064,1000000088,1000000064,1000000088,1000000064,8,2.2727272727272728E-2,25.625,25.625
2026-04-06,1000000088,1000000088,1000000083,1000000088,1000000083,1000000088,1000000083,1,2.840909090909091E-3,80,80
2026-04-06,1000000088,1000000088,1000000084,1000000088,1000000084,1000000088,1000000084,1,2.840909090909091E-3,52,52
2026-04-06,1000000088,1000000088,1000000085,1000000088,1000000085,1000000088,1000000085,7,1.9886363636363636E-2,8.571428571428571,8.571428571428571
2026-04-06,1000000088,1000000088,1000000086,1000000088,1000000086,1000000088,1000000086,8,2.2727272727272728E-2,9.5,9.5
2026-04-06,1000000088,1000000088,1000000087,1000000088,1000000087,1000000088,1000000087,10,2.8409090909090908E-2,4.1,4.1
2026-04-06,1000000088,1000000088,1000000088,1000000088,1000000088,1000000088,1000000088,39,1.1079545454545454E-1,8.615384615384615,8.615384615384615
2026-04-06,1000000088,1000000088,1000000089,1000000088,1000000089,1000000088,1000000089,2,5.681818181818182E-3,4.5,4.5
2026-04-06,1000000088,1000000088,1000000090,1000000088,1000000090,1000000088,1000000090,1,2.840909090909091E-3,0,0
2026-04-06,1000000088,1000000088,1000000092,1000000088,1000000092,1000000088,1000000092,1,2.840909090909091E-3,0,0
2026-04-06,1000000088,1000000088,1000000094,1000000088,1000000094,1000000088,1000000094,2,5.681818181818182E-3,37,37
2026-04-06,1000000088,1000000088,1000000112,1000000088,1000000112,1000000088,1000000112,2,5.681818181818182E-3,5.0E-1,5.0E-1
2026-04-06,1000000088,1000000088,1000000121,1000000088,1000000121,1000000088,1000000121,1,2.840909090909091E-3,13,13
2026-04-06,1000000088,1000000088,1000000142,1000000088,1000000142,1000000088,1000000142,2,5.681818181818182E-3,4.5,4.5
2026-04-06,1000000089,1000000089,1000000033,1000000089,1000000033,1000000089,1000000033,1,2.0E-2,87,87
2026-04-06,1000000089,1000000089,1000000086,1000000089,1000000086,1000000089,1000000086,1,2.0E-2,0,0
2026-04-06,1000000089,1000000089,1000000087,1000000089,1000000087,1000000089,1000000087,3,6.0E-2,3.333333333333333E-1,3.333333333333333E-1
2026-04-06,1000000089,1000000089,1000000088,1000000089,1000000088,1000000089,1000000088,4,8.0E-2,4.75,4.75
2026-04-06,1000000089,1000000089,1000000089,1000000089,1000000089,1000000089,1000000089,4,8.0E-2,8.75,8.75
2026-04-06,1000000089,1000000089,1000000091,1000000089,1000000091,1000000089,1000000091,1,2.0E-2,0,0
2026-04-06,1000000089,1000000089,1000000111,1000000089,1000000111,1000000089,1000000111,1,2.0E-2,32,32
2026-04-06,1000000089,1000000089,1000000112,1000000089,1000000112,1000000089,1000000112,1,2.0E-2,0,0
2026-04-06,1000000090,1000000090,1000000028,1000000090,1000000028,1000000090,1000000028,1,7.692307692307693E-3,12,12
2026-04-06,1000000090,1000000090,1000000063,1000000090,1000000063,1000000090,1000000063,1,7.692307692307693E-3,0,0
2026-04-06,1000000090,1000000090,1000000064,1000000090,1000000064,1000000090,1000000064,1,7.692307692307693E-3,76,76
2026-04-06,1000000090,1000000090,1000000085,1000000090,1000000085,1000000090,1000000085,1,7.692307692307693E-3,0,0
2026-04-06,1000000090,1000000090,1000000090,1000000090,1000000090,1000000090,1000000090,3,2.3076923076923078E-2,2,2
2026-04-06,1000000090,1000000090,1000000091,1000000090,1000000091,1000000090,1000000091,1,7.692307692307693E-3,4,4
2026-04-06,1000000090,1000000090,1000000092,1000000090,1000000092,1000000090,1000000092,1,7.692307692307693E-3,0,0
2026-04-06,1000000090,1000000090,1000000093,1000000090,1000000093,1000000090,1000000093,1,7.692307692307693E-3,0,0
2026-04-06,1000000090,1000000090,1000000094,1000000090,1000000094,1000000090,1000000094,1,7.692307692307693E-3,0,0
2026-04-06,1000000090,1000000090,1000000111,1000000090,1000000111,1000000090,1000000111,1,7.692307692307693E-3,2,2
2026-04-06,1000000090,1000000090,1000000112,1000000090,1000000112,1000000090,1000000112,1,7.692307692307693E-3,0,0
2026-04-06,1000000091,1000000091,1000000028,1000000091,1000000028,1000000091,1000000028,1,5.555555555555556E-3,12,12
2026-04-06,1000000091,1000000091,1000000035,1000000091,1000000035,1000000091,1000000035,1,5.555555555555556E-3,47,47
2026-04-06,1000000091,1000000091,1000000045,1000000091,1000000045,1000000091,1000000045,3,1.6666666666666666E-2,2,2
2026-04-06,1000000091,1000000091,1000000064,1000000091,1000000064,1000000091,1000000064,4,2.2222222222222223E-2,13,13
2026-04-06,1000000091,1000000091,1000000085,1000000091,1000000085,1000000091,1000000085,2,1.1111111111111112E-2,38,38
2026-04-06,1000000091,1000000091,1000000086,1000000091,1000000086,1000000091,1000000086,2,1.1111111111111112E-2,14,14
2026-04-06,1000000091,1000000091,1000000087,1000000091,1000000087,1000000091,1000000087,2,1.1111111111111112E-2,24.5,24.5
2026-04-06,1000000091,1000000091,1000000089,1000000091,1000000089,1000000091,1000000089,1,5.555555555555556E-3,0,0
2026-04-06,1000000091,1000000091,1000000090,1000000091,1000000090,1000000091,1000000090,3,1.6666666666666666E-2,4.333333333333333,4.333333333333333
2026-04-06,1000000091,1000000091,1000000091,1000000091,1000000091,1000000091,1000000091,11,6.111111111111111E-2,7.454545454545454,7.454545454545454
2026-04-06,1000000091,1000000091,1000000092,1000000091,1000000092,1000000091,1000000092,2,1.1111111111111112E-2,10,10
2026-04-06,1000000091,1000000091,1000000093,1000000091,1000000093,1000000091,1000000093,2,1.1111111111111112E-2,9,9
2026-04-06,1000000091,1000000091,1000000094,1000000091,1000000094,1000000091,1000000094,2,1.1111111111111112E-2,0,0
2026-04-06,1000000091,1000000091,1000000111,1000000091,1000000111,1000000091,1000000111,1,5.555555555555556E-3,4,4
2026-04-06,1000000092,1000000092,1000000028,1000000092,1000000028,1000000092,1000000028,1,6.41025641025641E-3,12,12
2026-04-06,1000000092,1000000092,1000000064,1000000092,1000000064,1000000092,1000000064,4,2.564102564102564E-2,12,12
2026-04-06,1000000092,1000000092,1000000084,1000000092,1000000084,1000000092,1000000084,1,6.41025641025641E-3,0,0
2026-04-06,1000000092,1000000092,1000000085,1000000092,1000000085,1000000092,1000000085,2,1.282051282051282E-2,0,0
2026-04-06,1000000092,1000000092,1000000086,1000000092,1000000086,1000000092,1000000086,1,6.41025641025641E-3,0,0
2026-04-06,1000000092,1000000092,1000000087,1000000092,1000000087,1000000092,1000000087,2,1.282051282051282E-2,1,1
2026-04-06,1000000092,1000000092,1000000088,1000000092,1000000088,1000000092,1000000088,1,6.41025641025641E-3,0,0
2026-04-06,1000000092,1000000092,1000000090,1000000092,1000000090,1000000092,1000000090,3,1.9230769230769232E-2,1,1
2026-04-06,1000000092,1000000092,1000000091,1000000092,1000000091,1000000092,1000000091,3,1.9230769230769232E-2,9.333333333333334,9.333333333333334
2026-04-06,1000000092,1000000092,1000000092,1000000092,1000000092,1000000092,1000000092,8,5.128205128205128E-2,8.875,8.875
2026-04-06,1000000092,1000000092,1000000093,1000000092,1000000093,1000000092,1000000093,1,6.41025641025641E-3,6,6
2026-04-06,1000000092,1000000092,1000000111,1000000092,1000000111,1000000092,1000000111,1,6.41025641025641E-3,0,0
2026-04-06,1000000093,1000000093,1000000044,1000000093,1000000044,1000000093,1000000044,2,2.840909090909091E-3,49.5,49.5
2026-04-06,1000000093,1000000093,1000000045,1000000093,1000000045,1000000093,1000000045,2,2.840909090909091E-3,8,8
2026-04-06,1000000093,1000000093,1000000062,1000000093,1000000062,1000000093,1000000062,4,5.681818181818182E-3,50.75,50.75
2026-04-06,1000000093,1000000093,1000000064,1000000093,1000000064,1000000093,1000000064,9,1.278409090909091E-2,3.3333333333333335,3.3333333333333335
2026-04-06,1000000093,1000000093,1000000084,1000000093,1000000084,1000000093,1000000084,1,1.4204545454545455E-3,3,3
2026-04-06,1000000093,1000000093,1000000085,1000000093,1000000085,1000000093,1000000085,2,2.840909090909091E-3,0,0
2026-04-06,1000000093,1000000093,1000000086,1000000093,1000000086,1000000093,1000000086,1,1.4204545454545455E-3,6,6
2026-04-06,1000000093,1000000093,1000000087,1000000093,1000000087,1000000093,1000000087,4,5.681818181818182E-3,3.5,3.5
2026-04-06,1000000093,1000000093,1000000088,1000000093,1000000088,1000000093,1000000088,1,1.4204545454545455E-3,62,62
2026-04-06,1000000093,1000000093,1000000090,1000000093,1000000090,1000000093,1000000090,1,1.4204545454545455E-3,0,0
2026-04-06,1000000093,1000000093,1000000091,1000000093,1000000091,1000000093,1000000091,2,2.840909090909091E-3,0,0
2026-04-06,1000000093,1000000093,1000000093,1000000093,1000000093,1000000093,1000000093,77,1.09375E-1,6.454545454545454,6.454545454545454
2026-04-06,1000000093,1000000093,1000000094,1000000093,1000000094,1000000093,1000000094,3,4.261363636363636E-3,0,0
2026-04-06,1000000093,1000000093,1000000108,1000000093,1000000108,1000000093,1000000108,6,8.522727272727272E-3,24.333333333333332,24.333333333333332
2026-04-06,1000000093,1000000093,1000000110,1000000093,1000000110,1000000093,1000000110,1,1.4204545454545455E-3,0,0
2026-04-06,1000000093,1000000093,1000000111,1000000093,1000000111,1000000093,1000000111,7,9.943181818181818E-3,7.142857142857143E-1,7.142857142857143E-1
2026-04-06,1000000093,1000000093,1000000112,1000000093,1000000112,1000000093,1000000112,2,2.840909090909091E-3,2,2
2026-04-06,1000000093,1000000093,1000000113,1000000093,1000000113,1000000093,1000000113,1,1.4204545454545455E-3,14,14
2026-04-06,1000000094,1000000094,1000000035,1000000094,1000000035,1000000094,1000000035,1,5.263157894736842E-3,0,0
2026-04-06,1000000094,1000000094,1000000044,1000000094,1000000044,1000000094,1000000044,1,5.263157894736842E-3,13,13
2026-04-06,1000000094,1000000094,1000000064,1000000094,1000000064,1000000094,1000000064,1,5.263157894736842E-3,5,5
2026-04-06,1000000094,1000000094,1000000084,1000000094,1000000084,1000000094,1000000084,1,5.263157894736842E-3,30,30
2026-04-06,1000000094,1000000094,1000000086,1000000094,1000000086,1000000094,1000000086,1,5.263157894736842E-3,73,73
2026-04-06,1000000094,1000000094,1000000088,1000000094,1000000088,1000000094,1000000088,1,5.263157894736842E-3,16,16
2026-04-06,1000000094,1000000094,1000000089,1000000094,1000000089,1000000094,1000000089,1,5.263157894736842E-3,36,36
2026-04-06,1000000094,1000000094,1000000090,1000000094,1000000090,1000000094,1000000090,1,5.263157894736842E-3,25,25
2026-04-06,1000000094,1000000094,1000000091,1000000094,1000000091,1000000094,1000000091,2,1.0526315789473684E-2,2.5,2.5
2026-04-06,1000000094,1000000094,1000000092,1000000094,1000000092,1000000094,1000000092,1,5.263157894736842E-3,18,18
2026-04-06,1000000094,1000000094,1000000093,1000000094,1000000093,1000000094,1000000093,2,1.0526315789473684E-2,0,0
2026-04-06,1000000094,1000000094,1000000094,1000000094,1000000094,1000000094,1000000094,16,8.421052631578947E-2,12.875,12.875
2026-04-06,1000000094,1000000094,1000000095,1000000094,1000000095,1000000094,1000000095,1,5.263157894736842E-3,40,40
2026-04-06,1000000094,1000000094,1000000108,1000000094,1000000108,1000000094,1000000108,3,1.5789473684210527E-2,4.333333333333333,4.333333333333333
2026-04-06,1000000094,1000000094,1000000110,1000000094,1000000110,1000000094,1000000110,2,1.0526315789473684E-2,1,1
2026-04-06,1000000094,1000000094,1000000111,1000000094,1000000111,1000000094,1000000111,4,2.1052631578947368E-2,34.25,34.25
2026-04-06,1000000108,1000000108,1000000035,1000000108,1000000035,1000000108,1000000035,1,4.048582995951417E-3,15,15
2026-04-06,1000000108,1000000108,1000000043,1000000108,1000000043,1000000108,1000000043,1,4.048582995951417E-3,0,0
2026-04-06,1000000108,1000000108,1000000044,1000000108,1000000044,1000000108,1000000044,1,4.048582995951417E-3,82,82
2026-04-06,1000000108,1000000108,1000000045,1000000108,1000000045,1000000108,1000000045,3,1.2145748987854251E-2,0,0
2026-04-06,1000000108,1000000108,1000000064,1000000108,1000000064,1000000108,1000000064,2,8.097165991902834E-3,43,43
2026-04-06,1000000108,1000000108,1000000071,1000000108,1000000071,1000000108,1000000071,1,4.048582995951417E-3,12,12
2026-04-06,1000000108,1000000108,1000000083,1000000108,1000000083,1000000108,1000000083,1,4.048582995951417E-3,0,0
2026-04-06,1000000108,1000000108,1000000084,1000000108,1000000084,1000000108,1000000084,1,4.048582995951417E-3,0,0
2026-04-06,1000000108,1000000108,1000000087,1000000108,1000000087,1000000108,1000000087,1,4.048582995951417E-3,0,0
2026-04-06,1000000108,1000000108,1000000091,1000000108,1000000091,1000000108,1000000091,1,4.048582995951417E-3,0,0
2026-04-06,1000000108,1000000108,1000000092,1000000108,1000000092,1000000108,1000000092,2,8.097165991902834E-3,21,21
2026-04-06,1000000108,1000000108,1000000093,1000000108,1000000093,1000000108,1000000093,7,2.834008097165992E-2,9.142857142857142,9.142857142857142
2026-04-06,1000000108,1000000108,1000000094,1000000108,1000000094,1000000108,1000000094,3,1.2145748987854251E-2,5.666666666666667,5.666666666666667
2026-04-06,1000000108,1000000108,1000000108,1000000108,1000000108,1000000108,1000000108,23,9.31174089068826E-2,9.478260869565217,9.478260869565217
2026-04-06,1000000108,1000000108,1000000111,1000000108,1000000111,1000000108,1000000111,1,4.048582995951417E-3,0,0
2026-04-06,1000000108,1000000108,1000000112,1000000108,1000000112,1000000108,1000000112,2,8.097165991902834E-3,19,19
2026-04-06,1000000110,1000000110,1000000027,1000000110,1000000027,1000000110,1000000027,1,1.4084507042253521E-2,39,39
2026-04-06,1000000110,1000000110,1000000083,1000000110,1000000083,1000000110,1000000083,1,1.4084507042253521E-2,2,2
2026-04-06,1000000110,1000000110,1000000093,1000000110,1000000093,1000000110,1000000093,1,1.4084507042253521E-2,0,0
2026-04-06,1000000110,1000000110,1000000094,1000000110,1000000094,1000000110,1000000094,1,1.4084507042253521E-2,0,0
2026-04-06,1000000110,1000000110,1000000108,1000000110,1000000108,1000000110,1000000108,1,1.4084507042253521E-2,0,0
2026-04-06,1000000110,1000000110,1000000110,1000000110,1000000110,1000000110,1000000110,6,8.450704225352113E-2,5.5,5.5
2026-04-06,1000000110,1000000110,1000000112,1000000110,1000000112,1000000110,1000000112,1,1.4084507042253521E-2,0,0
2026-04-06,1000000111,1000000111,1000000045,1000000111,1000000045,1000000111,1000000045,1,2.976190476190476E-3,14,14
2026-04-06,1000000111,1000000111,1000000062,1000000111,1000000062,1000000111,1000000062,2,5.952380952380952E-3,1.5,1.5
2026-04-06,1000000111,1000000111,1000000064,1000000111,1000000064,1000000111,1000000064,8,2.3809523809523808E-2,16.5,16.5
2026-04-06,1000000111,1000000111,1000000066,1000000111,1000000066,1000000111,1000000066,1,2.976190476190476E-3,0,0
2026-04-06,1000000111,1000000111,1000000085,1000000111,1000000085,1000000111,1000000085,1,2.976190476190476E-3,0,0
2026-04-06,1000000111,1000000111,1000000086,1000000111,1000000086,1000000111,1000000086,1,2.976190476190476E-3,73,73
2026-04-06,1000000111,1000000111,1000000087,1000000111,1000000087,1000000111,1000000087,1,2.976190476190476E-3,3,3
2026-04-06,1000000111,1000000111,1000000088,1000000111,1000000088,1000000111,1000000088,2,5.952380952380952E-3,31,31
2026-04-06,1000000111,1000000111,1000000091,1000000111,1000000091,1000000111,1000000091,2,5.952380952380952E-3,15,15
2026-04-06,1000000111,1000000111,1000000092,1000000111,1000000092,1000000111,1000000092,1,2.976190476190476E-3,0,0
2026-04-06,1000000111,1000000111,1000000093,1000000111,1000000093,1000000111,1000000093,11,3.273809523809524E-2,9.181818181818182,9.181818181818182
2026-04-06,1000000111,1000000111,1000000094,1000000111,1000000094,1000000111,1000000094,1,2.976190476190476E-3,0,0
2026-04-06,1000000111,1000000111,1000000108,1000000111,1000000108,1000000111,1000000108,1,2.976190476190476E-3,0,0
2026-04-06,1000000111,1000000111,1000000110,1000000111,1000000110,1000000111,1000000110,2,5.952380952380952E-3,1,1
2026-04-06,1000000111,1000000111,1000000111,1000000111,1000000111,1000000111,1000000111,34,1.0119047619047619E-1,9.352941176470589,9.352941176470589
2026-04-06,1000000111,1000000111,1000000112,1000000111,1000000112,1000000111,1000000112,1,2.976190476190476E-3,0,0
2026-04-06,1000000111,1000000111,1000000113,1000000111,1000000113,1000000111,1000000113,1,2.976190476190476E-3,0,0
2026-04-06,1000000111,1000000111,1000000156,1000000111,1000000156,1000000111,1000000156,1,2.976190476190476E-3,41,41
2026-04-06,1000000112,1000000112,1000000042,1000000112,1000000042,1000000112,1000000042,1,1.0752688172043012E-2,1,1
2026-04-06,1000000112,1000000112,1000000043,1000000112,1000000043,1000000112,1000000043,1,1.0752688172043012E-2,66,66
2026-04-06,1000000112,1000000112,1000000044,1000000112,1000000044,1000000112,1000000044,1,1.0752688172043012E-2,82,82
2026-04-06,1000000112,1000000112,1000000045,1000000112,1000000045,1000000112,1000000045,1,1.0752688172043012E-2,0,0
2026-04-06,1000000112,1000000112,1000000064,1000000112,1000000064,1000000112,1000000064,2,2.1505376344086023E-2,54.5,54.5
2026-04-06,1000000112,1000000112,1000000072,1000000112,1000000072,1000000112,1000000072,1,1.0752688172043012E-2,1,1
2026-04-06,1000000112,1000000112,1000000086,1000000112,1000000086,1000000112,1000000086,1,1.0752688172043012E-2,0,0
2026-04-06,1000000112,1000000112,1000000088,1000000112,1000000088,1000000112,1000000088,2,2.1505376344086023E-2,2,2
2026-04-06,1000000112,1000000112,1000000090,1000000112,1000000090,1000000112,1000000090,1,1.0752688172043012E-2,0,0
2026-04-06,1000000112,1000000112,1000000093,1000000112,1000000093,1000000112,1000000093,1,1.0752688172043012E-2,0,0
2026-04-06,1000000112,1000000112,1000000110,1000000112,1000000110,1000000112,1000000110,1,1.0752688172043012E-2,0,0
2026-04-06,1000000112,1000000112,1000000112,1000000112,1000000112,1000000112,1000000112,3,3.225806451612903E-2,0,0
2026-04-06,1000000113,1000000113,1000000044,1000000113,1000000044,1000000113,1000000044,1,9.80392156862745E-3,0,0
2026-04-06,1000000113,1000000113,1000000045,1000000113,1000000045,1000000113,1000000045,2,1.96078431372549E-2,3,3
2026-04-06,1000000113,1000000113,1000000063,1000000113,1000000063,1000000113,1000000063,2,1.96078431372549E-2,3,3
2026-04-06,1000000113,1000000113,1000000064,1000000113,1000000064,1000000113,1000000064,3,2.9411764705882353E-2,11.666666666666666,11.666666666666666
2026-04-06,1000000113,1000000113,1000000085,1000000113,1000000085,1000000113,1000000085,1,9.80392156862745E-3,14,14
2026-04-06,1000000113,1000000113,1000000111,1000000113,1000000111,1000000113,1000000111,2,1.96078431372549E-2,5.0E-1,5.0E-1
2026-04-06,1000000113,1000000113,1000000113,1000000113,1000000113,1000000113,1000000113,8,7.84313725490196E-2,7.25,7.25
2026-04-06,1000000113,1000000113,1000000127,1000000113,1000000127,1000000113,1000000127,1,9.80392156862745E-3,0,0
2026-04-06,1000000121,1000000121,1000000035,1000000121,1000000035,1000000121,1000000035,1,5.46448087431694E-3,52,52
2026-04-06,1000000121,1000000121,1000000042,1000000121,1000000042,1000000121,1000000042,2,1.092896174863388E-2,39.5,39.5
2026-04-06,1000000121,1000000121,1000000043,1000000121,1000000043,1000000121,1000000043,1,5.46448087431694E-3,16,16
2026-04-06,1000000121,1000000121,1000000044,1000000121,1000000044,1000000121,1000000044,1,5.46448087431694E-3,13,13
2026-04-06,1000000121,1000000121,1000000064,1000000121,1000000064,1000000121,1000000064,2,1.092896174863388E-2,5.5,5.5
2026-04-06,1000000121,1000000121,1000000070,1000000121,1000000070,1000000121,1000000070,1,5.46448087431694E-3,8,8
2026-04-06,1000000121,1000000121,1000000086,1000000121,1000000086,1000000121,1000000086,2,1.092896174863388E-2,35.5,35.5
2026-04-06,1000000121,1000000121,1000000087,1000000121,1000000087,1000000121,1000000087,1,5.46448087431694E-3,0,0
2026-04-06,1000000121,1000000121,1000000093,1000000121,1000000093,1000000121,1000000093,1,5.46448087431694E-3,24,24
2026-04-06,1000000121,1000000121,1000000111,1000000121,1000000111,1000000121,1000000111,1,5.46448087431694E-3,6,6
2026-04-06,1000000121,1000000121,1000000121,1000000121,1000000121,1000000121,1000000121,17,9.289617486338798E-2,8.588235294117647,8.588235294117647
2026-04-06,1000000127,1000000127,1000000045,1000000127,1000000045,1000000127,1000000045,2,8.130081300813009E-3,0,0
2026-04-06,1000000127,1000000127,1000000062,1000000127,1000000062,1000000127,1000000062,2,8.130081300813009E-3,0,0
2026-04-06,1000000127,1000000127,1000000063,1000000127,1000000063,1000000127,1000000063,1,4.0650406504065045E-3,0,0
2026-04-06,1000000127,1000000127,1000000064,1000000127,1000000064,1000000127,1000000064,13,5.2845528455284556E-2,24.76923076923077,24.76923076923077
2026-04-06,1000000127,1000000127,1000000086,1000000127,1000000086,1000000127,1000000086,2,8.130081300813009E-3,18,18
2026-04-06,1000000127,1000000127,1000000088,1000000127,1000000088,1000000127,1000000088,1,4.0650406504065045E-3,0,0
2026-04-06,1000000127,1000000127,1000000090,1000000127,1000000090,1000000127,1000000090,1,4.0650406504065045E-3,41,41
2026-04-06,1000000127,1000000127,1000000091,1000000127,1000000091,1000000127,1000000091,1,4.0650406504065045E-3,0,0
2026-04-06,1000000127,1000000127,1000000093,1000000127,1000000093,1000000127,1000000093,1,4.0650406504065045E-3,14,14
2026-04-06,1000000127,1000000127,1000000108,1000000127,1000000108,1000000127,1000000108,1,4.0650406504065045E-3,0,0
2026-04-06,1000000127,1000000127,1000000111,1000000127,1000000111,1000000127,1000000111,1,4.0650406504065045E-3,0,0
2026-04-06,1000000127,1000000127,1000000113,1000000127,1000000113,1000000127,1000000113,1,4.0650406504065045E-3,0,0
2026-04-06,1000000127,1000000127,1000000127,1000000127,1000000127,1000000127,1000000127,2,8.130081300813009E-3,6,6
2026-04-06,1000000144,1000000144,1000000064,1000000144,1000000064,1000000144,1000000064,2,3.278688524590164E-2,31,31
2026-04-06,1000000144,1000000144,1000000087,1000000144,1000000087,1000000144,1000000087,1,1.639344262295082E-2,0,0
2026-04-06,1000000144,1000000144,1000000089,1000000144,1000000089,1000000144,1000000089,1,1.639344262295082E-2,79,79
2026-04-06,1000000144,1000000144,1000000111,1000000144,1000000111,1000000144,1000000111,1,1.639344262295082E-2,0,0
2026-04-06,1000000144,1000000144,1000000128,1000000144,1000000128,1000000144,1000000128,1,1.639344262295082E-2,32,32
2026-04-07,1000000035,1000000035,1000000033,1000000035,1000000033,1000000035,1000000033,2,2.5974025974025976E-2,32.5,32.5
2026-04-07,1000000035,1000000035,1000000035,1000000035,1000000035,1000000035,1000000035,1,1.2987012987012988E-2,19,19
2026-04-07,1000000035,1000000035,1000000042,1000000035,1000000042,1000000035,1000000042,2,2.5974025974025976E-2,37,37
2026-04-07,1000000035,1000000035,1000000043,1000000035,1000000043,1000000035,1000000043,1,1.2987012987012988E-2,0,0
2026-04-07,1000000035,1000000035,1000000063,1000000035,1000000063,1000000035,1000000063,1,1.2987012987012988E-2,8,8
2026-04-07,1000000035,1000000035,1000000064,1000000035,1000000064,1000000035,1000000064,1,1.2987012987012988E-2,28,28
2026-04-07,1000000035,1000000035,1000000083,1000000035,1000000083,1000000035,1000000083,1,1.2987012987012988E-2,24,24
2026-04-07,1000000035,1000000035,1000000084,1000000035,1000000084,1000000035,1000000084,1,1.2987012987012988E-2,18,18
2026-04-07,1000000035,1000000035,1000000087,1000000035,1000000087,1000000035,1000000087,1,1.2987012987012988E-2,20,20
2026-04-07,1000000035,1000000035,1000000089,1000000035,1000000089,1000000035,1000000089,1,1.2987012987012988E-2,9,9
2026-04-07,1000000035,1000000035,1000000094,1000000035,1000000094,1000000035,1000000094,1,1.2987012987012988E-2,0,0
2026-04-07,1000000035,1000000035,1000000121,1000000035,1000000121,1000000035,1000000121,2,2.5974025974025976E-2,36.5,36.5
2026-04-07,1000000035,1000000035,1000000156,1000000035,1000000156,1000000035,1000000156,1,1.2987012987012988E-2,56,56
2026-04-07,1000000042,1000000042,1000000027,1000000042,1000000027,1000000042,1000000027,2,1.0582010582010581E-2,19.5,19.5
2026-04-07,1000000042,1000000042,1000000033,1000000042,1000000033,1000000042,1000000033,1,5.291005291005291E-3,0,0
2026-04-07,1000000042,1000000042,1000000035,1000000042,1000000035,1000000042,1000000035,1,5.291005291005291E-3,78,78
2026-04-07,1000000042,1000000042,1000000042,1000000042,1000000042,1000000042,1000000042,22,1.164021164021164E-1,32.27272727272727,32.27272727272727
2026-04-07,1000000042,1000000042,1000000043,1000000042,1000000043,1000000042,1000000043,4,2.1164021164021163E-2,10.75,10.75
2026-04-07,1000000042,1000000042,1000000044,1000000042,1000000044,1000000042,1000000044,1,5.291005291005291E-3,13,13
2026-04-07,1000000042,1000000042,1000000045,1000000042,1000000045,1000000042,1000000045,4,2.1164021164021163E-2,31.5,31.5
2026-04-07,1000000042,1000000042,1000000063,1000000042,1000000063,1000000042,1000000063,1,5.291005291005291E-3,1,1
2026-04-07,1000000042,1000000042,1000000064,1000000042,1000000064,1000000042,1000000064,4,2.1164021164021163E-2,22,22
2026-04-07,1000000042,1000000042,1000000065,1000000042,1000000065,1000000042,1000000065,1,5.291005291005291E-3,0,0
2026-04-07,1000000042,1000000042,1000000084,1000000042,1000000084,1000000042,1000000084,1,5.291005291005291E-3,8,8
2026-04-07,1000000042,1000000042,1000000087,1000000042,1000000087,1000000042,1000000087,1,5.291005291005291E-3,1,1
2026-04-07,1000000042,1000000042,1000000088,1000000042,1000000088,1000000042,1000000088,1,5.291005291005291E-3,0,0
2026-04-07,1000000042,1000000042,1000000112,1000000042,1000000112,1000000042,1000000112,1,5.291005291005291E-3,9,9
2026-04-07,1000000042,1000000042,1000000121,1000000042,1000000121,1000000042,1000000121,3,1.5873015873015872E-2,16,16
2026-04-07,1000000043,1000000043,1000000033,1000000043,1000000033,1000000043,1000000033,1,5.154639175257732E-3,33,33
2026-04-07,1000000043,1000000043,1000000042,1000000043,1000000042,1000000043,1000000042,10,5.154639175257732E-2,25.6,25.6
2026-04-07,1000000043,1000000043,1000000043,1000000043,1000000043,1000000043,1000000043,12,6.1855670103092786E-2,19.666666666666668,19.666666666666668
2026-04-07,1000000043,1000000043,1000000044,1000000043,1000000044,1000000043,1000000044,5,2.577319587628866E-2,9.8,9.8
2026-04-07,1000000043,1000000043,1000000045,1000000043,1000000045,1000000043,1000000045,3,1.5463917525773196E-2,2.3333333333333335,2.3333333333333335
2026-04-07,1000000043,1000000043,1000000062,1000000043,1000000062,1000000043,1000000062,1,5.154639175257732E-3,35,35
2026-04-07,1000000043,1000000043,1000000064,1000000043,1000000064,1000000043,1000000064,2,1.0309278350515464E-2,31.5,31.5
2026-04-07,1000000043,1000000043,1000000087,1000000043,1000000087,1000000043,1000000087,2,1.0309278350515464E-2,10.5,10.5
2026-04-07,1000000043,1000000043,1000000108,1000000043,1000000108,1000000043,1000000108,2,1.0309278350515464E-2,1.5,1.5
2026-04-07,1000000043,1000000043,1000000111,1000000043,1000000111,1000000043,1000000111,1,5.154639175257732E-3,29,29
2026-04-07,1000000043,1000000043,1000000121,1000000043,1000000121,1000000043,1000000121,2,1.0309278350515464E-2,11,11
2026-04-07,1000000044,1000000044,1000000027,1000000044,1000000027,1000000044,1000000027,1,7.042253521126761E-3,39,39
2026-04-07,1000000044,1000000044,1000000033,1000000044,1000000033,1000000044,1000000033,1,7.042253521126761E-3,46,46
2026-04-07,1000000044,1000000044,1000000042,1000000044,1000000042,1000000044,1000000042,6,4.225352112676056E-2,27.833333333333332,27.833333333333332
2026-04-07,1000000044,1000000044,1000000043,1000000044,1000000043,1000000044,1000000043,3,2.112676056338028E-2,10.333333333333334,10.333333333333334
2026-04-07,1000000044,1000000044,1000000044,1000000044,1000000044,1000000044,1000000044,4,2.8169014084507043E-2,21.5,21.5
2026-04-07,1000000044,1000000044,1000000045,1000000044,1000000045,1000000044,1000000045,2,1.4084507042253521E-2,32.5,32.5
2026-04-07,1000000044,1000000044,1000000062,1000000044,1000000062,1000000044,1000000062,1,7.042253521126761E-3,0,0
2026-04-07,1000000044,1000000044,1000000066,1000000044,1000000066,1000000044,1000000066,1,7.042253521126761E-3,11,11
2026-04-07,1000000044,1000000044,1000000070,1000000044,1000000070,1000000044,1000000070,1,7.042253521126761E-3,8,8
2026-04-07,1000000044,1000000044,1000000084,1000000044,1000000084,1000000044,1000000084,1,7.042253521126761E-3,18,18
2026-04-07,1000000044,1000000044,1000000085,1000000044,1000000085,1000000044,1000000085,1,7.042253521126761E-3,45,45
2026-04-07,1000000044,1000000044,1000000088,1000000044,1000000088,1000000044,1000000088,1,7.042253521126761E-3,16,16
2026-04-07,1000000044,1000000044,1000000112,1000000044,1000000112,1000000044,1000000112,1,7.042253521126761E-3,9,9
2026-04-07,1000000044,1000000044,1000000113,1000000044,1000000113,1000000044,1000000113,1,7.042253521126761E-3,0,0
2026-04-07,1000000044,1000000044,1000000121,1000000044,1000000121,1000000044,1000000121,2,1.4084507042253521E-2,21.5,21.5
2026-04-07,1000000044,1000000044,1000000156,1000000044,1000000156,1000000044,1000000156,1,7.042253521126761E-3,0,0
2026-04-07,1000000045,1000000045,1000000027,1000000045,1000000027,1000000045,1000000027,1,3.215434083601286E-3,39,39
2026-04-07,1000000045,1000000045,1000000033,1000000045,1000000033,1000000045,1000000033,2,6.430868167202572E-3,23,23
2026-04-07,1000000045,1000000045,1000000035,1000000045,1000000035,1000000045,1000000035,1,3.215434083601286E-3,27,27
2026-04-07,1000000045,1000000045,1000000042,1000000045,1000000042,1000000045,1000000042,8,2.572347266881029E-2,17.875,17.875
2026-04-07,1000000045,1000000045,1000000043,1000000045,1000000043,1000000045,1000000043,5,1.607717041800643E-2,6.8,6.8
2026-04-07,1000000045,1000000045,1000000044,1000000045,1000000044,1000000045,1000000044,2,6.430868167202572E-3,10.5,10.5
2026-04-07,1000000045,1000000045,1000000045,1000000045,1000000045,1000000045,1000000045,18,5.787781350482315E-2,17.944444444444443,17.944444444444443
2026-04-07,1000000045,1000000045,1000000063,1000000045,1000000063,1000000045,1000000063,3,9.64630225080386E-3,12.333333333333334,12.333333333333334
2026-04-07,1000000045,1000000045,1000000064,1000000045,1000000064,1000000045,1000000064,7,2.2508038585209004E-2,21.857142857142858,21.857142857142858
2026-04-07,1000000045,1000000045,1000000066,1000000045,1000000066,1000000045,1000000066,1,3.215434083601286E-3,11,11
2026-04-07,1000000045,1000000045,1000000085,1000000045,1000000085,1000000045,1000000085,1,3.215434083601286E-3,0,0
2026-04-07,1000000045,1000000045,1000000086,1000000045,1000000086,1000000045,1000000086,1,3.215434083601286E-3,56,56
2026-04-07,1000000045,1000000045,1000000091,1000000045,1000000091,1000000045,1000000091,2,6.430868167202572E-3,5.0E-1,5.0E-1
2026-04-07,1000000045,1000000045,1000000108,1000000045,1000000108,1000000045,1000000108,3,9.64630225080386E-3,18.666666666666668,18.666666666666668
2026-04-07,1000000045,1000000045,1000000112,1000000045,1000000112,1000000045,1000000112,1,3.215434083601286E-3,9,9
2026-04-07,1000000045,1000000045,1000000113,1000000045,1000000113,1000000045,1000000113,1,3.215434083601286E-3,0,0
2026-04-07,1000000045,1000000045,1000000121,1000000045,1000000121,1000000045,1000000121,2,6.430868167202572E-3,6.5,6.5
2026-04-07,1000000045,1000000045,1000000153,1000000045,1000000153,1000000045,1000000153,2,6.430868167202572E-3,0,0
2026-04-07,1000000045,1000000045,1000000156,1000000045,1000000156,1000000045,1000000156,2,6.430868167202572E-3,21,21
2026-04-07,1000000062,1000000062,1000000027,1000000062,1000000027,1000000062,1000000027,1,4.166666666666667E-3,0,0
2026-04-07,1000000062,1000000062,1000000028,1000000062,1000000028,1000000062,1000000028,1,4.166666666666667E-3,7,7
2026-04-07,1000000062,1000000062,1000000042,1000000062,1000000042,1000000062,1000000042,2,8.333333333333333E-3,51,51
2026-04-07,1000000062,1000000062,1000000045,1000000062,1000000045,1000000062,1000000045,3,1.25E-2,32,32
2026-04-07,1000000062,1000000062,1000000062,1000000062,1000000062,1000000062,1000000062,6,2.5E-2,7.166666666666667,7.166666666666667
2026-04-07,1000000062,1000000062,1000000063,1000000062,1000000063,1000000062,1000000063,1,4.166666666666667E-3,0,0
2026-04-07,1000000062,1000000062,1000000064,1000000062,1000000064,1000000062,1000000064,6,2.5E-2,15.666666666666666,15.666666666666666
2026-04-07,1000000062,1000000062,1000000065,1000000062,1000000065,1000000062,1000000065,1,4.166666666666667E-3,12,12
2026-04-07,1000000062,1000000062,1000000066,1000000062,1000000066,1000000062,1000000066,1,4.166666666666667E-3,11,11
2026-04-07,1000000062,1000000062,1000000087,1000000062,1000000087,1000000062,1000000087,1,4.166666666666667E-3,71,71
2026-04-07,1000000062,1000000062,1000000093,1000000062,1000000093,1000000062,1000000093,1,4.166666666666667E-3,22,22
2026-04-07,1000000062,1000000062,1000000111,1000000062,1000000111,1000000062,1000000111,1,4.166666666666667E-3,37,37
2026-04-07,1000000062,1000000062,1000000121,1000000062,1000000121,1000000062,1000000121,1,4.166666666666667E-3,1,1
2026-04-07,1000000062,1000000062,1000000153,1000000062,1000000153,1000000062,1000000153,1,4.166666666666667E-3,0,0
2026-04-07,1000000063,1000000063,1000000042,1000000063,1000000042,1000000063,1000000042,4,1.3513513513513514E-2,39.75,39.75
2026-04-07,1000000063,1000000063,1000000043,1000000063,1000000043,1000000063,1000000043,3,1.0135135135135136E-2,1.3333333333333333,1.3333333333333333
2026-04-07,1000000063,1000000063,1000000044,1000000063,1000000044,1000000063,1000000044,4,1.3513513513513514E-2,29.25,29.25
2026-04-07,1000000063,1000000063,1000000045,1000000063,1000000045,1000000063,1000000045,1,3.3783783783783786E-3,6,6
2026-04-07,1000000063,1000000063,1000000062,1000000063,1000000062,1000000063,1000000062,6,2.027027027027027E-2,10.166666666666666,10.166666666666666
2026-04-07,1000000063,1000000063,1000000063,1000000063,1000000063,1000000063,1000000063,11,3.7162162162162164E-2,22,22
2026-04-07,1000000063,1000000063,1000000064,1000000063,1000000064,1000000063,1000000064,9,3.0405405405405407E-2,19.333333333333332,19.333333333333332
2026-04-07,1000000063,1000000063,1000000069,1000000063,1000000069,1000000063,1000000069,1,3.3783783783783786E-3,9,9
2026-04-07,1000000063,1000000063,1000000087,1000000063,1000000087,1000000063,1000000087,3,1.0135135135135136E-2,16,16
2026-04-07,1000000063,1000000063,1000000088,1000000063,1000000088,1000000063,1000000088,1,3.3783783783783786E-3,0,0
2026-04-07,1000000063,1000000063,1000000090,1000000063,1000000090,1000000063,1000000090,2,6.756756756756757E-3,20.5,20.5
2026-04-07,1000000063,1000000063,1000000092,1000000063,1000000092,1000000063,1000000092,1,3.3783783783783786E-3,1,1
2026-04-07,1000000063,1000000063,1000000093,1000000063,1000000093,1000000063,1000000093,2,6.756756756756757E-3,48.5,48.5
2026-04-07,1000000063,1000000063,1000000108,1000000063,1000000108,1000000063,1000000108,2,6.756756756756757E-3,28,28
2026-04-07,1000000063,1000000063,1000000112,1000000063,1000000112,1000000063,1000000112,1,3.3783783783783786E-3,9,9
2026-04-07,1000000063,1000000063,1000000127,1000000063,1000000127,1000000063,1000000127,1,3.3783783783783786E-3,0,0
2026-04-07,1000000064,1000000064,1000000033,1000000064,1000000033,1000000064,1000000033,1,5.998800239952009E-4,0,0
2026-04-07,1000000064,1000000064,1000000035,1000000064,1000000035,1000000064,1000000035,1,5.998800239952009E-4,46,46
2026-04-07,1000000064,1000000064,1000000042,1000000064,1000000042,1000000064,1000000042,13,7.798440311937612E-3,22.384615384615383,22.384615384615383
2026-04-07,1000000064,1000000064,1000000043,1000000064,1000000043,1000000064,1000000043,8,4.799040191961607E-3,17.375,17.375
2026-04-07,1000000064,1000000064,1000000044,1000000064,1000000044,1000000064,1000000044,5,2.999400119976005E-3,16,16
2026-04-07,1000000064,1000000064,1000000045,1000000064,1000000045,1000000064,1000000045,6,3.599280143971206E-3,21.333333333333332,21.333333333333332
2026-04-07,1000000064,1000000064,1000000062,1000000064,1000000062,1000000064,1000000062,3,1.799640071985603E-3,23.333333333333332,23.333333333333332
2026-04-07,1000000064,1000000064,1000000063,1000000064,1000000063,1000000064,1000000063,9,5.398920215956809E-3,20.444444444444443,20.444444444444443
2026-04-07,1000000064,1000000064,1000000064,1000000064,1000000064,1000000064,1000000064,134,8.038392321535692E-2,13.194029850746269,13.194029850746269
2026-04-07,1000000064,1000000064,1000000069,1000000064,1000000069,1000000064,1000000069,1,5.998800239952009E-4,0,0
2026-04-07,1000000064,1000000064,1000000083,1000000064,1000000083,1000000064,1000000083,1,5.998800239952009E-4,0,0
2026-04-07,1000000064,1000000064,1000000084,1000000064,1000000084,1000000064,1000000084,2,1.1997600479904018E-3,35,35
2026-04-07,1000000064,1000000064,1000000085,1000000064,1000000085,1000000064,1000000085,4,2.3995200959808036E-3,17.5,17.5
2026-04-07,1000000064,1000000064,1000000086,1000000064,1000000086,1000000064,1000000086,2,1.1997600479904018E-3,48.5,48.5
2026-04-07,1000000064,1000000064,1000000088,1000000064,1000000088,1000000064,1000000088,5,2.999400119976005E-3,21.4,21.4
2026-04-07,1000000064,1000000064,1000000090,1000000064,1000000090,1000000064,1000000090,1,5.998800239952009E-4,3,3
2026-04-07,1000000064,1000000064,1000000091,1000000064,1000000091,1000000064,1000000091,5,2.999400119976005E-3,7.8,7.8
2026-04-07,1000000064,1000000064,1000000092,1000000064,1000000092,1000000064,1000000092,2,1.1997600479904018E-3,24.5,24.5
2026-04-07,1000000064,1000000064,1000000093,1000000064,1000000093,1000000064,1000000093,7,4.199160167966407E-3,2.857142857142857,2.857142857142857
2026-04-07,1000000064,1000000064,1000000094,1000000064,1000000094,1000000064,1000000094,2,1.1997600479904018E-3,15,15
2026-04-07,1000000064,1000000064,1000000108,1000000064,1000000108,1000000064,1000000108,2,1.1997600479904018E-3,0,0
2026-04-07,1000000064,1000000064,1000000111,1000000064,1000000111,1000000064,1000000111,2,1.1997600479904018E-3,10,10
2026-04-07,1000000064,1000000064,1000000113,1000000064,1000000113,1000000064,1000000113,2,1.1997600479904018E-3,5.0E-1,5.0E-1
2026-04-07,1000000064,1000000064,1000000121,1000000064,1000000121,1000000064,1000000121,2,1.1997600479904018E-3,6.5,6.5
2026-04-07,1000000064,1000000064,1000000127,1000000064,1000000127,1000000064,1000000127,3,1.799640071985603E-3,19.666666666666668,19.666666666666668
2026-04-07,1000000064,1000000064,1000000128,1000000064,1000000128,1000000064,1000000128,1,5.998800239952009E-4,24,24
2026-04-07,1000000064,1000000064,1000000142,1000000064,1000000142,1000000064,1000000142,2,1.1997600479904018E-3,2,2
2026-04-07,1000000064,1000000064,1000000153,1000000064,1000000153,1000000064,1000000153,2,1.1997600479904018E-3,0,0
2026-04-07,1000000064,1000000064,1000000156,1000000064,1000000156,1000000064,1000000156,3,1.799640071985603E-3,32.666666666666664,32.666666666666664
2026-04-07,1000000066,1000000066,1000000042,1000000066,1000000042,1000000066,1000000042,1,1.1627906976744186E-2,24,24
2026-04-07,1000000066,1000000066,1000000043,1000000066,1000000043,1000000066,1000000043,2,2.3255813953488372E-2,51,51
2026-04-07,1000000066,1000000066,1000000044,1000000066,1000000044,1000000066,1000000044,3,3.488372093023256E-2,6.666666666666667,6.666666666666667
2026-04-07,1000000066,1000000066,1000000063,1000000066,1000000063,1000000066,1000000063,1,1.1627906976744186E-2,23,23
2026-04-07,1000000066,1000000066,1000000064,1000000066,1000000064,1000000066,1000000064,2,2.3255813953488372E-2,5.5,5.5
2026-04-07,1000000066,1000000066,1000000065,1000000066,1000000065,1000000066,1000000065,1,1.1627906976744186E-2,20,20
2026-04-07,1000000066,1000000066,1000000066,1000000066,1000000066,1000000066,1000000066,1,1.1627906976744186E-2,0,0
2026-04-07,1000000066,1000000066,1000000084,1000000066,1000000084,1000000066,1000000084,1,1.1627906976744186E-2,18,18
2026-04-07,1000000066,1000000066,1000000087,1000000066,1000000087,1000000066,1000000087,1,1.1627906976744186E-2,1,1
2026-04-07,1000000066,1000000066,1000000111,1000000066,1000000111,1000000066,1000000111,1,1.1627906976744186E-2,0,0
2026-04-07,1000000069,1000000069,1000000028,1000000069,1000000028,1000000069,1000000028,1,9.708737864077669E-3,12,12
2026-04-07,1000000069,1000000069,1000000042,1000000069,1000000042,1000000069,1000000042,2,1.9417475728155338E-2,20,20
2026-04-07,1000000069,1000000069,1000000043,1000000069,1000000043,1000000069,1000000043,1,9.708737864077669E-3,0,0
2026-04-07,1000000069,1000000069,1000000044,1000000069,1000000044,1000000069,1000000044,1,9.708737864077669E-3,36,36
2026-04-07,1000000069,1000000069,1000000045,1000000069,1000000045,1000000069,1000000045,1,9.708737864077669E-3,15,15
2026-04-07,1000000069,1000000069,1000000063,1000000069,1000000063,1000000069,1000000063,1,9.708737864077669E-3,35,35
2026-04-07,1000000069,1000000069,1000000064,1000000069,1000000064,1000000069,1000000064,2,1.9417475728155338E-2,41,41
2026-04-07,1000000069,1000000069,1000000086,1000000069,1000000086,1000000069,1000000086,1,9.708737864077669E-3,0,0
2026-04-07,1000000069,1000000069,1000000091,1000000069,1000000091,1000000069,1000000091,1,9.708737864077669E-3,0,0
2026-04-07,1000000069,1000000069,1000000121,1000000069,1000000121,1000000069,1000000121,1,9.708737864077669E-3,12,12
2026-04-07,1000000069,1000000069,1000000154,1000000069,1000000154,1000000069,1000000154,1,9.708737864077669E-3,36,36
2026-04-07,1000000083,1000000083,1000000028,1000000083,1000000028,1000000083,1000000028,1,1.282051282051282E-2,18,18
2026-04-07,1000000083,1000000083,1000000035,1000000083,1000000035,1000000083,1000000035,1,1.282051282051282E-2,19,19
2026-04-07,1000000083,1000000083,1000000042,1000000083,1000000042,1000000083,1000000042,3,3.8461538461538464E-2,29,29
2026-04-07,1000000083,1000000083,1000000044,1000000083,1000000044,1000000083,1000000044,1,1.282051282051282E-2,13,13
2026-04-07,1000000083,1000000083,1000000045,1000000083,1000000045,1000000083,1000000045,1,1.282051282051282E-2,0,0
2026-04-07,1000000083,1000000083,1000000064,1000000083,1000000064,1000000083,1000000064,3,3.8461538461538464E-2,26.333333333333332,26.333333333333332
2026-04-07,1000000083,1000000083,1000000069,1000000083,1000000069,1000000083,1000000069,1,1.282051282051282E-2,9,9
2026-04-07,1000000083,1000000083,1000000083,1000000083,1000000083,1000000083,1000000083,1,1.282051282051282E-2,43,43
2026-04-07,1000000083,1000000083,1000000088,1000000083,1000000088,1000000083,1000000088,1,1.282051282051282E-2,12,12
2026-04-07,1000000083,1000000083,1000000094,1000000083,1000000094,1000000083,1000000094,1,1.282051282051282E-2,0,0
2026-04-07,1000000083,1000000083,1000000108,1000000083,1000000108,1000000083,1000000108,1,1.282051282051282E-2,0,0
2026-04-07,1000000083,1000000083,1000000121,1000000083,1000000121,1000000083,1000000121,1,1.282051282051282E-2,1,1
2026-04-07,1000000084,1000000084,1000000064,1000000084,1000000064,1000000084,1000000064,2,1.3605442176870748E-2,25.5,25.5
2026-04-07,1000000084,1000000084,1000000083,1000000084,1000000083,1000000084,1000000083,1,6.802721088435374E-3,1,1
2026-04-07,1000000084,1000000084,1000000084,1000000084,1000000084,1000000084,1000000084,4,2.7210884353741496E-2,2.5,2.5
2026-04-07,1000000084,1000000084,1000000087,1000000084,1000000087,1000000084,1000000087,1,6.802721088435374E-3,0,0
2026-04-07,1000000084,1000000084,1000000088,1000000084,1000000088,1000000084,1000000088,2,1.3605442176870748E-2,3.5,3.5
2026-04-07,1000000084,1000000084,1000000092,1000000084,1000000092,1000000084,1000000092,1,6.802721088435374E-3,0,0
2026-04-07,1000000084,1000000084,1000000093,1000000084,1000000093,1000000084,1000000093,2,1.3605442176870748E-2,41,41
2026-04-07,1000000084,1000000084,1000000108,1000000084,1000000108,1000000084,1000000108,2,1.3605442176870748E-2,0,0
2026-04-07,1000000084,1000000084,1000000110,1000000084,1000000110,1000000084,1000000110,2,1.3605442176870748E-2,1,1
2026-04-07,1000000085,1000000085,1000000033,1000000085,1000000033,1000000085,1000000033,1,3.1446540880503146E-3,4,4
2026-04-07,1000000085,1000000085,1000000035,1000000085,1000000035,1000000085,1000000035,1,3.1446540880503146E-3,47,47
2026-04-07,1000000085,1000000085,1000000042,1000000085,1000000042,1000000085,1000000042,1,3.1446540880503146E-3,27,27
2026-04-07,1000000085,1000000085,1000000045,1000000085,1000000045,1000000085,1000000045,2,6.289308176100629E-3,0,0
2026-04-07,1000000085,1000000085,1000000064,1000000085,1000000064,1000000085,1000000064,2,6.289308176100629E-3,0,0
2026-04-07,1000000085,1000000085,1000000084,1000000085,1000000084,1000000085,1000000084,4,1.2578616352201259E-2,23.5,23.5
2026-04-07,1000000085,1000000085,1000000085,1000000085,1000000085,1000000085,1000000085,17,5.345911949685535E-2,9.588235294117647,9.588235294117647
2026-04-07,1000000085,1000000085,1000000086,1000000085,1000000086,1000000085,1000000086,10,3.1446540880503145E-2,7,7
2026-04-07,1000000085,1000000085,1000000087,1000000085,1000000087,1000000085,1000000087,7,2.20125786163522E-2,4.142857142857143,4.142857142857143
2026-04-07,1000000085,1000000085,1000000088,1000000085,1000000088,1000000085,1000000088,7,2.20125786163522E-2,7.142857142857143E-1,7.142857142857143E-1
2026-04-07,1000000085,1000000085,1000000089,1000000085,1000000089,1000000085,1000000089,1,3.1446540880503146E-3,36,36
2026-04-07,1000000085,1000000085,1000000090,1000000085,1000000090,1000000085,1000000090,2,6.289308176100629E-3,1.5,1.5
2026-04-07,1000000085,1000000085,1000000091,1000000085,1000000091,1000000085,1000000091,2,6.289308176100629E-3,33.5,33.5
2026-04-07,1000000085,1000000085,1000000092,1000000085,1000000092,1000000085,1000000092,3,9.433962264150943E-3,3.333333333333333E-1,3.333333333333333E-1
2026-04-07,1000000085,1000000085,1000000093,1000000085,1000000093,1000000085,1000000093,1,3.1446540880503146E-3,0,0
2026-04-07,1000000085,1000000085,1000000108,1000000085,1000000108,1000000085,1000000108,2,6.289308176100629E-3,5.0E-1,5.0E-1
2026-04-07,1000000085,1000000085,1000000111,1000000085,1000000111,1000000085,1000000111,1,3.1446540880503146E-3,0,0
2026-04-07,1000000085,1000000085,1000000153,1000000085,1000000153,1000000085,1000000153,1,3.1446540880503146E-3,1,1
2026-04-07,1000000086,1000000086,1000000045,1000000086,1000000045,1000000086,1000000045,1,5.0E-3,6,6
2026-04-07,1000000086,1000000086,1000000063,1000000086,1000000063,1000000086,1000000063,1,5.0E-3,60,60
2026-04-07,1000000086,1000000086,1000000064,1000000086,1000000064,1000000086,1000000064,2,1.0E-2,12,12
2026-04-07,1000000086,1000000086,1000000084,1000000086,1000000084,1000000086,1000000084,4,2.0E-2,21.25,21.25
2026-04-07,1000000086,1000000086,1000000085,1000000086,1000000085,1000000086,1000000085,12,6.0E-2,12.416666666666666,12.416666666666666
2026-04-07,1000000086,1000000086,1000000086,1000000086,1000000086,1000000086,1000000086,20,1.0E-1,11.4,11.4
2026-04-07,1000000086,1000000086,1000000087,1000000086,1000000087,1000000086,1000000087,7,3.5E-2,4.714285714285714,4.714285714285714
2026-04-07,1000000086,1000000086,1000000088,1000000086,1000000088,1000000086,1000000088,6,3.0E-2,0,0
2026-04-07,1000000086,1000000086,1000000089,1000000086,1000000089,1000000086,1000000089,2,1.0E-2,35,35
2026-04-07,1000000086,1000000086,1000000090,1000000086,1000000090,1000000086,1000000090,1,5.0E-3,0,0
2026-04-07,1000000086,1000000086,1000000092,1000000086,1000000092,1000000086,1000000092,1,5.0E-3,0,0
2026-04-07,1000000086,1000000086,1000000113,1000000086,1000000113,1000000086,1000000113,1,5.0E-3,0,0
2026-04-07,1000000087,1000000087,1000000033,1000000087,1000000033,1000000087,1000000033,1,2.1551724137931034E-3,22,22
2026-04-07,1000000087,1000000087,1000000035,1000000087,1000000035,1000000087,1000000035,1,2.1551724137931034E-3,46,46
2026-04-07,1000000087,1000000087,1000000043,1000000087,1000000043,1000000087,1000000043,2,4.310344827586207E-3,1,1
2026-04-07,1000000087,1000000087,1000000044,1000000087,1000000044,1000000087,1000000044,1,2.1551724137931034E-3,5,5
2026-04-07,1000000087,1000000087,1000000064,1000000087,1000000064,1000000087,1000000064,6,1.293103448275862E-2,34.666666666666664,34.666666666666664
2026-04-07,1000000087,1000000087,1000000084,1000000087,1000000084,1000000087,1000000084,3,6.46551724137931E-3,9.333333333333334,9.333333333333334
2026-04-07,1000000087,1000000087,1000000085,1000000087,1000000085,1000000087,1000000085,9,1.939655172413793E-2,9.222222222222221,9.222222222222221
2026-04-07,1000000087,1000000087,1000000086,1000000087,1000000086,1000000087,1000000086,6,1.293103448275862E-2,10.833333333333334,10.833333333333334
2026-04-07,1000000087,1000000087,1000000087,1000000087,1000000087,1000000087,1000000087,32,6.896551724137931E-2,15.65625,15.65625
2026-04-07,1000000087,1000000087,1000000088,1000000087,1000000088,1000000087,1000000088,14,3.017241379310345E-2,10.714285714285714,10.714285714285714
2026-04-07,1000000087,1000000087,1000000092,1000000087,1000000092,1000000087,1000000092,2,4.310344827586207E-3,42,42
2026-04-07,1000000087,1000000087,1000000093,1000000087,1000000093,1000000087,1000000093,4,8.620689655172414E-3,2.25,2.25
2026-04-07,1000000087,1000000087,1000000094,1000000087,1000000094,1000000087,1000000094,1,2.1551724137931034E-3,0,0
2026-04-07,1000000087,1000000087,1000000143,1000000087,1000000143,1000000087,1000000143,1,2.1551724137931034E-3,2,2
2026-04-07,1000000088,1000000088,1000000063,1000000088,1000000063,1000000088,1000000063,1,2.8169014084507044E-3,0,0
2026-04-07,1000000088,1000000088,1000000064,1000000088,1000000064,1000000088,1000000064,8,2.2535211267605635E-2,25.625,25.625
2026-04-07,1000000088,1000000088,1000000083,1000000088,1000000083,1000000088,1000000083,1,2.8169014084507044E-3,80,80
2026-04-07,1000000088,1000000088,1000000084,1000000088,1000000084,1000000088,1000000084,1,2.8169014084507044E-3,52,52
2026-04-07,1000000088,1000000088,1000000085,1000000088,1000000085,1000000088,1000000085,7,1.971830985915493E-2,8.571428571428571,8.571428571428571
2026-04-07,1000000088,1000000088,1000000086,1000000088,1000000086,1000000088,1000000086,8,2.2535211267605635E-2,9.5,9.5
2026-04-07,1000000088,1000000088,1000000087,1000000088,1000000087,1000000088,1000000087,10,2.8169014084507043E-2,4.1,4.1
2026-04-07,1000000088,1000000088,1000000088,1000000088,1000000088,1000000088,1000000088,39,1.0985915492957747E-1,8.615384615384615,8.615384615384615
2026-04-07,1000000088,1000000088,1000000089,1000000088,1000000089,1000000088,1000000089,2,5.633802816901409E-3,4.5,4.5
2026-04-07,1000000088,1000000088,1000000090,1000000088,1000000090,1000000088,1000000090,1,2.8169014084507044E-3,0,0
2026-04-07,1000000088,1000000088,1000000092,1000000088,1000000092,1000000088,1000000092,1,2.8169014084507044E-3,0,0
2026-04-07,1000000088,1000000088,1000000094,1000000088,1000000094,1000000088,1000000094,2,5.633802816901409E-3,37,37
2026-04-07,1000000088,1000000088,1000000112,1000000088,1000000112,1000000088,1000000112,2,5.633802816901409E-3,5.0E-1,5.0E-1
2026-04-07,1000000088,1000000088,1000000121,1000000088,1000000121,1000000088,1000000121,1,2.8169014084507044E-3,13,13
2026-04-07,1000000088,1000000088,1000000142,1000000088,1000000142,1000000088,1000000142,2,5.633802816901409E-3,4.5,4.5
2026-04-07,1000000089,1000000089,1000000033,1000000089,1000000033,1000000089,1000000033,1,2.0E-2,87,87
2026-04-07,1000000089,1000000089,1000000086,1000000089,1000000086,1000000089,1000000086,1,2.0E-2,0,0
2026-04-07,1000000089,1000000089,1000000087,1000000089,1000000087,1000000089,1000000087,3,6.0E-2,3.333333333333333E-1,3.333333333333333E-1
2026-04-07,1000000089,1000000089,1000000088,1000000089,1000000088,1000000089,1000000088,4,8.0E-2,4.75,4.75
2026-04-07,1000000089,1000000089,1000000089,1000000089,1000000089,1000000089,1000000089,4,8.0E-2,8.75,8.75
2026-04-07,1000000089,1000000089,1000000091,1000000089,1000000091,1000000089,1000000091,1,2.0E-2,0,0
2026-04-07,1000000089,1000000089,1000000111,1000000089,1000000111,1000000089,1000000111,1,2.0E-2,32,32
2026-04-07,1000000089,1000000089,1000000112,1000000089,1000000112,1000000089,1000000112,1,2.0E-2,0,0
2026-04-07,1000000090,1000000090,1000000028,1000000090,1000000028,1000000090,1000000028,1,7.8125E-3,12,12
2026-04-07,1000000090,1000000090,1000000063,1000000090,1000000063,1000000090,1000000063,1,7.8125E-3,0,0
2026-04-07,1000000090,1000000090,1000000064,1000000090,1000000064,1000000090,1000000064,1,7.8125E-3,76,76
2026-04-07,1000000090,1000000090,1000000085,1000000090,1000000085,1000000090,1000000085,1,7.8125E-3,0,0
2026-04-07,1000000090,1000000090,1000000090,1000000090,1000000090,1000000090,1000000090,3,2.34375E-2,2,2
2026-04-07,1000000090,1000000090,1000000091,1000000090,1000000091,1000000090,1000000091,1,7.8125E-3,4,4
2026-04-07,1000000090,1000000090,1000000092,1000000090,1000000092,1000000090,1000000092,1,7.8125E-3,0,0
2026-04-07,1000000090,1000000090,1000000093,1000000090,1000000093,1000000090,1000000093,1,7.8125E-3,0,0
2026-04-07,1000000090,1000000090,1000000094,1000000090,1000000094,1000000090,1000000094,1,7.8125E-3,0,0
2026-04-07,1000000090,1000000090,1000000111,1000000090,1000000111,1000000090,1000000111,1,7.8125E-3,2,2
2026-04-07,1000000090,1000000090,1000000112,1000000090,1000000112,1000000090,1000000112,1,7.8125E-3,0,0
2026-04-07,1000000091,1000000091,1000000028,1000000091,1000000028,1000000091,1000000028,1,5.555555555555556E-3,12,12
2026-04-07,1000000091,1000000091,1000000035,1000000091,1000000035,1000000091,1000000035,1,5.555555555555556E-3,47,47
2026-04-07,1000000091,1000000091,1000000045,1000000091,1000000045,1000000091,1000000045,3,1.6666666666666666E-2,2,2
2026-04-07,1000000091,1000000091,1000000064,1000000091,1000000064,1000000091,1000000064,4,2.2222222222222223E-2,13,13
2026-04-07,1000000091,1000000091,1000000085,1000000091,1000000085,1000000091,1000000085,2,1.1111111111111112E-2,38,38
2026-04-07,1000000091,1000000091,1000000086,1000000091,1000000086,1000000091,1000000086,2,1.1111111111111112E-2,14,14
2026-04-07,1000000091,1000000091,1000000087,1000000091,1000000087,1000000091,1000000087,2,1.1111111111111112E-2,24.5,24.5
2026-04-07,1000000091,1000000091,1000000089,1000000091,1000000089,1000000091,1000000089,1,5.555555555555556E-3,0,0
2026-04-07,1000000091,1000000091,1000000090,1000000091,1000000090,1000000091,1000000090,3,1.6666666666666666E-2,4.333333333333333,4.333333333333333
2026-04-07,1000000091,1000000091,1000000091,1000000091,1000000091,1000000091,1000000091,11,6.111111111111111E-2,7.454545454545454,7.454545454545454
2026-04-07,1000000091,1000000091,1000000092,1000000091,1000000092,1000000091,1000000092,2,1.1111111111111112E-2,10,10
2026-04-07,1000000091,1000000091,1000000093,1000000091,1000000093,1000000091,1000000093,2,1.1111111111111112E-2,9,9
2026-04-07,1000000091,1000000091,1000000094,1000000091,1000000094,1000000091,1000000094,2,1.1111111111111112E-2,0,0
2026-04-07,1000000091,1000000091,1000000111,1000000091,1000000111,1000000091,1000000111,1,5.555555555555556E-3,4,4
2026-04-07,1000000092,1000000092,1000000028,1000000092,1000000028,1000000092,1000000028,1,6.41025641025641E-3,12,12
2026-04-07,1000000092,1000000092,1000000064,1000000092,1000000064,1000000092,1000000064,4,2.564102564102564E-2,12,12
2026-04-07,1000000092,1000000092,1000000084,1000000092,1000000084,1000000092,1000000084,1,6.41025641025641E-3,0,0
2026-04-07,1000000092,1000000092,1000000085,1000000092,1000000085,1000000092,1000000085,2,1.282051282051282E-2,0,0
2026-04-07,1000000092,1000000092,1000000086,1000000092,1000000086,1000000092,1000000086,1,6.41025641025641E-3,0,0
2026-04-07,1000000092,1000000092,1000000087,1000000092,1000000087,1000000092,1000000087,2,1.282051282051282E-2,1,1
2026-04-07,1000000092,1000000092,1000000088,1000000092,1000000088,1000000092,1000000088,1,6.41025641025641E-3,0,0
2026-04-07,1000000092,1000000092,1000000090,1000000092,1000000090,1000000092,1000000090,3,1.9230769230769232E-2,1,1
2026-04-07,1000000092,1000000092,1000000091,1000000092,1000000091,1000000092,1000000091,3,1.9230769230769232E-2,9.333333333333334,9.333333333333334
2026-04-07,1000000092,1000000092,1000000092,1000000092,1000000092,1000000092,1000000092,8,5.128205128205128E-2,8.875,8.875
2026-04-07,1000000092,1000000092,1000000093,1000000092,1000000093,1000000092,1000000093,1,6.41025641025641E-3,6,6
2026-04-07,1000000092,1000000092,1000000111,1000000092,1000000111,1000000092,1000000111,1,6.41025641025641E-3,0,0
2026-04-07,1000000093,1000000093,1000000044,1000000093,1000000044,1000000093,1000000044,2,2.8328611898017E-3,49.5,49.5
2026-04-07,1000000093,1000000093,1000000045,1000000093,1000000045,1000000093,1000000045,2,2.8328611898017E-3,8,8
2026-04-07,1000000093,1000000093,1000000062,1000000093,1000000062,1000000093,1000000062,4,5.6657223796034E-3,50.75,50.75
2026-04-07,1000000093,1000000093,1000000064,1000000093,1000000064,1000000093,1000000064,9,1.2747875354107648E-2,3.3333333333333335,3.3333333333333335
2026-04-07,1000000093,1000000093,1000000084,1000000093,1000000084,1000000093,1000000084,1,1.41643059490085E-3,3,3
2026-04-07,1000000093,1000000093,1000000085,1000000093,1000000085,1000000093,1000000085,2,2.8328611898017E-3,0,0
2026-04-07,1000000093,1000000093,1000000086,1000000093,1000000086,1000000093,1000000086,1,1.41643059490085E-3,6,6
2026-04-07,1000000093,1000000093,1000000087,1000000093,1000000087,1000000093,1000000087,4,5.6657223796034E-3,3.5,3.5
2026-04-07,1000000093,1000000093,1000000088,1000000093,1000000088,1000000093,1000000088,1,1.41643059490085E-3,62,62
2026-04-07,1000000093,1000000093,1000000090,1000000093,1000000090,1000000093,1000000090,1,1.41643059490085E-3,0,0
2026-04-07,1000000093,1000000093,1000000091,1000000093,1000000091,1000000093,1000000091,2,2.8328611898017E-3,0,0
2026-04-07,1000000093,1000000093,1000000093,1000000093,1000000093,1000000093,1000000093,78,1.1048158640226628E-1,6.448717948717949,6.448717948717949
2026-04-07,1000000093,1000000093,1000000094,1000000093,1000000094,1000000093,1000000094,3,4.24929178470255E-3,0,0
2026-04-07,1000000093,1000000093,1000000108,1000000093,1000000108,1000000093,1000000108,6,8.4985835694051E-3,24.333333333333332,24.333333333333332
2026-04-07,1000000093,1000000093,1000000110,1000000093,1000000110,1000000093,1000000110,2,2.8328611898017E-3,0,0
2026-04-07,1000000093,1000000093,1000000111,1000000093,1000000111,1000000093,1000000111,7,9.915014164305949E-3,7.142857142857143E-1,7.142857142857143E-1
2026-04-07,1000000093,1000000093,1000000112,1000000093,1000000112,1000000093,1000000112,2,2.8328611898017E-3,2,2
2026-04-07,1000000093,1000000093,1000000113,1000000093,1000000113,1000000093,1000000113,1,1.41643059490085E-3,14,14
2026-04-07,1000000094,1000000094,1000000035,1000000094,1000000035,1000000094,1000000035,1,5.263157894736842E-3,0,0
2026-04-07,1000000094,1000000094,1000000044,1000000094,1000000044,1000000094,1000000044,1,5.263157894736842E-3,13,13
2026-04-07,1000000094,1000000094,1000000064,1000000094,1000000064,1000000094,1000000064,1,5.263157894736842E-3,5,5
2026-04-07,1000000094,1000000094,1000000084,1000000094,1000000084,1000000094,1000000084,1,5.263157894736842E-3,30,30
2026-04-07,1000000094,1000000094,1000000086,1000000094,1000000086,1000000094,1000000086,1,5.263157894736842E-3,73,73
2026-04-07,1000000094,1000000094,1000000088,1000000094,1000000088,1000000094,1000000088,1,5.263157894736842E-3,16,16
2026-04-07,1000000094,1000000094,1000000089,1000000094,1000000089,1000000094,1000000089,1,5.263157894736842E-3,36,36
2026-04-07,1000000094,1000000094,1000000090,1000000094,1000000090,1000000094,1000000090,1,5.263157894736842E-3,25,25
2026-04-07,1000000094,1000000094,1000000091,1000000094,1000000091,1000000094,1000000091,2,1.0526315789473684E-2,2.5,2.5
2026-04-07,1000000094,1000000094,1000000092,1000000094,1000000092,1000000094,1000000092,1,5.263157894736842E-3,18,18
2026-04-07,1000000094,1000000094,1000000093,1000000094,1000000093,1000000094,1000000093,2,1.0526315789473684E-2,0,0
2026-04-07,1000000094,1000000094,1000000094,1000000094,1000000094,1000000094,1000000094,16,8.421052631578947E-2,12.875,12.875
2026-04-07,1000000094,1000000094,1000000095,1000000094,1000000095,1000000094,1000000095,1,5.263157894736842E-3,40,40
2026-04-07,1000000094,1000000094,1000000108,1000000094,1000000108,1000000094,1000000108,3,1.5789473684210527E-2,4.333333333333333,4.333333333333333
2026-04-07,1000000094,1000000094,1000000110,1000000094,1000000110,1000000094,1000000110,2,1.0526315789473684E-2,1,1
2026-04-07,1000000094,1000000094,1000000111,1000000094,1000000111,1000000094,1000000111,4,2.1052631578947368E-2,34.25,34.25
2026-04-07,1000000108,1000000108,1000000035,1000000108,1000000035,1000000108,1000000035,1,4.032258064516129E-3,15,15
2026-04-07,1000000108,1000000108,1000000042,1000000108,1000000042,1000000108,1000000042,1,4.032258064516129E-3,83,83
2026-04-07,1000000108,1000000108,1000000043,1000000108,1000000043,1000000108,1000000043,1,4.032258064516129E-3,0,0
2026-04-07,1000000108,1000000108,1000000044,1000000108,1000000044,1000000108,1000000044,1,4.032258064516129E-3,82,82
2026-04-07,1000000108,1000000108,1000000045,1000000108,1000000045,1000000108,1000000045,3,1.2096774193548387E-2,0,0
2026-04-07,1000000108,1000000108,1000000064,1000000108,1000000064,1000000108,1000000064,2,8.064516129032258E-3,43,43
2026-04-07,1000000108,1000000108,1000000071,1000000108,1000000071,1000000108,1000000071,1,4.032258064516129E-3,12,12
2026-04-07,1000000108,1000000108,1000000083,1000000108,1000000083,1000000108,1000000083,1,4.032258064516129E-3,0,0
2026-04-07,1000000108,1000000108,1000000084,1000000108,1000000084,1000000108,1000000084,1,4.032258064516129E-3,0,0
2026-04-07,1000000108,1000000108,1000000087,1000000108,1000000087,1000000108,1000000087,1,4.032258064516129E-3,0,0
2026-04-07,1000000108,1000000108,1000000091,1000000108,1000000091,1000000108,1000000091,1,4.032258064516129E-3,0,0
2026-04-07,1000000108,1000000108,1000000092,1000000108,1000000092,1000000108,1000000092,2,8.064516129032258E-3,21,21
2026-04-07,1000000108,1000000108,1000000093,1000000108,1000000093,1000000108,1000000093,7,2.8225806451612902E-2,9.142857142857142,9.142857142857142
2026-04-07,1000000108,1000000108,1000000094,1000000108,1000000094,1000000108,1000000094,3,1.2096774193548387E-2,5.666666666666667,5.666666666666667
2026-04-07,1000000108,1000000108,1000000108,1000000108,1000000108,1000000108,1000000108,23,9.274193548387097E-2,9.478260869565217,9.478260869565217
2026-04-07,1000000108,1000000108,1000000111,1000000108,1000000111,1000000108,1000000111,1,4.032258064516129E-3,0,0
2026-04-07,1000000108,1000000108,1000000112,1000000108,1000000112,1000000108,1000000112,2,8.064516129032258E-3,19,19
2026-04-07,1000000110,1000000110,1000000027,1000000110,1000000027,1000000110,1000000027,1,1.4084507042253521E-2,39,39
2026-04-07,1000000110,1000000110,1000000083,1000000110,1000000083,1000000110,1000000083,1,1.4084507042253521E-2,2,2
2026-04-07,1000000110,1000000110,1000000093,1000000110,1000000093,1000000110,1000000093,1,1.4084507042253521E-2,0,0
2026-04-07,1000000110,1000000110,1000000094,1000000110,1000000094,1000000110,1000000094,1,1.4084507042253521E-2,0,0
2026-04-07,1000000110,1000000110,1000000108,1000000110,1000000108,1000000110,1000000108,1,1.4084507042253521E-2,0,0
2026-04-07,1000000110,1000000110,1000000110,1000000110,1000000110,1000000110,1000000110,7,9.859154929577464E-2,5.857142857142857,5.857142857142857
2026-04-07,1000000110,1000000110,1000000112,1000000110,1000000112,1000000110,1000000112,1,1.4084507042253521E-2,0,0
2026-04-07,1000000111,1000000111,1000000045,1000000111,1000000045,1000000111,1000000045,1,2.967359050445104E-3,14,14
2026-04-07,1000000111,1000000111,1000000062,1000000111,1000000062,1000000111,1000000062,2,5.934718100890208E-3,1.5,1.5
2026-04-07,1000000111,1000000111,1000000064,1000000111,1000000064,1000000111,1000000064,8,2.373887240356083E-2,16.5,16.5
2026-04-07,1000000111,1000000111,1000000066,1000000111,1000000066,1000000111,1000000066,1,2.967359050445104E-3,0,0
2026-04-07,1000000111,1000000111,1000000085,1000000111,1000000085,1000000111,1000000085,1,2.967359050445104E-3,0,0
2026-04-07,1000000111,1000000111,1000000086,1000000111,1000000086,1000000111,1000000086,1,2.967359050445104E-3,73,73
2026-04-07,1000000111,1000000111,1000000087,1000000111,1000000087,1000000111,1000000087,1,2.967359050445104E-3,3,3
2026-04-07,1000000111,1000000111,1000000088,1000000111,1000000088,1000000111,1000000088,2,5.934718100890208E-3,31,31
2026-04-07,1000000111,1000000111,1000000091,1000000111,1000000091,1000000111,1000000091,2,5.934718100890208E-3,15,15
2026-04-07,1000000111,1000000111,1000000092,1000000111,1000000092,1000000111,1000000092,1,2.967359050445104E-3,0,0
2026-04-07,1000000111,1000000111,1000000093,1000000111,1000000093,1000000111,1000000093,11,3.2640949554896145E-2,9.181818181818182,9.181818181818182
2026-04-07,1000000111,1000000111,1000000094,1000000111,1000000094,1000000111,1000000094,1,2.967359050445104E-3,0,0
2026-04-07,1000000111,1000000111,1000000108,1000000111,1000000108,1000000111,1000000108,1,2.967359050445104E-3,0,0
2026-04-07,1000000111,1000000111,1000000110,1000000111,1000000110,1000000111,1000000110,2,5.934718100890208E-3,1,1
2026-04-07,1000000111,1000000111,1000000111,1000000111,1000000111,1000000111,1000000111,34,1.0089020771513353E-1,9.352941176470589,9.352941176470589
2026-04-07,1000000111,1000000111,1000000112,1000000111,1000000112,1000000111,1000000112,1,2.967359050445104E-3,0,0
2026-04-07,1000000111,1000000111,1000000113,1000000111,1000000113,1000000111,1000000113,1,2.967359050445104E-3,0,0
2026-04-07,1000000111,1000000111,1000000156,1000000111,1000000156,1000000111,1000000156,1,2.967359050445104E-3,41,41
2026-04-07,1000000112,1000000112,1000000042,1000000112,1000000042,1000000112,1000000042,1,1.0752688172043012E-2,1,1
2026-04-07,1000000112,1000000112,1000000043,1000000112,1000000043,1000000112,1000000043,1,1.0752688172043012E-2,66,66
2026-04-07,1000000112,1000000112,1000000044,1000000112,1000000044,1000000112,1000000044,1,1.0752688172043012E-2,82,82
2026-04-07,1000000112,1000000112,1000000045,1000000112,1000000045,1000000112,1000000045,1,1.0752688172043012E-2,0,0
2026-04-07,1000000112,1000000112,1000000064,1000000112,1000000064,1000000112,1000000064,2,2.1505376344086023E-2,54.5,54.5
2026-04-07,1000000112,1000000112,1000000072,1000000112,1000000072,1000000112,1000000072,1,1.0752688172043012E-2,1,1
2026-04-07,1000000112,1000000112,1000000086,1000000112,1000000086,1000000112,1000000086,1,1.0752688172043012E-2,0,0
2026-04-07,1000000112,1000000112,1000000088,1000000112,1000000088,1000000112,1000000088,2,2.1505376344086023E-2,2,2
2026-04-07,1000000112,1000000112,1000000090,1000000112,1000000090,1000000112,1000000090,1,1.0752688172043012E-2,0,0
2026-04-07,1000000112,1000000112,1000000093,1000000112,1000000093,1000000112,1000000093,1,1.0752688172043012E-2,0,0
2026-04-07,1000000112,1000000112,1000000110,1000000112,1000000110,1000000112,1000000110,1,1.0752688172043012E-2,0,0
2026-04-07,1000000112,1000000112,1000000112,1000000112,1000000112,1000000112,1000000112,3,3.225806451612903E-2,0,0
2026-04-07,1000000113,1000000113,1000000044,1000000113,1000000044,1000000113,1000000044,1,9.80392156862745E-3,0,0
2026-04-07,1000000113,1000000113,1000000045,1000000113,1000000045,1000000113,1000000045,2,1.96078431372549E-2,3,3
2026-04-07,1000000113,1000000113,1000000063,1000000113,1000000063,1000000113,1000000063,2,1.96078431372549E-2,3,3
2026-04-07,1000000113,1000000113,1000000064,1000000113,1000000064,1000000113,1000000064,3,2.9411764705882353E-2,11.666666666666666,11.666666666666666
2026-04-07,1000000113,1000000113,1000000085,1000000113,1000000085,1000000113,1000000085,1,9.80392156862745E-3,14,14
2026-04-07,1000000113,1000000113,1000000111,1000000113,1000000111,1000000113,1000000111,2,1.96078431372549E-2,5.0E-1,5.0E-1
2026-04-07,1000000113,1000000113,1000000113,1000000113,1000000113,1000000113,1000000113,8,7.84313725490196E-2,7.25,7.25
2026-04-07,1000000113,1000000113,1000000127,1000000113,1000000127,1000000113,1000000127,1,9.80392156862745E-3,0,0
2026-04-07,1000000121,1000000121,1000000035,1000000121,1000000035,1000000121,1000000035,1,5.434782608695652E-3,52,52
2026-04-07,1000000121,1000000121,1000000042,1000000121,1000000042,1000000121,1000000042,2,1.0869565217391304E-2,39.5,39.5
2026-04-07,1000000121,1000000121,1000000043,1000000121,1000000043,1000000121,1000000043,1,5.434782608695652E-3,16,16
2026-04-07,1000000121,1000000121,1000000044,1000000121,1000000044,1000000121,1000000044,1,5.434782608695652E-3,13,13
2026-04-07,1000000121,1000000121,1000000064,1000000121,1000000064,1000000121,1000000064,2,1.0869565217391304E-2,5.5,5.5
2026-04-07,1000000121,1000000121,1000000070,1000000121,1000000070,1000000121,1000000070,1,5.434782608695652E-3,8,8
2026-04-07,1000000121,1000000121,1000000086,1000000121,1000000086,1000000121,1000000086,2,1.0869565217391304E-2,35.5,35.5
2026-04-07,1000000121,1000000121,1000000087,1000000121,1000000087,1000000121,1000000087,1,5.434782608695652E-3,0,0
2026-04-07,1000000121,1000000121,1000000093,1000000121,1000000093,1000000121,1000000093,1,5.434782608695652E-3,24,24
2026-04-07,1000000121,1000000121,1000000111,1000000121,1000000111,1000000121,1000000111,1,5.434782608695652E-3,6,6
2026-04-07,1000000121,1000000121,1000000121,1000000121,1000000121,1000000121,1000000121,17,9.239130434782608E-2,8.588235294117647,8.588235294117647
2026-04-07,1000000127,1000000127,1000000045,1000000127,1000000045,1000000127,1000000045,2,8.097165991902834E-3,0,0
2026-04-07,1000000127,1000000127,1000000062,1000000127,1000000062,1000000127,1000000062,2,8.097165991902834E-3,0,0
2026-04-07,1000000127,1000000127,1000000063,1000000127,1000000063,1000000127,1000000063,1,4.048582995951417E-3,0,0
2026-04-07,1000000127,1000000127,1000000064,1000000127,1000000064,1000000127,1000000064,13,5.263157894736842E-2,24.76923076923077,24.76923076923077
2026-04-07,1000000127,1000000127,1000000086,1000000127,1000000086,1000000127,1000000086,2,8.097165991902834E-3,18,18
2026-04-07,1000000127,1000000127,1000000088,1000000127,1000000088,1000000127,1000000088,1,4.048582995951417E-3,0,0
2026-04-07,1000000127,1000000127,1000000090,1000000127,1000000090,1000000127,1000000090,1,4.048582995951417E-3,41,41
2026-04-07,1000000127,1000000127,1000000091,1000000127,1000000091,1000000127,1000000091,1,4.048582995951417E-3,0,0
2026-04-07,1000000127,1000000127,1000000093,1000000127,1000000093,1000000127,1000000093,1,4.048582995951417E-3,14,14
2026-04-07,1000000127,1000000127,1000000108,1000000127,1000000108,1000000127,1000000108,1,4.048582995951417E-3,0,0
2026-04-07,1000000127,1000000127,1000000111,1000000127,1000000111,1000000127,1000000111,1,4.048582995951417E-3,0,0
2026-04-07,1000000127,1000000127,1000000113,1000000127,1000000113,1000000127,1000000113,1,4.048582995951417E-3,0,0
2026-04-07,1000000127,1000000127,1000000127,1000000127,1000000127,1000000127,1000000127,2,8.097165991902834E-3,6,6
2026-04-07,1000000144,1000000144,1000000064,1000000144,1000000064,1000000144,1000000064,2,3.278688524590164E-2,31,31
2026-04-07,1000000144,1000000144,1000000087,1000000144,1000000087,1000000144,1000000087,1,1.639344262295082E-2,0,0
2026-04-07,1000000144,1000000144,1000000089,1000000144,1000000089,1000000144,1000000089,1,1.639344262295082E-2,79,79
2026-04-07,1000000144,1000000144,1000000111,1000000144,1000000111,1000000144,1000000111,1,1.639344262295082E-2,0,0
2026-04-07,1000000144,1000000144,1000000128,1000000144,1000000128,1000000144,1000000128,1,1.639344262295082E-2,32,32
2026-04-08,1000000035,1000000035,1000000033,1000000035,1000000033,1000000035,1000000033,2,2.5974025974025976E-2,32.5,32.5
2026-04-08,1000000035,1000000035,1000000035,1000000035,1000000035,1000000035,1000000035,1,1.2987012987012988E-2,19,19
2026-04-08,1000000035,1000000035,1000000042,1000000035,1000000042,1000000035,1000000042,2,2.5974025974025976E-2,37,37
2026-04-08,1000000035,1000000035,1000000043,1000000035,1000000043,1000000035,1000000043,1,1.2987012987012988E-2,0,0
2026-04-08,1000000035,1000000035,1000000063,1000000035,1000000063,1000000035,1000000063,1,1.2987012987012988E-2,8,8
2026-04-08,1000000035,1000000035,1000000064,1000000035,1000000064,1000000035,1000000064,1,1.2987012987012988E-2,28,28
2026-04-08,1000000035,1000000035,1000000083,1000000035,1000000083,1000000035,1000000083,1,1.2987012987012988E-2,24,24
2026-04-08,1000000035,1000000035,1000000084,1000000035,1000000084,1000000035,1000000084,1,1.2987012987012988E-2,18,18
2026-04-08,1000000035,1000000035,1000000087,1000000035,1000000087,1000000035,1000000087,1,1.2987012987012988E-2,20,20
2026-04-08,1000000035,1000000035,1000000089,1000000035,1000000089,1000000035,1000000089,1,1.2987012987012988E-2,9,9
2026-04-08,1000000035,1000000035,1000000094,1000000035,1000000094,1000000035,1000000094,1,1.2987012987012988E-2,0,0
2026-04-08,1000000035,1000000035,1000000121,1000000035,1000000121,1000000035,1000000121,2,2.5974025974025976E-2,36.5,36.5
2026-04-08,1000000035,1000000035,1000000156,1000000035,1000000156,1000000035,1000000156,1,1.2987012987012988E-2,56,56
2026-04-08,1000000042,1000000042,1000000027,1000000042,1000000027,1000000042,1000000027,2,1.0638297872340425E-2,19.5,19.5
2026-04-08,1000000042,1000000042,1000000033,1000000042,1000000033,1000000042,1000000033,1,5.319148936170213E-3,0,0
2026-04-08,1000000042,1000000042,1000000035,1000000042,1000000035,1000000042,1000000035,1,5.319148936170213E-3,78,78
2026-04-08,1000000042,1000000042,1000000042,1000000042,1000000042,1000000042,1000000042,22,1.1702127659574468E-1,32.27272727272727,32.27272727272727
2026-04-08,1000000042,1000000042,1000000043,1000000042,1000000043,1000000042,1000000043,4,2.127659574468085E-2,10.75,10.75
2026-04-08,1000000042,1000000042,1000000044,1000000042,1000000044,1000000042,1000000044,1,5.319148936170213E-3,13,13
2026-04-08,1000000042,1000000042,1000000045,1000000042,1000000045,1000000042,1000000045,4,2.127659574468085E-2,31.5,31.5
2026-04-08,1000000042,1000000042,1000000063,1000000042,1000000063,1000000042,1000000063,1,5.319148936170213E-3,1,1
2026-04-08,1000000042,1000000042,1000000064,1000000042,1000000064,1000000042,1000000064,4,2.127659574468085E-2,22,22
2026-04-08,1000000042,1000000042,1000000065,1000000042,1000000065,1000000042,1000000065,1,5.319148936170213E-3,0,0
2026-04-08,1000000042,1000000042,1000000084,1000000042,1000000084,1000000042,1000000084,1,5.319148936170213E-3,8,8
2026-04-08,1000000042,1000000042,1000000087,1000000042,1000000087,1000000042,1000000087,1,5.319148936170213E-3,1,1
2026-04-08,1000000042,1000000042,1000000088,1000000042,1000000088,1000000042,1000000088,1,5.319148936170213E-3,0,0
2026-04-08,1000000042,1000000042,1000000112,1000000042,1000000112,1000000042,1000000112,1,5.319148936170213E-3,9,9
2026-04-08,1000000042,1000000042,1000000121,1000000042,1000000121,1000000042,1000000121,3,1.5957446808510637E-2,16,16
2026-04-08,1000000043,1000000043,1000000033,1000000043,1000000033,1000000043,1000000033,1,5.154639175257732E-3,33,33
2026-04-08,1000000043,1000000043,1000000042,1000000043,1000000042,1000000043,1000000042,10,5.154639175257732E-2,25.6,25.6
2026-04-08,1000000043,1000000043,1000000043,1000000043,1000000043,1000000043,1000000043,12,6.1855670103092786E-2,19.666666666666668,19.666666666666668
2026-04-08,1000000043,1000000043,1000000044,1000000043,1000000044,1000000043,1000000044,5,2.577319587628866E-2,9.8,9.8
2026-04-08,1000000043,1000000043,1000000045,1000000043,1000000045,1000000043,1000000045,3,1.5463917525773196E-2,2.3333333333333335,2.3333333333333335
2026-04-08,1000000043,1000000043,1000000062,1000000043,1000000062,1000000043,1000000062,1,5.154639175257732E-3,35,35
2026-04-08,1000000043,1000000043,1000000064,1000000043,1000000064,1000000043,1000000064,2,1.0309278350515464E-2,31.5,31.5
2026-04-08,1000000043,1000000043,1000000087,1000000043,1000000087,1000000043,1000000087,2,1.0309278350515464E-2,10.5,10.5
2026-04-08,1000000043,1000000043,1000000108,1000000043,1000000108,1000000043,1000000108,2,1.0309278350515464E-2,1.5,1.5
2026-04-08,1000000043,1000000043,1000000111,1000000043,1000000111,1000000043,1000000111,1,5.154639175257732E-3,29,29
2026-04-08,1000000043,1000000043,1000000121,1000000043,1000000121,1000000043,1000000121,2,1.0309278350515464E-2,11,11
2026-04-08,1000000044,1000000044,1000000027,1000000044,1000000027,1000000044,1000000027,1,7.0921985815602835E-3,39,39
2026-04-08,1000000044,1000000044,1000000033,1000000044,1000000033,1000000044,1000000033,1,7.0921985815602835E-3,46,46
2026-04-08,1000000044,1000000044,1000000042,1000000044,1000000042,1000000044,1000000042,7,4.964539007092199E-2,27.428571428571427,27.428571428571427
2026-04-08,1000000044,1000000044,1000000043,1000000044,1000000043,1000000044,1000000043,3,2.127659574468085E-2,10.333333333333334,10.333333333333334
2026-04-08,1000000044,1000000044,1000000044,1000000044,1000000044,1000000044,1000000044,4,2.8368794326241134E-2,21.5,21.5
2026-04-08,1000000044,1000000044,1000000045,1000000044,1000000045,1000000044,1000000045,2,1.4184397163120567E-2,32.5,32.5
2026-04-08,1000000044,1000000044,1000000062,1000000044,1000000062,1000000044,1000000062,1,7.0921985815602835E-3,0,0
2026-04-08,1000000044,1000000044,1000000070,1000000044,1000000070,1000000044,1000000070,1,7.0921985815602835E-3,8,8
2026-04-08,1000000044,1000000044,1000000084,1000000044,1000000084,1000000044,1000000084,1,7.0921985815602835E-3,18,18
2026-04-08,1000000044,1000000044,1000000085,1000000044,1000000085,1000000044,1000000085,1,7.0921985815602835E-3,45,45
2026-04-08,1000000044,1000000044,1000000088,1000000044,1000000088,1000000044,1000000088,1,7.0921985815602835E-3,16,16
2026-04-08,1000000044,1000000044,1000000112,1000000044,1000000112,1000000044,1000000112,1,7.0921985815602835E-3,9,9
2026-04-08,1000000044,1000000044,1000000113,1000000044,1000000113,1000000044,1000000113,1,7.0921985815602835E-3,0,0
2026-04-08,1000000044,1000000044,1000000121,1000000044,1000000121,1000000044,1000000121,2,1.4184397163120567E-2,21.5,21.5
2026-04-08,1000000044,1000000044,1000000156,1000000044,1000000156,1000000044,1000000156,1,7.0921985815602835E-3,0,0
2026-04-08,1000000045,1000000045,1000000027,1000000045,1000000027,1000000045,1000000027,1,3.2258064516129032E-3,39,39
2026-04-08,1000000045,1000000045,1000000033,1000000045,1000000033,1000000045,1000000033,2,6.4516129032258064E-3,23,23
2026-04-08,1000000045,1000000045,1000000035,1000000045,1000000035,1000000045,1000000035,1,3.2258064516129032E-3,27,27
2026-04-08,1000000045,1000000045,1000000042,1000000045,1000000042,1000000045,1000000042,9,2.903225806451613E-2,18.666666666666668,18.666666666666668
2026-04-08,1000000045,1000000045,1000000043,1000000045,1000000043,1000000045,1000000043,5,1.6129032258064516E-2,6.8,6.8
2026-04-08,1000000045,1000000045,1000000044,1000000045,1000000044,1000000045,1000000044,2,6.4516129032258064E-3,10.5,10.5
2026-04-08,1000000045,1000000045,1000000045,1000000045,1000000045,1000000045,1000000045,18,5.806451612903226E-2,17.944444444444443,17.944444444444443
2026-04-08,1000000045,1000000045,1000000063,1000000045,1000000063,1000000045,1000000063,3,9.67741935483871E-3,12.333333333333334,12.333333333333334
2026-04-08,1000000045,1000000045,1000000064,1000000045,1000000064,1000000045,1000000064,7,2.258064516129032E-2,21.857142857142858,21.857142857142858
2026-04-08,1000000045,1000000045,1000000085,1000000045,1000000085,1000000045,1000000085,1,3.2258064516129032E-3,0,0
2026-04-08,1000000045,1000000045,1000000086,1000000045,1000000086,1000000045,1000000086,1,3.2258064516129032E-3,56,56
2026-04-08,1000000045,1000000045,1000000091,1000000045,1000000091,1000000045,1000000091,2,6.4516129032258064E-3,5.0E-1,5.0E-1
2026-04-08,1000000045,1000000045,1000000108,1000000045,1000000108,1000000045,1000000108,3,9.67741935483871E-3,18.666666666666668,18.666666666666668
2026-04-08,1000000045,1000000045,1000000112,1000000045,1000000112,1000000045,1000000112,1,3.2258064516129032E-3,9,9
2026-04-08,1000000045,1000000045,1000000113,1000000045,1000000113,1000000045,1000000113,1,3.2258064516129032E-3,0,0
2026-04-08,1000000045,1000000045,1000000121,1000000045,1000000121,1000000045,1000000121,2,6.4516129032258064E-3,6.5,6.5
2026-04-08,1000000045,1000000045,1000000153,1000000045,1000000153,1000000045,1000000153,2,6.4516129032258064E-3,0,0
2026-04-08,1000000045,1000000045,1000000156,1000000045,1000000156,1000000045,1000000156,2,6.4516129032258064E-3,21,21
2026-04-08,1000000062,1000000062,1000000027,1000000062,1000000027,1000000062,1000000027,1,4.219409282700422E-3,0,0
2026-04-08,1000000062,1000000062,1000000028,1000000062,1000000028,1000000062,1000000028,1,4.219409282700422E-3,7,7
2026-04-08,1000000062,1000000062,1000000042,1000000062,1000000042,1000000062,1000000042,2,8.438818565400843E-3,51,51
2026-04-08,1000000062,1000000062,1000000045,1000000062,1000000045,1000000062,1000000045,3,1.2658227848101266E-2,32,32
2026-04-08,1000000062,1000000062,1000000062,1000000062,1000000062,1000000062,1000000062,6,2.531645569620253E-2,7.166666666666667,7.166666666666667
2026-04-08,1000000062,1000000062,1000000063,1000000062,1000000063,1000000062,1000000063,1,4.219409282700422E-3,0,0
2026-04-08,1000000062,1000000062,1000000064,1000000062,1000000064,1000000062,1000000064,6,2.531645569620253E-2,15.666666666666666,15.666666666666666
2026-04-08,1000000062,1000000062,1000000065,1000000062,1000000065,1000000062,1000000065,1,4.219409282700422E-3,12,12
2026-04-08,1000000062,1000000062,1000000087,1000000062,1000000087,1000000062,1000000087,1,4.219409282700422E-3,71,71
2026-04-08,1000000062,1000000062,1000000093,1000000062,1000000093,1000000062,1000000093,1,4.219409282700422E-3,22,22
2026-04-08,1000000062,1000000062,1000000111,1000000062,1000000111,1000000062,1000000111,1,4.219409282700422E-3,37,37
2026-04-08,1000000062,1000000062,1000000121,1000000062,1000000121,1000000062,1000000121,1,4.219409282700422E-3,1,1
2026-04-08,1000000062,1000000062,1000000153,1000000062,1000000153,1000000062,1000000153,1,4.219409282700422E-3,0,0
2026-04-08,1000000063,1000000063,1000000042,1000000063,1000000042,1000000063,1000000042,4,1.3377926421404682E-2,39.75,39.75
2026-04-08,1000000063,1000000063,1000000043,1000000063,1000000043,1000000063,1000000043,3,1.0033444816053512E-2,1.3333333333333333,1.3333333333333333
2026-04-08,1000000063,1000000063,1000000044,1000000063,1000000044,1000000063,1000000044,4,1.3377926421404682E-2,29.25,29.25
2026-04-08,1000000063,1000000063,1000000045,1000000063,1000000045,1000000063,1000000045,1,3.3444816053511705E-3,6,6
2026-04-08,1000000063,1000000063,1000000062,1000000063,1000000062,1000000063,1000000062,6,2.0066889632107024E-2,10.166666666666666,10.166666666666666
2026-04-08,1000000063,1000000063,1000000063,1000000063,1000000063,1000000063,1000000063,12,4.013377926421405E-2,20.166666666666668,20.166666666666668
2026-04-08,1000000063,1000000063,1000000064,1000000063,1000000064,1000000063,1000000064,9,3.0100334448160536E-2,19.333333333333332,19.333333333333332
2026-04-08,1000000063,1000000063,1000000069,1000000063,1000000069,1000000063,1000000069,1,3.3444816053511705E-3,9,9
2026-04-08,1000000063,1000000063,1000000087,1000000063,1000000087,1000000063,1000000087,3,1.0033444816053512E-2,16,16
2026-04-08,1000000063,1000000063,1000000088,1000000063,1000000088,1000000063,1000000088,1,3.3444816053511705E-3,0,0
2026-04-08,1000000063,1000000063,1000000090,1000000063,1000000090,1000000063,1000000090,2,6.688963210702341E-3,20.5,20.5
2026-04-08,1000000063,1000000063,1000000092,1000000063,1000000092,1000000063,1000000092,1,3.3444816053511705E-3,1,1
2026-04-08,1000000063,1000000063,1000000093,1000000063,1000000093,1000000063,1000000093,2,6.688963210702341E-3,48.5,48.5
2026-04-08,1000000063,1000000063,1000000108,1000000063,1000000108,1000000063,1000000108,2,6.688963210702341E-3,28,28
2026-04-08,1000000063,1000000063,1000000112,1000000063,1000000112,1000000063,1000000112,1,3.3444816053511705E-3,9,9
2026-04-08,1000000063,1000000063,1000000127,1000000063,1000000127,1000000063,1000000127,1,3.3444816053511705E-3,0,0
2026-04-08,1000000064,1000000064,1000000033,1000000064,1000000033,1000000064,1000000033,1,5.995203836930455E-4,0,0
2026-04-08,1000000064,1000000064,1000000035,1000000064,1000000035,1000000064,1000000035,1,5.995203836930455E-4,46,46
2026-04-08,1000000064,1000000064,1000000042,1000000064,1000000042,1000000064,1000000042,13,7.7937649880095924E-3,22.384615384615383,22.384615384615383
2026-04-08,1000000064,1000000064,1000000043,1000000064,1000000043,1000000064,1000000043,8,4.796163069544364E-3,17.375,17.375
2026-04-08,1000000064,1000000064,1000000044,1000000064,1000000044,1000000064,1000000044,5,2.997601918465228E-3,16,16
2026-04-08,1000000064,1000000064,1000000045,1000000064,1000000045,1000000064,1000000045,6,3.5971223021582736E-3,21.333333333333332,21.333333333333332
2026-04-08,1000000064,1000000064,1000000062,1000000064,1000000062,1000000064,1000000062,3,1.7985611510791368E-3,23.333333333333332,23.333333333333332
2026-04-08,1000000064,1000000064,1000000063,1000000064,1000000063,1000000064,1000000063,9,5.39568345323741E-3,20.444444444444443,20.444444444444443
2026-04-08,1000000064,1000000064,1000000064,1000000064,1000000064,1000000064,1000000064,135,8.093525179856115E-2,13.607407407407408,13.607407407407408
2026-04-08,1000000064,1000000064,1000000069,1000000064,1000000069,1000000064,1000000069,1,5.995203836930455E-4,0,0
2026-04-08,1000000064,1000000064,1000000083,1000000064,1000000083,1000000064,1000000083,1,5.995203836930455E-4,0,0
2026-04-08,1000000064,1000000064,1000000084,1000000064,1000000084,1000000064,1000000084,2,1.199040767386091E-3,35,35
2026-04-08,1000000064,1000000064,1000000085,1000000064,1000000085,1000000064,1000000085,4,2.398081534772182E-3,17.5,17.5
2026-04-08,1000000064,1000000064,1000000086,1000000064,1000000086,1000000064,1000000086,2,1.199040767386091E-3,48.5,48.5
2026-04-08,1000000064,1000000064,1000000088,1000000064,1000000088,1000000064,1000000088,5,2.997601918465228E-3,21.4,21.4
2026-04-08,1000000064,1000000064,1000000090,1000000064,1000000090,1000000064,1000000090,1,5.995203836930455E-4,3,3
2026-04-08,1000000064,1000000064,1000000091,1000000064,1000000091,1000000064,1000000091,5,2.997601918465228E-3,7.8,7.8
2026-04-08,1000000064,1000000064,1000000092,1000000064,1000000092,1000000064,1000000092,2,1.199040767386091E-3,24.5,24.5
2026-04-08,1000000064,1000000064,1000000093,1000000064,1000000093,1000000064,1000000093,7,4.196642685851319E-3,2.857142857142857,2.857142857142857
2026-04-08,1000000064,1000000064,1000000094,1000000064,1000000094,1000000064,1000000094,2,1.199040767386091E-3,15,15
2026-04-08,1000000064,1000000064,1000000108,1000000064,1000000108,1000000064,1000000108,2,1.199040767386091E-3,0,0
2026-04-08,1000000064,1000000064,1000000111,1000000064,1000000111,1000000064,1000000111,2,1.199040767386091E-3,10,10
2026-04-08,1000000064,1000000064,1000000113,1000000064,1000000113,1000000064,1000000113,2,1.199040767386091E-3,5.0E-1,5.0E-1
2026-04-08,1000000064,1000000064,1000000121,1000000064,1000000121,1000000064,1000000121,2,1.199040767386091E-3,6.5,6.5
2026-04-08,1000000064,1000000064,1000000127,1000000064,1000000127,1000000064,1000000127,4,2.398081534772182E-3,14.75,14.75
2026-04-08,1000000064,1000000064,1000000128,1000000064,1000000128,1000000064,1000000128,1,5.995203836930455E-4,24,24
2026-04-08,1000000064,1000000064,1000000142,1000000064,1000000142,1000000064,1000000142,2,1.199040767386091E-3,2,2
2026-04-08,1000000064,1000000064,1000000153,1000000064,1000000153,1000000064,1000000153,2,1.199040767386091E-3,0,0
2026-04-08,1000000064,1000000064,1000000156,1000000064,1000000156,1000000064,1000000156,3,1.7985611510791368E-3,32.666666666666664,32.666666666666664
2026-04-08,1000000066,1000000066,1000000042,1000000066,1000000042,1000000066,1000000042,1,1.1627906976744186E-2,24,24
2026-04-08,1000000066,1000000066,1000000043,1000000066,1000000043,1000000066,1000000043,3,3.488372093023256E-2,45.666666666666664,45.666666666666664
2026-04-08,1000000066,1000000066,1000000044,1000000066,1000000044,1000000066,1000000044,3,3.488372093023256E-2,6.666666666666667,6.666666666666667
2026-04-08,1000000066,1000000066,1000000063,1000000066,1000000063,1000000066,1000000063,1,1.1627906976744186E-2,23,23
2026-04-08,1000000066,1000000066,1000000064,1000000066,1000000064,1000000066,1000000064,2,2.3255813953488372E-2,5.5,5.5
2026-04-08,1000000066,1000000066,1000000065,1000000066,1000000065,1000000066,1000000065,1,1.1627906976744186E-2,20,20
2026-04-08,1000000066,1000000066,1000000066,1000000066,1000000066,1000000066,1000000066,1,1.1627906976744186E-2,0,0
2026-04-08,1000000066,1000000066,1000000084,1000000066,1000000084,1000000066,1000000084,1,1.1627906976744186E-2,18,18
2026-04-08,1000000066,1000000066,1000000087,1000000066,1000000087,1000000066,1000000087,1,1.1627906976744186E-2,1,1
2026-04-08,1000000066,1000000066,1000000111,1000000066,1000000111,1000000066,1000000111,1,1.1627906976744186E-2,0,0
2026-04-08,1000000069,1000000069,1000000028,1000000069,1000000028,1000000069,1000000028,1,9.615384615384616E-3,12,12
2026-04-08,1000000069,1000000069,1000000042,1000000069,1000000042,1000000069,1000000042,2,1.9230769230769232E-2,20,20
2026-04-08,1000000069,1000000069,1000000043,1000000069,1000000043,1000000069,1000000043,1,9.615384615384616E-3,0,0
2026-04-08,1000000069,1000000069,1000000044,1000000069,1000000044,1000000069,1000000044,1,9.615384615384616E-3,36,36
2026-04-08,1000000069,1000000069,1000000045,1000000069,1000000045,1000000069,1000000045,1,9.615384615384616E-3,15,15
2026-04-08,1000000069,1000000069,1000000063,1000000069,1000000063,1000000069,1000000063,1,9.615384615384616E-3,35,35
2026-04-08,1000000069,1000000069,1000000064,1000000069,1000000064,1000000069,1000000064,2,1.9230769230769232E-2,41,41
2026-04-08,1000000069,1000000069,1000000086,1000000069,1000000086,1000000069,1000000086,1,9.615384615384616E-3,0,0
2026-04-08,1000000069,1000000069,1000000091,1000000069,1000000091,1000000069,1000000091,1,9.615384615384616E-3,0,0
2026-04-08,1000000069,1000000069,1000000121,1000000069,1000000121,1000000069,1000000121,1,9.615384615384616E-3,12,12
2026-04-08,1000000069,1000000069,1000000154,1000000069,1000000154,1000000069,1000000154,1,9.615384615384616E-3,36,36
2026-04-08,1000000083,1000000083,1000000028,1000000083,1000000028,1000000083,1000000028,1,1.282051282051282E-2,18,18
2026-04-08,1000000083,1000000083,1000000035,1000000083,1000000035,1000000083,1000000035,1,1.282051282051282E-2,19,19
2026-04-08,1000000083,1000000083,1000000042,1000000083,1000000042,1000000083,1000000042,3,3.8461538461538464E-2,29,29
2026-04-08,1000000083,1000000083,1000000044,1000000083,1000000044,1000000083,1000000044,1,1.282051282051282E-2,13,13
2026-04-08,1000000083,1000000083,1000000045,1000000083,1000000045,1000000083,1000000045,1,1.282051282051282E-2,0,0
2026-04-08,1000000083,1000000083,1000000064,1000000083,1000000064,1000000083,1000000064,3,3.8461538461538464E-2,26.333333333333332,26.333333333333332
2026-04-08,1000000083,1000000083,1000000069,1000000083,1000000069,1000000083,1000000069,1,1.282051282051282E-2,9,9
2026-04-08,1000000083,1000000083,1000000083,1000000083,1000000083,1000000083,1000000083,1,1.282051282051282E-2,43,43
2026-04-08,1000000083,1000000083,1000000088,1000000083,1000000088,1000000083,1000000088,1,1.282051282051282E-2,12,12
2026-04-08,1000000083,1000000083,1000000094,1000000083,1000000094,1000000083,1000000094,1,1.282051282051282E-2,0,0
2026-04-08,1000000083,1000000083,1000000108,1000000083,1000000108,1000000083,1000000108,1,1.282051282051282E-2,0,0
2026-04-08,1000000083,1000000083,1000000121,1000000083,1000000121,1000000083,1000000121,1,1.282051282051282E-2,1,1
2026-04-08,1000000083,1000000083,1000000127,1000000083,1000000127,1000000083,1000000127,1,1.282051282051282E-2,0,0
2026-04-08,1000000084,1000000084,1000000064,1000000084,1000000064,1000000084,1000000064,2,1.3513513513513514E-2,25.5,25.5
2026-04-08,1000000084,1000000084,1000000083,1000000084,1000000083,1000000084,1000000083,1,6.756756756756757E-3,1,1
2026-04-08,1000000084,1000000084,1000000084,1000000084,1000000084,1000000084,1000000084,4,2.702702702702703E-2,2.5,2.5
2026-04-08,1000000084,1000000084,1000000087,1000000084,1000000087,1000000084,1000000087,1,6.756756756756757E-3,0,0
2026-04-08,1000000084,1000000084,1000000088,1000000084,1000000088,1000000084,1000000088,2,1.3513513513513514E-2,3.5,3.5
2026-04-08,1000000084,1000000084,1000000092,1000000084,1000000092,1000000084,1000000092,1,6.756756756756757E-3,0,0
2026-04-08,1000000084,1000000084,1000000093,1000000084,1000000093,1000000084,1000000093,2,1.3513513513513514E-2,41,41
2026-04-08,1000000084,1000000084,1000000108,1000000084,1000000108,1000000084,1000000108,2,1.3513513513513514E-2,0,0
2026-04-08,1000000084,1000000084,1000000110,1000000084,1000000110,1000000084,1000000110,2,1.3513513513513514E-2,1,1
2026-04-08,1000000085,1000000085,1000000033,1000000085,1000000033,1000000085,1000000033,1,3.1446540880503146E-3,4,4
2026-04-08,1000000085,1000000085,1000000035,1000000085,1000000035,1000000085,1000000035,1,3.1446540880503146E-3,47,47
2026-04-08,1000000085,1000000085,1000000042,1000000085,1000000042,1000000085,1000000042,1,3.1446540880503146E-3,27,27
2026-04-08,1000000085,1000000085,1000000045,1000000085,1000000045,1000000085,1000000045,2,6.289308176100629E-3,0,0
2026-04-08,1000000085,1000000085,1000000064,1000000085,1000000064,1000000085,1000000064,2,6.289308176100629E-3,0,0
2026-04-08,1000000085,1000000085,1000000084,1000000085,1000000084,1000000085,1000000084,4,1.2578616352201259E-2,23.5,23.5
2026-04-08,1000000085,1000000085,1000000085,1000000085,1000000085,1000000085,1000000085,17,5.345911949685535E-2,9.588235294117647,9.588235294117647
2026-04-08,1000000085,1000000085,1000000086,1000000085,1000000086,1000000085,1000000086,10,3.1446540880503145E-2,7,7
2026-04-08,1000000085,1000000085,1000000087,1000000085,1000000087,1000000085,1000000087,6,1.8867924528301886E-2,4.833333333333333,4.833333333333333
2026-04-08,1000000085,1000000085,1000000088,1000000085,1000000088,1000000085,1000000088,7,2.20125786163522E-2,7.142857142857143E-1,7.142857142857143E-1
2026-04-08,1000000085,1000000085,1000000089,1000000085,1000000089,1000000085,1000000089,1,3.1446540880503146E-3,36,36
2026-04-08,1000000085,1000000085,1000000090,1000000085,1000000090,1000000085,1000000090,2,6.289308176100629E-3,1.5,1.5
2026-04-08,1000000085,1000000085,1000000091,1000000085,1000000091,1000000085,1000000091,2,6.289308176100629E-3,33.5,33.5
2026-04-08,1000000085,1000000085,1000000092,1000000085,1000000092,1000000085,1000000092,3,9.433962264150943E-3,3.333333333333333E-1,3.333333333333333E-1
2026-04-08,1000000085,1000000085,1000000093,1000000085,1000000093,1000000085,1000000093,1,3.1446540880503146E-3,0,0
2026-04-08,1000000085,1000000085,1000000108,1000000085,1000000108,1000000085,1000000108,2,6.289308176100629E-3,5.0E-1,5.0E-1
2026-04-08,1000000085,1000000085,1000000111,1000000085,1000000111,1000000085,1000000111,1,3.1446540880503146E-3,0,0
2026-04-08,1000000085,1000000085,1000000127,1000000085,1000000127,1000000085,1000000127,1,3.1446540880503146E-3,0,0
2026-04-08,1000000085,1000000085,1000000153,1000000085,1000000153,1000000085,1000000153,1,3.1446540880503146E-3,1,1
2026-04-08,1000000086,1000000086,1000000045,1000000086,1000000045,1000000086,1000000045,1,5.0E-3,6,6
2026-04-08,1000000086,1000000086,1000000063,1000000086,1000000063,1000000086,1000000063,1,5.0E-3,60,60
2026-04-08,1000000086,1000000086,1000000064,1000000086,1000000064,1000000086,1000000064,2,1.0E-2,12,12
2026-04-08,1000000086,1000000086,1000000084,1000000086,1000000084,1000000086,1000000084,4,2.0E-2,21.25,21.25
2026-04-08,1000000086,1000000086,1000000085,1000000086,1000000085,1000000086,1000000085,12,6.0E-2,12.416666666666666,12.416666666666666
2026-04-08,1000000086,1000000086,1000000086,1000000086,1000000086,1000000086,1000000086,20,1.0E-1,11.4,11.4
2026-04-08,1000000086,1000000086,1000000087,1000000086,1000000087,1000000086,1000000087,7,3.5E-2,4.714285714285714,4.714285714285714
2026-04-08,1000000086,1000000086,1000000088,1000000086,1000000088,1000000086,1000000088,6,3.0E-2,0,0
2026-04-08,1000000086,1000000086,1000000089,1000000086,1000000089,1000000086,1000000089,2,1.0E-2,35,35
2026-04-08,1000000086,1000000086,1000000090,1000000086,1000000090,1000000086,1000000090,1,5.0E-3,0,0
2026-04-08,1000000086,1000000086,1000000092,1000000086,1000000092,1000000086,1000000092,1,5.0E-3,0,0
2026-04-08,1000000086,1000000086,1000000113,1000000086,1000000113,1000000086,1000000113,1,5.0E-3,0,0
2026-04-08,1000000087,1000000087,1000000033,1000000087,1000000033,1000000087,1000000033,1,2.1645021645021645E-3,22,22
2026-04-08,1000000087,1000000087,1000000035,1000000087,1000000035,1000000087,1000000035,1,2.1645021645021645E-3,46,46
2026-04-08,1000000087,1000000087,1000000043,1000000087,1000000043,1000000087,1000000043,2,4.329004329004329E-3,1,1
2026-04-08,1000000087,1000000087,1000000044,1000000087,1000000044,1000000087,1000000044,1,2.1645021645021645E-3,5,5
2026-04-08,1000000087,1000000087,1000000064,1000000087,1000000064,1000000087,1000000064,6,1.2987012987012988E-2,34.666666666666664,34.666666666666664
2026-04-08,1000000087,1000000087,1000000084,1000000087,1000000084,1000000087,1000000084,3,6.493506493506494E-3,9.333333333333334,9.333333333333334
2026-04-08,1000000087,1000000087,1000000085,1000000087,1000000085,1000000087,1000000085,8,1.7316017316017316E-2,10.375,10.375
2026-04-08,1000000087,1000000087,1000000086,1000000087,1000000086,1000000087,1000000086,6,1.2987012987012988E-2,10.833333333333334,10.833333333333334
2026-04-08,1000000087,1000000087,1000000087,1000000087,1000000087,1000000087,1000000087,31,6.70995670995671E-2,16.06451612903226,16.06451612903226
2026-04-08,1000000087,1000000087,1000000088,1000000087,1000000088,1000000087,1000000088,14,3.0303030303030304E-2,10.714285714285714,10.714285714285714
2026-04-08,1000000087,1000000087,1000000092,1000000087,1000000092,1000000087,1000000092,2,4.329004329004329E-3,42,42
2026-04-08,1000000087,1000000087,1000000093,1000000087,1000000093,1000000087,1000000093,4,8.658008658008658E-3,2.25,2.25
2026-04-08,1000000087,1000000087,1000000094,1000000087,1000000094,1000000087,1000000094,1,2.1645021645021645E-3,0,0
2026-04-08,1000000087,1000000087,1000000143,1000000087,1000000143,1000000087,1000000143,1,2.1645021645021645E-3,2,2
2026-04-08,1000000088,1000000088,1000000063,1000000088,1000000063,1000000088,1000000063,1,2.8169014084507044E-3,0,0
2026-04-08,1000000088,1000000088,1000000064,1000000088,1000000064,1000000088,1000000064,8,2.2535211267605635E-2,25.625,25.625
2026-04-08,1000000088,1000000088,1000000083,1000000088,1000000083,1000000088,1000000083,1,2.8169014084507044E-3,80,80
2026-04-08,1000000088,1000000088,1000000084,1000000088,1000000084,1000000088,1000000084,1,2.8169014084507044E-3,52,52
2026-04-08,1000000088,1000000088,1000000085,1000000088,1000000085,1000000088,1000000085,7,1.971830985915493E-2,8.571428571428571,8.571428571428571
2026-04-08,1000000088,1000000088,1000000086,1000000088,1000000086,1000000088,1000000086,8,2.2535211267605635E-2,9.5,9.5
2026-04-08,1000000088,1000000088,1000000087,1000000088,1000000087,1000000088,1000000087,10,2.8169014084507043E-2,4.1,4.1
2026-04-08,1000000088,1000000088,1000000088,1000000088,1000000088,1000000088,1000000088,39,1.0985915492957747E-1,8.615384615384615,8.615384615384615
2026-04-08,1000000088,1000000088,1000000089,1000000088,1000000089,1000000088,1000000089,2,5.633802816901409E-3,4.5,4.5
2026-04-08,1000000088,1000000088,1000000090,1000000088,1000000090,1000000088,1000000090,1,2.8169014084507044E-3,0,0
2026-04-08,1000000088,1000000088,1000000092,1000000088,1000000092,1000000088,1000000092,1,2.8169014084507044E-3,0,0
2026-04-08,1000000088,1000000088,1000000094,1000000088,1000000094,1000000088,1000000094,2,5.633802816901409E-3,37,37
2026-04-08,1000000088,1000000088,1000000112,1000000088,1000000112,1000000088,1000000112,2,5.633802816901409E-3,5.0E-1,5.0E-1
2026-04-08,1000000088,1000000088,1000000121,1000000088,1000000121,1000000088,1000000121,1,2.8169014084507044E-3,13,13
2026-04-08,1000000088,1000000088,1000000142,1000000088,1000000142,1000000088,1000000142,2,5.633802816901409E-3,4.5,4.5
2026-04-08,1000000089,1000000089,1000000033,1000000089,1000000033,1000000089,1000000033,1,2.0E-2,87,87
2026-04-08,1000000089,1000000089,1000000086,1000000089,1000000086,1000000089,1000000086,1,2.0E-2,0,0
2026-04-08,1000000089,1000000089,1000000087,1000000089,1000000087,1000000089,1000000087,3,6.0E-2,3.333333333333333E-1,3.333333333333333E-1
2026-04-08,1000000089,1000000089,1000000088,1000000089,1000000088,1000000089,1000000088,4,8.0E-2,4.75,4.75
2026-04-08,1000000089,1000000089,1000000089,1000000089,1000000089,1000000089,1000000089,4,8.0E-2,8.75,8.75
2026-04-08,1000000089,1000000089,1000000091,1000000089,1000000091,1000000089,1000000091,1,2.0E-2,0,0
2026-04-08,1000000089,1000000089,1000000111,1000000089,1000000111,1000000089,1000000111,1,2.0E-2,32,32
2026-04-08,1000000089,1000000089,1000000112,1000000089,1000000112,1000000089,1000000112,1,2.0E-2,0,0
2026-04-08,1000000090,1000000090,1000000028,1000000090,1000000028,1000000090,1000000028,1,7.874015748031496E-3,12,12
2026-04-08,1000000090,1000000090,1000000063,1000000090,1000000063,1000000090,1000000063,1,7.874015748031496E-3,0,0
2026-04-08,1000000090,1000000090,1000000064,1000000090,1000000064,1000000090,1000000064,1,7.874015748031496E-3,76,76
2026-04-08,1000000090,1000000090,1000000085,1000000090,1000000085,1000000090,1000000085,1,7.874015748031496E-3,0,0
2026-04-08,1000000090,1000000090,1000000090,1000000090,1000000090,1000000090,1000000090,3,2.3622047244094488E-2,2,2
2026-04-08,1000000090,1000000090,1000000091,1000000090,1000000091,1000000090,1000000091,1,7.874015748031496E-3,4,4
2026-04-08,1000000090,1000000090,1000000092,1000000090,1000000092,1000000090,1000000092,1,7.874015748031496E-3,0,0
2026-04-08,1000000090,1000000090,1000000093,1000000090,1000000093,1000000090,1000000093,1,7.874015748031496E-3,0,0
2026-04-08,1000000090,1000000090,1000000094,1000000090,1000000094,1000000090,1000000094,1,7.874015748031496E-3,0,0
2026-04-08,1000000090,1000000090,1000000111,1000000090,1000000111,1000000090,1000000111,1,7.874015748031496E-3,2,2
2026-04-08,1000000090,1000000090,1000000112,1000000090,1000000112,1000000090,1000000112,1,7.874015748031496E-3,0,0
2026-04-08,1000000091,1000000091,1000000028,1000000091,1000000028,1000000091,1000000028,1,5.5248618784530384E-3,12,12
2026-04-08,1000000091,1000000091,1000000035,1000000091,1000000035,1000000091,1000000035,1,5.5248618784530384E-3,47,47
2026-04-08,1000000091,1000000091,1000000045,1000000091,1000000045,1000000091,1000000045,3,1.6574585635359115E-2,2,2
2026-04-08,1000000091,1000000091,1000000064,1000000091,1000000064,1000000091,1000000064,4,2.2099447513812154E-2,13,13
2026-04-08,1000000091,1000000091,1000000085,1000000091,1000000085,1000000091,1000000085,2,1.1049723756906077E-2,38,38
2026-04-08,1000000091,1000000091,1000000086,1000000091,1000000086,1000000091,1000000086,2,1.1049723756906077E-2,14,14
2026-04-08,1000000091,1000000091,1000000087,1000000091,1000000087,1000000091,1000000087,2,1.1049723756906077E-2,24.5,24.5
2026-04-08,1000000091,1000000091,1000000089,1000000091,1000000089,1000000091,1000000089,1,5.5248618784530384E-3,0,0
2026-04-08,1000000091,1000000091,1000000090,1000000091,1000000090,1000000091,1000000090,3,1.6574585635359115E-2,4.333333333333333,4.333333333333333
2026-04-08,1000000091,1000000091,1000000091,1000000091,1000000091,1000000091,1000000091,11,6.077348066298342E-2,7.454545454545454,7.454545454545454
2026-04-08,1000000091,1000000091,1000000092,1000000091,1000000092,1000000091,1000000092,2,1.1049723756906077E-2,10,10
2026-04-08,1000000091,1000000091,1000000093,1000000091,1000000093,1000000091,1000000093,2,1.1049723756906077E-2,9,9
2026-04-08,1000000091,1000000091,1000000094,1000000091,1000000094,1000000091,1000000094,2,1.1049723756906077E-2,0,0
2026-04-08,1000000091,1000000091,1000000111,1000000091,1000000111,1000000091,1000000111,1,5.5248618784530384E-3,4,4
2026-04-08,1000000092,1000000092,1000000028,1000000092,1000000028,1000000092,1000000028,1,6.41025641025641E-3,12,12
2026-04-08,1000000092,1000000092,1000000064,1000000092,1000000064,1000000092,1000000064,4,2.564102564102564E-2,12,12
2026-04-08,1000000092,1000000092,1000000084,1000000092,1000000084,1000000092,1000000084,1,6.41025641025641E-3,0,0
2026-04-08,1000000092,1000000092,1000000085,1000000092,1000000085,1000000092,1000000085,2,1.282051282051282E-2,0,0
2026-04-08,1000000092,1000000092,1000000086,1000000092,1000000086,1000000092,1000000086,1,6.41025641025641E-3,0,0
2026-04-08,1000000092,1000000092,1000000087,1000000092,1000000087,1000000092,1000000087,2,1.282051282051282E-2,1,1
2026-04-08,1000000092,1000000092,1000000088,1000000092,1000000088,1000000092,1000000088,1,6.41025641025641E-3,0,0
2026-04-08,1000000092,1000000092,1000000090,1000000092,1000000090,1000000092,1000000090,3,1.9230769230769232E-2,1,1
2026-04-08,1000000092,1000000092,1000000091,1000000092,1000000091,1000000092,1000000091,3,1.9230769230769232E-2,9.333333333333334,9.333333333333334
2026-04-08,1000000092,1000000092,1000000092,1000000092,1000000092,1000000092,1000000092,8,5.128205128205128E-2,8.875,8.875
2026-04-08,1000000092,1000000092,1000000093,1000000092,1000000093,1000000092,1000000093,1,6.41025641025641E-3,6,6
2026-04-08,1000000092,1000000092,1000000111,1000000092,1000000111,1000000092,1000000111,1,6.41025641025641E-3,0,0
2026-04-08,1000000093,1000000093,1000000044,1000000093,1000000044,1000000093,1000000044,2,2.8208744710860366E-3,49.5,49.5
2026-04-08,1000000093,1000000093,1000000045,1000000093,1000000045,1000000093,1000000045,2,2.8208744710860366E-3,8,8
2026-04-08,1000000093,1000000093,1000000062,1000000093,1000000062,1000000093,1000000062,4,5.641748942172073E-3,50.75,50.75
2026-04-08,1000000093,1000000093,1000000064,1000000093,1000000064,1000000093,1000000064,10,1.4104372355430184E-2,8.6,8.6
2026-04-08,1000000093,1000000093,1000000084,1000000093,1000000084,1000000093,1000000084,1,1.4104372355430183E-3,3,3
2026-04-08,1000000093,1000000093,1000000085,1000000093,1000000085,1000000093,1000000085,2,2.8208744710860366E-3,0,0
2026-04-08,1000000093,1000000093,1000000086,1000000093,1000000086,1000000093,1000000086,1,1.4104372355430183E-3,6,6
2026-04-08,1000000093,1000000093,1000000087,1000000093,1000000087,1000000093,1000000087,5,7.052186177715092E-3,2.8,2.8
2026-04-08,1000000093,1000000093,1000000088,1000000093,1000000088,1000000093,1000000088,1,1.4104372355430183E-3,62,62
2026-04-08,1000000093,1000000093,1000000090,1000000093,1000000090,1000000093,1000000090,1,1.4104372355430183E-3,0,0
2026-04-08,1000000093,1000000093,1000000091,1000000093,1000000091,1000000093,1000000091,2,2.8208744710860366E-3,0,0
2026-04-08,1000000093,1000000093,1000000093,1000000093,1000000093,1000000093,1000000093,78,1.1001410437235543E-1,6.397435897435898,6.397435897435898
2026-04-08,1000000093,1000000093,1000000094,1000000093,1000000094,1000000093,1000000094,3,4.231311706629055E-3,0,0
2026-04-08,1000000093,1000000093,1000000108,1000000093,1000000108,1000000093,1000000108,6,8.46262341325811E-3,24.333333333333332,24.333333333333332
2026-04-08,1000000093,1000000093,1000000110,1000000093,1000000110,1000000093,1000000110,2,2.8208744710860366E-3,0,0
2026-04-08,1000000093,1000000093,1000000111,1000000093,1000000111,1000000093,1000000111,7,9.873060648801129E-3,7.142857142857143E-1,7.142857142857143E-1
2026-04-08,1000000093,1000000093,1000000112,1000000093,1000000112,1000000093,1000000112,2,2.8208744710860366E-3,2,2
2026-04-08,1000000093,1000000093,1000000113,1000000093,1000000113,1000000093,1000000113,1,1.4104372355430183E-3,14,14
2026-04-08,1000000094,1000000094,1000000035,1000000094,1000000035,1000000094,1000000035,1,5.319148936170213E-3,0,0
2026-04-08,1000000094,1000000094,1000000044,1000000094,1000000044,1000000094,1000000044,1,5.319148936170213E-3,13,13
2026-04-08,1000000094,1000000094,1000000064,1000000094,1000000064,1000000094,1000000064,1,5.319148936170213E-3,5,5
2026-04-08,1000000094,1000000094,1000000084,1000000094,1000000084,1000000094,1000000084,1,5.319148936170213E-3,30,30
2026-04-08,1000000094,1000000094,1000000086,1000000094,1000000086,1000000094,1000000086,1,5.319148936170213E-3,73,73
2026-04-08,1000000094,1000000094,1000000088,1000000094,1000000088,1000000094,1000000088,1,5.319148936170213E-3,16,16
2026-04-08,1000000094,1000000094,1000000089,1000000094,1000000089,1000000094,1000000089,1,5.319148936170213E-3,36,36
2026-04-08,1000000094,1000000094,1000000090,1000000094,1000000090,1000000094,1000000090,1,5.319148936170213E-3,25,25
2026-04-08,1000000094,1000000094,1000000091,1000000094,1000000091,1000000094,1000000091,2,1.0638297872340425E-2,2.5,2.5
2026-04-08,1000000094,1000000094,1000000092,1000000094,1000000092,1000000094,1000000092,1,5.319148936170213E-3,18,18
2026-04-08,1000000094,1000000094,1000000093,1000000094,1000000093,1000000094,1000000093,2,1.0638297872340425E-2,0,0
2026-04-08,1000000094,1000000094,1000000094,1000000094,1000000094,1000000094,1000000094,16,8.51063829787234E-2,12.875,12.875
2026-04-08,1000000094,1000000094,1000000095,1000000094,1000000095,1000000094,1000000095,1,5.319148936170213E-3,40,40
2026-04-08,1000000094,1000000094,1000000108,1000000094,1000000108,1000000094,1000000108,3,1.5957446808510637E-2,4.333333333333333,4.333333333333333
2026-04-08,1000000094,1000000094,1000000110,1000000094,1000000110,1000000094,1000000110,2,1.0638297872340425E-2,1,1
2026-04-08,1000000094,1000000094,1000000111,1000000094,1000000111,1000000094,1000000111,4,2.127659574468085E-2,34.25,34.25
2026-04-08,1000000108,1000000108,1000000035,1000000108,1000000035,1000000108,1000000035,1,4.0E-3,15,15
2026-04-08,1000000108,1000000108,1000000042,1000000108,1000000042,1000000108,1000000042,1,4.0E-3,83,83
2026-04-08,1000000108,1000000108,1000000043,1000000108,1000000043,1000000108,1000000043,1,4.0E-3,0,0
2026-04-08,1000000108,1000000108,1000000044,1000000108,1000000044,1000000108,1000000044,1,4.0E-3,82,82
2026-04-08,1000000108,1000000108,1000000045,1000000108,1000000045,1000000108,1000000045,3,1.2E-2,0,0
2026-04-08,1000000108,1000000108,1000000064,1000000108,1000000064,1000000108,1000000064,2,8.0E-3,43,43
2026-04-08,1000000108,1000000108,1000000071,1000000108,1000000071,1000000108,1000000071,1,4.0E-3,12,12
2026-04-08,1000000108,1000000108,1000000083,1000000108,1000000083,1000000108,1000000083,1,4.0E-3,0,0
2026-04-08,1000000108,1000000108,1000000084,1000000108,1000000084,1000000108,1000000084,1,4.0E-3,0,0
2026-04-08,1000000108,1000000108,1000000087,1000000108,1000000087,1000000108,1000000087,1,4.0E-3,0,0
2026-04-08,1000000108,1000000108,1000000091,1000000108,1000000091,1000000108,1000000091,1,4.0E-3,0,0
2026-04-08,1000000108,1000000108,1000000092,1000000108,1000000092,1000000108,1000000092,2,8.0E-3,21,21
2026-04-08,1000000108,1000000108,1000000093,1000000108,1000000093,1000000108,1000000093,7,2.8E-2,9.142857142857142,9.142857142857142
2026-04-08,1000000108,1000000108,1000000094,1000000108,1000000094,1000000108,1000000094,3,1.2E-2,5.666666666666667,5.666666666666667
2026-04-08,1000000108,1000000108,1000000108,1000000108,1000000108,1000000108,1000000108,24,9.6E-2,9.083333333333334,9.083333333333334
2026-04-08,1000000108,1000000108,1000000111,1000000108,1000000111,1000000108,1000000111,1,4.0E-3,0,0
2026-04-08,1000000108,1000000108,1000000112,1000000108,1000000112,1000000108,1000000112,2,8.0E-3,19,19
2026-04-08,1000000108,1000000108,1000000127,1000000108,1000000127,1000000108,1000000127,1,4.0E-3,0,0
2026-04-08,1000000110,1000000110,1000000027,1000000110,1000000027,1000000110,1000000027,1,1.3888888888888888E-2,39,39
2026-04-08,1000000110,1000000110,1000000083,1000000110,1000000083,1000000110,1000000083,1,1.3888888888888888E-2,2,2
2026-04-08,1000000110,1000000110,1000000093,1000000110,1000000093,1000000110,1000000093,1,1.3888888888888888E-2,0,0
2026-04-08,1000000110,1000000110,1000000094,1000000110,1000000094,1000000110,1000000094,1,1.3888888888888888E-2,0,0
2026-04-08,1000000110,1000000110,1000000108,1000000110,1000000108,1000000110,1000000108,1,1.3888888888888888E-2,0,0
2026-04-08,1000000110,1000000110,1000000110,1000000110,1000000110,1000000110,1000000110,7,9.722222222222222E-2,5.857142857142857,5.857142857142857
2026-04-08,1000000110,1000000110,1000000112,1000000110,1000000112,1000000110,1000000112,1,1.3888888888888888E-2,0,0
2026-04-08,1000000111,1000000111,1000000045,1000000111,1000000045,1000000111,1000000045,1,2.967359050445104E-3,14,14
2026-04-08,1000000111,1000000111,1000000062,1000000111,1000000062,1000000111,1000000062,2,5.934718100890208E-3,1.5,1.5
2026-04-08,1000000111,1000000111,1000000064,1000000111,1000000064,1000000111,1000000064,8,2.373887240356083E-2,16.5,16.5
2026-04-08,1000000111,1000000111,1000000066,1000000111,1000000066,1000000111,1000000066,1,2.967359050445104E-3,0,0
2026-04-08,1000000111,1000000111,1000000085,1000000111,1000000085,1000000111,1000000085,1,2.967359050445104E-3,0,0
2026-04-08,1000000111,1000000111,1000000086,1000000111,1000000086,1000000111,1000000086,1,2.967359050445104E-3,73,73
2026-04-08,1000000111,1000000111,1000000087,1000000111,1000000087,1000000111,1000000087,1,2.967359050445104E-3,3,3
2026-04-08,1000000111,1000000111,1000000088,1000000111,1000000088,1000000111,1000000088,2,5.934718100890208E-3,31,31
2026-04-08,1000000111,1000000111,1000000091,1000000111,1000000091,1000000111,1000000091,2,5.934718100890208E-3,15,15
2026-04-08,1000000111,1000000111,1000000092,1000000111,1000000092,1000000111,1000000092,1,2.967359050445104E-3,0,0
2026-04-08,1000000111,1000000111,1000000093,1000000111,1000000093,1000000111,1000000093,10,2.967359050445104E-2,10.1,10.1
2026-04-08,1000000111,1000000111,1000000094,1000000111,1000000094,1000000111,1000000094,1,2.967359050445104E-3,0,0
2026-04-08,1000000111,1000000111,1000000108,1000000111,1000000108,1000000111,1000000108,1,2.967359050445104E-3,0,0
2026-04-08,1000000111,1000000111,1000000110,1000000111,1000000110,1000000111,1000000110,2,5.934718100890208E-3,1,1
2026-04-08,1000000111,1000000111,1000000111,1000000111,1000000111,1000000111,1000000111,34,1.0089020771513353E-1,9.352941176470589,9.352941176470589
2026-04-08,1000000111,1000000111,1000000112,1000000111,1000000112,1000000111,1000000112,1,2.967359050445104E-3,0,0
2026-04-08,1000000111,1000000111,1000000113,1000000111,1000000113,1000000111,1000000113,1,2.967359050445104E-3,0,0
2026-04-08,1000000111,1000000111,1000000156,1000000111,1000000156,1000000111,1000000156,1,2.967359050445104E-3,41,41
2026-04-08,1000000112,1000000112,1000000042,1000000112,1000000042,1000000112,1000000042,1,1.0638297872340425E-2,1,1
2026-04-08,1000000112,1000000112,1000000043,1000000112,1000000043,1000000112,1000000043,1,1.0638297872340425E-2,66,66
2026-04-08,1000000112,1000000112,1000000044,1000000112,1000000044,1000000112,1000000044,1,1.0638297872340425E-2,82,82
2026-04-08,1000000112,1000000112,1000000045,1000000112,1000000045,1000000112,1000000045,1,1.0638297872340425E-2,0,0
2026-04-08,1000000112,1000000112,1000000064,1000000112,1000000064,1000000112,1000000064,2,2.127659574468085E-2,54.5,54.5
2026-04-08,1000000112,1000000112,1000000072,1000000112,1000000072,1000000112,1000000072,1,1.0638297872340425E-2,1,1
2026-04-08,1000000112,1000000112,1000000086,1000000112,1000000086,1000000112,1000000086,1,1.0638297872340425E-2,0,0
2026-04-08,1000000112,1000000112,1000000088,1000000112,1000000088,1000000112,1000000088,2,2.127659574468085E-2,2,2
2026-04-08,1000000112,1000000112,1000000090,1000000112,1000000090,1000000112,1000000090,1,1.0638297872340425E-2,0,0
2026-04-08,1000000112,1000000112,1000000093,1000000112,1000000093,1000000112,1000000093,1,1.0638297872340425E-2,0,0
2026-04-08,1000000112,1000000112,1000000110,1000000112,1000000110,1000000112,1000000110,1,1.0638297872340425E-2,0,0
2026-04-08,1000000112,1000000112,1000000112,1000000112,1000000112,1000000112,1000000112,3,3.1914893617021274E-2,0,0
2026-04-08,1000000113,1000000113,1000000044,1000000113,1000000044,1000000113,1000000044,1,9.900990099009901E-3,0,0
2026-04-08,1000000113,1000000113,1000000045,1000000113,1000000045,1000000113,1000000045,2,1.9801980198019802E-2,3,3
2026-04-08,1000000113,1000000113,1000000063,1000000113,1000000063,1000000113,1000000063,2,1.9801980198019802E-2,3,3
2026-04-08,1000000113,1000000113,1000000064,1000000113,1000000064,1000000113,1000000064,3,2.97029702970297E-2,11.666666666666666,11.666666666666666
2026-04-08,1000000113,1000000113,1000000085,1000000113,1000000085,1000000113,1000000085,1,9.900990099009901E-3,14,14
2026-04-08,1000000113,1000000113,1000000111,1000000113,1000000111,1000000113,1000000111,2,1.9801980198019802E-2,5.0E-1,5.0E-1
2026-04-08,1000000113,1000000113,1000000113,1000000113,1000000113,1000000113,1000000113,8,7.920792079207921E-2,7.25,7.25
2026-04-08,1000000113,1000000113,1000000127,1000000113,1000000127,1000000113,1000000127,1,9.900990099009901E-3,0,0
2026-04-08,1000000121,1000000121,1000000035,1000000121,1000000035,1000000121,1000000035,1,5.434782608695652E-3,52,52
2026-04-08,1000000121,1000000121,1000000042,1000000121,1000000042,1000000121,1000000042,2,1.0869565217391304E-2,39.5,39.5
2026-04-08,1000000121,1000000121,1000000043,1000000121,1000000043,1000000121,1000000043,1,5.434782608695652E-3,16,16
2026-04-08,1000000121,1000000121,1000000044,1000000121,1000000044,1000000121,1000000044,1,5.434782608695652E-3,13,13
2026-04-08,1000000121,1000000121,1000000064,1000000121,1000000064,1000000121,1000000064,2,1.0869565217391304E-2,5.5,5.5
2026-04-08,1000000121,1000000121,1000000070,1000000121,1000000070,1000000121,1000000070,1,5.434782608695652E-3,8,8
2026-04-08,1000000121,1000000121,1000000086,1000000121,1000000086,1000000121,1000000086,2,1.0869565217391304E-2,35.5,35.5
2026-04-08,1000000121,1000000121,1000000087,1000000121,1000000087,1000000121,1000000087,1,5.434782608695652E-3,0,0
2026-04-08,1000000121,1000000121,1000000093,1000000121,1000000093,1000000121,1000000093,1,5.434782608695652E-3,24,24
2026-04-08,1000000121,1000000121,1000000111,1000000121,1000000111,1000000121,1000000111,1,5.434782608695652E-3,6,6
2026-04-08,1000000121,1000000121,1000000121,1000000121,1000000121,1000000121,1000000121,17,9.239130434782608E-2,8.588235294117647,8.588235294117647
2026-04-08,1000000127,1000000127,1000000045,1000000127,1000000045,1000000127,1000000045,2,8.064516129032258E-3,0,0
2026-04-08,1000000127,1000000127,1000000062,1000000127,1000000062,1000000127,1000000062,2,8.064516129032258E-3,0,0
2026-04-08,1000000127,1000000127,1000000063,1000000127,1000000063,1000000127,1000000063,1,4.032258064516129E-3,0,0
2026-04-08,1000000127,1000000127,1000000064,1000000127,1000000064,1000000127,1000000064,14,5.6451612903225805E-2,23,23
2026-04-08,1000000127,1000000127,1000000086,1000000127,1000000086,1000000127,1000000086,2,8.064516129032258E-3,18,18
2026-04-08,1000000127,1000000127,1000000088,1000000127,1000000088,1000000127,1000000088,1,4.032258064516129E-3,0,0
2026-04-08,1000000127,1000000127,1000000090,1000000127,1000000090,1000000127,1000000090,1,4.032258064516129E-3,41,41
2026-04-08,1000000127,1000000127,1000000091,1000000127,1000000091,1000000127,1000000091,1,4.032258064516129E-3,0,0
2026-04-08,1000000127,1000000127,1000000093,1000000127,1000000093,1000000127,1000000093,1,4.032258064516129E-3,14,14
2026-04-08,1000000127,1000000127,1000000108,1000000127,1000000108,1000000127,1000000108,1,4.032258064516129E-3,0,0
2026-04-08,1000000127,1000000127,1000000111,1000000127,1000000111,1000000127,1000000111,1,4.032258064516129E-3,0,0
2026-04-08,1000000127,1000000127,1000000113,1000000127,1000000113,1000000127,1000000113,1,4.032258064516129E-3,0,0
2026-04-08,1000000127,1000000127,1000000127,1000000127,1000000127,1000000127,1000000127,2,8.064516129032258E-3,6,6
2026-04-08,1000000144,1000000144,1000000064,1000000144,1000000064,1000000144,1000000064,2,3.278688524590164E-2,31,31
2026-04-08,1000000144,1000000144,1000000087,1000000144,1000000087,1000000144,1000000087,1,1.639344262295082E-2,0,0
2026-04-08,1000000144,1000000144,1000000089,1000000144,1000000089,1000000144,1000000089,1,1.639344262295082E-2,79,79
2026-04-08,1000000144,1000000144,1000000111,1000000144,1000000111,1000000144,1000000111,1,1.639344262295082E-2,0,0
2026-04-08,1000000144,1000000144,1000000128,1000000144,1000000128,1000000144,1000000128,1,1.639344262295082E-2,32,32
2026-04-09,1000000035,1000000035,1000000033,1000000035,1000000033,1000000035,1000000033,2,2.5974025974025976E-2,32.5,32.5
2026-04-09,1000000035,1000000035,1000000035,1000000035,1000000035,1000000035,1000000035,1,1.2987012987012988E-2,19,19
2026-04-09,1000000035,1000000035,1000000042,1000000035,1000000042,1000000035,1000000042,2,2.5974025974025976E-2,37,37
2026-04-09,1000000035,1000000035,1000000043,1000000035,1000000043,1000000035,1000000043,1,1.2987012987012988E-2,0,0
2026-04-09,1000000035,1000000035,1000000063,1000000035,1000000063,1000000035,1000000063,1,1.2987012987012988E-2,8,8
2026-04-09,1000000035,1000000035,1000000064,1000000035,1000000064,1000000035,1000000064,1,1.2987012987012988E-2,28,28
2026-04-09,1000000035,1000000035,1000000083,1000000035,1000000083,1000000035,1000000083,1,1.2987012987012988E-2,24,24
2026-04-09,1000000035,1000000035,1000000084,1000000035,1000000084,1000000035,1000000084,1,1.2987012987012988E-2,18,18
2026-04-09,1000000035,1000000035,1000000087,1000000035,1000000087,1000000035,1000000087,1,1.2987012987012988E-2,20,20
2026-04-09,1000000035,1000000035,1000000089,1000000035,1000000089,1000000035,1000000089,1,1.2987012987012988E-2,9,9
2026-04-09,1000000035,1000000035,1000000094,1000000035,1000000094,1000000035,1000000094,1,1.2987012987012988E-2,0,0
2026-04-09,1000000035,1000000035,1000000121,1000000035,1000000121,1000000035,1000000121,2,2.5974025974025976E-2,36.5,36.5
2026-04-09,1000000035,1000000035,1000000156,1000000035,1000000156,1000000035,1000000156,1,1.2987012987012988E-2,56,56
2026-04-09,1000000042,1000000042,1000000027,1000000042,1000000027,1000000042,1000000027,2,1.0582010582010581E-2,19.5,19.5
2026-04-09,1000000042,1000000042,1000000033,1000000042,1000000033,1000000042,1000000033,1,5.291005291005291E-3,0,0
2026-04-09,1000000042,1000000042,1000000035,1000000042,1000000035,1000000042,1000000035,1,5.291005291005291E-3,78,78
2026-04-09,1000000042,1000000042,1000000042,1000000042,1000000042,1000000042,1000000042,21,1.111111111111111E-1,30.428571428571427,30.428571428571427
2026-04-09,1000000042,1000000042,1000000043,1000000042,1000000043,1000000042,1000000043,4,2.1164021164021163E-2,10.75,10.75
2026-04-09,1000000042,1000000042,1000000044,1000000042,1000000044,1000000042,1000000044,1,5.291005291005291E-3,13,13
2026-04-09,1000000042,1000000042,1000000045,1000000042,1000000045,1000000042,1000000045,4,2.1164021164021163E-2,31.5,31.5
2026-04-09,1000000042,1000000042,1000000063,1000000042,1000000063,1000000042,1000000063,1,5.291005291005291E-3,1,1
2026-04-09,1000000042,1000000042,1000000064,1000000042,1000000064,1000000042,1000000064,4,2.1164021164021163E-2,22,22
2026-04-09,1000000042,1000000042,1000000065,1000000042,1000000065,1000000042,1000000065,1,5.291005291005291E-3,0,0
2026-04-09,1000000042,1000000042,1000000084,1000000042,1000000084,1000000042,1000000084,1,5.291005291005291E-3,8,8
2026-04-09,1000000042,1000000042,1000000087,1000000042,1000000087,1000000042,1000000087,1,5.291005291005291E-3,1,1
2026-04-09,1000000042,1000000042,1000000088,1000000042,1000000088,1000000042,1000000088,1,5.291005291005291E-3,0,0
2026-04-09,1000000042,1000000042,1000000112,1000000042,1000000112,1000000042,1000000112,1,5.291005291005291E-3,9,9
2026-04-09,1000000042,1000000042,1000000121,1000000042,1000000121,1000000042,1000000121,3,1.5873015873015872E-2,16,16
2026-04-09,1000000042,1000000042,1000000153,1000000042,1000000153,1000000042,1000000153,1,5.291005291005291E-3,0,0
2026-04-09,1000000043,1000000043,1000000033,1000000043,1000000033,1000000043,1000000033,1,5.10204081632653E-3,33,33
2026-04-09,1000000043,1000000043,1000000042,1000000043,1000000042,1000000043,1000000042,9,4.591836734693878E-2,20.555555555555557,20.555555555555557
2026-04-09,1000000043,1000000043,1000000043,1000000043,1000000043,1000000043,1000000043,12,6.1224489795918366E-2,19.666666666666668,19.666666666666668
2026-04-09,1000000043,1000000043,1000000044,1000000043,1000000044,1000000043,1000000044,5,2.5510204081632654E-2,9.8,9.8
2026-04-09,1000000043,1000000043,1000000045,1000000043,1000000045,1000000043,1000000045,3,1.5306122448979591E-2,2.3333333333333335,2.3333333333333335
2026-04-09,1000000043,1000000043,1000000062,1000000043,1000000062,1000000043,1000000062,1,5.10204081632653E-3,35,35
2026-04-09,1000000043,1000000043,1000000064,1000000043,1000000064,1000000043,1000000064,2,1.020408163265306E-2,31.5,31.5
2026-04-09,1000000043,1000000043,1000000087,1000000043,1000000087,1000000043,1000000087,2,1.020408163265306E-2,10.5,10.5
2026-04-09,1000000043,1000000043,1000000108,1000000043,1000000108,1000000043,1000000108,2,1.020408163265306E-2,1.5,1.5
2026-04-09,1000000043,1000000043,1000000111,1000000043,1000000111,1000000043,1000000111,1,5.10204081632653E-3,29,29
2026-04-09,1000000043,1000000043,1000000121,1000000043,1000000121,1000000043,1000000121,2,1.020408163265306E-2,11,11
2026-04-09,1000000043,1000000043,1000000153,1000000043,1000000153,1000000043,1000000153,1,5.10204081632653E-3,0,0
2026-04-09,1000000044,1000000044,1000000027,1000000044,1000000027,1000000044,1000000027,1,7.0921985815602835E-3,39,39
2026-04-09,1000000044,1000000044,1000000033,1000000044,1000000033,1000000044,1000000033,1,7.0921985815602835E-3,46,46
2026-04-09,1000000044,1000000044,1000000042,1000000044,1000000042,1000000044,1000000042,7,4.964539007092199E-2,27.428571428571427,27.428571428571427
2026-04-09,1000000044,1000000044,1000000043,1000000044,1000000043,1000000044,1000000043,3,2.127659574468085E-2,10.333333333333334,10.333333333333334
2026-04-09,1000000044,1000000044,1000000044,1000000044,1000000044,1000000044,1000000044,4,2.8368794326241134E-2,21.5,21.5
2026-04-09,1000000044,1000000044,1000000045,1000000044,1000000045,1000000044,1000000045,2,1.4184397163120567E-2,32.5,32.5
2026-04-09,1000000044,1000000044,1000000062,1000000044,1000000062,1000000044,1000000062,1,7.0921985815602835E-3,0,0
2026-04-09,1000000044,1000000044,1000000070,1000000044,1000000070,1000000044,1000000070,1,7.0921985815602835E-3,8,8
2026-04-09,1000000044,1000000044,1000000084,1000000044,1000000084,1000000044,1000000084,1,7.0921985815602835E-3,18,18
2026-04-09,1000000044,1000000044,1000000085,1000000044,1000000085,1000000044,1000000085,1,7.0921985815602835E-3,45,45
2026-04-09,1000000044,1000000044,1000000088,1000000044,1000000088,1000000044,1000000088,1,7.0921985815602835E-3,16,16
2026-04-09,1000000044,1000000044,1000000112,1000000044,1000000112,1000000044,1000000112,1,7.0921985815602835E-3,9,9
2026-04-09,1000000044,1000000044,1000000113,1000000044,1000000113,1000000044,1000000113,1,7.0921985815602835E-3,0,0
2026-04-09,1000000044,1000000044,1000000121,1000000044,1000000121,1000000044,1000000121,2,1.4184397163120567E-2,21.5,21.5
2026-04-09,1000000044,1000000044,1000000156,1000000044,1000000156,1000000044,1000000156,1,7.0921985815602835E-3,0,0
2026-04-09,1000000045,1000000045,1000000027,1000000045,1000000027,1000000045,1000000027,1,3.236245954692557E-3,39,39
2026-04-09,1000000045,1000000045,1000000033,1000000045,1000000033,1000000045,1000000033,2,6.472491909385114E-3,23,23
2026-04-09,1000000045,1000000045,1000000035,1000000045,1000000035,1000000045,1000000035,1,3.236245954692557E-3,27,27
2026-04-09,1000000045,1000000045,1000000042,1000000045,1000000042,1000000045,1000000042,9,2.912621359223301E-2,18.666666666666668,18.666666666666668
2026-04-09,1000000045,1000000045,1000000043,1000000045,1000000043,1000000045,1000000043,5,1.6181229773462782E-2,6.8,6.8
2026-04-09,1000000045,1000000045,1000000044,1000000045,1000000044,1000000045,1000000044,2,6.472491909385114E-3,10.5,10.5
2026-04-09,1000000045,1000000045,1000000045,1000000045,1000000045,1000000045,1000000045,19,6.1488673139158574E-2,17,17
2026-04-09,1000000045,1000000045,1000000063,1000000045,1000000063,1000000045,1000000063,2,6.472491909385114E-3,18.5,18.5
2026-04-09,1000000045,1000000045,1000000064,1000000045,1000000064,1000000045,1000000064,7,2.2653721682847898E-2,21.857142857142858,21.857142857142858
2026-04-09,1000000045,1000000045,1000000085,1000000045,1000000085,1000000045,1000000085,1,3.236245954692557E-3,0,0
2026-04-09,1000000045,1000000045,1000000086,1000000045,1000000086,1000000045,1000000086,1,3.236245954692557E-3,56,56
2026-04-09,1000000045,1000000045,1000000091,1000000045,1000000091,1000000045,1000000091,2,6.472491909385114E-3,5.0E-1,5.0E-1
2026-04-09,1000000045,1000000045,1000000108,1000000045,1000000108,1000000045,1000000108,3,9.708737864077669E-3,18.666666666666668,18.666666666666668
2026-04-09,1000000045,1000000045,1000000112,1000000045,1000000112,1000000045,1000000112,1,3.236245954692557E-3,9,9
2026-04-09,1000000045,1000000045,1000000113,1000000045,1000000113,1000000045,1000000113,1,3.236245954692557E-3,0,0
2026-04-09,1000000045,1000000045,1000000121,1000000045,1000000121,1000000045,1000000121,2,6.472491909385114E-3,6.5,6.5
2026-04-09,1000000045,1000000045,1000000153,1000000045,1000000153,1000000045,1000000153,2,6.472491909385114E-3,0,0
2026-04-09,1000000045,1000000045,1000000156,1000000045,1000000156,1000000045,1000000156,2,6.472491909385114E-3,21,21
2026-04-09,1000000062,1000000062,1000000027,1000000062,1000000027,1000000062,1000000027,1,4.201680672268907E-3,0,0
2026-04-09,1000000062,1000000062,1000000028,1000000062,1000000028,1000000062,1000000028,1,4.201680672268907E-3,7,7
2026-04-09,1000000062,1000000062,1000000042,1000000062,1000000042,1000000062,1000000042,2,8.403361344537815E-3,51,51
2026-04-09,1000000062,1000000062,1000000045,1000000062,1000000045,1000000062,1000000045,3,1.2605042016806723E-2,32,32
2026-04-09,1000000062,1000000062,1000000062,1000000062,1000000062,1000000062,1000000062,6,2.5210084033613446E-2,7.166666666666667,7.166666666666667
2026-04-09,1000000062,1000000062,1000000064,1000000062,1000000064,1000000062,1000000064,7,2.9411764705882353E-2,24.571428571428573,24.571428571428573
2026-04-09,1000000062,1000000062,1000000065,1000000062,1000000065,1000000062,1000000065,1,4.201680672268907E-3,12,12
2026-04-09,1000000062,1000000062,1000000087,1000000062,1000000087,1000000062,1000000087,1,4.201680672268907E-3,71,71
2026-04-09,1000000062,1000000062,1000000093,1000000062,1000000093,1000000062,1000000093,1,4.201680672268907E-3,22,22
2026-04-09,1000000062,1000000062,1000000111,1000000062,1000000111,1000000062,1000000111,1,4.201680672268907E-3,37,37
2026-04-09,1000000062,1000000062,1000000121,1000000062,1000000121,1000000062,1000000121,1,4.201680672268907E-3,1,1
2026-04-09,1000000062,1000000062,1000000153,1000000062,1000000153,1000000062,1000000153,1,4.201680672268907E-3,0,0
2026-04-09,1000000063,1000000063,1000000042,1000000063,1000000042,1000000063,1000000042,4,1.3468013468013467E-2,39.75,39.75
2026-04-09,1000000063,1000000063,1000000043,1000000063,1000000043,1000000063,1000000043,3,1.0101010101010102E-2,1.3333333333333333,1.3333333333333333
2026-04-09,1000000063,1000000063,1000000044,1000000063,1000000044,1000000063,1000000044,4,1.3468013468013467E-2,29.25,29.25
2026-04-09,1000000063,1000000063,1000000045,1000000063,1000000045,1000000063,1000000045,1,3.367003367003367E-3,6,6
2026-04-09,1000000063,1000000063,1000000062,1000000063,1000000062,1000000063,1000000062,5,1.6835016835016835E-2,12.2,12.2
2026-04-09,1000000063,1000000063,1000000063,1000000063,1000000063,1000000063,1000000063,12,4.040404040404041E-2,20.166666666666668,20.166666666666668
2026-04-09,1000000063,1000000063,1000000064,1000000063,1000000064,1000000063,1000000064,10,3.367003367003367E-2,25.2,25.2
2026-04-09,1000000063,1000000063,1000000069,1000000063,1000000069,1000000063,1000000069,1,3.367003367003367E-3,9,9
2026-04-09,1000000063,1000000063,1000000087,1000000063,1000000087,1000000063,1000000087,3,1.0101010101010102E-2,16,16
2026-04-09,1000000063,1000000063,1000000088,1000000063,1000000088,1000000063,1000000088,1,3.367003367003367E-3,0,0
2026-04-09,1000000063,1000000063,1000000090,1000000063,1000000090,1000000063,1000000090,2,6.734006734006734E-3,20.5,20.5
2026-04-09,1000000063,1000000063,1000000092,1000000063,1000000092,1000000063,1000000092,1,3.367003367003367E-3,1,1
2026-04-09,1000000063,1000000063,1000000093,1000000063,1000000093,1000000063,1000000093,2,6.734006734006734E-3,48.5,48.5
2026-04-09,1000000063,1000000063,1000000108,1000000063,1000000108,1000000063,1000000108,2,6.734006734006734E-3,28,28
2026-04-09,1000000063,1000000063,1000000112,1000000063,1000000112,1000000063,1000000112,1,3.367003367003367E-3,9,9
2026-04-09,1000000063,1000000063,1000000127,1000000063,1000000127,1000000063,1000000127,1,3.367003367003367E-3,0,0
2026-04-09,1000000064,1000000064,1000000033,1000000064,1000000033,1000000064,1000000033,1,5.991611743559018E-4,0,0
2026-04-09,1000000064,1000000064,1000000035,1000000064,1000000035,1000000064,1000000035,1,5.991611743559018E-4,46,46
2026-04-09,1000000064,1000000064,1000000042,1000000064,1000000042,1000000064,1000000042,12,7.189934092270821E-3,18.333333333333332,18.333333333333332
2026-04-09,1000000064,1000000064,1000000043,1000000064,1000000043,1000000064,1000000043,8,4.793289394847214E-3,17.375,17.375
2026-04-09,1000000064,1000000064,1000000044,1000000064,1000000044,1000000064,1000000044,5,2.9958058717795086E-3,16,16
2026-04-09,1000000064,1000000064,1000000045,1000000064,1000000045,1000000064,1000000045,6,3.5949670461354103E-3,21.333333333333332,21.333333333333332
2026-04-09,1000000064,1000000064,1000000062,1000000064,1000000062,1000000064,1000000062,3,1.7974835230677051E-3,23.333333333333332,23.333333333333332
2026-04-09,1000000064,1000000064,1000000063,1000000064,1000000063,1000000064,1000000063,9,5.392450569203115E-3,20.444444444444443,20.444444444444443
2026-04-09,1000000064,1000000064,1000000064,1000000064,1000000064,1000000064,1000000064,137,8.208508088675853E-2,14.138686131386862,14.138686131386862
2026-04-09,1000000064,1000000064,1000000069,1000000064,1000000069,1000000064,1000000069,1,5.991611743559018E-4,0,0
2026-04-09,1000000064,1000000064,1000000083,1000000064,1000000083,1000000064,1000000083,1,5.991611743559018E-4,0,0
2026-04-09,1000000064,1000000064,1000000084,1000000064,1000000084,1000000064,1000000084,2,1.1983223487118035E-3,35,35
2026-04-09,1000000064,1000000064,1000000085,1000000064,1000000085,1000000064,1000000085,4,2.396644697423607E-3,17.5,17.5
2026-04-09,1000000064,1000000064,1000000086,1000000064,1000000086,1000000064,1000000086,2,1.1983223487118035E-3,48.5,48.5
2026-04-09,1000000064,1000000064,1000000088,1000000064,1000000088,1000000064,1000000088,5,2.9958058717795086E-3,21.4,21.4
2026-04-09,1000000064,1000000064,1000000090,1000000064,1000000090,1000000064,1000000090,1,5.991611743559018E-4,3,3
2026-04-09,1000000064,1000000064,1000000091,1000000064,1000000091,1000000064,1000000091,5,2.9958058717795086E-3,7.8,7.8
2026-04-09,1000000064,1000000064,1000000092,1000000064,1000000092,1000000064,1000000092,2,1.1983223487118035E-3,24.5,24.5
2026-04-09,1000000064,1000000064,1000000093,1000000064,1000000093,1000000064,1000000093,7,4.194128220491312E-3,2.857142857142857,2.857142857142857
2026-04-09,1000000064,1000000064,1000000094,1000000064,1000000094,1000000064,1000000094,2,1.1983223487118035E-3,15,15
2026-04-09,1000000064,1000000064,1000000108,1000000064,1000000108,1000000064,1000000108,2,1.1983223487118035E-3,0,0
2026-04-09,1000000064,1000000064,1000000111,1000000064,1000000111,1000000064,1000000111,2,1.1983223487118035E-3,10,10
2026-04-09,1000000064,1000000064,1000000113,1000000064,1000000113,1000000064,1000000113,2,1.1983223487118035E-3,5.0E-1,5.0E-1
2026-04-09,1000000064,1000000064,1000000121,1000000064,1000000121,1000000064,1000000121,2,1.1983223487118035E-3,6.5,6.5
2026-04-09,1000000064,1000000064,1000000127,1000000064,1000000127,1000000064,1000000127,4,2.396644697423607E-3,14.75,14.75
2026-04-09,1000000064,1000000064,1000000128,1000000064,1000000128,1000000064,1000000128,1,5.991611743559018E-4,24,24
2026-04-09,1000000064,1000000064,1000000142,1000000064,1000000142,1000000064,1000000142,2,1.1983223487118035E-3,2,2
2026-04-09,1000000064,1000000064,1000000153,1000000064,1000000153,1000000064,1000000153,2,1.1983223487118035E-3,0,0
2026-04-09,1000000064,1000000064,1000000156,1000000064,1000000156,1000000064,1000000156,3,1.7974835230677051E-3,32.666666666666664,32.666666666666664
2026-04-09,1000000066,1000000066,1000000042,1000000066,1000000042,1000000066,1000000042,1,1.1627906976744186E-2,24,24
2026-04-09,1000000066,1000000066,1000000043,1000000066,1000000043,1000000066,1000000043,3,3.488372093023256E-2,45.666666666666664,45.666666666666664
2026-04-09,1000000066,1000000066,1000000044,1000000066,1000000044,1000000066,1000000044,3,3.488372093023256E-2,6.666666666666667,6.666666666666667
2026-04-09,1000000066,1000000066,1000000063,1000000066,1000000063,1000000066,1000000063,1,1.1627906976744186E-2,23,23
2026-04-09,1000000066,1000000066,1000000064,1000000066,1000000064,1000000066,1000000064,2,2.3255813953488372E-2,5.5,5.5
2026-04-09,1000000066,1000000066,1000000065,1000000066,1000000065,1000000066,1000000065,1,1.1627906976744186E-2,20,20
2026-04-09,1000000066,1000000066,1000000066,1000000066,1000000066,1000000066,1000000066,1,1.1627906976744186E-2,0,0
2026-04-09,1000000066,1000000066,1000000084,1000000066,1000000084,1000000066,1000000084,1,1.1627906976744186E-2,18,18
2026-04-09,1000000066,1000000066,1000000087,1000000066,1000000087,1000000066,1000000087,1,1.1627906976744186E-2,1,1
2026-04-09,1000000066,1000000066,1000000111,1000000066,1000000111,1000000066,1000000111,1,1.1627906976744186E-2,0,0
2026-04-09,1000000069,1000000069,1000000028,1000000069,1000000028,1000000069,1000000028,1,9.615384615384616E-3,12,12
2026-04-09,1000000069,1000000069,1000000042,1000000069,1000000042,1000000069,1000000042,2,1.9230769230769232E-2,20,20
2026-04-09,1000000069,1000000069,1000000043,1000000069,1000000043,1000000069,1000000043,1,9.615384615384616E-3,0,0
2026-04-09,1000000069,1000000069,1000000044,1000000069,1000000044,1000000069,1000000044,1,9.615384615384616E-3,36,36
2026-04-09,1000000069,1000000069,1000000045,1000000069,1000000045,1000000069,1000000045,1,9.615384615384616E-3,15,15
2026-04-09,1000000069,1000000069,1000000063,1000000069,1000000063,1000000069,1000000063,1,9.615384615384616E-3,35,35
2026-04-09,1000000069,1000000069,1000000064,1000000069,1000000064,1000000069,1000000064,2,1.9230769230769232E-2,41,41
2026-04-09,1000000069,1000000069,1000000086,1000000069,1000000086,1000000069,1000000086,1,9.615384615384616E-3,0,0
2026-04-09,1000000069,1000000069,1000000091,1000000069,1000000091,1000000069,1000000091,1,9.615384615384616E-3,0,0
2026-04-09,1000000069,1000000069,1000000121,1000000069,1000000121,1000000069,1000000121,1,9.615384615384616E-3,12,12
2026-04-09,1000000069,1000000069,1000000154,1000000069,1000000154,1000000069,1000000154,1,9.615384615384616E-3,36,36
2026-04-09,1000000083,1000000083,1000000028,1000000083,1000000028,1000000083,1000000028,1,1.282051282051282E-2,18,18
2026-04-09,1000000083,1000000083,1000000035,1000000083,1000000035,1000000083,1000000035,1,1.282051282051282E-2,19,19
2026-04-09,1000000083,1000000083,1000000042,1000000083,1000000042,1000000083,1000000042,3,3.8461538461538464E-2,29,29
2026-04-09,1000000083,1000000083,1000000044,1000000083,1000000044,1000000083,1000000044,1,1.282051282051282E-2,13,13
2026-04-09,1000000083,1000000083,1000000045,1000000083,1000000045,1000000083,1000000045,1,1.282051282051282E-2,0,0
2026-04-09,1000000083,1000000083,1000000064,1000000083,1000000064,1000000083,1000000064,3,3.8461538461538464E-2,26.333333333333332,26.333333333333332
2026-04-09,1000000083,1000000083,1000000069,1000000083,1000000069,1000000083,1000000069,1,1.282051282051282E-2,9,9
2026-04-09,1000000083,1000000083,1000000083,1000000083,1000000083,1000000083,1000000083,1,1.282051282051282E-2,43,43
2026-04-09,1000000083,1000000083,1000000088,1000000083,1000000088,1000000083,1000000088,1,1.282051282051282E-2,12,12
2026-04-09,1000000083,1000000083,1000000094,1000000083,1000000094,1000000083,1000000094,1,1.282051282051282E-2,0,0
2026-04-09,1000000083,1000000083,1000000108,1000000083,1000000108,1000000083,1000000108,1,1.282051282051282E-2,0,0
2026-04-09,1000000083,1000000083,1000000121,1000000083,1000000121,1000000083,1000000121,1,1.282051282051282E-2,1,1
2026-04-09,1000000083,1000000083,1000000127,1000000083,1000000127,1000000083,1000000127,1,1.282051282051282E-2,0,0
2026-04-09,1000000084,1000000084,1000000064,1000000084,1000000064,1000000084,1000000064,2,1.3513513513513514E-2,25.5,25.5
2026-04-09,1000000084,1000000084,1000000083,1000000084,1000000083,1000000084,1000000083,1,6.756756756756757E-3,1,1
2026-04-09,1000000084,1000000084,1000000084,1000000084,1000000084,1000000084,1000000084,4,2.702702702702703E-2,2.5,2.5
2026-04-09,1000000084,1000000084,1000000087,1000000084,1000000087,1000000084,1000000087,1,6.756756756756757E-3,0,0
2026-04-09,1000000084,1000000084,1000000088,1000000084,1000000088,1000000084,1000000088,2,1.3513513513513514E-2,3.5,3.5
2026-04-09,1000000084,1000000084,1000000092,1000000084,1000000092,1000000084,1000000092,1,6.756756756756757E-3,0,0
2026-04-09,1000000084,1000000084,1000000093,1000000084,1000000093,1000000084,1000000093,2,1.3513513513513514E-2,41,41
2026-04-09,1000000084,1000000084,1000000108,1000000084,1000000108,1000000084,1000000108,2,1.3513513513513514E-2,0,0
2026-04-09,1000000084,1000000084,1000000110,1000000084,1000000110,1000000084,1000000110,2,1.3513513513513514E-2,1,1
2026-04-09,1000000085,1000000085,1000000033,1000000085,1000000033,1000000085,1000000033,1,3.134796238244514E-3,4,4
2026-04-09,1000000085,1000000085,1000000035,1000000085,1000000035,1000000085,1000000035,1,3.134796238244514E-3,47,47
2026-04-09,1000000085,1000000085,1000000042,1000000085,1000000042,1000000085,1000000042,1,3.134796238244514E-3,27,27
2026-04-09,1000000085,1000000085,1000000045,1000000085,1000000045,1000000085,1000000045,2,6.269592476489028E-3,0,0
2026-04-09,1000000085,1000000085,1000000064,1000000085,1000000064,1000000085,1000000064,2,6.269592476489028E-3,0,0
2026-04-09,1000000085,1000000085,1000000084,1000000085,1000000084,1000000085,1000000084,4,1.2539184952978056E-2,23.5,23.5
2026-04-09,1000000085,1000000085,1000000085,1000000085,1000000085,1000000085,1000000085,17,5.329153605015674E-2,9.588235294117647,9.588235294117647
2026-04-09,1000000085,1000000085,1000000086,1000000085,1000000086,1000000085,1000000086,10,3.134796238244514E-2,7,7
2026-04-09,1000000085,1000000085,1000000087,1000000085,1000000087,1000000085,1000000087,6,1.8808777429467086E-2,4.833333333333333,4.833333333333333
2026-04-09,1000000085,1000000085,1000000088,1000000085,1000000088,1000000085,1000000088,7,2.19435736677116E-2,7.142857142857143E-1,7.142857142857143E-1
2026-04-09,1000000085,1000000085,1000000089,1000000085,1000000089,1000000085,1000000089,1,3.134796238244514E-3,36,36
2026-04-09,1000000085,1000000085,1000000090,1000000085,1000000090,1000000085,1000000090,2,6.269592476489028E-3,1.5,1.5
2026-04-09,1000000085,1000000085,1000000091,1000000085,1000000091,1000000085,1000000091,2,6.269592476489028E-3,33.5,33.5
2026-04-09,1000000085,1000000085,1000000092,1000000085,1000000092,1000000085,1000000092,3,9.404388714733543E-3,3.333333333333333E-1,3.333333333333333E-1
2026-04-09,1000000085,1000000085,1000000093,1000000085,1000000093,1000000085,1000000093,1,3.134796238244514E-3,0,0
2026-04-09,1000000085,1000000085,1000000108,1000000085,1000000108,1000000085,1000000108,2,6.269592476489028E-3,5.0E-1,5.0E-1
2026-04-09,1000000085,1000000085,1000000111,1000000085,1000000111,1000000085,1000000111,1,3.134796238244514E-3,0,0
2026-04-09,1000000085,1000000085,1000000127,1000000085,1000000127,1000000085,1000000127,1,3.134796238244514E-3,0,0
2026-04-09,1000000085,1000000085,1000000153,1000000085,1000000153,1000000085,1000000153,1,3.134796238244514E-3,1,1
2026-04-09,1000000086,1000000086,1000000045,1000000086,1000000045,1000000086,1000000045,1,5.0E-3,6,6
2026-04-09,1000000086,1000000086,1000000063,1000000086,1000000063,1000000086,1000000063,1,5.0E-3,60,60
2026-04-09,1000000086,1000000086,1000000064,1000000086,1000000064,1000000086,1000000064,2,1.0E-2,12,12
2026-04-09,1000000086,1000000086,1000000084,1000000086,1000000084,1000000086,1000000084,4,2.0E-2,21.25,21.25
2026-04-09,1000000086,1000000086,1000000085,1000000086,1000000085,1000000086,1000000085,12,6.0E-2,12.416666666666666,12.416666666666666
2026-04-09,1000000086,1000000086,1000000086,1000000086,1000000086,1000000086,1000000086,20,1.0E-1,11.4,11.4
2026-04-09,1000000086,1000000086,1000000087,1000000086,1000000087,1000000086,1000000087,7,3.5E-2,4.714285714285714,4.714285714285714
2026-04-09,1000000086,1000000086,1000000088,1000000086,1000000088,1000000086,1000000088,6,3.0E-2,0,0
2026-04-09,1000000086,1000000086,1000000089,1000000086,1000000089,1000000086,1000000089,2,1.0E-2,35,35
2026-04-09,1000000086,1000000086,1000000090,1000000086,1000000090,1000000086,1000000090,1,5.0E-3,0,0
2026-04-09,1000000086,1000000086,1000000113,1000000086,1000000113,1000000086,1000000113,1,5.0E-3,0,0
2026-04-09,1000000087,1000000087,1000000033,1000000087,1000000033,1000000087,1000000033,1,2.173913043478261E-3,22,22
2026-04-09,1000000087,1000000087,1000000035,1000000087,1000000035,1000000087,1000000035,1,2.173913043478261E-3,46,46
2026-04-09,1000000087,1000000087,1000000043,1000000087,1000000043,1000000087,1000000043,2,4.347826086956522E-3,1,1
2026-04-09,1000000087,1000000087,1000000044,1000000087,1000000044,1000000087,1000000044,1,2.173913043478261E-3,5,5
2026-04-09,1000000087,1000000087,1000000064,1000000087,1000000064,1000000087,1000000064,6,1.3043478260869565E-2,34.666666666666664,34.666666666666664
2026-04-09,1000000087,1000000087,1000000084,1000000087,1000000084,1000000087,1000000084,3,6.521739130434782E-3,9.333333333333334,9.333333333333334
2026-04-09,1000000087,1000000087,1000000085,1000000087,1000000085,1000000087,1000000085,8,1.7391304347826087E-2,10.375,10.375
2026-04-09,1000000087,1000000087,1000000086,1000000087,1000000086,1000000087,1000000086,7,1.5217391304347827E-2,9.714285714285714,9.714285714285714
2026-04-09,1000000087,1000000087,1000000087,1000000087,1000000087,1000000087,1000000087,31,6.739130434782609E-2,16.06451612903226,16.06451612903226
2026-04-09,1000000087,1000000087,1000000088,1000000087,1000000088,1000000087,1000000088,14,3.0434782608695653E-2,10.714285714285714,10.714285714285714
2026-04-09,1000000087,1000000087,1000000092,1000000087,1000000092,1000000087,1000000092,2,4.347826086956522E-3,42,42
2026-04-09,1000000087,1000000087,1000000093,1000000087,1000000093,1000000087,1000000093,4,8.695652173913044E-3,2.25,2.25
2026-04-09,1000000087,1000000087,1000000094,1000000087,1000000094,1000000087,1000000094,1,2.173913043478261E-3,0,0
2026-04-09,1000000087,1000000087,1000000143,1000000087,1000000143,1000000087,1000000143,1,2.173913043478261E-3,2,2
2026-04-09,1000000088,1000000088,1000000063,1000000088,1000000063,1000000088,1000000063,1,2.8089887640449437E-3,0,0
2026-04-09,1000000088,1000000088,1000000064,1000000088,1000000064,1000000088,1000000064,8,2.247191011235955E-2,25.625,25.625
2026-04-09,1000000088,1000000088,1000000083,1000000088,1000000083,1000000088,1000000083,1,2.8089887640449437E-3,80,80
2026-04-09,1000000088,1000000088,1000000084,1000000088,1000000084,1000000088,1000000084,1,2.8089887640449437E-3,52,52
2026-04-09,1000000088,1000000088,1000000085,1000000088,1000000085,1000000088,1000000085,7,1.9662921348314606E-2,8.571428571428571,8.571428571428571
2026-04-09,1000000088,1000000088,1000000086,1000000088,1000000086,1000000088,1000000086,8,2.247191011235955E-2,9.5,9.5
2026-04-09,1000000088,1000000088,1000000087,1000000088,1000000087,1000000088,1000000087,10,2.8089887640449437E-2,4.1,4.1
2026-04-09,1000000088,1000000088,1000000088,1000000088,1000000088,1000000088,1000000088,39,1.0955056179775281E-1,8.615384615384615,8.615384615384615
2026-04-09,1000000088,1000000088,1000000089,1000000088,1000000089,1000000088,1000000089,2,5.6179775280898875E-3,4.5,4.5
2026-04-09,1000000088,1000000088,1000000090,1000000088,1000000090,1000000088,1000000090,1,2.8089887640449437E-3,0,0
2026-04-09,1000000088,1000000088,1000000092,1000000088,1000000092,1000000088,1000000092,1,2.8089887640449437E-3,0,0
2026-04-09,1000000088,1000000088,1000000094,1000000088,1000000094,1000000088,1000000094,2,5.6179775280898875E-3,37,37
2026-04-09,1000000088,1000000088,1000000112,1000000088,1000000112,1000000088,1000000112,2,5.6179775280898875E-3,5.0E-1,5.0E-1
2026-04-09,1000000088,1000000088,1000000121,1000000088,1000000121,1000000088,1000000121,1,2.8089887640449437E-3,13,13
2026-04-09,1000000088,1000000088,1000000142,1000000088,1000000142,1000000088,1000000142,2,5.6179775280898875E-3,4.5,4.5
2026-04-09,1000000089,1000000089,1000000033,1000000089,1000000033,1000000089,1000000033,1,2.0E-2,87,87
2026-04-09,1000000089,1000000089,1000000086,1000000089,1000000086,1000000089,1000000086,1,2.0E-2,0,0
2026-04-09,1000000089,1000000089,1000000087,1000000089,1000000087,1000000089,1000000087,3,6.0E-2,3.333333333333333E-1,3.333333333333333E-1
2026-04-09,1000000089,1000000089,1000000088,1000000089,1000000088,1000000089,1000000088,4,8.0E-2,4.75,4.75
2026-04-09,1000000089,1000000089,1000000089,1000000089,1000000089,1000000089,1000000089,4,8.0E-2,8.75,8.75
2026-04-09,1000000089,1000000089,1000000091,1000000089,1000000091,1000000089,1000000091,1,2.0E-2,0,0
2026-04-09,1000000089,1000000089,1000000111,1000000089,1000000111,1000000089,1000000111,1,2.0E-2,32,32
2026-04-09,1000000089,1000000089,1000000112,1000000089,1000000112,1000000089,1000000112,1,2.0E-2,0,0
2026-04-09,1000000090,1000000090,1000000028,1000000090,1000000028,1000000090,1000000028,1,7.874015748031496E-3,12,12
2026-04-09,1000000090,1000000090,1000000063,1000000090,1000000063,1000000090,1000000063,1,7.874015748031496E-3,0,0
2026-04-09,1000000090,1000000090,1000000064,1000000090,1000000064,1000000090,1000000064,1,7.874015748031496E-3,76,76
2026-04-09,1000000090,1000000090,1000000085,1000000090,1000000085,1000000090,1000000085,1,7.874015748031496E-3,0,0
2026-04-09,1000000090,1000000090,1000000090,1000000090,1000000090,1000000090,1000000090,3,2.3622047244094488E-2,2,2
2026-04-09,1000000090,1000000090,1000000091,1000000090,1000000091,1000000090,1000000091,1,7.874015748031496E-3,4,4
2026-04-09,1000000090,1000000090,1000000092,1000000090,1000000092,1000000090,1000000092,1,7.874015748031496E-3,0,0
2026-04-09,1000000090,1000000090,1000000093,1000000090,1000000093,1000000090,1000000093,1,7.874015748031496E-3,0,0
2026-04-09,1000000090,1000000090,1000000094,1000000090,1000000094,1000000090,1000000094,1,7.874015748031496E-3,0,0
2026-04-09,1000000090,1000000090,1000000111,1000000090,1000000111,1000000090,1000000111,1,7.874015748031496E-3,2,2
2026-04-09,1000000090,1000000090,1000000112,1000000090,1000000112,1000000090,1000000112,1,7.874015748031496E-3,0,0
2026-04-09,1000000091,1000000091,1000000028,1000000091,1000000028,1000000091,1000000028,1,5.555555555555556E-3,12,12
2026-04-09,1000000091,1000000091,1000000035,1000000091,1000000035,1000000091,1000000035,1,5.555555555555556E-3,47,47
2026-04-09,1000000091,1000000091,1000000045,1000000091,1000000045,1000000091,1000000045,3,1.6666666666666666E-2,2,2
2026-04-09,1000000091,1000000091,1000000064,1000000091,1000000064,1000000091,1000000064,4,2.2222222222222223E-2,13,13
2026-04-09,1000000091,1000000091,1000000085,1000000091,1000000085,1000000091,1000000085,2,1.1111111111111112E-2,38,38
2026-04-09,1000000091,1000000091,1000000086,1000000091,1000000086,1000000091,1000000086,2,1.1111111111111112E-2,14,14
2026-04-09,1000000091,1000000091,1000000087,1000000091,1000000087,1000000091,1000000087,2,1.1111111111111112E-2,24.5,24.5
2026-04-09,1000000091,1000000091,1000000089,1000000091,1000000089,1000000091,1000000089,1,5.555555555555556E-3,0,0
2026-04-09,1000000091,1000000091,1000000090,1000000091,1000000090,1000000091,1000000090,3,1.6666666666666666E-2,4.333333333333333,4.333333333333333
2026-04-09,1000000091,1000000091,1000000091,1000000091,1000000091,1000000091,1000000091,11,6.111111111111111E-2,7.454545454545454,7.454545454545454
2026-04-09,1000000091,1000000091,1000000092,1000000091,1000000092,1000000091,1000000092,2,1.1111111111111112E-2,10,10
2026-04-09,1000000091,1000000091,1000000093,1000000091,1000000093,1000000091,1000000093,2,1.1111111111111112E-2,9,9
2026-04-09,1000000091,1000000091,1000000094,1000000091,1000000094,1000000091,1000000094,2,1.1111111111111112E-2,0,0
2026-04-09,1000000091,1000000091,1000000111,1000000091,1000000111,1000000091,1000000111,1,5.555555555555556E-3,4,4
2026-04-09,1000000092,1000000092,1000000028,1000000092,1000000028,1000000092,1000000028,1,6.4516129032258064E-3,12,12
2026-04-09,1000000092,1000000092,1000000064,1000000092,1000000064,1000000092,1000000064,4,2.5806451612903226E-2,12,12
2026-04-09,1000000092,1000000092,1000000084,1000000092,1000000084,1000000092,1000000084,1,6.4516129032258064E-3,0,0
2026-04-09,1000000092,1000000092,1000000085,1000000092,1000000085,1000000092,1000000085,2,1.2903225806451613E-2,0,0
2026-04-09,1000000092,1000000092,1000000087,1000000092,1000000087,1000000092,1000000087,2,1.2903225806451613E-2,1,1
2026-04-09,1000000092,1000000092,1000000088,1000000092,1000000088,1000000092,1000000088,1,6.4516129032258064E-3,0,0
2026-04-09,1000000092,1000000092,1000000090,1000000092,1000000090,1000000092,1000000090,3,1.935483870967742E-2,1,1
2026-04-09,1000000092,1000000092,1000000091,1000000092,1000000091,1000000092,1000000091,3,1.935483870967742E-2,9.333333333333334,9.333333333333334
2026-04-09,1000000092,1000000092,1000000092,1000000092,1000000092,1000000092,1000000092,8,5.161290322580645E-2,8.875,8.875
2026-04-09,1000000092,1000000092,1000000093,1000000092,1000000093,1000000092,1000000093,1,6.4516129032258064E-3,6,6
2026-04-09,1000000092,1000000092,1000000111,1000000092,1000000111,1000000092,1000000111,1,6.4516129032258064E-3,0,0
2026-04-09,1000000093,1000000093,1000000044,1000000093,1000000044,1000000093,1000000044,2,2.8169014084507044E-3,49.5,49.5
2026-04-09,1000000093,1000000093,1000000045,1000000093,1000000045,1000000093,1000000045,2,2.8169014084507044E-3,8,8
2026-04-09,1000000093,1000000093,1000000062,1000000093,1000000062,1000000093,1000000062,4,5.633802816901409E-3,50.75,50.75
2026-04-09,1000000093,1000000093,1000000064,1000000093,1000000064,1000000093,1000000064,10,1.4084507042253521E-2,8.6,8.6
2026-04-09,1000000093,1000000093,1000000084,1000000093,1000000084,1000000093,1000000084,1,1.4084507042253522E-3,3,3
2026-04-09,1000000093,1000000093,1000000085,1000000093,1000000085,1000000093,1000000085,2,2.8169014084507044E-3,0,0
2026-04-09,1000000093,1000000093,1000000086,1000000093,1000000086,1000000093,1000000086,1,1.4084507042253522E-3,6,6
2026-04-09,1000000093,1000000093,1000000087,1000000093,1000000087,1000000093,1000000087,5,7.042253521126761E-3,2.8,2.8
2026-04-09,1000000093,1000000093,1000000088,1000000093,1000000088,1000000093,1000000088,1,1.4084507042253522E-3,62,62
2026-04-09,1000000093,1000000093,1000000090,1000000093,1000000090,1000000093,1000000090,1,1.4084507042253522E-3,0,0
2026-04-09,1000000093,1000000093,1000000091,1000000093,1000000091,1000000093,1000000091,2,2.8169014084507044E-3,0,0
2026-04-09,1000000093,1000000093,1000000093,1000000093,1000000093,1000000093,1000000093,77,1.0845070422535211E-1,6.025974025974026,6.025974025974026
2026-04-09,1000000093,1000000093,1000000094,1000000093,1000000094,1000000093,1000000094,3,4.225352112676056E-3,0,0
2026-04-09,1000000093,1000000093,1000000108,1000000093,1000000108,1000000093,1000000108,6,8.450704225352112E-3,24.333333333333332,24.333333333333332
2026-04-09,1000000093,1000000093,1000000110,1000000093,1000000110,1000000093,1000000110,2,2.8169014084507044E-3,0,0
2026-04-09,1000000093,1000000093,1000000111,1000000093,1000000111,1000000093,1000000111,7,9.859154929577466E-3,7.142857142857143E-1,7.142857142857143E-1
2026-04-09,1000000093,1000000093,1000000112,1000000093,1000000112,1000000093,1000000112,2,2.8169014084507044E-3,2,2
2026-04-09,1000000093,1000000093,1000000113,1000000093,1000000113,1000000093,1000000113,1,1.4084507042253522E-3,14,14
2026-04-09,1000000094,1000000094,1000000035,1000000094,1000000035,1000000094,1000000035,1,5.3475935828877E-3,0,0
2026-04-09,1000000094,1000000094,1000000044,1000000094,1000000044,1000000094,1000000044,1,5.3475935828877E-3,13,13
2026-04-09,1000000094,1000000094,1000000064,1000000094,1000000064,1000000094,1000000064,1,5.3475935828877E-3,5,5
2026-04-09,1000000094,1000000094,1000000084,1000000094,1000000084,1000000094,1000000084,1,5.3475935828877E-3,30,30
2026-04-09,1000000094,1000000094,1000000086,1000000094,1000000086,1000000094,1000000086,1,5.3475935828877E-3,73,73
2026-04-09,1000000094,1000000094,1000000088,1000000094,1000000088,1000000094,1000000088,1,5.3475935828877E-3,16,16
2026-04-09,1000000094,1000000094,1000000089,1000000094,1000000089,1000000094,1000000089,1,5.3475935828877E-3,36,36
2026-04-09,1000000094,1000000094,1000000090,1000000094,1000000090,1000000094,1000000090,1,5.3475935828877E-3,25,25
2026-04-09,1000000094,1000000094,1000000091,1000000094,1000000091,1000000094,1000000091,2,1.06951871657754E-2,2.5,2.5
2026-04-09,1000000094,1000000094,1000000092,1000000094,1000000092,1000000094,1000000092,1,5.3475935828877E-3,18,18
2026-04-09,1000000094,1000000094,1000000093,1000000094,1000000093,1000000094,1000000093,2,1.06951871657754E-2,0,0
2026-04-09,1000000094,1000000094,1000000094,1000000094,1000000094,1000000094,1000000094,16,8.55614973262032E-2,12.875,12.875
2026-04-09,1000000094,1000000094,1000000095,1000000094,1000000095,1000000094,1000000095,1,5.3475935828877E-3,40,40
2026-04-09,1000000094,1000000094,1000000108,1000000094,1000000108,1000000094,1000000108,3,1.6042780748663103E-2,4.333333333333333,4.333333333333333
2026-04-09,1000000094,1000000094,1000000110,1000000094,1000000110,1000000094,1000000110,2,1.06951871657754E-2,1,1
2026-04-09,1000000094,1000000094,1000000111,1000000094,1000000111,1000000094,1000000111,4,2.13903743315508E-2,34.25,34.25
2026-04-09,1000000108,1000000108,1000000035,1000000108,1000000035,1000000108,1000000035,1,4.016064257028112E-3,15,15
2026-04-09,1000000108,1000000108,1000000042,1000000108,1000000042,1000000108,1000000042,1,4.016064257028112E-3,83,83
2026-04-09,1000000108,1000000108,1000000043,1000000108,1000000043,1000000108,1000000043,1,4.016064257028112E-3,0,0
2026-04-09,1000000108,1000000108,1000000044,1000000108,1000000044,1000000108,1000000044,1,4.016064257028112E-3,82,82
2026-04-09,1000000108,1000000108,1000000045,1000000108,1000000045,1000000108,1000000045,3,1.2048192771084338E-2,0,0
2026-04-09,1000000108,1000000108,1000000064,1000000108,1000000064,1000000108,1000000064,2,8.032128514056224E-3,43,43
2026-04-09,1000000108,1000000108,1000000071,1000000108,1000000071,1000000108,1000000071,1,4.016064257028112E-3,12,12
2026-04-09,1000000108,1000000108,1000000083,1000000108,1000000083,1000000108,1000000083,1,4.016064257028112E-3,0,0
2026-04-09,1000000108,1000000108,1000000084,1000000108,1000000084,1000000108,1000000084,1,4.016064257028112E-3,0,0
2026-04-09,1000000108,1000000108,1000000087,1000000108,1000000087,1000000108,1000000087,1,4.016064257028112E-3,0,0
2026-04-09,1000000108,1000000108,1000000091,1000000108,1000000091,1000000108,1000000091,1,4.016064257028112E-3,0,0
2026-04-09,1000000108,1000000108,1000000092,1000000108,1000000092,1000000108,1000000092,2,8.032128514056224E-3,21,21
2026-04-09,1000000108,1000000108,1000000093,1000000108,1000000093,1000000108,1000000093,7,2.8112449799196786E-2,9.142857142857142,9.142857142857142
2026-04-09,1000000108,1000000108,1000000094,1000000108,1000000094,1000000108,1000000094,3,1.2048192771084338E-2,5.666666666666667,5.666666666666667
2026-04-09,1000000108,1000000108,1000000108,1000000108,1000000108,1000000108,1000000108,24,9.63855421686747E-2,9.083333333333334,9.083333333333334
2026-04-09,1000000108,1000000108,1000000111,1000000108,1000000111,1000000108,1000000111,1,4.016064257028112E-3,0,0
2026-04-09,1000000108,1000000108,1000000112,1000000108,1000000112,1000000108,1000000112,2,8.032128514056224E-3,19,19
2026-04-09,1000000108,1000000108,1000000127,1000000108,1000000127,1000000108,1000000127,1,4.016064257028112E-3,0,0
2026-04-09,1000000110,1000000110,1000000027,1000000110,1000000027,1000000110,1000000027,1,1.3888888888888888E-2,39,39
2026-04-09,1000000110,1000000110,1000000083,1000000110,1000000083,1000000110,1000000083,1,1.3888888888888888E-2,2,2
2026-04-09,1000000110,1000000110,1000000093,1000000110,1000000093,1000000110,1000000093,1,1.3888888888888888E-2,0,0
2026-04-09,1000000110,1000000110,1000000094,1000000110,1000000094,1000000110,1000000094,1,1.3888888888888888E-2,0,0
2026-04-09,1000000110,1000000110,1000000108,1000000110,1000000108,1000000110,1000000108,1,1.3888888888888888E-2,0,0
2026-04-09,1000000110,1000000110,1000000110,1000000110,1000000110,1000000110,1000000110,7,9.722222222222222E-2,5.857142857142857,5.857142857142857
2026-04-09,1000000110,1000000110,1000000112,1000000110,1000000112,1000000110,1000000112,1,1.3888888888888888E-2,0,0
2026-04-09,1000000111,1000000111,1000000045,1000000111,1000000045,1000000111,1000000045,1,2.9585798816568047E-3,14,14
2026-04-09,1000000111,1000000111,1000000062,1000000111,1000000062,1000000111,1000000062,2,5.917159763313609E-3,1.5,1.5
2026-04-09,1000000111,1000000111,1000000064,1000000111,1000000064,1000000111,1000000064,8,2.3668639053254437E-2,16.5,16.5
2026-04-09,1000000111,1000000111,1000000066,1000000111,1000000066,1000000111,1000000066,1,2.9585798816568047E-3,0,0
2026-04-09,1000000111,1000000111,1000000085,1000000111,1000000085,1000000111,1000000085,1,2.9585798816568047E-3,0,0
2026-04-09,1000000111,1000000111,1000000086,1000000111,1000000086,1000000111,1000000086,1,2.9585798816568047E-3,73,73
2026-04-09,1000000111,1000000111,1000000087,1000000111,1000000087,1000000111,1000000087,1,2.9585798816568047E-3,3,3
2026-04-09,1000000111,1000000111,1000000088,1000000111,1000000088,1000000111,1000000088,2,5.917159763313609E-3,31,31
2026-04-09,1000000111,1000000111,1000000091,1000000111,1000000091,1000000111,1000000091,2,5.917159763313609E-3,15,15
2026-04-09,1000000111,1000000111,1000000092,1000000111,1000000092,1000000111,1000000092,1,2.9585798816568047E-3,0,0
2026-04-09,1000000111,1000000111,1000000093,1000000111,1000000093,1000000111,1000000093,10,2.9585798816568046E-2,10.1,10.1
2026-04-09,1000000111,1000000111,1000000094,1000000111,1000000094,1000000111,1000000094,1,2.9585798816568047E-3,0,0
2026-04-09,1000000111,1000000111,1000000108,1000000111,1000000108,1000000111,1000000108,1,2.9585798816568047E-3,0,0
2026-04-09,1000000111,1000000111,1000000110,1000000111,1000000110,1000000111,1000000110,2,5.917159763313609E-3,1,1
2026-04-09,1000000111,1000000111,1000000111,1000000111,1000000111,1000000111,1000000111,34,1.0059171597633136E-1,9.352941176470589,9.352941176470589
2026-04-09,1000000111,1000000111,1000000112,1000000111,1000000112,1000000111,1000000112,1,2.9585798816568047E-3,0,0
2026-04-09,1000000111,1000000111,1000000113,1000000111,1000000113,1000000111,1000000113,1,2.9585798816568047E-3,0,0
2026-04-09,1000000111,1000000111,1000000156,1000000111,1000000156,1000000111,1000000156,1,2.9585798816568047E-3,41,41
2026-04-09,1000000112,1000000112,1000000042,1000000112,1000000042,1000000112,1000000042,1,1.0752688172043012E-2,1,1
2026-04-09,1000000112,1000000112,1000000043,1000000112,1000000043,1000000112,1000000043,1,1.0752688172043012E-2,66,66
2026-04-09,1000000112,1000000112,1000000044,1000000112,1000000044,1000000112,1000000044,1,1.0752688172043012E-2,82,82
2026-04-09,1000000112,1000000112,1000000045,1000000112,1000000045,1000000112,1000000045,1,1.0752688172043012E-2,0,0
2026-04-09,1000000112,1000000112,1000000064,1000000112,1000000064,1000000112,1000000064,2,2.1505376344086023E-2,54.5,54.5
2026-04-09,1000000112,1000000112,1000000072,1000000112,1000000072,1000000112,1000000072,1,1.0752688172043012E-2,1,1
2026-04-09,1000000112,1000000112,1000000086,1000000112,1000000086,1000000112,1000000086,1,1.0752688172043012E-2,0,0
2026-04-09,1000000112,1000000112,1000000088,1000000112,1000000088,1000000112,1000000088,2,2.1505376344086023E-2,2,2
2026-04-09,1000000112,1000000112,1000000090,1000000112,1000000090,1000000112,1000000090,1,1.0752688172043012E-2,0,0
2026-04-09,1000000112,1000000112,1000000093,1000000112,1000000093,1000000112,1000000093,1,1.0752688172043012E-2,0,0
2026-04-09,1000000112,1000000112,1000000110,1000000112,1000000110,1000000112,1000000110,1,1.0752688172043012E-2,0,0
2026-04-09,1000000112,1000000112,1000000112,1000000112,1000000112,1000000112,1000000112,3,3.225806451612903E-2,0,0
2026-04-09,1000000113,1000000113,1000000044,1000000113,1000000044,1000000113,1000000044,1,9.900990099009901E-3,0,0
2026-04-09,1000000113,1000000113,1000000045,1000000113,1000000045,1000000113,1000000045,2,1.9801980198019802E-2,3,3
2026-04-09,1000000113,1000000113,1000000063,1000000113,1000000063,1000000113,1000000063,2,1.9801980198019802E-2,3,3
2026-04-09,1000000113,1000000113,1000000064,1000000113,1000000064,1000000113,1000000064,3,2.97029702970297E-2,11.666666666666666,11.666666666666666
2026-04-09,1000000113,1000000113,1000000085,1000000113,1000000085,1000000113,1000000085,1,9.900990099009901E-3,14,14
2026-04-09,1000000113,1000000113,1000000111,1000000113,1000000111,1000000113,1000000111,2,1.9801980198019802E-2,5.0E-1,5.0E-1
2026-04-09,1000000113,1000000113,1000000113,1000000113,1000000113,1000000113,1000000113,8,7.920792079207921E-2,7.25,7.25
2026-04-09,1000000113,1000000113,1000000127,1000000113,1000000127,1000000113,1000000127,1,9.900990099009901E-3,0,0
2026-04-09,1000000121,1000000121,1000000035,1000000121,1000000035,1000000121,1000000035,1,5.434782608695652E-3,52,52
2026-04-09,1000000121,1000000121,1000000042,1000000121,1000000042,1000000121,1000000042,2,1.0869565217391304E-2,39.5,39.5
2026-04-09,1000000121,1000000121,1000000043,1000000121,1000000043,1000000121,1000000043,1,5.434782608695652E-3,16,16
2026-04-09,1000000121,1000000121,1000000044,1000000121,1000000044,1000000121,1000000044,1,5.434782608695652E-3,13,13
2026-04-09,1000000121,1000000121,1000000064,1000000121,1000000064,1000000121,1000000064,2,1.0869565217391304E-2,5.5,5.5
2026-04-09,1000000121,1000000121,1000000070,1000000121,1000000070,1000000121,1000000070,1,5.434782608695652E-3,8,8
2026-04-09,1000000121,1000000121,1000000086,1000000121,1000000086,1000000121,1000000086,2,1.0869565217391304E-2,35.5,35.5
2026-04-09,1000000121,1000000121,1000000087,1000000121,1000000087,1000000121,1000000087,1,5.434782608695652E-3,0,0
2026-04-09,1000000121,1000000121,1000000093,1000000121,1000000093,1000000121,1000000093,1,5.434782608695652E-3,24,24
2026-04-09,1000000121,1000000121,1000000111,1000000121,1000000111,1000000121,1000000111,1,5.434782608695652E-3,6,6
2026-04-09,1000000121,1000000121,1000000121,1000000121,1000000121,1000000121,1000000121,17,9.239130434782608E-2,8.588235294117647,8.588235294117647
2026-04-09,1000000127,1000000127,1000000045,1000000127,1000000045,1000000127,1000000045,2,8.064516129032258E-3,0,0
2026-04-09,1000000127,1000000127,1000000062,1000000127,1000000062,1000000127,1000000062,2,8.064516129032258E-3,0,0
2026-04-09,1000000127,1000000127,1000000063,1000000127,1000000063,1000000127,1000000063,1,4.032258064516129E-3,0,0
2026-04-09,1000000127,1000000127,1000000064,1000000127,1000000064,1000000127,1000000064,14,5.6451612903225805E-2,23,23
2026-04-09,1000000127,1000000127,1000000086,1000000127,1000000086,1000000127,1000000086,2,8.064516129032258E-3,18,18
2026-04-09,1000000127,1000000127,1000000088,1000000127,1000000088,1000000127,1000000088,1,4.032258064516129E-3,0,0
2026-04-09,1000000127,1000000127,1000000090,1000000127,1000000090,1000000127,1000000090,1,4.032258064516129E-3,41,41
2026-04-09,1000000127,1000000127,1000000091,1000000127,1000000091,1000000127,1000000091,1,4.032258064516129E-3,0,0
2026-04-09,1000000127,1000000127,1000000093,1000000127,1000000093,1000000127,1000000093,1,4.032258064516129E-3,14,14
2026-04-09,1000000127,1000000127,1000000108,1000000127,1000000108,1000000127,1000000108,1,4.032258064516129E-3,0,0
2026-04-09,1000000127,1000000127,1000000111,1000000127,1000000111,1000000127,1000000111,1,4.032258064516129E-3,0,0
2026-04-09,1000000127,1000000127,1000000113,1000000127,1000000113,1000000127,1000000113,1,4.032258064516129E-3,0,0
2026-04-09,1000000127,1000000127,1000000127,1000000127,1000000127,1000000127,1000000127,2,8.064516129032258E-3,6,6
2026-04-09,1000000144,1000000144,1000000064,1000000144,1000000064,1000000144,1000000064,2,3.278688524590164E-2,31,31
2026-04-09,1000000144,1000000144,1000000087,1000000144,1000000087,1000000144,1000000087,1,1.639344262295082E-2,0,0
2026-04-09,1000000144,1000000144,1000000089,1000000144,1000000089,1000000144,1000000089,1,1.639344262295082E-2,79,79
2026-04-09,1000000144,1000000144,1000000111,1000000144,1000000111,1000000144,1000000111,1,1.639344262295082E-2,0,0
2026-04-09,1000000144,1000000144,1000000128,1000000144,1000000128,1000000144,1000000128,1,1.639344262295082E-2,32,32
2026-04-10,1000000035,1000000035,1000000033,1000000035,1000000033,1000000035,1000000033,2,2.5974025974025976E-2,32.5,32.5
2026-04-10,1000000035,1000000035,1000000035,1000000035,1000000035,1000000035,1000000035,1,1.2987012987012988E-2,19,19
2026-04-10,1000000035,1000000035,1000000042,1000000035,1000000042,1000000035,1000000042,2,2.5974025974025976E-2,37,37
2026-04-10,1000000035,1000000035,1000000043,1000000035,1000000043,1000000035,1000000043,1,1.2987012987012988E-2,0,0
2026-04-10,1000000035,1000000035,1000000063,1000000035,1000000063,1000000035,1000000063,1,1.2987012987012988E-2,8,8
2026-04-10,1000000035,1000000035,1000000064,1000000035,1000000064,1000000035,1000000064,1,1.2987012987012988E-2,28,28
2026-04-10,1000000035,1000000035,1000000083,1000000035,1000000083,1000000035,1000000083,1,1.2987012987012988E-2,24,24
2026-04-10,1000000035,1000000035,1000000084,1000000035,1000000084,1000000035,1000000084,1,1.2987012987012988E-2,18,18
2026-04-10,1000000035,1000000035,1000000087,1000000035,1000000087,1000000035,1000000087,1,1.2987012987012988E-2,20,20
2026-04-10,1000000035,1000000035,1000000089,1000000035,1000000089,1000000035,1000000089,1,1.2987012987012988E-2,9,9
2026-04-10,1000000035,1000000035,1000000094,1000000035,1000000094,1000000035,1000000094,1,1.2987012987012988E-2,0,0
2026-04-10,1000000035,1000000035,1000000121,1000000035,1000000121,1000000035,1000000121,2,2.5974025974025976E-2,36.5,36.5
2026-04-10,1000000035,1000000035,1000000156,1000000035,1000000156,1000000035,1000000156,1,1.2987012987012988E-2,56,56
2026-04-10,1000000042,1000000042,1000000027,1000000042,1000000027,1000000042,1000000027,2,1.0416666666666666E-2,19.5,19.5
2026-04-10,1000000042,1000000042,1000000033,1000000042,1000000033,1000000042,1000000033,1,5.208333333333333E-3,0,0
2026-04-10,1000000042,1000000042,1000000035,1000000042,1000000035,1000000042,1000000035,1,5.208333333333333E-3,78,78
2026-04-10,1000000042,1000000042,1000000042,1000000042,1000000042,1000000042,1000000042,21,1.09375E-1,30.428571428571427,30.428571428571427
2026-04-10,1000000042,1000000042,1000000043,1000000042,1000000043,1000000042,1000000043,4,2.0833333333333332E-2,10.75,10.75
2026-04-10,1000000042,1000000042,1000000044,1000000042,1000000044,1000000042,1000000044,1,5.208333333333333E-3,13,13
2026-04-10,1000000042,1000000042,1000000045,1000000042,1000000045,1000000042,1000000045,4,2.0833333333333332E-2,31.5,31.5
2026-04-10,1000000042,1000000042,1000000063,1000000042,1000000063,1000000042,1000000063,1,5.208333333333333E-3,1,1
2026-04-10,1000000042,1000000042,1000000064,1000000042,1000000064,1000000042,1000000064,4,2.0833333333333332E-2,22,22
2026-04-10,1000000042,1000000042,1000000065,1000000042,1000000065,1000000042,1000000065,1,5.208333333333333E-3,0,0
2026-04-10,1000000042,1000000042,1000000084,1000000042,1000000084,1000000042,1000000084,1,5.208333333333333E-3,8,8
2026-04-10,1000000042,1000000042,1000000087,1000000042,1000000087,1000000042,1000000087,1,5.208333333333333E-3,1,1
2026-04-10,1000000042,1000000042,1000000088,1000000042,1000000088,1000000042,1000000088,1,5.208333333333333E-3,0,0
2026-04-10,1000000042,1000000042,1000000112,1000000042,1000000112,1000000042,1000000112,1,5.208333333333333E-3,9,9
2026-04-10,1000000042,1000000042,1000000121,1000000042,1000000121,1000000042,1000000121,3,1.5625E-2,16,16
2026-04-10,1000000042,1000000042,1000000153,1000000042,1000000153,1000000042,1000000153,1,5.208333333333333E-3,0,0
2026-04-10,1000000043,1000000043,1000000033,1000000043,1000000033,1000000043,1000000033,1,5.076142131979695E-3,33,33
2026-04-10,1000000043,1000000043,1000000042,1000000043,1000000042,1000000043,1000000042,9,4.568527918781726E-2,20.555555555555557,20.555555555555557
2026-04-10,1000000043,1000000043,1000000043,1000000043,1000000043,1000000043,1000000043,13,6.598984771573604E-2,19.23076923076923,19.23076923076923
2026-04-10,1000000043,1000000043,1000000044,1000000043,1000000044,1000000043,1000000044,5,2.5380710659898477E-2,9.8,9.8
2026-04-10,1000000043,1000000043,1000000045,1000000043,1000000045,1000000043,1000000045,3,1.5228426395939087E-2,2.3333333333333335,2.3333333333333335
2026-04-10,1000000043,1000000043,1000000062,1000000043,1000000062,1000000043,1000000062,1,5.076142131979695E-3,35,35
2026-04-10,1000000043,1000000043,1000000064,1000000043,1000000064,1000000043,1000000064,2,1.015228426395939E-2,31.5,31.5
2026-04-10,1000000043,1000000043,1000000084,1000000043,1000000084,1000000043,1000000084,1,5.076142131979695E-3,73,73
2026-04-10,1000000043,1000000043,1000000087,1000000043,1000000087,1000000043,1000000087,2,1.015228426395939E-2,10.5,10.5
2026-04-10,1000000043,1000000043,1000000108,1000000043,1000000108,1000000043,1000000108,2,1.015228426395939E-2,1.5,1.5
2026-04-10,1000000043,1000000043,1000000111,1000000043,1000000111,1000000043,1000000111,1,5.076142131979695E-3,29,29
2026-04-10,1000000043,1000000043,1000000121,1000000043,1000000121,1000000043,1000000121,2,1.015228426395939E-2,11,11
2026-04-10,1000000043,1000000043,1000000153,1000000043,1000000153,1000000043,1000000153,1,5.076142131979695E-3,0,0
2026-04-10,1000000044,1000000044,1000000027,1000000044,1000000027,1000000044,1000000027,1,7.142857142857143E-3,39,39
2026-04-10,1000000044,1000000044,1000000033,1000000044,1000000033,1000000044,1000000033,1,7.142857142857143E-3,46,46
2026-04-10,1000000044,1000000044,1000000042,1000000044,1000000042,1000000044,1000000042,7,5.0E-2,27.428571428571427,27.428571428571427
2026-04-10,1000000044,1000000044,1000000043,1000000044,1000000043,1000000044,1000000043,3,2.142857142857143E-2,10.333333333333334,10.333333333333334
2026-04-10,1000000044,1000000044,1000000044,1000000044,1000000044,1000000044,1000000044,4,2.857142857142857E-2,21.5,21.5
2026-04-10,1000000044,1000000044,1000000045,1000000044,1000000045,1000000044,1000000045,2,1.4285714285714285E-2,32.5,32.5
2026-04-10,1000000044,1000000044,1000000062,1000000044,1000000062,1000000044,1000000062,1,7.142857142857143E-3,0,0
2026-04-10,1000000044,1000000044,1000000070,1000000044,1000000070,1000000044,1000000070,1,7.142857142857143E-3,8,8
2026-04-10,1000000044,1000000044,1000000084,1000000044,1000000084,1000000044,1000000084,1,7.142857142857143E-3,18,18
2026-04-10,1000000044,1000000044,1000000085,1000000044,1000000085,1000000044,1000000085,1,7.142857142857143E-3,45,45
2026-04-10,1000000044,1000000044,1000000088,1000000044,1000000088,1000000044,1000000088,1,7.142857142857143E-3,16,16
2026-04-10,1000000044,1000000044,1000000112,1000000044,1000000112,1000000044,1000000112,1,7.142857142857143E-3,9,9
2026-04-10,1000000044,1000000044,1000000113,1000000044,1000000113,1000000044,1000000113,1,7.142857142857143E-3,0,0
2026-04-10,1000000044,1000000044,1000000121,1000000044,1000000121,1000000044,1000000121,2,1.4285714285714285E-2,21.5,21.5
2026-04-10,1000000044,1000000044,1000000156,1000000044,1000000156,1000000044,1000000156,1,7.142857142857143E-3,0,0
2026-04-10,1000000045,1000000045,1000000027,1000000045,1000000027,1000000045,1000000027,1,3.236245954692557E-3,39,39
2026-04-10,1000000045,1000000045,1000000033,1000000045,1000000033,1000000045,1000000033,2,6.472491909385114E-3,23,23
2026-04-10,1000000045,1000000045,1000000035,1000000045,1000000035,1000000045,1000000035,1,3.236245954692557E-3,27,27
2026-04-10,1000000045,1000000045,1000000042,1000000045,1000000042,1000000045,1000000042,10,3.2362459546925564E-2,18.5,18.5
2026-04-10,1000000045,1000000045,1000000043,1000000045,1000000043,1000000045,1000000043,5,1.6181229773462782E-2,6.8,6.8
2026-04-10,1000000045,1000000045,1000000044,1000000045,1000000044,1000000045,1000000044,2,6.472491909385114E-3,10.5,10.5
2026-04-10,1000000045,1000000045,1000000045,1000000045,1000000045,1000000045,1000000045,19,6.1488673139158574E-2,17,17
2026-04-10,1000000045,1000000045,1000000063,1000000045,1000000063,1000000045,1000000063,2,6.472491909385114E-3,18.5,18.5
2026-04-10,1000000045,1000000045,1000000064,1000000045,1000000064,1000000045,1000000064,7,2.2653721682847898E-2,21.857142857142858,21.857142857142858
2026-04-10,1000000045,1000000045,1000000085,1000000045,1000000085,1000000045,1000000085,1,3.236245954692557E-3,0,0
2026-04-10,1000000045,1000000045,1000000086,1000000045,1000000086,1000000045,1000000086,1,3.236245954692557E-3,56,56
2026-04-10,1000000045,1000000045,1000000091,1000000045,1000000091,1000000045,1000000091,2,6.472491909385114E-3,5.0E-1,5.0E-1
2026-04-10,1000000045,1000000045,1000000108,1000000045,1000000108,1000000045,1000000108,3,9.708737864077669E-3,18.666666666666668,18.666666666666668
2026-04-10,1000000045,1000000045,1000000112,1000000045,1000000112,1000000045,1000000112,1,3.236245954692557E-3,9,9
2026-04-10,1000000045,1000000045,1000000113,1000000045,1000000113,1000000045,1000000113,1,3.236245954692557E-3,0,0
2026-04-10,1000000045,1000000045,1000000121,1000000045,1000000121,1000000045,1000000121,2,6.472491909385114E-3,6.5,6.5
2026-04-10,1000000045,1000000045,1000000153,1000000045,1000000153,1000000045,1000000153,2,6.472491909385114E-3,0,0
2026-04-10,1000000045,1000000045,1000000156,1000000045,1000000156,1000000045,1000000156,2,6.472491909385114E-3,21,21
2026-04-10,1000000062,1000000062,1000000027,1000000062,1000000027,1000000062,1000000027,1,4.201680672268907E-3,0,0
2026-04-10,1000000062,1000000062,1000000028,1000000062,1000000028,1000000062,1000000028,1,4.201680672268907E-3,7,7
2026-04-10,1000000062,1000000062,1000000042,1000000062,1000000042,1000000062,1000000042,2,8.403361344537815E-3,51,51
2026-04-10,1000000062,1000000062,1000000045,1000000062,1000000045,1000000062,1000000045,3,1.2605042016806723E-2,32,32
2026-04-10,1000000062,1000000062,1000000062,1000000062,1000000062,1000000062,1000000062,6,2.5210084033613446E-2,7.166666666666667,7.166666666666667
2026-04-10,1000000062,1000000062,1000000064,1000000062,1000000064,1000000062,1000000064,7,2.9411764705882353E-2,24.571428571428573,24.571428571428573
2026-04-10,1000000062,1000000062,1000000065,1000000062,1000000065,1000000062,1000000065,1,4.201680672268907E-3,12,12
2026-04-10,1000000062,1000000062,1000000087,1000000062,1000000087,1000000062,1000000087,1,4.201680672268907E-3,71,71
2026-04-10,1000000062,1000000062,1000000093,1000000062,1000000093,1000000062,1000000093,1,4.201680672268907E-3,22,22
2026-04-10,1000000062,1000000062,1000000111,1000000062,1000000111,1000000062,1000000111,1,4.201680672268907E-3,37,37
2026-04-10,1000000062,1000000062,1000000121,1000000062,1000000121,1000000062,1000000121,1,4.201680672268907E-3,1,1
2026-04-10,1000000062,1000000062,1000000153,1000000062,1000000153,1000000062,1000000153,1,4.201680672268907E-3,0,0
2026-04-10,1000000063,1000000063,1000000042,1000000063,1000000042,1000000063,1000000042,4,1.3422818791946308E-2,39.75,39.75
2026-04-10,1000000063,1000000063,1000000043,1000000063,1000000043,1000000063,1000000043,3,1.0067114093959731E-2,1.3333333333333333,1.3333333333333333
2026-04-10,1000000063,1000000063,1000000044,1000000063,1000000044,1000000063,1000000044,4,1.3422818791946308E-2,29.25,29.25
2026-04-10,1000000063,1000000063,1000000045,1000000063,1000000045,1000000063,1000000045,1,3.355704697986577E-3,6,6
2026-04-10,1000000063,1000000063,1000000062,1000000063,1000000062,1000000063,1000000062,5,1.6778523489932886E-2,12.2,12.2
2026-04-10,1000000063,1000000063,1000000063,1000000063,1000000063,1000000063,1000000063,12,4.0268456375838924E-2,20.166666666666668,20.166666666666668
2026-04-10,1000000063,1000000063,1000000064,1000000063,1000000064,1000000063,1000000064,10,3.355704697986577E-2,25.2,25.2
2026-04-10,1000000063,1000000063,1000000069,1000000063,1000000069,1000000063,1000000069,1,3.355704697986577E-3,9,9
2026-04-10,1000000063,1000000063,1000000087,1000000063,1000000087,1000000063,1000000087,3,1.0067114093959731E-2,16,16
2026-04-10,1000000063,1000000063,1000000088,1000000063,1000000088,1000000063,1000000088,1,3.355704697986577E-3,0,0
2026-04-10,1000000063,1000000063,1000000090,1000000063,1000000090,1000000063,1000000090,2,6.711409395973154E-3,20.5,20.5
2026-04-10,1000000063,1000000063,1000000092,1000000063,1000000092,1000000063,1000000092,1,3.355704697986577E-3,1,1
2026-04-10,1000000063,1000000063,1000000093,1000000063,1000000093,1000000063,1000000093,2,6.711409395973154E-3,48.5,48.5
2026-04-10,1000000063,1000000063,1000000108,1000000063,1000000108,1000000063,1000000108,2,6.711409395973154E-3,28,28
2026-04-10,1000000063,1000000063,1000000112,1000000063,1000000112,1000000063,1000000112,1,3.355704697986577E-3,9,9
2026-04-10,1000000063,1000000063,1000000127,1000000063,1000000127,1000000063,1000000127,1,3.355704697986577E-3,0,0
2026-04-10,1000000064,1000000064,1000000033,1000000064,1000000033,1000000064,1000000033,1,6.024096385542169E-4,0,0
2026-04-10,1000000064,1000000064,1000000035,1000000064,1000000035,1000000064,1000000035,1,6.024096385542169E-4,46,46
2026-04-10,1000000064,1000000064,1000000042,1000000064,1000000042,1000000064,1000000042,13,7.83132530120482E-3,18.23076923076923,18.23076923076923
2026-04-10,1000000064,1000000064,1000000043,1000000064,1000000043,1000000064,1000000043,9,5.421686746987952E-3,17,17
2026-04-10,1000000064,1000000064,1000000044,1000000064,1000000044,1000000064,1000000044,5,3.0120481927710845E-3,16,16
2026-04-10,1000000064,1000000064,1000000045,1000000064,1000000045,1000000064,1000000045,6,3.6144578313253013E-3,21.333333333333332,21.333333333333332
2026-04-10,1000000064,1000000064,1000000062,1000000064,1000000062,1000000064,1000000062,3,1.8072289156626507E-3,23.333333333333332,23.333333333333332
2026-04-10,1000000064,1000000064,1000000063,1000000064,1000000063,1000000064,1000000063,9,5.421686746987952E-3,20.444444444444443,20.444444444444443
2026-04-10,1000000064,1000000064,1000000064,1000000064,1000000064,1000000064,1000000064,136,8.19277108433735E-2,14.205882352941176,14.205882352941176
2026-04-10,1000000064,1000000064,1000000069,1000000064,1000000069,1000000064,1000000069,1,6.024096385542169E-4,0,0
2026-04-10,1000000064,1000000064,1000000083,1000000064,1000000083,1000000064,1000000083,1,6.024096385542169E-4,0,0
2026-04-10,1000000064,1000000064,1000000084,1000000064,1000000084,1000000064,1000000084,3,1.8072289156626507E-3,47.666666666666664,47.666666666666664
2026-04-10,1000000064,1000000064,1000000085,1000000064,1000000085,1000000064,1000000085,4,2.4096385542168677E-3,17.5,17.5
2026-04-10,1000000064,1000000064,1000000086,1000000064,1000000086,1000000064,1000000086,2,1.2048192771084338E-3,48.5,48.5
2026-04-10,1000000064,1000000064,1000000088,1000000064,1000000088,1000000064,1000000088,5,3.0120481927710845E-3,21.4,21.4
2026-04-10,1000000064,1000000064,1000000090,1000000064,1000000090,1000000064,1000000090,1,6.024096385542169E-4,3,3
2026-04-10,1000000064,1000000064,1000000091,1000000064,1000000091,1000000064,1000000091,5,3.0120481927710845E-3,7.8,7.8
2026-04-10,1000000064,1000000064,1000000092,1000000064,1000000092,1000000064,1000000092,2,1.2048192771084338E-3,24.5,24.5
2026-04-10,1000000064,1000000064,1000000093,1000000064,1000000093,1000000064,1000000093,8,4.819277108433735E-3,9.625,9.625
2026-04-10,1000000064,1000000064,1000000094,1000000064,1000000094,1000000064,1000000094,2,1.2048192771084338E-3,15,15
2026-04-10,1000000064,1000000064,1000000108,1000000064,1000000108,1000000064,1000000108,2,1.2048192771084338E-3,0,0
2026-04-10,1000000064,1000000064,1000000111,1000000064,1000000111,1000000064,1000000111,2,1.2048192771084338E-3,10,10
2026-04-10,1000000064,1000000064,1000000113,1000000064,1000000113,1000000064,1000000113,2,1.2048192771084338E-3,5.0E-1,5.0E-1
2026-04-10,1000000064,1000000064,1000000121,1000000064,1000000121,1000000064,1000000121,2,1.2048192771084338E-3,6.5,6.5
2026-04-10,1000000064,1000000064,1000000127,1000000064,1000000127,1000000064,1000000127,4,2.4096385542168677E-3,14.75,14.75
2026-04-10,1000000064,1000000064,1000000128,1000000064,1000000128,1000000064,1000000128,1,6.024096385542169E-4,24,24
2026-04-10,1000000064,1000000064,1000000142,1000000064,1000000142,1000000064,1000000142,2,1.2048192771084338E-3,2,2
2026-04-10,1000000064,1000000064,1000000153,1000000064,1000000153,1000000064,1000000153,2,1.2048192771084338E-3,0,0
2026-04-10,1000000064,1000000064,1000000156,1000000064,1000000156,1000000064,1000000156,3,1.8072289156626507E-3,32.666666666666664,32.666666666666664
2026-04-10,1000000066,1000000066,1000000042,1000000066,1000000042,1000000066,1000000042,1,1.1764705882352941E-2,24,24
2026-04-10,1000000066,1000000066,1000000043,1000000066,1000000043,1000000066,1000000043,3,3.529411764705882E-2,45.666666666666664,45.666666666666664
2026-04-10,1000000066,1000000066,1000000044,1000000066,1000000044,1000000066,1000000044,3,3.529411764705882E-2,6.666666666666667,6.666666666666667
2026-04-10,1000000066,1000000066,1000000063,1000000066,1000000063,1000000066,1000000063,1,1.1764705882352941E-2,23,23
2026-04-10,1000000066,1000000066,1000000064,1000000066,1000000064,1000000066,1000000064,2,2.3529411764705882E-2,5.5,5.5
2026-04-10,1000000066,1000000066,1000000065,1000000066,1000000065,1000000066,1000000065,1,1.1764705882352941E-2,20,20
2026-04-10,1000000066,1000000066,1000000066,1000000066,1000000066,1000000066,1000000066,1,1.1764705882352941E-2,0,0
2026-04-10,1000000066,1000000066,1000000084,1000000066,1000000084,1000000066,1000000084,1,1.1764705882352941E-2,18,18
2026-04-10,1000000066,1000000066,1000000087,1000000066,1000000087,1000000066,1000000087,1,1.1764705882352941E-2,1,1
2026-04-10,1000000066,1000000066,1000000111,1000000066,1000000111,1000000066,1000000111,1,1.1764705882352941E-2,0,0
2026-04-10,1000000069,1000000069,1000000028,1000000069,1000000028,1000000069,1000000028,1,9.708737864077669E-3,12,12
2026-04-10,1000000069,1000000069,1000000042,1000000069,1000000042,1000000069,1000000042,2,1.9417475728155338E-2,20,20
2026-04-10,1000000069,1000000069,1000000043,1000000069,1000000043,1000000069,1000000043,1,9.708737864077669E-3,0,0
2026-04-10,1000000069,1000000069,1000000044,1000000069,1000000044,1000000069,1000000044,1,9.708737864077669E-3,36,36
2026-04-10,1000000069,1000000069,1000000045,1000000069,1000000045,1000000069,1000000045,1,9.708737864077669E-3,15,15
2026-04-10,1000000069,1000000069,1000000063,1000000069,1000000063,1000000069,1000000063,1,9.708737864077669E-3,35,35
2026-04-10,1000000069,1000000069,1000000064,1000000069,1000000064,1000000069,1000000064,2,1.9417475728155338E-2,41,41
2026-04-10,1000000069,1000000069,1000000086,1000000069,1000000086,1000000069,1000000086,1,9.708737864077669E-3,0,0
2026-04-10,1000000069,1000000069,1000000091,1000000069,1000000091,1000000069,1000000091,1,9.708737864077669E-3,0,0
2026-04-10,1000000069,1000000069,1000000121,1000000069,1000000121,1000000069,1000000121,1,9.708737864077669E-3,12,12
2026-04-10,1000000069,1000000069,1000000154,1000000069,1000000154,1000000069,1000000154,1,9.708737864077669E-3,36,36
2026-04-10,1000000083,1000000083,1000000028,1000000083,1000000028,1000000083,1000000028,1,1.2987012987012988E-2,18,18
2026-04-10,1000000083,1000000083,1000000035,1000000083,1000000035,1000000083,1000000035,1,1.2987012987012988E-2,19,19
2026-04-10,1000000083,1000000083,1000000042,1000000083,1000000042,1000000083,1000000042,4,5.194805194805195E-2,26,26
2026-04-10,1000000083,1000000083,1000000044,1000000083,1000000044,1000000083,1000000044,1,1.2987012987012988E-2,13,13
2026-04-10,1000000083,1000000083,1000000045,1000000083,1000000045,1000000083,1000000045,1,1.2987012987012988E-2,0,0
2026-04-10,1000000083,1000000083,1000000064,1000000083,1000000064,1000000083,1000000064,3,3.896103896103896E-2,26.333333333333332,26.333333333333332
2026-04-10,1000000083,1000000083,1000000069,1000000083,1000000069,1000000083,1000000069,1,1.2987012987012988E-2,9,9
2026-04-10,1000000083,1000000083,1000000083,1000000083,1000000083,1000000083,1000000083,1,1.2987012987012988E-2,43,43
2026-04-10,1000000083,1000000083,1000000088,1000000083,1000000088,1000000083,1000000088,1,1.2987012987012988E-2,12,12
2026-04-10,1000000083,1000000083,1000000094,1000000083,1000000094,1000000083,1000000094,1,1.2987012987012988E-2,0,0
2026-04-10,1000000083,1000000083,1000000108,1000000083,1000000108,1000000083,1000000108,1,1.2987012987012988E-2,0,0
2026-04-10,1000000083,1000000083,1000000121,1000000083,1000000121,1000000083,1000000121,1,1.2987012987012988E-2,1,1
2026-04-10,1000000083,1000000083,1000000127,1000000083,1000000127,1000000083,1000000127,1,1.2987012987012988E-2,0,0
2026-04-10,1000000084,1000000084,1000000064,1000000084,1000000064,1000000084,1000000064,2,1.3605442176870748E-2,25.5,25.5
2026-04-10,1000000084,1000000084,1000000083,1000000084,1000000083,1000000084,1000000083,1,6.802721088435374E-3,1,1
2026-04-10,1000000084,1000000084,1000000084,1000000084,1000000084,1000000084,1000000084,4,2.7210884353741496E-2,2.5,2.5
2026-04-10,1000000084,1000000084,1000000087,1000000084,1000000087,1000000084,1000000087,1,6.802721088435374E-3,0,0
2026-04-10,1000000084,1000000084,1000000088,1000000084,1000000088,1000000084,1000000088,2,1.3605442176870748E-2,3.5,3.5
2026-04-10,1000000084,1000000084,1000000092,1000000084,1000000092,1000000084,1000000092,1,6.802721088435374E-3,0,0
2026-04-10,1000000084,1000000084,1000000093,1000000084,1000000093,1000000084,1000000093,2,1.3605442176870748E-2,41,41
2026-04-10,1000000084,1000000084,1000000108,1000000084,1000000108,1000000084,1000000108,2,1.3605442176870748E-2,0,0
2026-04-10,1000000084,1000000084,1000000110,1000000084,1000000110,1000000084,1000000110,2,1.3605442176870748E-2,1,1
2026-04-10,1000000085,1000000085,1000000033,1000000085,1000000033,1000000085,1000000033,1,3.1446540880503146E-3,4,4
2026-04-10,1000000085,1000000085,1000000035,1000000085,1000000035,1000000085,1000000035,1,3.1446540880503146E-3,47,47
2026-04-10,1000000085,1000000085,1000000042,1000000085,1000000042,1000000085,1000000042,1,3.1446540880503146E-3,27,27
2026-04-10,1000000085,1000000085,1000000045,1000000085,1000000045,1000000085,1000000045,2,6.289308176100629E-3,0,0
2026-04-10,1000000085,1000000085,1000000064,1000000085,1000000064,1000000085,1000000064,2,6.289308176100629E-3,0,0
2026-04-10,1000000085,1000000085,1000000084,1000000085,1000000084,1000000085,1000000084,4,1.2578616352201259E-2,23.5,23.5
2026-04-10,1000000085,1000000085,1000000085,1000000085,1000000085,1000000085,1000000085,16,5.0314465408805034E-2,10.1875,10.1875
2026-04-10,1000000085,1000000085,1000000086,1000000085,1000000086,1000000085,1000000086,10,3.1446540880503145E-2,7,7
2026-04-10,1000000085,1000000085,1000000087,1000000085,1000000087,1000000085,1000000087,6,1.8867924528301886E-2,4.833333333333333,4.833333333333333
2026-04-10,1000000085,1000000085,1000000088,1000000085,1000000088,1000000085,1000000088,8,2.5157232704402517E-2,6.25E-1,6.25E-1
2026-04-10,1000000085,1000000085,1000000089,1000000085,1000000089,1000000085,1000000089,1,3.1446540880503146E-3,36,36
2026-04-10,1000000085,1000000085,1000000090,1000000085,1000000090,1000000085,1000000090,2,6.289308176100629E-3,1.5,1.5
2026-04-10,1000000085,1000000085,1000000091,1000000085,1000000091,1000000085,1000000091,2,6.289308176100629E-3,33.5,33.5
2026-04-10,1000000085,1000000085,1000000092,1000000085,1000000092,1000000085,1000000092,3,9.433962264150943E-3,3.333333333333333E-1,3.333333333333333E-1
2026-04-10,1000000085,1000000085,1000000093,1000000085,1000000093,1000000085,1000000093,1,3.1446540880503146E-3,0,0
2026-04-10,1000000085,1000000085,1000000108,1000000085,1000000108,1000000085,1000000108,2,6.289308176100629E-3,5.0E-1,5.0E-1
2026-04-10,1000000085,1000000085,1000000111,1000000085,1000000111,1000000085,1000000111,1,3.1446540880503146E-3,0,0
2026-04-10,1000000085,1000000085,1000000127,1000000085,1000000127,1000000085,1000000127,1,3.1446540880503146E-3,0,0
2026-04-10,1000000085,1000000085,1000000153,1000000085,1000000153,1000000085,1000000153,1,3.1446540880503146E-3,1,1
2026-04-10,1000000086,1000000086,1000000045,1000000086,1000000045,1000000086,1000000045,1,5.0E-3,6,6
2026-04-10,1000000086,1000000086,1000000063,1000000086,1000000063,1000000086,1000000063,1,5.0E-3,60,60
2026-04-10,1000000086,1000000086,1000000064,1000000086,1000000064,1000000086,1000000064,2,1.0E-2,12,12
2026-04-10,1000000086,1000000086,1000000084,1000000086,1000000084,1000000086,1000000084,4,2.0E-2,21.25,21.25
2026-04-10,1000000086,1000000086,1000000085,1000000086,1000000085,1000000086,1000000085,12,6.0E-2,12.416666666666666,12.416666666666666
2026-04-10,1000000086,1000000086,1000000086,1000000086,1000000086,1000000086,1000000086,20,1.0E-1,11.4,11.4
2026-04-10,1000000086,1000000086,1000000087,1000000086,1000000087,1000000086,1000000087,7,3.5E-2,4.714285714285714,4.714285714285714
2026-04-10,1000000086,1000000086,1000000088,1000000086,1000000088,1000000086,1000000088,6,3.0E-2,0,0
2026-04-10,1000000086,1000000086,1000000089,1000000086,1000000089,1000000086,1000000089,2,1.0E-2,35,35
2026-04-10,1000000086,1000000086,1000000090,1000000086,1000000090,1000000086,1000000090,1,5.0E-3,0,0
2026-04-10,1000000086,1000000086,1000000113,1000000086,1000000113,1000000086,1000000113,1,5.0E-3,0,0
2026-04-10,1000000087,1000000087,1000000033,1000000087,1000000033,1000000087,1000000033,1,2.188183807439825E-3,22,22
2026-04-10,1000000087,1000000087,1000000035,1000000087,1000000035,1000000087,1000000035,1,2.188183807439825E-3,46,46
2026-04-10,1000000087,1000000087,1000000043,1000000087,1000000043,1000000087,1000000043,2,4.37636761487965E-3,1,1
2026-04-10,1000000087,1000000087,1000000044,1000000087,1000000044,1000000087,1000000044,1,2.188183807439825E-3,5,5
2026-04-10,1000000087,1000000087,1000000064,1000000087,1000000064,1000000087,1000000064,6,1.312910284463895E-2,34.666666666666664,34.666666666666664
2026-04-10,1000000087,1000000087,1000000084,1000000087,1000000084,1000000087,1000000084,3,6.564551422319475E-3,9.333333333333334,9.333333333333334
2026-04-10,1000000087,1000000087,1000000085,1000000087,1000000085,1000000087,1000000085,8,1.75054704595186E-2,10.375,10.375
2026-04-10,1000000087,1000000087,1000000086,1000000087,1000000086,1000000087,1000000086,7,1.5317286652078774E-2,9.714285714285714,9.714285714285714
2026-04-10,1000000087,1000000087,1000000087,1000000087,1000000087,1000000087,1000000087,31,6.783369803063458E-2,16.06451612903226,16.06451612903226
2026-04-10,1000000087,1000000087,1000000088,1000000087,1000000088,1000000087,1000000088,15,3.282275711159737E-2,10,10
2026-04-10,1000000087,1000000087,1000000092,1000000087,1000000092,1000000087,1000000092,2,4.37636761487965E-3,42,42
2026-04-10,1000000087,1000000087,1000000093,1000000087,1000000093,1000000087,1000000093,4,8.7527352297593E-3,2.25,2.25
2026-04-10,1000000087,1000000087,1000000094,1000000087,1000000094,1000000087,1000000094,1,2.188183807439825E-3,0,0
2026-04-10,1000000087,1000000087,1000000143,1000000087,1000000143,1000000087,1000000143,1,2.188183807439825E-3,2,2
2026-04-10,1000000088,1000000088,1000000063,1000000088,1000000063,1000000088,1000000063,1,2.8169014084507044E-3,0,0
2026-04-10,1000000088,1000000088,1000000064,1000000088,1000000064,1000000088,1000000064,8,2.2535211267605635E-2,25.625,25.625
2026-04-10,1000000088,1000000088,1000000083,1000000088,1000000083,1000000088,1000000083,1,2.8169014084507044E-3,80,80
2026-04-10,1000000088,1000000088,1000000084,1000000088,1000000084,1000000088,1000000084,1,2.8169014084507044E-3,52,52
2026-04-10,1000000088,1000000088,1000000085,1000000088,1000000085,1000000088,1000000085,8,2.2535211267605635E-2,7.5,7.5
2026-04-10,1000000088,1000000088,1000000086,1000000088,1000000086,1000000088,1000000086,8,2.2535211267605635E-2,9.5,9.5
2026-04-10,1000000088,1000000088,1000000087,1000000088,1000000087,1000000088,1000000087,10,2.8169014084507043E-2,4.1,4.1
2026-04-10,1000000088,1000000088,1000000088,1000000088,1000000088,1000000088,1000000088,39,1.0985915492957747E-1,8.615384615384615,8.615384615384615
2026-04-10,1000000088,1000000088,1000000089,1000000088,1000000089,1000000088,1000000089,2,5.633802816901409E-3,4.5,4.5
2026-04-10,1000000088,1000000088,1000000090,1000000088,1000000090,1000000088,1000000090,1,2.8169014084507044E-3,0,0
2026-04-10,1000000088,1000000088,1000000092,1000000088,1000000092,1000000088,1000000092,1,2.8169014084507044E-3,0,0
2026-04-10,1000000088,1000000088,1000000094,1000000088,1000000094,1000000088,1000000094,2,5.633802816901409E-3,37,37
2026-04-10,1000000088,1000000088,1000000112,1000000088,1000000112,1000000088,1000000112,2,5.633802816901409E-3,5.0E-1,5.0E-1
2026-04-10,1000000088,1000000088,1000000121,1000000088,1000000121,1000000088,1000000121,1,2.8169014084507044E-3,13,13
2026-04-10,1000000088,1000000088,1000000142,1000000088,1000000142,1000000088,1000000142,2,5.633802816901409E-3,4.5,4.5
2026-04-10,1000000089,1000000089,1000000033,1000000089,1000000033,1000000089,1000000033,1,2.0E-2,87,87
2026-04-10,1000000089,1000000089,1000000086,1000000089,1000000086,1000000089,1000000086,1,2.0E-2,0,0
2026-04-10,1000000089,1000000089,1000000087,1000000089,1000000087,1000000089,1000000087,3,6.0E-2,3.333333333333333E-1,3.333333333333333E-1
2026-04-10,1000000089,1000000089,1000000088,1000000089,1000000088,1000000089,1000000088,4,8.0E-2,4.75,4.75
2026-04-10,1000000089,1000000089,1000000089,1000000089,1000000089,1000000089,1000000089,4,8.0E-2,8.75,8.75
2026-04-10,1000000089,1000000089,1000000091,1000000089,1000000091,1000000089,1000000091,1,2.0E-2,0,0
2026-04-10,1000000089,1000000089,1000000111,1000000089,1000000111,1000000089,1000000111,1,2.0E-2,32,32
2026-04-10,1000000089,1000000089,1000000112,1000000089,1000000112,1000000089,1000000112,1,2.0E-2,0,0
2026-04-10,1000000090,1000000090,1000000028,1000000090,1000000028,1000000090,1000000028,1,7.874015748031496E-3,12,12
2026-04-10,1000000090,1000000090,1000000063,1000000090,1000000063,1000000090,1000000063,1,7.874015748031496E-3,0,0
2026-04-10,1000000090,1000000090,1000000064,1000000090,1000000064,1000000090,1000000064,1,7.874015748031496E-3,76,76
2026-04-10,1000000090,1000000090,1000000085,1000000090,1000000085,1000000090,1000000085,1,7.874015748031496E-3,0,0
2026-04-10,1000000090,1000000090,1000000090,1000000090,1000000090,1000000090,1000000090,3,2.3622047244094488E-2,2,2
2026-04-10,1000000090,1000000090,1000000091,1000000090,1000000091,1000000090,1000000091,1,7.874015748031496E-3,4,4
2026-04-10,1000000090,1000000090,1000000092,1000000090,1000000092,1000000090,1000000092,1,7.874015748031496E-3,0,0
2026-04-10,1000000090,1000000090,1000000093,1000000090,1000000093,1000000090,1000000093,1,7.874015748031496E-3,0,0
2026-04-10,1000000090,1000000090,1000000094,1000000090,1000000094,1000000090,1000000094,1,7.874015748031496E-3,0,0
2026-04-10,1000000090,1000000090,1000000111,1000000090,1000000111,1000000090,1000000111,1,7.874015748031496E-3,2,2
2026-04-10,1000000090,1000000090,1000000112,1000000090,1000000112,1000000090,1000000112,1,7.874015748031496E-3,0,0
2026-04-10,1000000091,1000000091,1000000028,1000000091,1000000028,1000000091,1000000028,1,5.494505494505495E-3,12,12
2026-04-10,1000000091,1000000091,1000000035,1000000091,1000000035,1000000091,1000000035,1,5.494505494505495E-3,47,47
2026-04-10,1000000091,1000000091,1000000045,1000000091,1000000045,1000000091,1000000045,3,1.6483516483516484E-2,2,2
2026-04-10,1000000091,1000000091,1000000064,1000000091,1000000064,1000000091,1000000064,4,2.197802197802198E-2,13,13
2026-04-10,1000000091,1000000091,1000000085,1000000091,1000000085,1000000091,1000000085,2,1.098901098901099E-2,38,38
2026-04-10,1000000091,1000000091,1000000086,1000000091,1000000086,1000000091,1000000086,2,1.098901098901099E-2,14,14
2026-04-10,1000000091,1000000091,1000000087,1000000091,1000000087,1000000091,1000000087,2,1.098901098901099E-2,24.5,24.5
2026-04-10,1000000091,1000000091,1000000089,1000000091,1000000089,1000000091,1000000089,1,5.494505494505495E-3,0,0
2026-04-10,1000000091,1000000091,1000000090,1000000091,1000000090,1000000091,1000000090,3,1.6483516483516484E-2,4.333333333333333,4.333333333333333
2026-04-10,1000000091,1000000091,1000000091,1000000091,1000000091,1000000091,1000000091,11,6.043956043956044E-2,7.454545454545454,7.454545454545454
2026-04-10,1000000091,1000000091,1000000092,1000000091,1000000092,1000000091,1000000092,2,1.098901098901099E-2,10,10
2026-04-10,1000000091,1000000091,1000000093,1000000091,1000000093,1000000091,1000000093,2,1.098901098901099E-2,9,9
2026-04-10,1000000091,1000000091,1000000094,1000000091,1000000094,1000000091,1000000094,2,1.098901098901099E-2,0,0
2026-04-10,1000000091,1000000091,1000000111,1000000091,1000000111,1000000091,1000000111,1,5.494505494505495E-3,4,4
2026-04-10,1000000092,1000000092,1000000028,1000000092,1000000028,1000000092,1000000028,1,6.493506493506494E-3,12,12
2026-04-10,1000000092,1000000092,1000000064,1000000092,1000000064,1000000092,1000000064,4,2.5974025974025976E-2,12,12
2026-04-10,1000000092,1000000092,1000000084,1000000092,1000000084,1000000092,1000000084,1,6.493506493506494E-3,0,0
2026-04-10,1000000092,1000000092,1000000085,1000000092,1000000085,1000000092,1000000085,2,1.2987012987012988E-2,0,0
2026-04-10,1000000092,1000000092,1000000087,1000000092,1000000087,1000000092,1000000087,2,1.2987012987012988E-2,1,1
2026-04-10,1000000092,1000000092,1000000088,1000000092,1000000088,1000000092,1000000088,1,6.493506493506494E-3,0,0
2026-04-10,1000000092,1000000092,1000000090,1000000092,1000000090,1000000092,1000000090,3,1.948051948051948E-2,1,1
2026-04-10,1000000092,1000000092,1000000091,1000000092,1000000091,1000000092,1000000091,3,1.948051948051948E-2,9.333333333333334,9.333333333333334
2026-04-10,1000000092,1000000092,1000000092,1000000092,1000000092,1000000092,1000000092,8,5.194805194805195E-2,8.875,8.875
2026-04-10,1000000092,1000000092,1000000093,1000000092,1000000093,1000000092,1000000093,1,6.493506493506494E-3,6,6
2026-04-10,1000000092,1000000092,1000000111,1000000092,1000000111,1000000092,1000000111,1,6.493506493506494E-3,0,0
2026-04-10,1000000093,1000000093,1000000044,1000000093,1000000044,1000000093,1000000044,2,2.8169014084507044E-3,49.5,49.5
2026-04-10,1000000093,1000000093,1000000045,1000000093,1000000045,1000000093,1000000045,2,2.8169014084507044E-3,8,8
2026-04-10,1000000093,1000000093,1000000062,1000000093,1000000062,1000000093,1000000062,4,5.633802816901409E-3,50.75,50.75
2026-04-10,1000000093,1000000093,1000000064,1000000093,1000000064,1000000093,1000000064,10,1.4084507042253521E-2,8.6,8.6
2026-04-10,1000000093,1000000093,1000000084,1000000093,1000000084,1000000093,1000000084,1,1.4084507042253522E-3,3,3
2026-04-10,1000000093,1000000093,1000000085,1000000093,1000000085,1000000093,1000000085,2,2.8169014084507044E-3,0,0
2026-04-10,1000000093,1000000093,1000000086,1000000093,1000000086,1000000093,1000000086,1,1.4084507042253522E-3,6,6
2026-04-10,1000000093,1000000093,1000000087,1000000093,1000000087,1000000093,1000000087,5,7.042253521126761E-3,2.8,2.8
2026-04-10,1000000093,1000000093,1000000088,1000000093,1000000088,1000000093,1000000088,1,1.4084507042253522E-3,62,62
2026-04-10,1000000093,1000000093,1000000090,1000000093,1000000090,1000000093,1000000090,1,1.4084507042253522E-3,0,0
2026-04-10,1000000093,1000000093,1000000091,1000000093,1000000091,1000000093,1000000091,2,2.8169014084507044E-3,0,0
2026-04-10,1000000093,1000000093,1000000093,1000000093,1000000093,1000000093,1000000093,77,1.0845070422535211E-1,6.025974025974026,6.025974025974026
2026-04-10,1000000093,1000000093,1000000094,1000000093,1000000094,1000000093,1000000094,3,4.225352112676056E-3,0,0
2026-04-10,1000000093,1000000093,1000000108,1000000093,1000000108,1000000093,1000000108,6,8.450704225352112E-3,24.333333333333332,24.333333333333332
2026-04-10,1000000093,1000000093,1000000110,1000000093,1000000110,1000000093,1000000110,2,2.8169014084507044E-3,0,0
2026-04-10,1000000093,1000000093,1000000111,1000000093,1000000111,1000000093,1000000111,7,9.859154929577466E-3,7.142857142857143E-1,7.142857142857143E-1
2026-04-10,1000000093,1000000093,1000000112,1000000093,1000000112,1000000093,1000000112,2,2.8169014084507044E-3,2,2
2026-04-10,1000000093,1000000093,1000000113,1000000093,1000000113,1000000093,1000000113,1,1.4084507042253522E-3,14,14
2026-04-10,1000000094,1000000094,1000000035,1000000094,1000000035,1000000094,1000000035,1,5.319148936170213E-3,0,0
2026-04-10,1000000094,1000000094,1000000044,1000000094,1000000044,1000000094,1000000044,1,5.319148936170213E-3,13,13
2026-04-10,1000000094,1000000094,1000000064,1000000094,1000000064,1000000094,1000000064,1,5.319148936170213E-3,5,5
2026-04-10,1000000094,1000000094,1000000084,1000000094,1000000084,1000000094,1000000084,1,5.319148936170213E-3,30,30
2026-04-10,1000000094,1000000094,1000000086,1000000094,1000000086,1000000094,1000000086,1,5.319148936170213E-3,73,73
2026-04-10,1000000094,1000000094,1000000088,1000000094,1000000088,1000000094,1000000088,1,5.319148936170213E-3,16,16
2026-04-10,1000000094,1000000094,1000000089,1000000094,1000000089,1000000094,1000000089,1,5.319148936170213E-3,36,36
2026-04-10,1000000094,1000000094,1000000090,1000000094,1000000090,1000000094,1000000090,1,5.319148936170213E-3,25,25
2026-04-10,1000000094,1000000094,1000000091,1000000094,1000000091,1000000094,1000000091,2,1.0638297872340425E-2,2.5,2.5
2026-04-10,1000000094,1000000094,1000000092,1000000094,1000000092,1000000094,1000000092,1,5.319148936170213E-3,18,18
2026-04-10,1000000094,1000000094,1000000093,1000000094,1000000093,1000000094,1000000093,2,1.0638297872340425E-2,0,0
2026-04-10,1000000094,1000000094,1000000094,1000000094,1000000094,1000000094,1000000094,16,8.51063829787234E-2,12.875,12.875
2026-04-10,1000000094,1000000094,1000000095,1000000094,1000000095,1000000094,1000000095,1,5.319148936170213E-3,40,40
2026-04-10,1000000094,1000000094,1000000108,1000000094,1000000108,1000000094,1000000108,3,1.5957446808510637E-2,4.333333333333333,4.333333333333333
2026-04-10,1000000094,1000000094,1000000110,1000000094,1000000110,1000000094,1000000110,2,1.0638297872340425E-2,1,1
2026-04-10,1000000094,1000000094,1000000111,1000000094,1000000111,1000000094,1000000111,4,2.127659574468085E-2,34.25,34.25
2026-04-10,1000000108,1000000108,1000000035,1000000108,1000000035,1000000108,1000000035,1,4.016064257028112E-3,15,15
2026-04-10,1000000108,1000000108,1000000042,1000000108,1000000042,1000000108,1000000042,1,4.016064257028112E-3,83,83
2026-04-10,1000000108,1000000108,1000000043,1000000108,1000000043,1000000108,1000000043,1,4.016064257028112E-3,0,0
2026-04-10,1000000108,1000000108,1000000044,1000000108,1000000044,1000000108,1000000044,1,4.016064257028112E-3,82,82
2026-04-10,1000000108,1000000108,1000000045,1000000108,1000000045,1000000108,1000000045,3,1.2048192771084338E-2,0,0
2026-04-10,1000000108,1000000108,1000000064,1000000108,1000000064,1000000108,1000000064,2,8.032128514056224E-3,43,43
2026-04-10,1000000108,1000000108,1000000071,1000000108,1000000071,1000000108,1000000071,1,4.016064257028112E-3,12,12
2026-04-10,1000000108,1000000108,1000000083,1000000108,1000000083,1000000108,1000000083,1,4.016064257028112E-3,0,0
2026-04-10,1000000108,1000000108,1000000084,1000000108,1000000084,1000000108,1000000084,1,4.016064257028112E-3,0,0
2026-04-10,1000000108,1000000108,1000000087,1000000108,1000000087,1000000108,1000000087,1,4.016064257028112E-3,0,0
2026-04-10,1000000108,1000000108,1000000091,1000000108,1000000091,1000000108,1000000091,1,4.016064257028112E-3,0,0
2026-04-10,1000000108,1000000108,1000000092,1000000108,1000000092,1000000108,1000000092,2,8.032128514056224E-3,21,21
2026-04-10,1000000108,1000000108,1000000093,1000000108,1000000093,1000000108,1000000093,7,2.8112449799196786E-2,9.142857142857142,9.142857142857142
2026-04-10,1000000108,1000000108,1000000094,1000000108,1000000094,1000000108,1000000094,3,1.2048192771084338E-2,5.666666666666667,5.666666666666667
2026-04-10,1000000108,1000000108,1000000108,1000000108,1000000108,1000000108,1000000108,24,9.63855421686747E-2,9.083333333333334,9.083333333333334
2026-04-10,1000000108,1000000108,1000000111,1000000108,1000000111,1000000108,1000000111,1,4.016064257028112E-3,0,0
2026-04-10,1000000108,1000000108,1000000112,1000000108,1000000112,1000000108,1000000112,2,8.032128514056224E-3,19,19
2026-04-10,1000000108,1000000108,1000000127,1000000108,1000000127,1000000108,1000000127,1,4.016064257028112E-3,0,0
2026-04-10,1000000110,1000000110,1000000027,1000000110,1000000027,1000000110,1000000027,1,1.4084507042253521E-2,39,39
2026-04-10,1000000110,1000000110,1000000083,1000000110,1000000083,1000000110,1000000083,1,1.4084507042253521E-2,2,2
2026-04-10,1000000110,1000000110,1000000093,1000000110,1000000093,1000000110,1000000093,1,1.4084507042253521E-2,0,0
2026-04-10,1000000110,1000000110,1000000094,1000000110,1000000094,1000000110,1000000094,1,1.4084507042253521E-2,0,0
2026-04-10,1000000110,1000000110,1000000108,1000000110,1000000108,1000000110,1000000108,1,1.4084507042253521E-2,0,0
2026-04-10,1000000110,1000000110,1000000110,1000000110,1000000110,1000000110,1000000110,7,9.859154929577464E-2,5.857142857142857,5.857142857142857
2026-04-10,1000000110,1000000110,1000000112,1000000110,1000000112,1000000110,1000000112,1,1.4084507042253521E-2,0,0
2026-04-10,1000000111,1000000111,1000000045,1000000111,1000000045,1000000111,1000000045,1,2.9585798816568047E-3,14,14
2026-04-10,1000000111,1000000111,1000000062,1000000111,1000000062,1000000111,1000000062,2,5.917159763313609E-3,1.5,1.5
2026-04-10,1000000111,1000000111,1000000064,1000000111,1000000064,1000000111,1000000064,8,2.3668639053254437E-2,16.5,16.5
2026-04-10,1000000111,1000000111,1000000066,1000000111,1000000066,1000000111,1000000066,1,2.9585798816568047E-3,0,0
2026-04-10,1000000111,1000000111,1000000085,1000000111,1000000085,1000000111,1000000085,1,2.9585798816568047E-3,0,0
2026-04-10,1000000111,1000000111,1000000086,1000000111,1000000086,1000000111,1000000086,1,2.9585798816568047E-3,73,73
2026-04-10,1000000111,1000000111,1000000087,1000000111,1000000087,1000000111,1000000087,1,2.9585798816568047E-3,3,3
2026-04-10,1000000111,1000000111,1000000088,1000000111,1000000088,1000000111,1000000088,2,5.917159763313609E-3,31,31
2026-04-10,1000000111,1000000111,1000000091,1000000111,1000000091,1000000111,1000000091,2,5.917159763313609E-3,15,15
2026-04-10,1000000111,1000000111,1000000092,1000000111,1000000092,1000000111,1000000092,1,2.9585798816568047E-3,0,0
2026-04-10,1000000111,1000000111,1000000093,1000000111,1000000093,1000000111,1000000093,10,2.9585798816568046E-2,10.1,10.1
2026-04-10,1000000111,1000000111,1000000094,1000000111,1000000094,1000000111,1000000094,1,2.9585798816568047E-3,0,0
2026-04-10,1000000111,1000000111,1000000108,1000000111,1000000108,1000000111,1000000108,1,2.9585798816568047E-3,0,0
2026-04-10,1000000111,1000000111,1000000110,1000000111,1000000110,1000000111,1000000110,2,5.917159763313609E-3,1,1
2026-04-10,1000000111,1000000111,1000000111,1000000111,1000000111,1000000111,1000000111,34,1.0059171597633136E-1,7.323529411764706,7.323529411764706
2026-04-10,1000000111,1000000111,1000000112,1000000111,1000000112,1000000111,1000000112,1,2.9585798816568047E-3,0,0
2026-04-10,1000000111,1000000111,1000000113,1000000111,1000000113,1000000111,1000000113,1,2.9585798816568047E-3,0,0
2026-04-10,1000000111,1000000111,1000000156,1000000111,1000000156,1000000111,1000000156,1,2.9585798816568047E-3,41,41
2026-04-10,1000000112,1000000112,1000000042,1000000112,1000000042,1000000112,1000000042,1,1.0752688172043012E-2,1,1
2026-04-10,1000000112,1000000112,1000000043,1000000112,1000000043,1000000112,1000000043,1,1.0752688172043012E-2,66,66
2026-04-10,1000000112,1000000112,1000000044,1000000112,1000000044,1000000112,1000000044,1,1.0752688172043012E-2,82,82
2026-04-10,1000000112,1000000112,1000000045,1000000112,1000000045,1000000112,1000000045,1,1.0752688172043012E-2,0,0
2026-04-10,1000000112,1000000112,1000000064,1000000112,1000000064,1000000112,1000000064,2,2.1505376344086023E-2,54.5,54.5
2026-04-10,1000000112,1000000112,1000000072,1000000112,1000000072,1000000112,1000000072,1,1.0752688172043012E-2,1,1
2026-04-10,1000000112,1000000112,1000000086,1000000112,1000000086,1000000112,1000000086,1,1.0752688172043012E-2,0,0
2026-04-10,1000000112,1000000112,1000000088,1000000112,1000000088,1000000112,1000000088,2,2.1505376344086023E-2,2,2
2026-04-10,1000000112,1000000112,1000000090,1000000112,1000000090,1000000112,1000000090,1,1.0752688172043012E-2,0,0
2026-04-10,1000000112,1000000112,1000000093,1000000112,1000000093,1000000112,1000000093,1,1.0752688172043012E-2,0,0
2026-04-10,1000000112,1000000112,1000000110,1000000112,1000000110,1000000112,1000000110,1,1.0752688172043012E-2,0,0
2026-04-10,1000000112,1000000112,1000000112,1000000112,1000000112,1000000112,1000000112,3,3.225806451612903E-2,0,0
2026-04-10,1000000113,1000000113,1000000044,1000000113,1000000044,1000000113,1000000044,1,9.80392156862745E-3,0,0
2026-04-10,1000000113,1000000113,1000000045,1000000113,1000000045,1000000113,1000000045,2,1.96078431372549E-2,3,3
2026-04-10,1000000113,1000000113,1000000063,1000000113,1000000063,1000000113,1000000063,2,1.96078431372549E-2,3,3
2026-04-10,1000000113,1000000113,1000000064,1000000113,1000000064,1000000113,1000000064,3,2.9411764705882353E-2,11.666666666666666,11.666666666666666
2026-04-10,1000000113,1000000113,1000000085,1000000113,1000000085,1000000113,1000000085,1,9.80392156862745E-3,14,14
2026-04-10,1000000113,1000000113,1000000111,1000000113,1000000111,1000000113,1000000111,2,1.96078431372549E-2,5.0E-1,5.0E-1
2026-04-10,1000000113,1000000113,1000000113,1000000113,1000000113,1000000113,1000000113,8,7.84313725490196E-2,7.25,7.25
2026-04-10,1000000113,1000000113,1000000127,1000000113,1000000127,1000000113,1000000127,1,9.80392156862745E-3,0,0
2026-04-10,1000000121,1000000121,1000000035,1000000121,1000000035,1000000121,1000000035,1,5.434782608695652E-3,52,52
2026-04-10,1000000121,1000000121,1000000042,1000000121,1000000042,1000000121,1000000042,2,1.0869565217391304E-2,39.5,39.5
2026-04-10,1000000121,1000000121,1000000043,1000000121,1000000043,1000000121,1000000043,1,5.434782608695652E-3,16,16
2026-04-10,1000000121,1000000121,1000000044,1000000121,1000000044,1000000121,1000000044,1,5.434782608695652E-3,13,13
2026-04-10,1000000121,1000000121,1000000064,1000000121,1000000064,1000000121,1000000064,2,1.0869565217391304E-2,5.5,5.5
2026-04-10,1000000121,1000000121,1000000070,1000000121,1000000070,1000000121,1000000070,1,5.434782608695652E-3,8,8
2026-04-10,1000000121,1000000121,1000000086,1000000121,1000000086,1000000121,1000000086,2,1.0869565217391304E-2,35.5,35.5
2026-04-10,1000000121,1000000121,1000000087,1000000121,1000000087,1000000121,1000000087,1,5.434782608695652E-3,0,0
2026-04-10,1000000121,1000000121,1000000093,1000000121,1000000093,1000000121,1000000093,1,5.434782608695652E-3,24,24
2026-04-10,1000000121,1000000121,1000000111,1000000121,1000000111,1000000121,1000000111,1,5.434782608695652E-3,6,6
2026-04-10,1000000121,1000000121,1000000121,1000000121,1000000121,1000000121,1000000121,17,9.239130434782608E-2,8.588235294117647,8.588235294117647
2026-04-10,1000000127,1000000127,1000000045,1000000127,1000000045,1000000127,1000000045,2,8.032128514056224E-3,0,0
2026-04-10,1000000127,1000000127,1000000062,1000000127,1000000062,1000000127,1000000062,2,8.032128514056224E-3,0,0
2026-04-10,1000000127,1000000127,1000000063,1000000127,1000000063,1000000127,1000000063,1,4.016064257028112E-3,0,0
2026-04-10,1000000127,1000000127,1000000064,1000000127,1000000064,1000000127,1000000064,14,5.622489959839357E-2,23,23
2026-04-10,1000000127,1000000127,1000000084,1000000127,1000000084,1000000127,1000000084,1,4.016064257028112E-3,73,73
2026-04-10,1000000127,1000000127,1000000086,1000000127,1000000086,1000000127,1000000086,2,8.032128514056224E-3,18,18
2026-04-10,1000000127,1000000127,1000000088,1000000127,1000000088,1000000127,1000000088,1,4.016064257028112E-3,0,0
2026-04-10,1000000127,1000000127,1000000090,1000000127,1000000090,1000000127,1000000090,1,4.016064257028112E-3,41,41
2026-04-10,1000000127,1000000127,1000000091,1000000127,1000000091,1000000127,1000000091,1,4.016064257028112E-3,0,0
2026-04-10,1000000127,1000000127,1000000093,1000000127,1000000093,1000000127,1000000093,1,4.016064257028112E-3,14,14
2026-04-10,1000000127,1000000127,1000000108,1000000127,1000000108,1000000127,1000000108,1,4.016064257028112E-3,0,0
2026-04-10,1000000127,1000000127,1000000111,1000000127,1000000111,1000000127,1000000111,1,4.016064257028112E-3,0,0
2026-04-10,1000000127,1000000127,1000000113,1000000127,1000000113,1000000127,1000000113,1,4.016064257028112E-3,0,0
2026-04-10,1000000127,1000000127,1000000127,1000000127,1000000127,1000000127,1000000127,2,8.032128514056224E-3,6,6
2026-04-10,1000000144,1000000144,1000000064,1000000144,1000000064,1000000144,1000000064,2,3.278688524590164E-2,31,31
2026-04-10,1000000144,1000000144,1000000084,1000000144,1000000084,1000000144,1000000084,1,1.639344262295082E-2,73,73
2026-04-10,1000000144,1000000144,1000000087,1000000144,1000000087,1000000144,1000000087,1,1.639344262295082E-2,0,0
2026-04-10,1000000144,1000000144,1000000089,1000000144,1000000089,1000000144,1000000089,1,1.639344262295082E-2,79,79
2026-04-10,1000000144,1000000144,1000000111,1000000144,1000000111,1000000144,1000000111,1,1.639344262295082E-2,0,0
2026-04-10,1000000144,1000000144,1000000128,1000000144,1000000128,1000000144,1000000128,1,1.639344262295082E-2,32,32
2026-04-11,1000000035,1000000035,1000000033,1000000035,1000000033,1000000035,1000000033,2,2.5974025974025976E-2,32.5,32.5
2026-04-11,1000000035,1000000035,1000000035,1000000035,1000000035,1000000035,1000000035,1,1.2987012987012988E-2,19,19
2026-04-11,1000000035,1000000035,1000000042,1000000035,1000000042,1000000035,1000000042,2,2.5974025974025976E-2,37,37
2026-04-11,1000000035,1000000035,1000000043,1000000035,1000000043,1000000035,1000000043,1,1.2987012987012988E-2,0,0
2026-04-11,1000000035,1000000035,1000000063,1000000035,1000000063,1000000035,1000000063,1,1.2987012987012988E-2,8,8
2026-04-11,1000000035,1000000035,1000000064,1000000035,1000000064,1000000035,1000000064,1,1.2987012987012988E-2,28,28
2026-04-11,1000000035,1000000035,1000000083,1000000035,1000000083,1000000035,1000000083,1,1.2987012987012988E-2,24,24
2026-04-11,1000000035,1000000035,1000000084,1000000035,1000000084,1000000035,1000000084,1,1.2987012987012988E-2,18,18
2026-04-11,1000000035,1000000035,1000000087,1000000035,1000000087,1000000035,1000000087,1,1.2987012987012988E-2,20,20
2026-04-11,1000000035,1000000035,1000000089,1000000035,1000000089,1000000035,1000000089,1,1.2987012987012988E-2,9,9
2026-04-11,1000000035,1000000035,1000000094,1000000035,1000000094,1000000035,1000000094,1,1.2987012987012988E-2,0,0
2026-04-11,1000000035,1000000035,1000000121,1000000035,1000000121,1000000035,1000000121,2,2.5974025974025976E-2,36.5,36.5
2026-04-11,1000000035,1000000035,1000000156,1000000035,1000000156,1000000035,1000000156,1,1.2987012987012988E-2,56,56
2026-04-11,1000000042,1000000042,1000000027,1000000042,1000000027,1000000042,1000000027,2,1.0416666666666666E-2,19.5,19.5
2026-04-11,1000000042,1000000042,1000000033,1000000042,1000000033,1000000042,1000000033,1,5.208333333333333E-3,0,0
2026-04-11,1000000042,1000000042,1000000035,1000000042,1000000035,1000000042,1000000035,1,5.208333333333333E-3,78,78
2026-04-11,1000000042,1000000042,1000000042,1000000042,1000000042,1000000042,1000000042,21,1.09375E-1,30.428571428571427,30.428571428571427
2026-04-11,1000000042,1000000042,1000000043,1000000042,1000000043,1000000042,1000000043,4,2.0833333333333332E-2,10.75,10.75
2026-04-11,1000000042,1000000042,1000000044,1000000042,1000000044,1000000042,1000000044,1,5.208333333333333E-3,13,13
2026-04-11,1000000042,1000000042,1000000045,1000000042,1000000045,1000000042,1000000045,4,2.0833333333333332E-2,31.5,31.5
2026-04-11,1000000042,1000000042,1000000063,1000000042,1000000063,1000000042,1000000063,1,5.208333333333333E-3,1,1
2026-04-11,1000000042,1000000042,1000000064,1000000042,1000000064,1000000042,1000000064,4,2.0833333333333332E-2,22,22
2026-04-11,1000000042,1000000042,1000000065,1000000042,1000000065,1000000042,1000000065,1,5.208333333333333E-3,0,0
2026-04-11,1000000042,1000000042,1000000084,1000000042,1000000084,1000000042,1000000084,1,5.208333333333333E-3,8,8
2026-04-11,1000000042,1000000042,1000000087,1000000042,1000000087,1000000042,1000000087,1,5.208333333333333E-3,1,1
2026-04-11,1000000042,1000000042,1000000088,1000000042,1000000088,1000000042,1000000088,1,5.208333333333333E-3,0,0
2026-04-11,1000000042,1000000042,1000000112,1000000042,1000000112,1000000042,1000000112,1,5.208333333333333E-3,9,9
2026-04-11,1000000042,1000000042,1000000121,1000000042,1000000121,1000000042,1000000121,3,1.5625E-2,16,16
2026-04-11,1000000042,1000000042,1000000153,1000000042,1000000153,1000000042,1000000153,1,5.208333333333333E-3,0,0
2026-04-11,1000000043,1000000043,1000000033,1000000043,1000000033,1000000043,1000000033,1,5.076142131979695E-3,33,33
2026-04-11,1000000043,1000000043,1000000042,1000000043,1000000042,1000000043,1000000042,9,4.568527918781726E-2,20.555555555555557,20.555555555555557
2026-04-11,1000000043,1000000043,1000000043,1000000043,1000000043,1000000043,1000000043,13,6.598984771573604E-2,19.23076923076923,19.23076923076923
2026-04-11,1000000043,1000000043,1000000044,1000000043,1000000044,1000000043,1000000044,5,2.5380710659898477E-2,9.8,9.8
2026-04-11,1000000043,1000000043,1000000045,1000000043,1000000045,1000000043,1000000045,3,1.5228426395939087E-2,2.3333333333333335,2.3333333333333335
2026-04-11,1000000043,1000000043,1000000062,1000000043,1000000062,1000000043,1000000062,1,5.076142131979695E-3,35,35
2026-04-11,1000000043,1000000043,1000000064,1000000043,1000000064,1000000043,1000000064,2,1.015228426395939E-2,31.5,31.5
2026-04-11,1000000043,1000000043,1000000084,1000000043,1000000084,1000000043,1000000084,1,5.076142131979695E-3,73,73
2026-04-11,1000000043,1000000043,1000000087,1000000043,1000000087,1000000043,1000000087,2,1.015228426395939E-2,10.5,10.5
2026-04-11,1000000043,1000000043,1000000108,1000000043,1000000108,1000000043,1000000108,2,1.015228426395939E-2,1.5,1.5
2026-04-11,1000000043,1000000043,1000000111,1000000043,1000000111,1000000043,1000000111,1,5.076142131979695E-3,29,29
2026-04-11,1000000043,1000000043,1000000121,1000000043,1000000121,1000000043,1000000121,2,1.015228426395939E-2,11,11
2026-04-11,1000000043,1000000043,1000000153,1000000043,1000000153,1000000043,1000000153,1,5.076142131979695E-3,0,0
2026-04-11,1000000044,1000000044,1000000027,1000000044,1000000027,1000000044,1000000027,1,7.142857142857143E-3,39,39
2026-04-11,1000000044,1000000044,1000000033,1000000044,1000000033,1000000044,1000000033,1,7.142857142857143E-3,46,46
2026-04-11,1000000044,1000000044,1000000042,1000000044,1000000042,1000000044,1000000042,7,5.0E-2,27.428571428571427,27.428571428571427
2026-04-11,1000000044,1000000044,1000000043,1000000044,1000000043,1000000044,1000000043,3,2.142857142857143E-2,10.333333333333334,10.333333333333334
2026-04-11,1000000044,1000000044,1000000044,1000000044,1000000044,1000000044,1000000044,4,2.857142857142857E-2,21.5,21.5
2026-04-11,1000000044,1000000044,1000000045,1000000044,1000000045,1000000044,1000000045,2,1.4285714285714285E-2,32.5,32.5
2026-04-11,1000000044,1000000044,1000000062,1000000044,1000000062,1000000044,1000000062,1,7.142857142857143E-3,0,0
2026-04-11,1000000044,1000000044,1000000070,1000000044,1000000070,1000000044,1000000070,1,7.142857142857143E-3,8,8
2026-04-11,1000000044,1000000044,1000000084,1000000044,1000000084,1000000044,1000000084,1,7.142857142857143E-3,18,18
2026-04-11,1000000044,1000000044,1000000085,1000000044,1000000085,1000000044,1000000085,1,7.142857142857143E-3,45,45
2026-04-11,1000000044,1000000044,1000000088,1000000044,1000000088,1000000044,1000000088,1,7.142857142857143E-3,16,16
2026-04-11,1000000044,1000000044,1000000112,1000000044,1000000112,1000000044,1000000112,1,7.142857142857143E-3,9,9
2026-04-11,1000000044,1000000044,1000000113,1000000044,1000000113,1000000044,1000000113,1,7.142857142857143E-3,0,0
2026-04-11,1000000044,1000000044,1000000121,1000000044,1000000121,1000000044,1000000121,2,1.4285714285714285E-2,21.5,21.5
2026-04-11,1000000044,1000000044,1000000156,1000000044,1000000156,1000000044,1000000156,1,7.142857142857143E-3,0,0
2026-04-11,1000000045,1000000045,1000000027,1000000045,1000000027,1000000045,1000000027,1,3.236245954692557E-3,39,39
2026-04-11,1000000045,1000000045,1000000033,1000000045,1000000033,1000000045,1000000033,2,6.472491909385114E-3,23,23
2026-04-11,1000000045,1000000045,1000000035,1000000045,1000000035,1000000045,1000000035,1,3.236245954692557E-3,27,27
2026-04-11,1000000045,1000000045,1000000042,1000000045,1000000042,1000000045,1000000042,10,3.2362459546925564E-2,18.5,18.5
2026-04-11,1000000045,1000000045,1000000043,1000000045,1000000043,1000000045,1000000043,5,1.6181229773462782E-2,6.8,6.8
2026-04-11,1000000045,1000000045,1000000044,1000000045,1000000044,1000000045,1000000044,2,6.472491909385114E-3,10.5,10.5
2026-04-11,1000000045,1000000045,1000000045,1000000045,1000000045,1000000045,1000000045,19,6.1488673139158574E-2,17,17
2026-04-11,1000000045,1000000045,1000000063,1000000045,1000000063,1000000045,1000000063,2,6.472491909385114E-3,18.5,18.5
2026-04-11,1000000045,1000000045,1000000064,1000000045,1000000064,1000000045,1000000064,7,2.2653721682847898E-2,21.857142857142858,21.857142857142858
2026-04-11,1000000045,1000000045,1000000085,1000000045,1000000085,1000000045,1000000085,1,3.236245954692557E-3,0,0
2026-04-11,1000000045,1000000045,1000000086,1000000045,1000000086,1000000045,1000000086,1,3.236245954692557E-3,56,56
2026-04-11,1000000045,1000000045,1000000091,1000000045,1000000091,1000000045,1000000091,2,6.472491909385114E-3,5.0E-1,5.0E-1
2026-04-11,1000000045,1000000045,1000000108,1000000045,1000000108,1000000045,1000000108,3,9.708737864077669E-3,18.666666666666668,18.666666666666668
2026-04-11,1000000045,1000000045,1000000112,1000000045,1000000112,1000000045,1000000112,1,3.236245954692557E-3,9,9
2026-04-11,1000000045,1000000045,1000000113,1000000045,1000000113,1000000045,1000000113,1,3.236245954692557E-3,0,0
2026-04-11,1000000045,1000000045,1000000121,1000000045,1000000121,1000000045,1000000121,2,6.472491909385114E-3,6.5,6.5
2026-04-11,1000000045,1000000045,1000000153,1000000045,1000000153,1000000045,1000000153,2,6.472491909385114E-3,0,0
2026-04-11,1000000045,1000000045,1000000156,1000000045,1000000156,1000000045,1000000156,2,6.472491909385114E-3,21,21
2026-04-11,1000000062,1000000062,1000000027,1000000062,1000000027,1000000062,1000000027,1,4.1841004184100415E-3,0,0
2026-04-11,1000000062,1000000062,1000000028,1000000062,1000000028,1000000062,1000000028,1,4.1841004184100415E-3,7,7
2026-04-11,1000000062,1000000062,1000000042,1000000062,1000000042,1000000062,1000000042,2,8.368200836820083E-3,51,51
2026-04-11,1000000062,1000000062,1000000045,1000000062,1000000045,1000000062,1000000045,3,1.2552301255230125E-2,32,32
2026-04-11,1000000062,1000000062,1000000062,1000000062,1000000062,1000000062,1000000062,6,2.510460251046025E-2,7.166666666666667,7.166666666666667
2026-04-11,1000000062,1000000062,1000000064,1000000062,1000000064,1000000062,1000000064,7,2.9288702928870293E-2,24.571428571428573,24.571428571428573
2026-04-11,1000000062,1000000062,1000000065,1000000062,1000000065,1000000062,1000000065,1,4.1841004184100415E-3,12,12
2026-04-11,1000000062,1000000062,1000000087,1000000062,1000000087,1000000062,1000000087,1,4.1841004184100415E-3,71,71
2026-04-11,1000000062,1000000062,1000000093,1000000062,1000000093,1000000062,1000000093,1,4.1841004184100415E-3,22,22
2026-04-11,1000000062,1000000062,1000000111,1000000062,1000000111,1000000062,1000000111,1,4.1841004184100415E-3,37,37
2026-04-11,1000000062,1000000062,1000000121,1000000062,1000000121,1000000062,1000000121,1,4.1841004184100415E-3,1,1
2026-04-11,1000000062,1000000062,1000000153,1000000062,1000000153,1000000062,1000000153,1,4.1841004184100415E-3,0,0
2026-04-11,1000000063,1000000063,1000000042,1000000063,1000000042,1000000063,1000000042,4,1.3422818791946308E-2,39.75,39.75
2026-04-11,1000000063,1000000063,1000000043,1000000063,1000000043,1000000063,1000000043,3,1.0067114093959731E-2,1.3333333333333333,1.3333333333333333
2026-04-11,1000000063,1000000063,1000000044,1000000063,1000000044,1000000063,1000000044,4,1.3422818791946308E-2,29.25,29.25
2026-04-11,1000000063,1000000063,1000000045,1000000063,1000000045,1000000063,1000000045,1,3.355704697986577E-3,6,6
2026-04-11,1000000063,1000000063,1000000062,1000000063,1000000062,1000000063,1000000062,5,1.6778523489932886E-2,12.2,12.2
2026-04-11,1000000063,1000000063,1000000063,1000000063,1000000063,1000000063,1000000063,12,4.0268456375838924E-2,20.166666666666668,20.166666666666668
2026-04-11,1000000063,1000000063,1000000064,1000000063,1000000064,1000000063,1000000064,10,3.355704697986577E-2,25.2,25.2
2026-04-11,1000000063,1000000063,1000000069,1000000063,1000000069,1000000063,1000000069,1,3.355704697986577E-3,9,9
2026-04-11,1000000063,1000000063,1000000087,1000000063,1000000087,1000000063,1000000087,3,1.0067114093959731E-2,16,16
2026-04-11,1000000063,1000000063,1000000088,1000000063,1000000088,1000000063,1000000088,1,3.355704697986577E-3,0,0
2026-04-11,1000000063,1000000063,1000000090,1000000063,1000000090,1000000063,1000000090,2,6.711409395973154E-3,20.5,20.5
2026-04-11,1000000063,1000000063,1000000092,1000000063,1000000092,1000000063,1000000092,1,3.355704697986577E-3,1,1
2026-04-11,1000000063,1000000063,1000000093,1000000063,1000000093,1000000063,1000000093,2,6.711409395973154E-3,48.5,48.5
2026-04-11,1000000063,1000000063,1000000108,1000000063,1000000108,1000000063,1000000108,2,6.711409395973154E-3,28,28
2026-04-11,1000000063,1000000063,1000000112,1000000063,1000000112,1000000063,1000000112,1,3.355704697986577E-3,9,9
2026-04-11,1000000063,1000000063,1000000127,1000000063,1000000127,1000000063,1000000127,1,3.355704697986577E-3,0,0
2026-04-11,1000000064,1000000064,1000000033,1000000064,1000000033,1000000064,1000000033,1,6.042296072507553E-4,0,0
2026-04-11,1000000064,1000000064,1000000035,1000000064,1000000035,1000000064,1000000035,1,6.042296072507553E-4,46,46
2026-04-11,1000000064,1000000064,1000000042,1000000064,1000000042,1000000064,1000000042,13,7.85498489425982E-3,18.23076923076923,18.23076923076923
2026-04-11,1000000064,1000000064,1000000043,1000000064,1000000043,1000000064,1000000043,9,5.438066465256798E-3,17,17
2026-04-11,1000000064,1000000064,1000000044,1000000064,1000000044,1000000064,1000000044,5,3.0211480362537764E-3,16,16
2026-04-11,1000000064,1000000064,1000000045,1000000064,1000000045,1000000064,1000000045,6,3.6253776435045317E-3,21.333333333333332,21.333333333333332
2026-04-11,1000000064,1000000064,1000000062,1000000064,1000000062,1000000064,1000000062,3,1.8126888217522659E-3,23.333333333333332,23.333333333333332
2026-04-11,1000000064,1000000064,1000000063,1000000064,1000000063,1000000064,1000000063,9,5.438066465256798E-3,20.444444444444443,20.444444444444443
2026-04-11,1000000064,1000000064,1000000064,1000000064,1000000064,1000000064,1000000064,136,8.217522658610273E-2,14.205882352941176,14.205882352941176
2026-04-11,1000000064,1000000064,1000000069,1000000064,1000000069,1000000064,1000000069,1,6.042296072507553E-4,0,0
2026-04-11,1000000064,1000000064,1000000083,1000000064,1000000083,1000000064,1000000083,1,6.042296072507553E-4,0,0
2026-04-11,1000000064,1000000064,1000000084,1000000064,1000000084,1000000064,1000000084,3,1.8126888217522659E-3,47.666666666666664,47.666666666666664
2026-04-11,1000000064,1000000064,1000000085,1000000064,1000000085,1000000064,1000000085,4,2.416918429003021E-3,17.5,17.5
2026-04-11,1000000064,1000000064,1000000086,1000000064,1000000086,1000000064,1000000086,2,1.2084592145015106E-3,48.5,48.5
2026-04-11,1000000064,1000000064,1000000088,1000000064,1000000088,1000000064,1000000088,4,2.416918429003021E-3,11.25,11.25
2026-04-11,1000000064,1000000064,1000000090,1000000064,1000000090,1000000064,1000000090,1,6.042296072507553E-4,3,3
2026-04-11,1000000064,1000000064,1000000091,1000000064,1000000091,1000000064,1000000091,5,3.0211480362537764E-3,7.8,7.8
2026-04-11,1000000064,1000000064,1000000092,1000000064,1000000092,1000000064,1000000092,2,1.2084592145015106E-3,24.5,24.5
2026-04-11,1000000064,1000000064,1000000093,1000000064,1000000093,1000000064,1000000093,8,4.833836858006042E-3,9.625,9.625
2026-04-11,1000000064,1000000064,1000000094,1000000064,1000000094,1000000064,1000000094,2,1.2084592145015106E-3,15,15
2026-04-11,1000000064,1000000064,1000000108,1000000064,1000000108,1000000064,1000000108,2,1.2084592145015106E-3,0,0
2026-04-11,1000000064,1000000064,1000000111,1000000064,1000000111,1000000064,1000000111,2,1.2084592145015106E-3,10,10
2026-04-11,1000000064,1000000064,1000000113,1000000064,1000000113,1000000064,1000000113,2,1.2084592145015106E-3,5.0E-1,5.0E-1
2026-04-11,1000000064,1000000064,1000000121,1000000064,1000000121,1000000064,1000000121,2,1.2084592145015106E-3,6.5,6.5
2026-04-11,1000000064,1000000064,1000000127,1000000064,1000000127,1000000064,1000000127,3,1.8126888217522659E-3,0,0
2026-04-11,1000000064,1000000064,1000000128,1000000064,1000000128,1000000064,1000000128,1,6.042296072507553E-4,24,24
2026-04-11,1000000064,1000000064,1000000142,1000000064,1000000142,1000000064,1000000142,2,1.2084592145015106E-3,2,2
2026-04-11,1000000064,1000000064,1000000153,1000000064,1000000153,1000000064,1000000153,2,1.2084592145015106E-3,0,0
2026-04-11,1000000064,1000000064,1000000156,1000000064,1000000156,1000000064,1000000156,3,1.8126888217522659E-3,32.666666666666664,32.666666666666664
2026-04-11,1000000066,1000000066,1000000042,1000000066,1000000042,1000000066,1000000042,1,1.1764705882352941E-2,24,24
2026-04-11,1000000066,1000000066,1000000043,1000000066,1000000043,1000000066,1000000043,3,3.529411764705882E-2,45.666666666666664,45.666666666666664
2026-04-11,1000000066,1000000066,1000000044,1000000066,1000000044,1000000066,1000000044,3,3.529411764705882E-2,6.666666666666667,6.666666666666667
2026-04-11,1000000066,1000000066,1000000063,1000000066,1000000063,1000000066,1000000063,1,1.1764705882352941E-2,23,23
2026-04-11,1000000066,1000000066,1000000064,1000000066,1000000064,1000000066,1000000064,2,2.3529411764705882E-2,5.5,5.5
2026-04-11,1000000066,1000000066,1000000065,1000000066,1000000065,1000000066,1000000065,1,1.1764705882352941E-2,20,20
2026-04-11,1000000066,1000000066,1000000066,1000000066,1000000066,1000000066,1000000066,1,1.1764705882352941E-2,0,0
2026-04-11,1000000066,1000000066,1000000084,1000000066,1000000084,1000000066,1000000084,1,1.1764705882352941E-2,18,18
2026-04-11,1000000066,1000000066,1000000087,1000000066,1000000087,1000000066,1000000087,1,1.1764705882352941E-2,1,1
2026-04-11,1000000066,1000000066,1000000111,1000000066,1000000111,1000000066,1000000111,1,1.1764705882352941E-2,0,0
2026-04-11,1000000069,1000000069,1000000028,1000000069,1000000028,1000000069,1000000028,1,9.80392156862745E-3,12,12
2026-04-11,1000000069,1000000069,1000000042,1000000069,1000000042,1000000069,1000000042,2,1.96078431372549E-2,20,20
2026-04-11,1000000069,1000000069,1000000043,1000000069,1000000043,1000000069,1000000043,1,9.80392156862745E-3,0,0
2026-04-11,1000000069,1000000069,1000000044,1000000069,1000000044,1000000069,1000000044,1,9.80392156862745E-3,36,36
2026-04-11,1000000069,1000000069,1000000045,1000000069,1000000045,1000000069,1000000045,1,9.80392156862745E-3,15,15
2026-04-11,1000000069,1000000069,1000000063,1000000069,1000000063,1000000069,1000000063,1,9.80392156862745E-3,35,35
2026-04-11,1000000069,1000000069,1000000064,1000000069,1000000064,1000000069,1000000064,2,1.96078431372549E-2,41,41
2026-04-11,1000000069,1000000069,1000000086,1000000069,1000000086,1000000069,1000000086,1,9.80392156862745E-3,0,0
2026-04-11,1000000069,1000000069,1000000091,1000000069,1000000091,1000000069,1000000091,1,9.80392156862745E-3,0,0
2026-04-11,1000000069,1000000069,1000000121,1000000069,1000000121,1000000069,1000000121,1,9.80392156862745E-3,12,12
2026-04-11,1000000069,1000000069,1000000154,1000000069,1000000154,1000000069,1000000154,1,9.80392156862745E-3,36,36
2026-04-11,1000000083,1000000083,1000000028,1000000083,1000000028,1000000083,1000000028,1,1.282051282051282E-2,18,18
2026-04-11,1000000083,1000000083,1000000035,1000000083,1000000035,1000000083,1000000035,1,1.282051282051282E-2,19,19
2026-04-11,1000000083,1000000083,1000000042,1000000083,1000000042,1000000083,1000000042,4,5.128205128205128E-2,26,26
2026-04-11,1000000083,1000000083,1000000044,1000000083,1000000044,1000000083,1000000044,1,1.282051282051282E-2,13,13
2026-04-11,1000000083,1000000083,1000000045,1000000083,1000000045,1000000083,1000000045,1,1.282051282051282E-2,0,0
2026-04-11,1000000083,1000000083,1000000064,1000000083,1000000064,1000000083,1000000064,3,3.8461538461538464E-2,26.333333333333332,26.333333333333332
2026-04-11,1000000083,1000000083,1000000069,1000000083,1000000069,1000000083,1000000069,1,1.282051282051282E-2,9,9
2026-04-11,1000000083,1000000083,1000000083,1000000083,1000000083,1000000083,1000000083,1,1.282051282051282E-2,43,43
2026-04-11,1000000083,1000000083,1000000088,1000000083,1000000088,1000000083,1000000088,1,1.282051282051282E-2,12,12
2026-04-11,1000000083,1000000083,1000000094,1000000083,1000000094,1000000083,1000000094,1,1.282051282051282E-2,0,0
2026-04-11,1000000083,1000000083,1000000108,1000000083,1000000108,1000000083,1000000108,1,1.282051282051282E-2,0,0
2026-04-11,1000000083,1000000083,1000000121,1000000083,1000000121,1000000083,1000000121,1,1.282051282051282E-2,1,1
2026-04-11,1000000083,1000000083,1000000127,1000000083,1000000127,1000000083,1000000127,1,1.282051282051282E-2,0,0
2026-04-11,1000000084,1000000084,1000000064,1000000084,1000000064,1000000084,1000000064,2,1.3605442176870748E-2,25.5,25.5
2026-04-11,1000000084,1000000084,1000000083,1000000084,1000000083,1000000084,1000000083,1,6.802721088435374E-3,1,1
2026-04-11,1000000084,1000000084,1000000084,1000000084,1000000084,1000000084,1000000084,4,2.7210884353741496E-2,2.5,2.5
2026-04-11,1000000084,1000000084,1000000087,1000000084,1000000087,1000000084,1000000087,1,6.802721088435374E-3,0,0
2026-04-11,1000000084,1000000084,1000000088,1000000084,1000000088,1000000084,1000000088,2,1.3605442176870748E-2,3.5,3.5
2026-04-11,1000000084,1000000084,1000000092,1000000084,1000000092,1000000084,1000000092,1,6.802721088435374E-3,0,0
2026-04-11,1000000084,1000000084,1000000093,1000000084,1000000093,1000000084,1000000093,2,1.3605442176870748E-2,41,41
2026-04-11,1000000084,1000000084,1000000108,1000000084,1000000108,1000000084,1000000108,2,1.3605442176870748E-2,0,0
2026-04-11,1000000084,1000000084,1000000110,1000000084,1000000110,1000000084,1000000110,2,1.3605442176870748E-2,1,1
2026-04-11,1000000085,1000000085,1000000033,1000000085,1000000033,1000000085,1000000033,1,3.1446540880503146E-3,4,4
2026-04-11,1000000085,1000000085,1000000035,1000000085,1000000035,1000000085,1000000035,1,3.1446540880503146E-3,47,47
2026-04-11,1000000085,1000000085,1000000042,1000000085,1000000042,1000000085,1000000042,1,3.1446540880503146E-3,27,27
2026-04-11,1000000085,1000000085,1000000045,1000000085,1000000045,1000000085,1000000045,2,6.289308176100629E-3,0,0
2026-04-11,1000000085,1000000085,1000000064,1000000085,1000000064,1000000085,1000000064,2,6.289308176100629E-3,0,0
2026-04-11,1000000085,1000000085,1000000084,1000000085,1000000084,1000000085,1000000084,4,1.2578616352201259E-2,23.5,23.5
2026-04-11,1000000085,1000000085,1000000085,1000000085,1000000085,1000000085,1000000085,16,5.0314465408805034E-2,10.1875,10.1875
2026-04-11,1000000085,1000000085,1000000086,1000000085,1000000086,1000000085,1000000086,10,3.1446540880503145E-2,7,7
2026-04-11,1000000085,1000000085,1000000087,1000000085,1000000087,1000000085,1000000087,6,1.8867924528301886E-2,4.833333333333333,4.833333333333333
2026-04-11,1000000085,1000000085,1000000088,1000000085,1000000088,1000000085,1000000088,8,2.5157232704402517E-2,6.25E-1,6.25E-1
2026-04-11,1000000085,1000000085,1000000089,1000000085,1000000089,1000000085,1000000089,1,3.1446540880503146E-3,36,36
2026-04-11,1000000085,1000000085,1000000090,1000000085,1000000090,1000000085,1000000090,2,6.289308176100629E-3,1.5,1.5
2026-04-11,1000000085,1000000085,1000000091,1000000085,1000000091,1000000085,1000000091,2,6.289308176100629E-3,33.5,33.5
2026-04-11,1000000085,1000000085,1000000092,1000000085,1000000092,1000000085,1000000092,3,9.433962264150943E-3,3.333333333333333E-1,3.333333333333333E-1
2026-04-11,1000000085,1000000085,1000000093,1000000085,1000000093,1000000085,1000000093,1,3.1446540880503146E-3,0,0
2026-04-11,1000000085,1000000085,1000000108,1000000085,1000000108,1000000085,1000000108,2,6.289308176100629E-3,5.0E-1,5.0E-1
2026-04-11,1000000085,1000000085,1000000111,1000000085,1000000111,1000000085,1000000111,1,3.1446540880503146E-3,0,0
2026-04-11,1000000085,1000000085,1000000127,1000000085,1000000127,1000000085,1000000127,1,3.1446540880503146E-3,0,0
2026-04-11,1000000085,1000000085,1000000153,1000000085,1000000153,1000000085,1000000153,1,3.1446540880503146E-3,1,1
2026-04-11,1000000086,1000000086,1000000045,1000000086,1000000045,1000000086,1000000045,1,5.0E-3,6,6
2026-04-11,1000000086,1000000086,1000000063,1000000086,1000000063,1000000086,1000000063,1,5.0E-3,60,60
2026-04-11,1000000086,1000000086,1000000064,1000000086,1000000064,1000000086,1000000064,2,1.0E-2,12,12
2026-04-11,1000000086,1000000086,1000000084,1000000086,1000000084,1000000086,1000000084,4,2.0E-2,21.25,21.25
2026-04-11,1000000086,1000000086,1000000085,1000000086,1000000085,1000000086,1000000085,12,6.0E-2,12.416666666666666,12.416666666666666
2026-04-11,1000000086,1000000086,1000000086,1000000086,1000000086,1000000086,1000000086,20,1.0E-1,11.4,11.4
2026-04-11,1000000086,1000000086,1000000087,1000000086,1000000087,1000000086,1000000087,7,3.5E-2,4.714285714285714,4.714285714285714
2026-04-11,1000000086,1000000086,1000000088,1000000086,1000000088,1000000086,1000000088,6,3.0E-2,0,0
2026-04-11,1000000086,1000000086,1000000089,1000000086,1000000089,1000000086,1000000089,2,1.0E-2,35,35
2026-04-11,1000000086,1000000086,1000000090,1000000086,1000000090,1000000086,1000000090,1,5.0E-3,0,0
2026-04-11,1000000086,1000000086,1000000113,1000000086,1000000113,1000000086,1000000113,1,5.0E-3,0,0
2026-04-11,1000000087,1000000087,1000000033,1000000087,1000000033,1000000087,1000000033,1,2.2026431718061676E-3,22,22
2026-04-11,1000000087,1000000087,1000000035,1000000087,1000000035,1000000087,1000000035,1,2.2026431718061676E-3,46,46
2026-04-11,1000000087,1000000087,1000000043,1000000087,1000000043,1000000087,1000000043,2,4.405286343612335E-3,1,1
2026-04-11,1000000087,1000000087,1000000044,1000000087,1000000044,1000000087,1000000044,1,2.2026431718061676E-3,5,5
2026-04-11,1000000087,1000000087,1000000064,1000000087,1000000064,1000000087,1000000064,6,1.3215859030837005E-2,34.666666666666664,34.666666666666664
2026-04-11,1000000087,1000000087,1000000084,1000000087,1000000084,1000000087,1000000084,3,6.607929515418502E-3,9.333333333333334,9.333333333333334
2026-04-11,1000000087,1000000087,1000000085,1000000087,1000000085,1000000087,1000000085,8,1.762114537444934E-2,10.375,10.375
2026-04-11,1000000087,1000000087,1000000086,1000000087,1000000086,1000000087,1000000086,7,1.5418502202643172E-2,9.714285714285714,9.714285714285714
2026-04-11,1000000087,1000000087,1000000087,1000000087,1000000087,1000000087,1000000087,31,6.828193832599119E-2,16.06451612903226,16.06451612903226
2026-04-11,1000000087,1000000087,1000000088,1000000087,1000000088,1000000087,1000000088,15,3.303964757709251E-2,10,10
2026-04-11,1000000087,1000000087,1000000092,1000000087,1000000092,1000000087,1000000092,2,4.405286343612335E-3,42,42
2026-04-11,1000000087,1000000087,1000000093,1000000087,1000000093,1000000087,1000000093,4,8.81057268722467E-3,2.25,2.25
2026-04-11,1000000087,1000000087,1000000094,1000000087,1000000094,1000000087,1000000094,1,2.2026431718061676E-3,0,0
2026-04-11,1000000087,1000000087,1000000143,1000000087,1000000143,1000000087,1000000143,1,2.2026431718061676E-3,2,2
2026-04-11,1000000088,1000000088,1000000063,1000000088,1000000063,1000000088,1000000063,1,2.8169014084507044E-3,0,0
2026-04-11,1000000088,1000000088,1000000064,1000000088,1000000064,1000000088,1000000064,8,2.2535211267605635E-2,25.625,25.625
2026-04-11,1000000088,1000000088,1000000083,1000000088,1000000083,1000000088,1000000083,1,2.8169014084507044E-3,80,80
2026-04-11,1000000088,1000000088,1000000084,1000000088,1000000084,1000000088,1000000084,1,2.8169014084507044E-3,52,52
2026-04-11,1000000088,1000000088,1000000085,1000000088,1000000085,1000000088,1000000085,7,1.971830985915493E-2,0,0
2026-04-11,1000000088,1000000088,1000000086,1000000088,1000000086,1000000088,1000000086,8,2.2535211267605635E-2,9.5,9.5
2026-04-11,1000000088,1000000088,1000000087,1000000088,1000000087,1000000088,1000000087,10,2.8169014084507043E-2,4.1,4.1
2026-04-11,1000000088,1000000088,1000000088,1000000088,1000000088,1000000088,1000000088,39,1.0985915492957747E-1,8.615384615384615,8.615384615384615
2026-04-11,1000000088,1000000088,1000000089,1000000088,1000000089,1000000088,1000000089,2,5.633802816901409E-3,4.5,4.5
2026-04-11,1000000088,1000000088,1000000090,1000000088,1000000090,1000000088,1000000090,1,2.8169014084507044E-3,0,0
2026-04-11,1000000088,1000000088,1000000092,1000000088,1000000092,1000000088,1000000092,1,2.8169014084507044E-3,0,0
2026-04-11,1000000088,1000000088,1000000094,1000000088,1000000094,1000000088,1000000094,2,5.633802816901409E-3,37,37
2026-04-11,1000000088,1000000088,1000000112,1000000088,1000000112,1000000088,1000000112,2,5.633802816901409E-3,5.0E-1,5.0E-1
2026-04-11,1000000088,1000000088,1000000121,1000000088,1000000121,1000000088,1000000121,1,2.8169014084507044E-3,13,13
2026-04-11,1000000088,1000000088,1000000142,1000000088,1000000142,1000000088,1000000142,2,5.633802816901409E-3,4.5,4.5
2026-04-11,1000000089,1000000089,1000000033,1000000089,1000000033,1000000089,1000000033,1,2.0E-2,87,87
2026-04-11,1000000089,1000000089,1000000086,1000000089,1000000086,1000000089,1000000086,1,2.0E-2,0,0
2026-04-11,1000000089,1000000089,1000000087,1000000089,1000000087,1000000089,1000000087,3,6.0E-2,3.333333333333333E-1,3.333333333333333E-1
2026-04-11,1000000089,1000000089,1000000088,1000000089,1000000088,1000000089,1000000088,4,8.0E-2,4.75,4.75
2026-04-11,1000000089,1000000089,1000000089,1000000089,1000000089,1000000089,1000000089,4,8.0E-2,8.75,8.75
2026-04-11,1000000089,1000000089,1000000091,1000000089,1000000091,1000000089,1000000091,1,2.0E-2,0,0
2026-04-11,1000000089,1000000089,1000000111,1000000089,1000000111,1000000089,1000000111,1,2.0E-2,32,32
2026-04-11,1000000089,1000000089,1000000112,1000000089,1000000112,1000000089,1000000112,1,2.0E-2,0,0
2026-04-11,1000000090,1000000090,1000000028,1000000090,1000000028,1000000090,1000000028,1,7.874015748031496E-3,12,12
2026-04-11,1000000090,1000000090,1000000063,1000000090,1000000063,1000000090,1000000063,1,7.874015748031496E-3,0,0
2026-04-11,1000000090,1000000090,1000000064,1000000090,1000000064,1000000090,1000000064,1,7.874015748031496E-3,76,76
2026-04-11,1000000090,1000000090,1000000085,1000000090,1000000085,1000000090,1000000085,1,7.874015748031496E-3,0,0
2026-04-11,1000000090,1000000090,1000000090,1000000090,1000000090,1000000090,1000000090,3,2.3622047244094488E-2,2,2
2026-04-11,1000000090,1000000090,1000000091,1000000090,1000000091,1000000090,1000000091,1,7.874015748031496E-3,4,4
2026-04-11,1000000090,1000000090,1000000092,1000000090,1000000092,1000000090,1000000092,1,7.874015748031496E-3,0,0
2026-04-11,1000000090,1000000090,1000000093,1000000090,1000000093,1000000090,1000000093,1,7.874015748031496E-3,0,0
2026-04-11,1000000090,1000000090,1000000094,1000000090,1000000094,1000000090,1000000094,1,7.874015748031496E-3,0,0
2026-04-11,1000000090,1000000090,1000000111,1000000090,1000000111,1000000090,1000000111,1,7.874015748031496E-3,2,2
2026-04-11,1000000090,1000000090,1000000112,1000000090,1000000112,1000000090,1000000112,1,7.874015748031496E-3,0,0
2026-04-11,1000000091,1000000091,1000000028,1000000091,1000000028,1000000091,1000000028,1,5.494505494505495E-3,12,12
2026-04-11,1000000091,1000000091,1000000035,1000000091,1000000035,1000000091,1000000035,1,5.494505494505495E-3,47,47
2026-04-11,1000000091,1000000091,1000000045,1000000091,1000000045,1000000091,1000000045,3,1.6483516483516484E-2,2,2
2026-04-11,1000000091,1000000091,1000000064,1000000091,1000000064,1000000091,1000000064,4,2.197802197802198E-2,13,13
2026-04-11,1000000091,1000000091,1000000085,1000000091,1000000085,1000000091,1000000085,2,1.098901098901099E-2,38,38
2026-04-11,1000000091,1000000091,1000000086,1000000091,1000000086,1000000091,1000000086,2,1.098901098901099E-2,14,14
2026-04-11,1000000091,1000000091,1000000087,1000000091,1000000087,1000000091,1000000087,2,1.098901098901099E-2,24.5,24.5
2026-04-11,1000000091,1000000091,1000000089,1000000091,1000000089,1000000091,1000000089,1,5.494505494505495E-3,0,0
2026-04-11,1000000091,1000000091,1000000090,1000000091,1000000090,1000000091,1000000090,3,1.6483516483516484E-2,4.333333333333333,4.333333333333333
2026-04-11,1000000091,1000000091,1000000091,1000000091,1000000091,1000000091,1000000091,11,6.043956043956044E-2,7.454545454545454,7.454545454545454
2026-04-11,1000000091,1000000091,1000000092,1000000091,1000000092,1000000091,1000000092,2,1.098901098901099E-2,10,10
2026-04-11,1000000091,1000000091,1000000093,1000000091,1000000093,1000000091,1000000093,2,1.098901098901099E-2,9,9
2026-04-11,1000000091,1000000091,1000000094,1000000091,1000000094,1000000091,1000000094,2,1.098901098901099E-2,0,0
2026-04-11,1000000091,1000000091,1000000111,1000000091,1000000111,1000000091,1000000111,1,5.494505494505495E-3,4,4
2026-04-11,1000000092,1000000092,1000000028,1000000092,1000000028,1000000092,1000000028,1,6.493506493506494E-3,12,12
2026-04-11,1000000092,1000000092,1000000064,1000000092,1000000064,1000000092,1000000064,4,2.5974025974025976E-2,12,12
2026-04-11,1000000092,1000000092,1000000084,1000000092,1000000084,1000000092,1000000084,1,6.493506493506494E-3,0,0
2026-04-11,1000000092,1000000092,1000000085,1000000092,1000000085,1000000092,1000000085,2,1.2987012987012988E-2,0,0
2026-04-11,1000000092,1000000092,1000000087,1000000092,1000000087,1000000092,1000000087,2,1.2987012987012988E-2,1,1
2026-04-11,1000000092,1000000092,1000000088,1000000092,1000000088,1000000092,1000000088,1,6.493506493506494E-3,0,0
2026-04-11,1000000092,1000000092,1000000090,1000000092,1000000090,1000000092,1000000090,3,1.948051948051948E-2,1,1
2026-04-11,1000000092,1000000092,1000000091,1000000092,1000000091,1000000092,1000000091,3,1.948051948051948E-2,9.333333333333334,9.333333333333334
2026-04-11,1000000092,1000000092,1000000092,1000000092,1000000092,1000000092,1000000092,8,5.194805194805195E-2,8.875,8.875
2026-04-11,1000000092,1000000092,1000000093,1000000092,1000000093,1000000092,1000000093,1,6.493506493506494E-3,6,6
2026-04-11,1000000092,1000000092,1000000111,1000000092,1000000111,1000000092,1000000111,1,6.493506493506494E-3,0,0
2026-04-11,1000000093,1000000093,1000000044,1000000093,1000000044,1000000093,1000000044,2,2.828854314002829E-3,49.5,49.5
2026-04-11,1000000093,1000000093,1000000045,1000000093,1000000045,1000000093,1000000045,2,2.828854314002829E-3,8,8
2026-04-11,1000000093,1000000093,1000000062,1000000093,1000000062,1000000093,1000000062,4,5.657708628005658E-3,50.75,50.75
2026-04-11,1000000093,1000000093,1000000064,1000000093,1000000064,1000000093,1000000064,9,1.272984441301273E-2,9,9
2026-04-11,1000000093,1000000093,1000000084,1000000093,1000000084,1000000093,1000000084,1,1.4144271570014145E-3,3,3
2026-04-11,1000000093,1000000093,1000000085,1000000093,1000000085,1000000093,1000000085,2,2.828854314002829E-3,0,0
2026-04-11,1000000093,1000000093,1000000086,1000000093,1000000086,1000000093,1000000086,1,1.4144271570014145E-3,6,6
2026-04-11,1000000093,1000000093,1000000087,1000000093,1000000087,1000000093,1000000087,5,7.072135785007072E-3,2.8,2.8
2026-04-11,1000000093,1000000093,1000000088,1000000093,1000000088,1000000093,1000000088,1,1.4144271570014145E-3,62,62
2026-04-11,1000000093,1000000093,1000000090,1000000093,1000000090,1000000093,1000000090,1,1.4144271570014145E-3,0,0
2026-04-11,1000000093,1000000093,1000000091,1000000093,1000000091,1000000093,1000000091,2,2.828854314002829E-3,0,0
2026-04-11,1000000093,1000000093,1000000093,1000000093,1000000093,1000000093,1000000093,77,1.0891089108910891E-1,6.025974025974026,6.025974025974026
2026-04-11,1000000093,1000000093,1000000094,1000000093,1000000094,1000000093,1000000094,3,4.243281471004243E-3,0,0
2026-04-11,1000000093,1000000093,1000000108,1000000093,1000000108,1000000093,1000000108,6,8.486562942008486E-3,24.333333333333332,24.333333333333332
2026-04-11,1000000093,1000000093,1000000110,1000000093,1000000110,1000000093,1000000110,2,2.828854314002829E-3,0,0
2026-04-11,1000000093,1000000093,1000000111,1000000093,1000000111,1000000093,1000000111,7,9.900990099009901E-3,7.142857142857143E-1,7.142857142857143E-1
2026-04-11,1000000093,1000000093,1000000112,1000000093,1000000112,1000000093,1000000112,2,2.828854314002829E-3,2,2
2026-04-11,1000000093,1000000093,1000000113,1000000093,1000000113,1000000093,1000000113,1,1.4144271570014145E-3,14,14
2026-04-11,1000000094,1000000094,1000000035,1000000094,1000000035,1000000094,1000000035,1,5.319148936170213E-3,0,0
2026-04-11,1000000094,1000000094,1000000044,1000000094,1000000044,1000000094,1000000044,1,5.319148936170213E-3,13,13
2026-04-11,1000000094,1000000094,1000000064,1000000094,1000000064,1000000094,1000000064,1,5.319148936170213E-3,5,5
2026-04-11,1000000094,1000000094,1000000084,1000000094,1000000084,1000000094,1000000084,1,5.319148936170213E-3,30,30
2026-04-11,1000000094,1000000094,1000000086,1000000094,1000000086,1000000094,1000000086,1,5.319148936170213E-3,73,73
2026-04-11,1000000094,1000000094,1000000088,1000000094,1000000088,1000000094,1000000088,1,5.319148936170213E-3,16,16
2026-04-11,1000000094,1000000094,1000000089,1000000094,1000000089,1000000094,1000000089,1,5.319148936170213E-3,36,36
2026-04-11,1000000094,1000000094,1000000090,1000000094,1000000090,1000000094,1000000090,1,5.319148936170213E-3,25,25
2026-04-11,1000000094,1000000094,1000000091,1000000094,1000000091,1000000094,1000000091,2,1.0638297872340425E-2,2.5,2.5
2026-04-11,1000000094,1000000094,1000000092,1000000094,1000000092,1000000094,1000000092,1,5.319148936170213E-3,18,18
2026-04-11,1000000094,1000000094,1000000093,1000000094,1000000093,1000000094,1000000093,2,1.0638297872340425E-2,0,0
2026-04-11,1000000094,1000000094,1000000094,1000000094,1000000094,1000000094,1000000094,16,8.51063829787234E-2,12.875,12.875
2026-04-11,1000000094,1000000094,1000000095,1000000094,1000000095,1000000094,1000000095,1,5.319148936170213E-3,40,40
2026-04-11,1000000094,1000000094,1000000108,1000000094,1000000108,1000000094,1000000108,3,1.5957446808510637E-2,4.333333333333333,4.333333333333333
2026-04-11,1000000094,1000000094,1000000110,1000000094,1000000110,1000000094,1000000110,2,1.0638297872340425E-2,1,1
2026-04-11,1000000094,1000000094,1000000111,1000000094,1000000111,1000000094,1000000111,4,2.127659574468085E-2,34.25,34.25
2026-04-11,1000000108,1000000108,1000000035,1000000108,1000000035,1000000108,1000000035,1,4.016064257028112E-3,15,15
2026-04-11,1000000108,1000000108,1000000042,1000000108,1000000042,1000000108,1000000042,1,4.016064257028112E-3,83,83
2026-04-11,1000000108,1000000108,1000000043,1000000108,1000000043,1000000108,1000000043,1,4.016064257028112E-3,0,0
2026-04-11,1000000108,1000000108,1000000044,1000000108,1000000044,1000000108,1000000044,1,4.016064257028112E-3,82,82
2026-04-11,1000000108,1000000108,1000000045,1000000108,1000000045,1000000108,1000000045,3,1.2048192771084338E-2,0,0
2026-04-11,1000000108,1000000108,1000000064,1000000108,1000000064,1000000108,1000000064,2,8.032128514056224E-3,43,43
2026-04-11,1000000108,1000000108,1000000071,1000000108,1000000071,1000000108,1000000071,1,4.016064257028112E-3,12,12
2026-04-11,1000000108,1000000108,1000000083,1000000108,1000000083,1000000108,1000000083,1,4.016064257028112E-3,0,0
2026-04-11,1000000108,1000000108,1000000084,1000000108,1000000084,1000000108,1000000084,1,4.016064257028112E-3,0,0
2026-04-11,1000000108,1000000108,1000000087,1000000108,1000000087,1000000108,1000000087,1,4.016064257028112E-3,0,0
2026-04-11,1000000108,1000000108,1000000091,1000000108,1000000091,1000000108,1000000091,1,4.016064257028112E-3,0,0
2026-04-11,1000000108,1000000108,1000000092,1000000108,1000000092,1000000108,1000000092,2,8.032128514056224E-3,21,21
2026-04-11,1000000108,1000000108,1000000093,1000000108,1000000093,1000000108,1000000093,7,2.8112449799196786E-2,9.142857142857142,9.142857142857142
2026-04-11,1000000108,1000000108,1000000094,1000000108,1000000094,1000000108,1000000094,3,1.2048192771084338E-2,5.666666666666667,5.666666666666667
2026-04-11,1000000108,1000000108,1000000108,1000000108,1000000108,1000000108,1000000108,24,9.63855421686747E-2,9.083333333333334,9.083333333333334
2026-04-11,1000000108,1000000108,1000000111,1000000108,1000000111,1000000108,1000000111,1,4.016064257028112E-3,0,0
2026-04-11,1000000108,1000000108,1000000112,1000000108,1000000112,1000000108,1000000112,2,8.032128514056224E-3,19,19
2026-04-11,1000000108,1000000108,1000000127,1000000108,1000000127,1000000108,1000000127,1,4.016064257028112E-3,0,0
2026-04-11,1000000110,1000000110,1000000027,1000000110,1000000027,1000000110,1000000027,1,1.4084507042253521E-2,39,39
2026-04-11,1000000110,1000000110,1000000083,1000000110,1000000083,1000000110,1000000083,1,1.4084507042253521E-2,2,2
2026-04-11,1000000110,1000000110,1000000093,1000000110,1000000093,1000000110,1000000093,1,1.4084507042253521E-2,0,0
2026-04-11,1000000110,1000000110,1000000094,1000000110,1000000094,1000000110,1000000094,1,1.4084507042253521E-2,0,0
2026-04-11,1000000110,1000000110,1000000108,1000000110,1000000108,1000000110,1000000108,1,1.4084507042253521E-2,0,0
2026-04-11,1000000110,1000000110,1000000110,1000000110,1000000110,1000000110,1000000110,7,9.859154929577464E-2,5.857142857142857,5.857142857142857
2026-04-11,1000000110,1000000110,1000000112,1000000110,1000000112,1000000110,1000000112,1,1.4084507042253521E-2,0,0
2026-04-11,1000000111,1000000111,1000000045,1000000111,1000000045,1000000111,1000000045,1,2.9498525073746312E-3,14,14
2026-04-11,1000000111,1000000111,1000000062,1000000111,1000000062,1000000111,1000000062,2,5.8997050147492625E-3,1.5,1.5
2026-04-11,1000000111,1000000111,1000000064,1000000111,1000000064,1000000111,1000000064,8,2.359882005899705E-2,16.5,16.5
2026-04-11,1000000111,1000000111,1000000066,1000000111,1000000066,1000000111,1000000066,1,2.9498525073746312E-3,0,0
2026-04-11,1000000111,1000000111,1000000085,1000000111,1000000085,1000000111,1000000085,1,2.9498525073746312E-3,0,0
2026-04-11,1000000111,1000000111,1000000086,1000000111,1000000086,1000000111,1000000086,1,2.9498525073746312E-3,73,73
2026-04-11,1000000111,1000000111,1000000087,1000000111,1000000087,1000000111,1000000087,1,2.9498525073746312E-3,3,3
2026-04-11,1000000111,1000000111,1000000088,1000000111,1000000088,1000000111,1000000088,2,5.8997050147492625E-3,31,31
2026-04-11,1000000111,1000000111,1000000091,1000000111,1000000091,1000000111,1000000091,2,5.8997050147492625E-3,15,15
2026-04-11,1000000111,1000000111,1000000092,1000000111,1000000092,1000000111,1000000092,1,2.9498525073746312E-3,0,0
2026-04-11,1000000111,1000000111,1000000093,1000000111,1000000093,1000000111,1000000093,10,2.9498525073746312E-2,10.1,10.1
2026-04-11,1000000111,1000000111,1000000094,1000000111,1000000094,1000000111,1000000094,1,2.9498525073746312E-3,0,0
2026-04-11,1000000111,1000000111,1000000108,1000000111,1000000108,1000000111,1000000108,1,2.9498525073746312E-3,0,0
2026-04-11,1000000111,1000000111,1000000110,1000000111,1000000110,1000000111,1000000110,2,5.8997050147492625E-3,1,1
2026-04-11,1000000111,1000000111,1000000111,1000000111,1000000111,1000000111,1000000111,34,1.0029498525073746E-1,7.323529411764706,7.323529411764706
2026-04-11,1000000111,1000000111,1000000112,1000000111,1000000112,1000000111,1000000112,1,2.9498525073746312E-3,0,0
2026-04-11,1000000111,1000000111,1000000113,1000000111,1000000113,1000000111,1000000113,1,2.9498525073746312E-3,0,0
2026-04-11,1000000111,1000000111,1000000156,1000000111,1000000156,1000000111,1000000156,1,2.9498525073746312E-3,41,41
2026-04-11,1000000112,1000000112,1000000042,1000000112,1000000042,1000000112,1000000042,1,1.0752688172043012E-2,1,1
2026-04-11,1000000112,1000000112,1000000043,1000000112,1000000043,1000000112,1000000043,1,1.0752688172043012E-2,66,66
2026-04-11,1000000112,1000000112,1000000044,1000000112,1000000044,1000000112,1000000044,1,1.0752688172043012E-2,82,82
2026-04-11,1000000112,1000000112,1000000045,1000000112,1000000045,1000000112,1000000045,1,1.0752688172043012E-2,0,0
2026-04-11,1000000112,1000000112,1000000064,1000000112,1000000064,1000000112,1000000064,2,2.1505376344086023E-2,54.5,54.5
2026-04-11,1000000112,1000000112,1000000072,1000000112,1000000072,1000000112,1000000072,1,1.0752688172043012E-2,1,1
2026-04-11,1000000112,1000000112,1000000086,1000000112,1000000086,1000000112,1000000086,1,1.0752688172043012E-2,0,0
2026-04-11,1000000112,1000000112,1000000088,1000000112,1000000088,1000000112,1000000088,2,2.1505376344086023E-2,2,2
2026-04-11,1000000112,1000000112,1000000090,1000000112,1000000090,1000000112,1000000090,1,1.0752688172043012E-2,0,0
2026-04-11,1000000112,1000000112,1000000093,1000000112,1000000093,1000000112,1000000093,1,1.0752688172043012E-2,0,0
2026-04-11,1000000112,1000000112,1000000110,1000000112,1000000110,1000000112,1000000110,1,1.0752688172043012E-2,0,0
2026-04-11,1000000112,1000000112,1000000112,1000000112,1000000112,1000000112,1000000112,3,3.225806451612903E-2,0,0
2026-04-11,1000000113,1000000113,1000000044,1000000113,1000000044,1000000113,1000000044,1,9.80392156862745E-3,0,0
2026-04-11,1000000113,1000000113,1000000045,1000000113,1000000045,1000000113,1000000045,2,1.96078431372549E-2,3,3
2026-04-11,1000000113,1000000113,1000000063,1000000113,1000000063,1000000113,1000000063,2,1.96078431372549E-2,3,3
2026-04-11,1000000113,1000000113,1000000064,1000000113,1000000064,1000000113,1000000064,3,2.9411764705882353E-2,11.666666666666666,11.666666666666666
2026-04-11,1000000113,1000000113,1000000085,1000000113,1000000085,1000000113,1000000085,1,9.80392156862745E-3,14,14
2026-04-11,1000000113,1000000113,1000000111,1000000113,1000000111,1000000113,1000000111,2,1.96078431372549E-2,5.0E-1,5.0E-1
2026-04-11,1000000113,1000000113,1000000113,1000000113,1000000113,1000000113,1000000113,8,7.84313725490196E-2,7.25,7.25
2026-04-11,1000000113,1000000113,1000000127,1000000113,1000000127,1000000113,1000000127,1,9.80392156862745E-3,0,0
2026-04-11,1000000121,1000000121,1000000035,1000000121,1000000035,1000000121,1000000035,1,5.434782608695652E-3,52,52
2026-04-11,1000000121,1000000121,1000000042,1000000121,1000000042,1000000121,1000000042,2,1.0869565217391304E-2,39.5,39.5
2026-04-11,1000000121,1000000121,1000000043,1000000121,1000000043,1000000121,1000000043,1,5.434782608695652E-3,16,16
2026-04-11,1000000121,1000000121,1000000044,1000000121,1000000044,1000000121,1000000044,1,5.434782608695652E-3,13,13
2026-04-11,1000000121,1000000121,1000000064,1000000121,1000000064,1000000121,1000000064,2,1.0869565217391304E-2,5.5,5.5
2026-04-11,1000000121,1000000121,1000000070,1000000121,1000000070,1000000121,1000000070,1,5.434782608695652E-3,8,8
2026-04-11,1000000121,1000000121,1000000086,1000000121,1000000086,1000000121,1000000086,2,1.0869565217391304E-2,35.5,35.5
2026-04-11,1000000121,1000000121,1000000087,1000000121,1000000087,1000000121,1000000087,1,5.434782608695652E-3,0,0
2026-04-11,1000000121,1000000121,1000000093,1000000121,1000000093,1000000121,1000000093,1,5.434782608695652E-3,24,24
2026-04-11,1000000121,1000000121,1000000111,1000000121,1000000111,1000000121,1000000111,1,5.434782608695652E-3,6,6
2026-04-11,1000000121,1000000121,1000000121,1000000121,1000000121,1000000121,1000000121,17,9.239130434782608E-2,8.588235294117647,8.588235294117647
2026-04-11,1000000127,1000000127,1000000045,1000000127,1000000045,1000000127,1000000045,2,8.032128514056224E-3,0,0
2026-04-11,1000000127,1000000127,1000000062,1000000127,1000000062,1000000127,1000000062,2,8.032128514056224E-3,0,0
2026-04-11,1000000127,1000000127,1000000063,1000000127,1000000063,1000000127,1000000063,1,4.016064257028112E-3,0,0
2026-04-11,1000000127,1000000127,1000000064,1000000127,1000000064,1000000127,1000000064,14,5.622489959839357E-2,23,23
2026-04-11,1000000127,1000000127,1000000084,1000000127,1000000084,1000000127,1000000084,1,4.016064257028112E-3,73,73
2026-04-11,1000000127,1000000127,1000000086,1000000127,1000000086,1000000127,1000000086,2,8.032128514056224E-3,18,18
2026-04-11,1000000127,1000000127,1000000088,1000000127,1000000088,1000000127,1000000088,1,4.016064257028112E-3,0,0
2026-04-11,1000000127,1000000127,1000000090,1000000127,1000000090,1000000127,1000000090,1,4.016064257028112E-3,41,41
2026-04-11,1000000127,1000000127,1000000091,1000000127,1000000091,1000000127,1000000091,1,4.016064257028112E-3,0,0
2026-04-11,1000000127,1000000127,1000000093,1000000127,1000000093,1000000127,1000000093,1,4.016064257028112E-3,14,14
2026-04-11,1000000127,1000000127,1000000108,1000000127,1000000108,1000000127,1000000108,1,4.016064257028112E-3,0,0
2026-04-11,1000000127,1000000127,1000000111,1000000127,1000000111,1000000127,1000000111,1,4.016064257028112E-3,0,0
2026-04-11,1000000127,1000000127,1000000113,1000000127,1000000113,1000000127,1000000113,1,4.016064257028112E-3,0,0
2026-04-11,1000000127,1000000127,1000000127,1000000127,1000000127,1000000127,1000000127,2,8.032128514056224E-3,6,6
2026-04-11,1000000144,1000000144,1000000064,1000000144,1000000064,1000000144,1000000064,2,3.278688524590164E-2,31,31
2026-04-11,1000000144,1000000144,1000000084,1000000144,1000000084,1000000144,1000000084,1,1.639344262295082E-2,73,73
2026-04-11,1000000144,1000000144,1000000087,1000000144,1000000087,1000000144,1000000087,1,1.639344262295082E-2,0,0
2026-04-11,1000000144,1000000144,1000000089,1000000144,1000000089,1000000144,1000000089,1,1.639344262295082E-2,79,79
2026-04-11,1000000144,1000000144,1000000111,1000000144,1000000111,1000000144,1000000111,1,1.639344262295082E-2,0,0
2026-04-11,1000000144,1000000144,1000000128,1000000144,1000000128,1000000144,1000000128,1,1.639344262295082E-2,32,32
2026-04-12,1000000035,1000000035,1000000033,1000000035,1000000033,1000000035,1000000033,2,2.5974025974025976E-2,32.5,32.5
2026-04-12,1000000035,1000000035,1000000035,1000000035,1000000035,1000000035,1000000035,1,1.2987012987012988E-2,19,19
2026-04-12,1000000035,1000000035,1000000042,1000000035,1000000042,1000000035,1000000042,2,2.5974025974025976E-2,37,37
2026-04-12,1000000035,1000000035,1000000043,1000000035,1000000043,1000000035,1000000043,1,1.2987012987012988E-2,0,0
2026-04-12,1000000035,1000000035,1000000063,1000000035,1000000063,1000000035,1000000063,1,1.2987012987012988E-2,8,8
2026-04-12,1000000035,1000000035,1000000064,1000000035,1000000064,1000000035,1000000064,1,1.2987012987012988E-2,28,28
2026-04-12,1000000035,1000000035,1000000083,1000000035,1000000083,1000000035,1000000083,1,1.2987012987012988E-2,24,24
2026-04-12,1000000035,1000000035,1000000084,1000000035,1000000084,1000000035,1000000084,1,1.2987012987012988E-2,18,18
2026-04-12,1000000035,1000000035,1000000087,1000000035,1000000087,1000000035,1000000087,1,1.2987012987012988E-2,20,20
2026-04-12,1000000035,1000000035,1000000089,1000000035,1000000089,1000000035,1000000089,1,1.2987012987012988E-2,9,9
2026-04-12,1000000035,1000000035,1000000094,1000000035,1000000094,1000000035,1000000094,1,1.2987012987012988E-2,0,0
2026-04-12,1000000035,1000000035,1000000121,1000000035,1000000121,1000000035,1000000121,2,2.5974025974025976E-2,36.5,36.5
2026-04-12,1000000035,1000000035,1000000156,1000000035,1000000156,1000000035,1000000156,1,1.2987012987012988E-2,56,56
2026-04-12,1000000042,1000000042,1000000027,1000000042,1000000027,1000000042,1000000027,2,1.0416666666666666E-2,19.5,19.5
2026-04-12,1000000042,1000000042,1000000033,1000000042,1000000033,1000000042,1000000033,1,5.208333333333333E-3,0,0
2026-04-12,1000000042,1000000042,1000000035,1000000042,1000000035,1000000042,1000000035,1,5.208333333333333E-3,78,78
2026-04-12,1000000042,1000000042,1000000042,1000000042,1000000042,1000000042,1000000042,21,1.09375E-1,30.428571428571427,30.428571428571427
2026-04-12,1000000042,1000000042,1000000043,1000000042,1000000043,1000000042,1000000043,4,2.0833333333333332E-2,10.75,10.75
2026-04-12,1000000042,1000000042,1000000044,1000000042,1000000044,1000000042,1000000044,1,5.208333333333333E-3,13,13
2026-04-12,1000000042,1000000042,1000000045,1000000042,1000000045,1000000042,1000000045,4,2.0833333333333332E-2,31.5,31.5
2026-04-12,1000000042,1000000042,1000000063,1000000042,1000000063,1000000042,1000000063,1,5.208333333333333E-3,1,1
2026-04-12,1000000042,1000000042,1000000064,1000000042,1000000064,1000000042,1000000064,4,2.0833333333333332E-2,22,22
2026-04-12,1000000042,1000000042,1000000065,1000000042,1000000065,1000000042,1000000065,1,5.208333333333333E-3,0,0
2026-04-12,1000000042,1000000042,1000000084,1000000042,1000000084,1000000042,1000000084,1,5.208333333333333E-3,8,8
2026-04-12,1000000042,1000000042,1000000087,1000000042,1000000087,1000000042,1000000087,1,5.208333333333333E-3,1,1
2026-04-12,1000000042,1000000042,1000000088,1000000042,1000000088,1000000042,1000000088,1,5.208333333333333E-3,0,0
2026-04-12,1000000042,1000000042,1000000121,1000000042,1000000121,1000000042,1000000121,3,1.5625E-2,16,16
2026-04-12,1000000042,1000000042,1000000153,1000000042,1000000153,1000000042,1000000153,1,5.208333333333333E-3,0,0
2026-04-12,1000000043,1000000043,1000000033,1000000043,1000000033,1000000043,1000000033,1,5.050505050505051E-3,33,33
2026-04-12,1000000043,1000000043,1000000042,1000000043,1000000042,1000000043,1000000042,9,4.5454545454545456E-2,20.555555555555557,20.555555555555557
2026-04-12,1000000043,1000000043,1000000043,1000000043,1000000043,1000000043,1000000043,13,6.565656565656566E-2,19.23076923076923,19.23076923076923
2026-04-12,1000000043,1000000043,1000000044,1000000043,1000000044,1000000043,1000000044,5,2.5252525252525252E-2,9.8,9.8
2026-04-12,1000000043,1000000043,1000000045,1000000043,1000000045,1000000043,1000000045,3,1.5151515151515152E-2,2.3333333333333335,2.3333333333333335
2026-04-12,1000000043,1000000043,1000000062,1000000043,1000000062,1000000043,1000000062,1,5.050505050505051E-3,35,35
2026-04-12,1000000043,1000000043,1000000064,1000000043,1000000064,1000000043,1000000064,2,1.0101010101010102E-2,31.5,31.5
2026-04-12,1000000043,1000000043,1000000084,1000000043,1000000084,1000000043,1000000084,1,5.050505050505051E-3,73,73
2026-04-12,1000000043,1000000043,1000000087,1000000043,1000000087,1000000043,1000000087,2,1.0101010101010102E-2,10.5,10.5
2026-04-12,1000000043,1000000043,1000000108,1000000043,1000000108,1000000043,1000000108,2,1.0101010101010102E-2,1.5,1.5
2026-04-12,1000000043,1000000043,1000000111,1000000043,1000000111,1000000043,1000000111,1,5.050505050505051E-3,29,29
2026-04-12,1000000043,1000000043,1000000121,1000000043,1000000121,1000000043,1000000121,2,1.0101010101010102E-2,11,11
2026-04-12,1000000043,1000000043,1000000153,1000000043,1000000153,1000000043,1000000153,1,5.050505050505051E-3,0,0
2026-04-12,1000000044,1000000044,1000000027,1000000044,1000000027,1000000044,1000000027,1,7.0921985815602835E-3,39,39
2026-04-12,1000000044,1000000044,1000000033,1000000044,1000000033,1000000044,1000000033,1,7.0921985815602835E-3,46,46
2026-04-12,1000000044,1000000044,1000000042,1000000044,1000000042,1000000044,1000000042,7,4.964539007092199E-2,27.428571428571427,27.428571428571427
2026-04-12,1000000044,1000000044,1000000043,1000000044,1000000043,1000000044,1000000043,3,2.127659574468085E-2,10.333333333333334,10.333333333333334
2026-04-12,1000000044,1000000044,1000000044,1000000044,1000000044,1000000044,1000000044,4,2.8368794326241134E-2,21.5,21.5
2026-04-12,1000000044,1000000044,1000000045,1000000044,1000000045,1000000044,1000000045,2,1.4184397163120567E-2,32.5,32.5
2026-04-12,1000000044,1000000044,1000000062,1000000044,1000000062,1000000044,1000000062,1,7.0921985815602835E-3,0,0
2026-04-12,1000000044,1000000044,1000000070,1000000044,1000000070,1000000044,1000000070,1,7.0921985815602835E-3,8,8
2026-04-12,1000000044,1000000044,1000000084,1000000044,1000000084,1000000044,1000000084,1,7.0921985815602835E-3,18,18
2026-04-12,1000000044,1000000044,1000000085,1000000044,1000000085,1000000044,1000000085,1,7.0921985815602835E-3,45,45
2026-04-12,1000000044,1000000044,1000000088,1000000044,1000000088,1000000044,1000000088,1,7.0921985815602835E-3,16,16
2026-04-12,1000000044,1000000044,1000000113,1000000044,1000000113,1000000044,1000000113,1,7.0921985815602835E-3,0,0
2026-04-12,1000000044,1000000044,1000000121,1000000044,1000000121,1000000044,1000000121,2,1.4184397163120567E-2,21.5,21.5
2026-04-12,1000000044,1000000044,1000000156,1000000044,1000000156,1000000044,1000000156,1,7.0921985815602835E-3,0,0
2026-04-12,1000000045,1000000045,1000000027,1000000045,1000000027,1000000045,1000000027,1,3.246753246753247E-3,39,39
2026-04-12,1000000045,1000000045,1000000033,1000000045,1000000033,1000000045,1000000033,2,6.493506493506494E-3,23,23
2026-04-12,1000000045,1000000045,1000000035,1000000045,1000000035,1000000045,1000000035,1,3.246753246753247E-3,27,27
2026-04-12,1000000045,1000000045,1000000042,1000000045,1000000042,1000000045,1000000042,10,3.2467532467532464E-2,18.5,18.5
2026-04-12,1000000045,1000000045,1000000043,1000000045,1000000043,1000000045,1000000043,5,1.6233766233766232E-2,6.8,6.8
2026-04-12,1000000045,1000000045,1000000044,1000000045,1000000044,1000000045,1000000044,2,6.493506493506494E-3,10.5,10.5
2026-04-12,1000000045,1000000045,1000000045,1000000045,1000000045,1000000045,1000000045,19,6.168831168831169E-2,17,17
2026-04-12,1000000045,1000000045,1000000063,1000000045,1000000063,1000000045,1000000063,2,6.493506493506494E-3,18.5,18.5
2026-04-12,1000000045,1000000045,1000000064,1000000045,1000000064,1000000045,1000000064,7,2.2727272727272728E-2,21.857142857142858,21.857142857142858
2026-04-12,1000000045,1000000045,1000000085,1000000045,1000000085,1000000045,1000000085,1,3.246753246753247E-3,0,0
2026-04-12,1000000045,1000000045,1000000086,1000000045,1000000086,1000000045,1000000086,1,3.246753246753247E-3,56,56
2026-04-12,1000000045,1000000045,1000000091,1000000045,1000000091,1000000045,1000000091,2,6.493506493506494E-3,5.0E-1,5.0E-1
2026-04-12,1000000045,1000000045,1000000108,1000000045,1000000108,1000000045,1000000108,3,9.74025974025974E-3,18.666666666666668,18.666666666666668
2026-04-12,1000000045,1000000045,1000000113,1000000045,1000000113,1000000045,1000000113,1,3.246753246753247E-3,0,0
2026-04-12,1000000045,1000000045,1000000121,1000000045,1000000121,1000000045,1000000121,2,6.493506493506494E-3,6.5,6.5
2026-04-12,1000000045,1000000045,1000000153,1000000045,1000000153,1000000045,1000000153,2,6.493506493506494E-3,0,0
2026-04-12,1000000045,1000000045,1000000156,1000000045,1000000156,1000000045,1000000156,2,6.493506493506494E-3,21,21
2026-04-12,1000000062,1000000062,1000000027,1000000062,1000000027,1000000062,1000000027,1,4.1841004184100415E-3,0,0
2026-04-12,1000000062,1000000062,1000000028,1000000062,1000000028,1000000062,1000000028,1,4.1841004184100415E-3,7,7
2026-04-12,1000000062,1000000062,1000000042,1000000062,1000000042,1000000062,1000000042,2,8.368200836820083E-3,51,51
2026-04-12,1000000062,1000000062,1000000045,1000000062,1000000045,1000000062,1000000045,3,1.2552301255230125E-2,32,32
2026-04-12,1000000062,1000000062,1000000062,1000000062,1000000062,1000000062,1000000062,6,2.510460251046025E-2,7.166666666666667,7.166666666666667
2026-04-12,1000000062,1000000062,1000000064,1000000062,1000000064,1000000062,1000000064,7,2.9288702928870293E-2,24.571428571428573,24.571428571428573
2026-04-12,1000000062,1000000062,1000000065,1000000062,1000000065,1000000062,1000000065,1,4.1841004184100415E-3,12,12
2026-04-12,1000000062,1000000062,1000000087,1000000062,1000000087,1000000062,1000000087,1,4.1841004184100415E-3,71,71
2026-04-12,1000000062,1000000062,1000000093,1000000062,1000000093,1000000062,1000000093,1,4.1841004184100415E-3,22,22
2026-04-12,1000000062,1000000062,1000000111,1000000062,1000000111,1000000062,1000000111,1,4.1841004184100415E-3,37,37
2026-04-12,1000000062,1000000062,1000000121,1000000062,1000000121,1000000062,1000000121,1,4.1841004184100415E-3,1,1
2026-04-12,1000000062,1000000062,1000000153,1000000062,1000000153,1000000062,1000000153,1,4.1841004184100415E-3,0,0
2026-04-12,1000000063,1000000063,1000000042,1000000063,1000000042,1000000063,1000000042,4,1.3422818791946308E-2,39.75,39.75
2026-04-12,1000000063,1000000063,1000000043,1000000063,1000000043,1000000063,1000000043,3,1.0067114093959731E-2,1.3333333333333333,1.3333333333333333
2026-04-12,1000000063,1000000063,1000000044,1000000063,1000000044,1000000063,1000000044,4,1.3422818791946308E-2,29.25,29.25
2026-04-12,1000000063,1000000063,1000000045,1000000063,1000000045,1000000063,1000000045,1,3.355704697986577E-3,6,6
2026-04-12,1000000063,1000000063,1000000062,1000000063,1000000062,1000000063,1000000062,5,1.6778523489932886E-2,12.2,12.2
2026-04-12,1000000063,1000000063,1000000063,1000000063,1000000063,1000000063,1000000063,12,4.0268456375838924E-2,20.166666666666668,20.166666666666668
2026-04-12,1000000063,1000000063,1000000064,1000000063,1000000064,1000000063,1000000064,10,3.355704697986577E-2,25.2,25.2
2026-04-12,1000000063,1000000063,1000000069,1000000063,1000000069,1000000063,1000000069,1,3.355704697986577E-3,9,9
2026-04-12,1000000063,1000000063,1000000087,1000000063,1000000087,1000000063,1000000087,3,1.0067114093959731E-2,16,16
2026-04-12,1000000063,1000000063,1000000088,1000000063,1000000088,1000000063,1000000088,1,3.355704697986577E-3,0,0
2026-04-12,1000000063,1000000063,1000000090,1000000063,1000000090,1000000063,1000000090,2,6.711409395973154E-3,20.5,20.5
2026-04-12,1000000063,1000000063,1000000092,1000000063,1000000092,1000000063,1000000092,1,3.355704697986577E-3,1,1
2026-04-12,1000000063,1000000063,1000000093,1000000063,1000000093,1000000063,1000000093,2,6.711409395973154E-3,48.5,48.5
2026-04-12,1000000063,1000000063,1000000108,1000000063,1000000108,1000000063,1000000108,2,6.711409395973154E-3,28,28
2026-04-12,1000000063,1000000063,1000000127,1000000063,1000000127,1000000063,1000000127,1,3.355704697986577E-3,0,0
2026-04-12,1000000064,1000000064,1000000033,1000000064,1000000033,1000000064,1000000033,1,6.038647342995169E-4,0,0
2026-04-12,1000000064,1000000064,1000000035,1000000064,1000000035,1000000064,1000000035,1,6.038647342995169E-4,46,46
2026-04-12,1000000064,1000000064,1000000042,1000000064,1000000042,1000000064,1000000042,13,7.85024154589372E-3,18.23076923076923,18.23076923076923
2026-04-12,1000000064,1000000064,1000000043,1000000064,1000000043,1000000064,1000000043,9,5.434782608695652E-3,17,17
2026-04-12,1000000064,1000000064,1000000044,1000000064,1000000044,1000000064,1000000044,5,3.0193236714975845E-3,16,16
2026-04-12,1000000064,1000000064,1000000045,1000000064,1000000045,1000000064,1000000045,6,3.6231884057971015E-3,21.333333333333332,21.333333333333332
2026-04-12,1000000064,1000000064,1000000062,1000000064,1000000062,1000000064,1000000062,3,1.8115942028985507E-3,23.333333333333332,23.333333333333332
2026-04-12,1000000064,1000000064,1000000063,1000000064,1000000063,1000000064,1000000063,9,5.434782608695652E-3,20.444444444444443,20.444444444444443
2026-04-12,1000000064,1000000064,1000000064,1000000064,1000000064,1000000064,1000000064,136,8.21256038647343E-2,14.205882352941176,14.205882352941176
2026-04-12,1000000064,1000000064,1000000069,1000000064,1000000069,1000000064,1000000069,1,6.038647342995169E-4,0,0
2026-04-12,1000000064,1000000064,1000000083,1000000064,1000000083,1000000064,1000000083,1,6.038647342995169E-4,0,0
2026-04-12,1000000064,1000000064,1000000084,1000000064,1000000084,1000000064,1000000084,3,1.8115942028985507E-3,47.666666666666664,47.666666666666664
2026-04-12,1000000064,1000000064,1000000085,1000000064,1000000085,1000000064,1000000085,4,2.4154589371980675E-3,17.5,17.5
2026-04-12,1000000064,1000000064,1000000086,1000000064,1000000086,1000000064,1000000086,2,1.2077294685990338E-3,48.5,48.5
2026-04-12,1000000064,1000000064,1000000088,1000000064,1000000088,1000000064,1000000088,4,2.4154589371980675E-3,11.25,11.25
2026-04-12,1000000064,1000000064,1000000090,1000000064,1000000090,1000000064,1000000090,1,6.038647342995169E-4,3,3
2026-04-12,1000000064,1000000064,1000000091,1000000064,1000000091,1000000064,1000000091,5,3.0193236714975845E-3,7.8,7.8
2026-04-12,1000000064,1000000064,1000000092,1000000064,1000000092,1000000064,1000000092,2,1.2077294685990338E-3,24.5,24.5
2026-04-12,1000000064,1000000064,1000000093,1000000064,1000000093,1000000064,1000000093,8,4.830917874396135E-3,9.625,9.625
2026-04-12,1000000064,1000000064,1000000094,1000000064,1000000094,1000000064,1000000094,2,1.2077294685990338E-3,15,15
2026-04-12,1000000064,1000000064,1000000108,1000000064,1000000108,1000000064,1000000108,2,1.2077294685990338E-3,0,0
2026-04-12,1000000064,1000000064,1000000111,1000000064,1000000111,1000000064,1000000111,2,1.2077294685990338E-3,10,10
2026-04-12,1000000064,1000000064,1000000113,1000000064,1000000113,1000000064,1000000113,2,1.2077294685990338E-3,5.0E-1,5.0E-1
2026-04-12,1000000064,1000000064,1000000121,1000000064,1000000121,1000000064,1000000121,2,1.2077294685990338E-3,6.5,6.5
2026-04-12,1000000064,1000000064,1000000127,1000000064,1000000127,1000000064,1000000127,3,1.8115942028985507E-3,0,0
2026-04-12,1000000064,1000000064,1000000128,1000000064,1000000128,1000000064,1000000128,1,6.038647342995169E-4,24,24
2026-04-12,1000000064,1000000064,1000000142,1000000064,1000000142,1000000064,1000000142,2,1.2077294685990338E-3,2,2
2026-04-12,1000000064,1000000064,1000000153,1000000064,1000000153,1000000064,1000000153,2,1.2077294685990338E-3,0,0
2026-04-12,1000000064,1000000064,1000000156,1000000064,1000000156,1000000064,1000000156,3,1.8115942028985507E-3,32.666666666666664,32.666666666666664
2026-04-12,1000000066,1000000066,1000000042,1000000066,1000000042,1000000066,1000000042,1,1.1627906976744186E-2,24,24
2026-04-12,1000000066,1000000066,1000000043,1000000066,1000000043,1000000066,1000000043,3,3.488372093023256E-2,45.666666666666664,45.666666666666664
2026-04-12,1000000066,1000000066,1000000044,1000000066,1000000044,1000000066,1000000044,3,3.488372093023256E-2,6.666666666666667,6.666666666666667
2026-04-12,1000000066,1000000066,1000000063,1000000066,1000000063,1000000066,1000000063,1,1.1627906976744186E-2,23,23
2026-04-12,1000000066,1000000066,1000000064,1000000066,1000000064,1000000066,1000000064,2,2.3255813953488372E-2,5.5,5.5
2026-04-12,1000000066,1000000066,1000000065,1000000066,1000000065,1000000066,1000000065,1,1.1627906976744186E-2,20,20
2026-04-12,1000000066,1000000066,1000000066,1000000066,1000000066,1000000066,1000000066,1,1.1627906976744186E-2,0,0
2026-04-12,1000000066,1000000066,1000000084,1000000066,1000000084,1000000066,1000000084,1,1.1627906976744186E-2,18,18
2026-04-12,1000000066,1000000066,1000000087,1000000066,1000000087,1000000066,1000000087,1,1.1627906976744186E-2,1,1
2026-04-12,1000000066,1000000066,1000000111,1000000066,1000000111,1000000066,1000000111,1,1.1627906976744186E-2,0,0
2026-04-12,1000000069,1000000069,1000000028,1000000069,1000000028,1000000069,1000000028,1,9.80392156862745E-3,12,12
2026-04-12,1000000069,1000000069,1000000042,1000000069,1000000042,1000000069,1000000042,2,1.96078431372549E-2,20,20
2026-04-12,1000000069,1000000069,1000000043,1000000069,1000000043,1000000069,1000000043,1,9.80392156862745E-3,0,0
2026-04-12,1000000069,1000000069,1000000044,1000000069,1000000044,1000000069,1000000044,1,9.80392156862745E-3,36,36
2026-04-12,1000000069,1000000069,1000000045,1000000069,1000000045,1000000069,1000000045,1,9.80392156862745E-3,15,15
2026-04-12,1000000069,1000000069,1000000063,1000000069,1000000063,1000000069,1000000063,1,9.80392156862745E-3,35,35
2026-04-12,1000000069,1000000069,1000000064,1000000069,1000000064,1000000069,1000000064,2,1.96078431372549E-2,41,41
2026-04-12,1000000069,1000000069,1000000086,1000000069,1000000086,1000000069,1000000086,1,9.80392156862745E-3,0,0
2026-04-12,1000000069,1000000069,1000000091,1000000069,1000000091,1000000069,1000000091,1,9.80392156862745E-3,0,0
2026-04-12,1000000069,1000000069,1000000121,1000000069,1000000121,1000000069,1000000121,1,9.80392156862745E-3,12,12
2026-04-12,1000000069,1000000069,1000000154,1000000069,1000000154,1000000069,1000000154,1,9.80392156862745E-3,36,36
2026-04-12,1000000083,1000000083,1000000028,1000000083,1000000028,1000000083,1000000028,1,1.282051282051282E-2,18,18
2026-04-12,1000000083,1000000083,1000000035,1000000083,1000000035,1000000083,1000000035,1,1.282051282051282E-2,19,19
2026-04-12,1000000083,1000000083,1000000042,1000000083,1000000042,1000000083,1000000042,4,5.128205128205128E-2,26,26
2026-04-12,1000000083,1000000083,1000000044,1000000083,1000000044,1000000083,1000000044,1,1.282051282051282E-2,13,13
2026-04-12,1000000083,1000000083,1000000045,1000000083,1000000045,1000000083,1000000045,1,1.282051282051282E-2,0,0
2026-04-12,1000000083,1000000083,1000000064,1000000083,1000000064,1000000083,1000000064,3,3.8461538461538464E-2,26.333333333333332,26.333333333333332
2026-04-12,1000000083,1000000083,1000000069,1000000083,1000000069,1000000083,1000000069,1,1.282051282051282E-2,9,9
2026-04-12,1000000083,1000000083,1000000083,1000000083,1000000083,1000000083,1000000083,1,1.282051282051282E-2,43,43
2026-04-12,1000000083,1000000083,1000000087,1000000083,1000000087,1000000083,1000000087,1,1.282051282051282E-2,20,20
2026-04-12,1000000083,1000000083,1000000094,1000000083,1000000094,1000000083,1000000094,1,1.282051282051282E-2,0,0
2026-04-12,1000000083,1000000083,1000000108,1000000083,1000000108,1000000083,1000000108,1,1.282051282051282E-2,0,0
2026-04-12,1000000083,1000000083,1000000121,1000000083,1000000121,1000000083,1000000121,1,1.282051282051282E-2,1,1
2026-04-12,1000000083,1000000083,1000000127,1000000083,1000000127,1000000083,1000000127,1,1.282051282051282E-2,0,0
2026-04-12,1000000084,1000000084,1000000064,1000000084,1000000064,1000000084,1000000064,2,1.3513513513513514E-2,25.5,25.5
2026-04-12,1000000084,1000000084,1000000083,1000000084,1000000083,1000000084,1000000083,1,6.756756756756757E-3,1,1
2026-04-12,1000000084,1000000084,1000000084,1000000084,1000000084,1000000084,1000000084,4,2.702702702702703E-2,2.5,2.5
2026-04-12,1000000084,1000000084,1000000087,1000000084,1000000087,1000000084,1000000087,1,6.756756756756757E-3,0,0
2026-04-12,1000000084,1000000084,1000000088,1000000084,1000000088,1000000084,1000000088,2,1.3513513513513514E-2,3.5,3.5
2026-04-12,1000000084,1000000084,1000000092,1000000084,1000000092,1000000084,1000000092,1,6.756756756756757E-3,0,0
2026-04-12,1000000084,1000000084,1000000093,1000000084,1000000093,1000000084,1000000093,2,1.3513513513513514E-2,41,41
2026-04-12,1000000084,1000000084,1000000108,1000000084,1000000108,1000000084,1000000108,2,1.3513513513513514E-2,0,0
2026-04-12,1000000084,1000000084,1000000110,1000000084,1000000110,1000000084,1000000110,2,1.3513513513513514E-2,1,1
2026-04-12,1000000085,1000000085,1000000033,1000000085,1000000033,1000000085,1000000033,1,3.1446540880503146E-3,4,4
2026-04-12,1000000085,1000000085,1000000035,1000000085,1000000035,1000000085,1000000035,1,3.1446540880503146E-3,47,47
2026-04-12,1000000085,1000000085,1000000042,1000000085,1000000042,1000000085,1000000042,1,3.1446540880503146E-3,27,27
2026-04-12,1000000085,1000000085,1000000045,1000000085,1000000045,1000000085,1000000045,2,6.289308176100629E-3,0,0
2026-04-12,1000000085,1000000085,1000000064,1000000085,1000000064,1000000085,1000000064,2,6.289308176100629E-3,0,0
2026-04-12,1000000085,1000000085,1000000084,1000000085,1000000084,1000000085,1000000084,4,1.2578616352201259E-2,23.5,23.5
2026-04-12,1000000085,1000000085,1000000085,1000000085,1000000085,1000000085,1000000085,16,5.0314465408805034E-2,10.1875,10.1875
2026-04-12,1000000085,1000000085,1000000086,1000000085,1000000086,1000000085,1000000086,10,3.1446540880503145E-2,7,7
2026-04-12,1000000085,1000000085,1000000087,1000000085,1000000087,1000000085,1000000087,6,1.8867924528301886E-2,4.833333333333333,4.833333333333333
2026-04-12,1000000085,1000000085,1000000088,1000000085,1000000088,1000000085,1000000088,8,2.5157232704402517E-2,6.25E-1,6.25E-1
2026-04-12,1000000085,1000000085,1000000089,1000000085,1000000089,1000000085,1000000089,1,3.1446540880503146E-3,36,36
2026-04-12,1000000085,1000000085,1000000090,1000000085,1000000090,1000000085,1000000090,2,6.289308176100629E-3,1.5,1.5
2026-04-12,1000000085,1000000085,1000000091,1000000085,1000000091,1000000085,1000000091,2,6.289308176100629E-3,33.5,33.5
2026-04-12,1000000085,1000000085,1000000092,1000000085,1000000092,1000000085,1000000092,3,9.433962264150943E-3,3.333333333333333E-1,3.333333333333333E-1
2026-04-12,1000000085,1000000085,1000000093,1000000085,1000000093,1000000085,1000000093,1,3.1446540880503146E-3,0,0
2026-04-12,1000000085,1000000085,1000000108,1000000085,1000000108,1000000085,1000000108,2,6.289308176100629E-3,5.0E-1,5.0E-1
2026-04-12,1000000085,1000000085,1000000111,1000000085,1000000111,1000000085,1000000111,1,3.1446540880503146E-3,0,0
2026-04-12,1000000085,1000000085,1000000127,1000000085,1000000127,1000000085,1000000127,1,3.1446540880503146E-3,0,0
2026-04-12,1000000085,1000000085,1000000153,1000000085,1000000153,1000000085,1000000153,1,3.1446540880503146E-3,1,1
2026-04-12,1000000086,1000000086,1000000045,1000000086,1000000045,1000000086,1000000045,1,5.0E-3,6,6
2026-04-12,1000000086,1000000086,1000000063,1000000086,1000000063,1000000086,1000000063,1,5.0E-3,60,60
2026-04-12,1000000086,1000000086,1000000064,1000000086,1000000064,1000000086,1000000064,2,1.0E-2,12,12
2026-04-12,1000000086,1000000086,1000000084,1000000086,1000000084,1000000086,1000000084,4,2.0E-2,21.25,21.25
2026-04-12,1000000086,1000000086,1000000085,1000000086,1000000085,1000000086,1000000085,12,6.0E-2,12.416666666666666,12.416666666666666
2026-04-12,1000000086,1000000086,1000000086,1000000086,1000000086,1000000086,1000000086,21,1.05E-1,11.19047619047619,11.19047619047619
2026-04-12,1000000086,1000000086,1000000087,1000000086,1000000087,1000000086,1000000087,7,3.5E-2,4.714285714285714,4.714285714285714
2026-04-12,1000000086,1000000086,1000000088,1000000086,1000000088,1000000086,1000000088,6,3.0E-2,0,0
2026-04-12,1000000086,1000000086,1000000089,1000000086,1000000089,1000000086,1000000089,2,1.0E-2,35,35
2026-04-12,1000000086,1000000086,1000000090,1000000086,1000000090,1000000086,1000000090,1,5.0E-3,0,0
2026-04-12,1000000086,1000000086,1000000113,1000000086,1000000113,1000000086,1000000113,1,5.0E-3,0,0
2026-04-12,1000000087,1000000087,1000000033,1000000087,1000000033,1000000087,1000000033,1,2.207505518763797E-3,22,22
2026-04-12,1000000087,1000000087,1000000035,1000000087,1000000035,1000000087,1000000035,2,4.415011037527594E-3,53.5,53.5
2026-04-12,1000000087,1000000087,1000000043,1000000087,1000000043,1000000087,1000000043,2,4.415011037527594E-3,1,1
2026-04-12,1000000087,1000000087,1000000044,1000000087,1000000044,1000000087,1000000044,1,2.207505518763797E-3,5,5
2026-04-12,1000000087,1000000087,1000000064,1000000087,1000000064,1000000087,1000000064,6,1.3245033112582781E-2,34.666666666666664,34.666666666666664
2026-04-12,1000000087,1000000087,1000000084,1000000087,1000000084,1000000087,1000000084,3,6.622516556291391E-3,9.333333333333334,9.333333333333334
2026-04-12,1000000087,1000000087,1000000085,1000000087,1000000085,1000000087,1000000085,8,1.7660044150110375E-2,10.375,10.375
2026-04-12,1000000087,1000000087,1000000086,1000000087,1000000086,1000000087,1000000086,7,1.545253863134658E-2,9.714285714285714,9.714285714285714
2026-04-12,1000000087,1000000087,1000000087,1000000087,1000000087,1000000087,1000000087,31,6.84326710816777E-2,16.06451612903226,16.06451612903226
2026-04-12,1000000087,1000000087,1000000088,1000000087,1000000088,1000000087,1000000088,14,3.090507726269316E-2,9.857142857142858,9.857142857142858
2026-04-12,1000000087,1000000087,1000000092,1000000087,1000000092,1000000087,1000000092,2,4.415011037527594E-3,42,42
2026-04-12,1000000087,1000000087,1000000093,1000000087,1000000093,1000000087,1000000093,4,8.830022075055188E-3,2.25,2.25
2026-04-12,1000000087,1000000087,1000000094,1000000087,1000000094,1000000087,1000000094,1,2.207505518763797E-3,0,0
2026-04-12,1000000087,1000000087,1000000143,1000000087,1000000143,1000000087,1000000143,1,2.207505518763797E-3,2,2
2026-04-12,1000000088,1000000088,1000000035,1000000088,1000000035,1000000088,1000000035,1,2.824858757062147E-3,75,75
2026-04-12,1000000088,1000000088,1000000063,1000000088,1000000063,1000000088,1000000063,1,2.824858757062147E-3,0,0
2026-04-12,1000000088,1000000088,1000000064,1000000088,1000000064,1000000088,1000000064,8,2.2598870056497175E-2,25.625,25.625
2026-04-12,1000000088,1000000088,1000000083,1000000088,1000000083,1000000088,1000000083,1,2.824858757062147E-3,80,80
2026-04-12,1000000088,1000000088,1000000084,1000000088,1000000084,1000000088,1000000084,1,2.824858757062147E-3,52,52
2026-04-12,1000000088,1000000088,1000000085,1000000088,1000000085,1000000088,1000000085,7,1.977401129943503E-2,0,0
2026-04-12,1000000088,1000000088,1000000086,1000000088,1000000086,1000000088,1000000086,8,2.2598870056497175E-2,9.5,9.5
2026-04-12,1000000088,1000000088,1000000087,1000000088,1000000087,1000000088,1000000087,10,2.824858757062147E-2,4.1,4.1
2026-04-12,1000000088,1000000088,1000000088,1000000088,1000000088,1000000088,1000000088,38,1.0734463276836158E-1,8.526315789473685,8.526315789473685
2026-04-12,1000000088,1000000088,1000000089,1000000088,1000000089,1000000088,1000000089,2,5.649717514124294E-3,4.5,4.5
2026-04-12,1000000088,1000000088,1000000090,1000000088,1000000090,1000000088,1000000090,1,2.824858757062147E-3,0,0
2026-04-12,1000000088,1000000088,1000000092,1000000088,1000000092,1000000088,1000000092,1,2.824858757062147E-3,0,0
2026-04-12,1000000088,1000000088,1000000094,1000000088,1000000094,1000000088,1000000094,2,5.649717514124294E-3,37,37
2026-04-12,1000000088,1000000088,1000000112,1000000088,1000000112,1000000088,1000000112,2,5.649717514124294E-3,5.0E-1,5.0E-1
2026-04-12,1000000088,1000000088,1000000121,1000000088,1000000121,1000000088,1000000121,1,2.824858757062147E-3,13,13
2026-04-12,1000000088,1000000088,1000000142,1000000088,1000000142,1000000088,1000000142,2,5.649717514124294E-3,4.5,4.5
2026-04-12,1000000089,1000000089,1000000033,1000000089,1000000033,1000000089,1000000033,1,2.040816326530612E-2,87,87
2026-04-12,1000000089,1000000089,1000000086,1000000089,1000000086,1000000089,1000000086,1,2.040816326530612E-2,0,0
2026-04-12,1000000089,1000000089,1000000087,1000000089,1000000087,1000000089,1000000087,3,6.1224489795918366E-2,3.333333333333333E-1,3.333333333333333E-1
2026-04-12,1000000089,1000000089,1000000088,1000000089,1000000088,1000000089,1000000088,3,6.1224489795918366E-2,27,27
2026-04-12,1000000089,1000000089,1000000089,1000000089,1000000089,1000000089,1000000089,4,8.163265306122448E-2,8.75,8.75
2026-04-12,1000000089,1000000089,1000000091,1000000089,1000000091,1000000089,1000000091,1,2.040816326530612E-2,0,0
2026-04-12,1000000089,1000000089,1000000111,1000000089,1000000111,1000000089,1000000111,1,2.040816326530612E-2,32,32
2026-04-12,1000000089,1000000089,1000000112,1000000089,1000000112,1000000089,1000000112,1,2.040816326530612E-2,0,0
2026-04-12,1000000090,1000000090,1000000028,1000000090,1000000028,1000000090,1000000028,1,7.8125E-3,12,12
2026-04-12,1000000090,1000000090,1000000063,1000000090,1000000063,1000000090,1000000063,1,7.8125E-3,0,0
2026-04-12,1000000090,1000000090,1000000064,1000000090,1000000064,1000000090,1000000064,1,7.8125E-3,76,76
2026-04-12,1000000090,1000000090,1000000085,1000000090,1000000085,1000000090,1000000085,1,7.8125E-3,0,0
2026-04-12,1000000090,1000000090,1000000090,1000000090,1000000090,1000000090,1000000090,3,2.34375E-2,2,2
2026-04-12,1000000090,1000000090,1000000091,1000000090,1000000091,1000000090,1000000091,1,7.8125E-3,4,4
2026-04-12,1000000090,1000000090,1000000092,1000000090,1000000092,1000000090,1000000092,1,7.8125E-3,0,0
2026-04-12,1000000090,1000000090,1000000093,1000000090,1000000093,1000000090,1000000093,1,7.8125E-3,0,0
2026-04-12,1000000090,1000000090,1000000094,1000000090,1000000094,1000000090,1000000094,1,7.8125E-3,0,0
2026-04-12,1000000090,1000000090,1000000111,1000000090,1000000111,1000000090,1000000111,1,7.8125E-3,2,2
2026-04-12,1000000090,1000000090,1000000112,1000000090,1000000112,1000000090,1000000112,1,7.8125E-3,0,0
2026-04-12,1000000091,1000000091,1000000028,1000000091,1000000028,1000000091,1000000028,1,5.494505494505495E-3,12,12
2026-04-12,1000000091,1000000091,1000000035,1000000091,1000000035,1000000091,1000000035,1,5.494505494505495E-3,47,47
2026-04-12,1000000091,1000000091,1000000045,1000000091,1000000045,1000000091,1000000045,3,1.6483516483516484E-2,2,2
2026-04-12,1000000091,1000000091,1000000064,1000000091,1000000064,1000000091,1000000064,4,2.197802197802198E-2,13,13
2026-04-12,1000000091,1000000091,1000000085,1000000091,1000000085,1000000091,1000000085,2,1.098901098901099E-2,38,38
2026-04-12,1000000091,1000000091,1000000086,1000000091,1000000086,1000000091,1000000086,2,1.098901098901099E-2,14,14
2026-04-12,1000000091,1000000091,1000000087,1000000091,1000000087,1000000091,1000000087,2,1.098901098901099E-2,24.5,24.5
2026-04-12,1000000091,1000000091,1000000089,1000000091,1000000089,1000000091,1000000089,1,5.494505494505495E-3,0,0
2026-04-12,1000000091,1000000091,1000000090,1000000091,1000000090,1000000091,1000000090,3,1.6483516483516484E-2,4.333333333333333,4.333333333333333
2026-04-12,1000000091,1000000091,1000000091,1000000091,1000000091,1000000091,1000000091,11,6.043956043956044E-2,7.454545454545454,7.454545454545454
2026-04-12,1000000091,1000000091,1000000092,1000000091,1000000092,1000000091,1000000092,2,1.098901098901099E-2,10,10
2026-04-12,1000000091,1000000091,1000000093,1000000091,1000000093,1000000091,1000000093,2,1.098901098901099E-2,9,9
2026-04-12,1000000091,1000000091,1000000094,1000000091,1000000094,1000000091,1000000094,2,1.098901098901099E-2,0,0
2026-04-12,1000000091,1000000091,1000000111,1000000091,1000000111,1000000091,1000000111,1,5.494505494505495E-3,4,4
2026-04-12,1000000092,1000000092,1000000028,1000000092,1000000028,1000000092,1000000028,1,6.535947712418301E-3,12,12
2026-04-12,1000000092,1000000092,1000000064,1000000092,1000000064,1000000092,1000000064,4,2.6143790849673203E-2,12,12
2026-04-12,1000000092,1000000092,1000000084,1000000092,1000000084,1000000092,1000000084,1,6.535947712418301E-3,0,0
2026-04-12,1000000092,1000000092,1000000085,1000000092,1000000085,1000000092,1000000085,2,1.3071895424836602E-2,0,0
2026-04-12,1000000092,1000000092,1000000087,1000000092,1000000087,1000000092,1000000087,2,1.3071895424836602E-2,1,1
2026-04-12,1000000092,1000000092,1000000088,1000000092,1000000088,1000000092,1000000088,1,6.535947712418301E-3,0,0
2026-04-12,1000000092,1000000092,1000000090,1000000092,1000000090,1000000092,1000000090,3,1.96078431372549E-2,1,1
2026-04-12,1000000092,1000000092,1000000091,1000000092,1000000091,1000000092,1000000091,3,1.96078431372549E-2,9.333333333333334,9.333333333333334
2026-04-12,1000000092,1000000092,1000000092,1000000092,1000000092,1000000092,1000000092,8,5.228758169934641E-2,8.875,8.875
2026-04-12,1000000092,1000000092,1000000093,1000000092,1000000093,1000000092,1000000093,1,6.535947712418301E-3,6,6
2026-04-12,1000000092,1000000092,1000000111,1000000092,1000000111,1000000092,1000000111,1,6.535947712418301E-3,0,0
2026-04-12,1000000093,1000000093,1000000044,1000000093,1000000044,1000000093,1000000044,2,2.828854314002829E-3,49.5,49.5
2026-04-12,1000000093,1000000093,1000000045,1000000093,1000000045,1000000093,1000000045,2,2.828854314002829E-3,8,8
2026-04-12,1000000093,1000000093,1000000062,1000000093,1000000062,1000000093,1000000062,4,5.657708628005658E-3,50.75,50.75
2026-04-12,1000000093,1000000093,1000000064,1000000093,1000000064,1000000093,1000000064,9,1.272984441301273E-2,9,9
2026-04-12,1000000093,1000000093,1000000084,1000000093,1000000084,1000000093,1000000084,1,1.4144271570014145E-3,3,3
2026-04-12,1000000093,1000000093,1000000085,1000000093,1000000085,1000000093,1000000085,2,2.828854314002829E-3,0,0
2026-04-12,1000000093,1000000093,1000000086,1000000093,1000000086,1000000093,1000000086,1,1.4144271570014145E-3,6,6
2026-04-12,1000000093,1000000093,1000000087,1000000093,1000000087,1000000093,1000000087,5,7.072135785007072E-3,2.8,2.8
2026-04-12,1000000093,1000000093,1000000088,1000000093,1000000088,1000000093,1000000088,1,1.4144271570014145E-3,62,62
2026-04-12,1000000093,1000000093,1000000090,1000000093,1000000090,1000000093,1000000090,1,1.4144271570014145E-3,0,0
2026-04-12,1000000093,1000000093,1000000091,1000000093,1000000091,1000000093,1000000091,2,2.828854314002829E-3,0,0
2026-04-12,1000000093,1000000093,1000000093,1000000093,1000000093,1000000093,1000000093,77,1.0891089108910891E-1,6.025974025974026,6.025974025974026
2026-04-12,1000000093,1000000093,1000000094,1000000093,1000000094,1000000093,1000000094,3,4.243281471004243E-3,0,0
2026-04-12,1000000093,1000000093,1000000108,1000000093,1000000108,1000000093,1000000108,6,8.486562942008486E-3,24.333333333333332,24.333333333333332
2026-04-12,1000000093,1000000093,1000000110,1000000093,1000000110,1000000093,1000000110,2,2.828854314002829E-3,0,0
2026-04-12,1000000093,1000000093,1000000111,1000000093,1000000111,1000000093,1000000111,7,9.900990099009901E-3,7.142857142857143E-1,7.142857142857143E-1
2026-04-12,1000000093,1000000093,1000000112,1000000093,1000000112,1000000093,1000000112,2,2.828854314002829E-3,2,2
2026-04-12,1000000093,1000000093,1000000113,1000000093,1000000113,1000000093,1000000113,1,1.4144271570014145E-3,14,14
2026-04-12,1000000094,1000000094,1000000035,1000000094,1000000035,1000000094,1000000035,1,5.319148936170213E-3,0,0
2026-04-12,1000000094,1000000094,1000000044,1000000094,1000000044,1000000094,1000000044,1,5.319148936170213E-3,13,13
2026-04-12,1000000094,1000000094,1000000064,1000000094,1000000064,1000000094,1000000064,1,5.319148936170213E-3,5,5
2026-04-12,1000000094,1000000094,1000000084,1000000094,1000000084,1000000094,1000000084,1,5.319148936170213E-3,30,30
2026-04-12,1000000094,1000000094,1000000086,1000000094,1000000086,1000000094,1000000086,1,5.319148936170213E-3,73,73
2026-04-12,1000000094,1000000094,1000000088,1000000094,1000000088,1000000094,1000000088,1,5.319148936170213E-3,16,16
2026-04-12,1000000094,1000000094,1000000089,1000000094,1000000089,1000000094,1000000089,1,5.319148936170213E-3,36,36
2026-04-12,1000000094,1000000094,1000000090,1000000094,1000000090,1000000094,1000000090,1,5.319148936170213E-3,25,25
2026-04-12,1000000094,1000000094,1000000091,1000000094,1000000091,1000000094,1000000091,2,1.0638297872340425E-2,2.5,2.5
2026-04-12,1000000094,1000000094,1000000092,1000000094,1000000092,1000000094,1000000092,1,5.319148936170213E-3,18,18
2026-04-12,1000000094,1000000094,1000000093,1000000094,1000000093,1000000094,1000000093,2,1.0638297872340425E-2,0,0
2026-04-12,1000000094,1000000094,1000000094,1000000094,1000000094,1000000094,1000000094,17,9.042553191489362E-2,15.705882352941176,15.705882352941176
2026-04-12,1000000094,1000000094,1000000108,1000000094,1000000108,1000000094,1000000108,3,1.5957446808510637E-2,4.333333333333333,4.333333333333333
2026-04-12,1000000094,1000000094,1000000110,1000000094,1000000110,1000000094,1000000110,2,1.0638297872340425E-2,1,1
2026-04-12,1000000094,1000000094,1000000111,1000000094,1000000111,1000000094,1000000111,4,2.127659574468085E-2,34.25,34.25
2026-04-12,1000000108,1000000108,1000000035,1000000108,1000000035,1000000108,1000000035,1,4.016064257028112E-3,15,15
2026-04-12,1000000108,1000000108,1000000042,1000000108,1000000042,1000000108,1000000042,1,4.016064257028112E-3,83,83
2026-04-12,1000000108,1000000108,1000000043,1000000108,1000000043,1000000108,1000000043,1,4.016064257028112E-3,0,0
2026-04-12,1000000108,1000000108,1000000044,1000000108,1000000044,1000000108,1000000044,1,4.016064257028112E-3,82,82
2026-04-12,1000000108,1000000108,1000000045,1000000108,1000000045,1000000108,1000000045,3,1.2048192771084338E-2,0,0
2026-04-12,1000000108,1000000108,1000000064,1000000108,1000000064,1000000108,1000000064,2,8.032128514056224E-3,43,43
2026-04-12,1000000108,1000000108,1000000071,1000000108,1000000071,1000000108,1000000071,1,4.016064257028112E-3,12,12
2026-04-12,1000000108,1000000108,1000000083,1000000108,1000000083,1000000108,1000000083,1,4.016064257028112E-3,0,0
2026-04-12,1000000108,1000000108,1000000084,1000000108,1000000084,1000000108,1000000084,1,4.016064257028112E-3,0,0
2026-04-12,1000000108,1000000108,1000000087,1000000108,1000000087,1000000108,1000000087,1,4.016064257028112E-3,0,0
2026-04-12,1000000108,1000000108,1000000091,1000000108,1000000091,1000000108,1000000091,1,4.016064257028112E-3,0,0
2026-04-12,1000000108,1000000108,1000000092,1000000108,1000000092,1000000108,1000000092,2,8.032128514056224E-3,21,21
2026-04-12,1000000108,1000000108,1000000093,1000000108,1000000093,1000000108,1000000093,7,2.8112449799196786E-2,9.142857142857142,9.142857142857142
2026-04-12,1000000108,1000000108,1000000094,1000000108,1000000094,1000000108,1000000094,3,1.2048192771084338E-2,5.666666666666667,5.666666666666667
2026-04-12,1000000108,1000000108,1000000108,1000000108,1000000108,1000000108,1000000108,24,9.63855421686747E-2,9.083333333333334,9.083333333333334
2026-04-12,1000000108,1000000108,1000000111,1000000108,1000000111,1000000108,1000000111,1,4.016064257028112E-3,0,0
2026-04-12,1000000108,1000000108,1000000112,1000000108,1000000112,1000000108,1000000112,2,8.032128514056224E-3,19,19
2026-04-12,1000000108,1000000108,1000000127,1000000108,1000000127,1000000108,1000000127,1,4.016064257028112E-3,0,0
2026-04-12,1000000110,1000000110,1000000027,1000000110,1000000027,1000000110,1000000027,1,1.4084507042253521E-2,39,39
2026-04-12,1000000110,1000000110,1000000083,1000000110,1000000083,1000000110,1000000083,1,1.4084507042253521E-2,2,2
2026-04-12,1000000110,1000000110,1000000093,1000000110,1000000093,1000000110,1000000093,1,1.4084507042253521E-2,0,0
2026-04-12,1000000110,1000000110,1000000094,1000000110,1000000094,1000000110,1000000094,1,1.4084507042253521E-2,0,0
2026-04-12,1000000110,1000000110,1000000108,1000000110,1000000108,1000000110,1000000108,1,1.4084507042253521E-2,0,0
2026-04-12,1000000110,1000000110,1000000110,1000000110,1000000110,1000000110,1000000110,7,9.859154929577464E-2,5.857142857142857,5.857142857142857
2026-04-12,1000000110,1000000110,1000000112,1000000110,1000000112,1000000110,1000000112,1,1.4084507042253521E-2,0,0
2026-04-12,1000000111,1000000111,1000000045,1000000111,1000000045,1000000111,1000000045,1,2.9411764705882353E-3,14,14
2026-04-12,1000000111,1000000111,1000000062,1000000111,1000000062,1000000111,1000000062,2,5.8823529411764705E-3,1.5,1.5
2026-04-12,1000000111,1000000111,1000000064,1000000111,1000000064,1000000111,1000000064,8,2.3529411764705882E-2,16.5,16.5
2026-04-12,1000000111,1000000111,1000000066,1000000111,1000000066,1000000111,1000000066,1,2.9411764705882353E-3,0,0
2026-04-12,1000000111,1000000111,1000000085,1000000111,1000000085,1000000111,1000000085,1,2.9411764705882353E-3,0,0
2026-04-12,1000000111,1000000111,1000000086,1000000111,1000000086,1000000111,1000000086,1,2.9411764705882353E-3,73,73
2026-04-12,1000000111,1000000111,1000000087,1000000111,1000000087,1000000111,1000000087,1,2.9411764705882353E-3,3,3
2026-04-12,1000000111,1000000111,1000000088,1000000111,1000000088,1000000111,1000000088,2,5.8823529411764705E-3,31,31
2026-04-12,1000000111,1000000111,1000000091,1000000111,1000000091,1000000111,1000000091,2,5.8823529411764705E-3,15,15
2026-04-12,1000000111,1000000111,1000000092,1000000111,1000000092,1000000111,1000000092,1,2.9411764705882353E-3,0,0
2026-04-12,1000000111,1000000111,1000000093,1000000111,1000000093,1000000111,1000000093,10,2.9411764705882353E-2,10.1,10.1
2026-04-12,1000000111,1000000111,1000000094,1000000111,1000000094,1000000111,1000000094,1,2.9411764705882353E-3,0,0
2026-04-12,1000000111,1000000111,1000000108,1000000111,1000000108,1000000111,1000000108,1,2.9411764705882353E-3,0,0
2026-04-12,1000000111,1000000111,1000000110,1000000111,1000000110,1000000111,1000000110,2,5.8823529411764705E-3,1,1
2026-04-12,1000000111,1000000111,1000000111,1000000111,1000000111,1000000111,1000000111,34,1.0E-1,7.323529411764706,7.323529411764706
2026-04-12,1000000111,1000000111,1000000112,1000000111,1000000112,1000000111,1000000112,1,2.9411764705882353E-3,0,0
2026-04-12,1000000111,1000000111,1000000113,1000000111,1000000113,1000000111,1000000113,1,2.9411764705882353E-3,0,0
2026-04-12,1000000111,1000000111,1000000156,1000000111,1000000156,1000000111,1000000156,1,2.9411764705882353E-3,41,41
2026-04-12,1000000112,1000000112,1000000042,1000000112,1000000042,1000000112,1000000042,1,1.0752688172043012E-2,1,1
2026-04-12,1000000112,1000000112,1000000043,1000000112,1000000043,1000000112,1000000043,1,1.0752688172043012E-2,66,66
2026-04-12,1000000112,1000000112,1000000044,1000000112,1000000044,1000000112,1000000044,1,1.0752688172043012E-2,82,82
2026-04-12,1000000112,1000000112,1000000045,1000000112,1000000045,1000000112,1000000045,1,1.0752688172043012E-2,0,0
2026-04-12,1000000112,1000000112,1000000064,1000000112,1000000064,1000000112,1000000064,2,2.1505376344086023E-2,54.5,54.5
2026-04-12,1000000112,1000000112,1000000072,1000000112,1000000072,1000000112,1000000072,1,1.0752688172043012E-2,1,1
2026-04-12,1000000112,1000000112,1000000086,1000000112,1000000086,1000000112,1000000086,1,1.0752688172043012E-2,0,0
2026-04-12,1000000112,1000000112,1000000088,1000000112,1000000088,1000000112,1000000088,2,2.1505376344086023E-2,2,2
2026-04-12,1000000112,1000000112,1000000090,1000000112,1000000090,1000000112,1000000090,1,1.0752688172043012E-2,0,0
2026-04-12,1000000112,1000000112,1000000093,1000000112,1000000093,1000000112,1000000093,1,1.0752688172043012E-2,0,0
2026-04-12,1000000112,1000000112,1000000110,1000000112,1000000110,1000000112,1000000110,1,1.0752688172043012E-2,0,0
2026-04-12,1000000112,1000000112,1000000112,1000000112,1000000112,1000000112,1000000112,3,3.225806451612903E-2,0,0
2026-04-12,1000000113,1000000113,1000000044,1000000113,1000000044,1000000113,1000000044,1,9.708737864077669E-3,0,0
2026-04-12,1000000113,1000000113,1000000045,1000000113,1000000045,1000000113,1000000045,2,1.9417475728155338E-2,3,3
2026-04-12,1000000113,1000000113,1000000063,1000000113,1000000063,1000000113,1000000063,2,1.9417475728155338E-2,3,3
2026-04-12,1000000113,1000000113,1000000064,1000000113,1000000064,1000000113,1000000064,3,2.912621359223301E-2,11.666666666666666,11.666666666666666
2026-04-12,1000000113,1000000113,1000000085,1000000113,1000000085,1000000113,1000000085,1,9.708737864077669E-3,14,14
2026-04-12,1000000113,1000000113,1000000111,1000000113,1000000111,1000000113,1000000111,2,1.9417475728155338E-2,5.0E-1,5.0E-1
2026-04-12,1000000113,1000000113,1000000113,1000000113,1000000113,1000000113,1000000113,8,7.766990291262135E-2,7.25,7.25
2026-04-12,1000000113,1000000113,1000000127,1000000113,1000000127,1000000113,1000000127,1,9.708737864077669E-3,0,0
2026-04-12,1000000121,1000000121,1000000035,1000000121,1000000035,1000000121,1000000035,1,5.434782608695652E-3,52,52
2026-04-12,1000000121,1000000121,1000000042,1000000121,1000000042,1000000121,1000000042,2,1.0869565217391304E-2,39.5,39.5
2026-04-12,1000000121,1000000121,1000000043,1000000121,1000000043,1000000121,1000000043,1,5.434782608695652E-3,16,16
2026-04-12,1000000121,1000000121,1000000044,1000000121,1000000044,1000000121,1000000044,1,5.434782608695652E-3,13,13
2026-04-12,1000000121,1000000121,1000000064,1000000121,1000000064,1000000121,1000000064,2,1.0869565217391304E-2,5.5,5.5
2026-04-12,1000000121,1000000121,1000000070,1000000121,1000000070,1000000121,1000000070,1,5.434782608695652E-3,8,8
2026-04-12,1000000121,1000000121,1000000086,1000000121,1000000086,1000000121,1000000086,2,1.0869565217391304E-2,35.5,35.5
2026-04-12,1000000121,1000000121,1000000087,1000000121,1000000087,1000000121,1000000087,1,5.434782608695652E-3,0,0
2026-04-12,1000000121,1000000121,1000000093,1000000121,1000000093,1000000121,1000000093,1,5.434782608695652E-3,24,24
2026-04-12,1000000121,1000000121,1000000111,1000000121,1000000111,1000000121,1000000111,1,5.434782608695652E-3,6,6
2026-04-12,1000000121,1000000121,1000000121,1000000121,1000000121,1000000121,1000000121,17,9.239130434782608E-2,8.588235294117647,8.588235294117647
2026-04-12,1000000127,1000000127,1000000045,1000000127,1000000045,1000000127,1000000045,2,8.064516129032258E-3,0,0
2026-04-12,1000000127,1000000127,1000000062,1000000127,1000000062,1000000127,1000000062,2,8.064516129032258E-3,0,0
2026-04-12,1000000127,1000000127,1000000063,1000000127,1000000063,1000000127,1000000063,1,4.032258064516129E-3,0,0
2026-04-12,1000000127,1000000127,1000000064,1000000127,1000000064,1000000127,1000000064,14,5.6451612903225805E-2,23,23
2026-04-12,1000000127,1000000127,1000000084,1000000127,1000000084,1000000127,1000000084,1,4.032258064516129E-3,73,73
2026-04-12,1000000127,1000000127,1000000086,1000000127,1000000086,1000000127,1000000086,2,8.064516129032258E-3,18,18
2026-04-12,1000000127,1000000127,1000000088,1000000127,1000000088,1000000127,1000000088,1,4.032258064516129E-3,0,0
2026-04-12,1000000127,1000000127,1000000090,1000000127,1000000090,1000000127,1000000090,1,4.032258064516129E-3,41,41
2026-04-12,1000000127,1000000127,1000000091,1000000127,1000000091,1000000127,1000000091,1,4.032258064516129E-3,0,0
2026-04-12,1000000127,1000000127,1000000093,1000000127,1000000093,1000000127,1000000093,1,4.032258064516129E-3,14,14
2026-04-12,1000000127,1000000127,1000000108,1000000127,1000000108,1000000127,1000000108,1,4.032258064516129E-3,0,0
2026-04-12,1000000127,1000000127,1000000111,1000000127,1000000111,1000000127,1000000111,1,4.032258064516129E-3,0,0
2026-04-12,1000000127,1000000127,1000000113,1000000127,1000000113,1000000127,1000000113,1,4.032258064516129E-3,0,0
2026-04-12,1000000127,1000000127,1000000127,1000000127,1000000127,1000000127,1000000127,2,8.064516129032258E-3,6,6
2026-04-12,1000000144,1000000144,1000000064,1000000144,1000000064,1000000144,1000000064,2,3.278688524590164E-2,31,31
2026-04-12,1000000144,1000000144,1000000084,1000000144,1000000084,1000000144,1000000084,1,1.639344262295082E-2,73,73
2026-04-12,1000000144,1000000144,1000000087,1000000144,1000000087,1000000144,1000000087,1,1.639344262295082E-2,0,0
2026-04-12,1000000144,1000000144,1000000089,1000000144,1000000089,1000000144,1000000089,1,1.639344262295082E-2,79,79
2026-04-12,1000000144,1000000144,1000000111,1000000144,1000000111,1000000144,1000000111,1,1.639344262295082E-2,0,0
2026-04-12,1000000144,1000000144,1000000128,1000000144,1000000128,1000000144,1000000128,1,1.639344262295082E-2,32,32
2026-04-13,1000000035,1000000035,1000000033,1000000035,1000000033,1000000035,1000000033,2,2.5974025974025976E-2,32.5,32.5
2026-04-13,1000000035,1000000035,1000000035,1000000035,1000000035,1000000035,1000000035,1,1.2987012987012988E-2,19,19
2026-04-13,1000000035,1000000035,1000000042,1000000035,1000000042,1000000035,1000000042,2,2.5974025974025976E-2,37,37
2026-04-13,1000000035,1000000035,1000000043,1000000035,1000000043,1000000035,1000000043,1,1.2987012987012988E-2,0,0
2026-04-13,1000000035,1000000035,1000000063,1000000035,1000000063,1000000035,1000000063,1,1.2987012987012988E-2,8,8
2026-04-13,1000000035,1000000035,1000000064,1000000035,1000000064,1000000035,1000000064,1,1.2987012987012988E-2,28,28
2026-04-13,1000000035,1000000035,1000000083,1000000035,1000000083,1000000035,1000000083,1,1.2987012987012988E-2,24,24
2026-04-13,1000000035,1000000035,1000000084,1000000035,1000000084,1000000035,1000000084,1,1.2987012987012988E-2,18,18
2026-04-13,1000000035,1000000035,1000000087,1000000035,1000000087,1000000035,1000000087,1,1.2987012987012988E-2,20,20
2026-04-13,1000000035,1000000035,1000000089,1000000035,1000000089,1000000035,1000000089,1,1.2987012987012988E-2,9,9
2026-04-13,1000000035,1000000035,1000000094,1000000035,1000000094,1000000035,1000000094,1,1.2987012987012988E-2,0,0
2026-04-13,1000000035,1000000035,1000000121,1000000035,1000000121,1000000035,1000000121,2,2.5974025974025976E-2,36.5,36.5
2026-04-13,1000000035,1000000035,1000000156,1000000035,1000000156,1000000035,1000000156,1,1.2987012987012988E-2,56,56
2026-04-13,1000000042,1000000042,1000000027,1000000042,1000000027,1000000042,1000000027,2,1.0416666666666666E-2,19.5,19.5
2026-04-13,1000000042,1000000042,1000000033,1000000042,1000000033,1000000042,1000000033,1,5.208333333333333E-3,0,0
2026-04-13,1000000042,1000000042,1000000035,1000000042,1000000035,1000000042,1000000035,1,5.208333333333333E-3,78,78
2026-04-13,1000000042,1000000042,1000000042,1000000042,1000000042,1000000042,1000000042,21,1.09375E-1,30.428571428571427,30.428571428571427
2026-04-13,1000000042,1000000042,1000000043,1000000042,1000000043,1000000042,1000000043,4,2.0833333333333332E-2,10.75,10.75
2026-04-13,1000000042,1000000042,1000000044,1000000042,1000000044,1000000042,1000000044,1,5.208333333333333E-3,13,13
2026-04-13,1000000042,1000000042,1000000045,1000000042,1000000045,1000000042,1000000045,4,2.0833333333333332E-2,31.5,31.5
2026-04-13,1000000042,1000000042,1000000063,1000000042,1000000063,1000000042,1000000063,1,5.208333333333333E-3,1,1
2026-04-13,1000000042,1000000042,1000000064,1000000042,1000000064,1000000042,1000000064,4,2.0833333333333332E-2,22,22
2026-04-13,1000000042,1000000042,1000000065,1000000042,1000000065,1000000042,1000000065,1,5.208333333333333E-3,0,0
2026-04-13,1000000042,1000000042,1000000084,1000000042,1000000084,1000000042,1000000084,1,5.208333333333333E-3,8,8
2026-04-13,1000000042,1000000042,1000000087,1000000042,1000000087,1000000042,1000000087,1,5.208333333333333E-3,1,1
2026-04-13,1000000042,1000000042,1000000088,1000000042,1000000088,1000000042,1000000088,1,5.208333333333333E-3,0,0
2026-04-13,1000000042,1000000042,1000000121,1000000042,1000000121,1000000042,1000000121,3,1.5625E-2,16,16
2026-04-13,1000000042,1000000042,1000000153,1000000042,1000000153,1000000042,1000000153,1,5.208333333333333E-3,0,0
2026-04-13,1000000043,1000000043,1000000033,1000000043,1000000033,1000000043,1000000033,1,5.050505050505051E-3,33,33
2026-04-13,1000000043,1000000043,1000000042,1000000043,1000000042,1000000043,1000000042,9,4.5454545454545456E-2,20.555555555555557,20.555555555555557
2026-04-13,1000000043,1000000043,1000000043,1000000043,1000000043,1000000043,1000000043,13,6.565656565656566E-2,19.23076923076923,19.23076923076923
2026-04-13,1000000043,1000000043,1000000044,1000000043,1000000044,1000000043,1000000044,5,2.5252525252525252E-2,9.8,9.8
2026-04-13,1000000043,1000000043,1000000045,1000000043,1000000045,1000000043,1000000045,3,1.5151515151515152E-2,2.3333333333333335,2.3333333333333335
2026-04-13,1000000043,1000000043,1000000062,1000000043,1000000062,1000000043,1000000062,1,5.050505050505051E-3,35,35
2026-04-13,1000000043,1000000043,1000000064,1000000043,1000000064,1000000043,1000000064,2,1.0101010101010102E-2,31.5,31.5
2026-04-13,1000000043,1000000043,1000000084,1000000043,1000000084,1000000043,1000000084,1,5.050505050505051E-3,73,73
2026-04-13,1000000043,1000000043,1000000087,1000000043,1000000087,1000000043,1000000087,2,1.0101010101010102E-2,10.5,10.5
2026-04-13,1000000043,1000000043,1000000108,1000000043,1000000108,1000000043,1000000108,2,1.0101010101010102E-2,1.5,1.5
2026-04-13,1000000043,1000000043,1000000111,1000000043,1000000111,1000000043,1000000111,1,5.050505050505051E-3,29,29
2026-04-13,1000000043,1000000043,1000000121,1000000043,1000000121,1000000043,1000000121,2,1.0101010101010102E-2,11,11
2026-04-13,1000000043,1000000043,1000000153,1000000043,1000000153,1000000043,1000000153,1,5.050505050505051E-3,0,0
2026-04-13,1000000044,1000000044,1000000027,1000000044,1000000027,1000000044,1000000027,1,7.042253521126761E-3,39,39
2026-04-13,1000000044,1000000044,1000000033,1000000044,1000000033,1000000044,1000000033,1,7.042253521126761E-3,46,46
2026-04-13,1000000044,1000000044,1000000042,1000000044,1000000042,1000000044,1000000042,7,4.929577464788732E-2,27.428571428571427,27.428571428571427
2026-04-13,1000000044,1000000044,1000000043,1000000044,1000000043,1000000044,1000000043,3,2.112676056338028E-2,10.333333333333334,10.333333333333334
2026-04-13,1000000044,1000000044,1000000044,1000000044,1000000044,1000000044,1000000044,4,2.8169014084507043E-2,21.5,21.5
2026-04-13,1000000044,1000000044,1000000045,1000000044,1000000045,1000000044,1000000045,2,1.4084507042253521E-2,32.5,32.5
2026-04-13,1000000044,1000000044,1000000062,1000000044,1000000062,1000000044,1000000062,1,7.042253521126761E-3,0,0
2026-04-13,1000000044,1000000044,1000000070,1000000044,1000000070,1000000044,1000000070,1,7.042253521126761E-3,8,8
2026-04-13,1000000044,1000000044,1000000084,1000000044,1000000084,1000000044,1000000084,1,7.042253521126761E-3,18,18
2026-04-13,1000000044,1000000044,1000000085,1000000044,1000000085,1000000044,1000000085,1,7.042253521126761E-3,45,45
2026-04-13,1000000044,1000000044,1000000088,1000000044,1000000088,1000000044,1000000088,1,7.042253521126761E-3,16,16
2026-04-13,1000000044,1000000044,1000000113,1000000044,1000000113,1000000044,1000000113,1,7.042253521126761E-3,0,0
2026-04-13,1000000044,1000000044,1000000121,1000000044,1000000121,1000000044,1000000121,2,1.4084507042253521E-2,21.5,21.5
2026-04-13,1000000044,1000000044,1000000156,1000000044,1000000156,1000000044,1000000156,1,7.042253521126761E-3,0,0
2026-04-13,1000000045,1000000045,1000000027,1000000045,1000000027,1000000045,1000000027,1,3.236245954692557E-3,39,39
2026-04-13,1000000045,1000000045,1000000033,1000000045,1000000033,1000000045,1000000033,2,6.472491909385114E-3,23,23
2026-04-13,1000000045,1000000045,1000000035,1000000045,1000000035,1000000045,1000000035,1,3.236245954692557E-3,27,27
2026-04-13,1000000045,1000000045,1000000042,1000000045,1000000042,1000000045,1000000042,10,3.2362459546925564E-2,18.5,18.5
2026-04-13,1000000045,1000000045,1000000043,1000000045,1000000043,1000000045,1000000043,5,1.6181229773462782E-2,6.8,6.8
2026-04-13,1000000045,1000000045,1000000044,1000000045,1000000044,1000000045,1000000044,1,3.236245954692557E-3,0,0
2026-04-13,1000000045,1000000045,1000000045,1000000045,1000000045,1000000045,1000000045,20,6.472491909385113E-2,19.3,19.3
2026-04-13,1000000045,1000000045,1000000063,1000000045,1000000063,1000000045,1000000063,2,6.472491909385114E-3,18.5,18.5
2026-04-13,1000000045,1000000045,1000000064,1000000045,1000000064,1000000045,1000000064,7,2.2653721682847898E-2,21.857142857142858,21.857142857142858
2026-04-13,1000000045,1000000045,1000000085,1000000045,1000000085,1000000045,1000000085,1,3.236245954692557E-3,0,0
2026-04-13,1000000045,1000000045,1000000086,1000000045,1000000086,1000000045,1000000086,1,3.236245954692557E-3,56,56
2026-04-13,1000000045,1000000045,1000000091,1000000045,1000000091,1000000045,1000000091,2,6.472491909385114E-3,5.0E-1,5.0E-1
2026-04-13,1000000045,1000000045,1000000108,1000000045,1000000108,1000000045,1000000108,3,9.708737864077669E-3,18.666666666666668,18.666666666666668
2026-04-13,1000000045,1000000045,1000000113,1000000045,1000000113,1000000045,1000000113,1,3.236245954692557E-3,0,0
2026-04-13,1000000045,1000000045,1000000121,1000000045,1000000121,1000000045,1000000121,2,6.472491909385114E-3,6.5,6.5
2026-04-13,1000000045,1000000045,1000000153,1000000045,1000000153,1000000045,1000000153,2,6.472491909385114E-3,0,0
2026-04-13,1000000045,1000000045,1000000156,1000000045,1000000156,1000000045,1000000156,2,6.472491909385114E-3,21,21
2026-04-13,1000000062,1000000062,1000000027,1000000062,1000000027,1000000062,1000000027,1,4.201680672268907E-3,0,0
2026-04-13,1000000062,1000000062,1000000028,1000000062,1000000028,1000000062,1000000028,1,4.201680672268907E-3,7,7
2026-04-13,1000000062,1000000062,1000000042,1000000062,1000000042,1000000062,1000000042,2,8.403361344537815E-3,51,51
2026-04-13,1000000062,1000000062,1000000045,1000000062,1000000045,1000000062,1000000045,3,1.2605042016806723E-2,32,32
2026-04-13,1000000062,1000000062,1000000062,1000000062,1000000062,1000000062,1000000062,6,2.5210084033613446E-2,7.166666666666667,7.166666666666667
2026-04-13,1000000062,1000000062,1000000064,1000000062,1000000064,1000000062,1000000064,7,2.9411764705882353E-2,24.571428571428573,24.571428571428573
2026-04-13,1000000062,1000000062,1000000065,1000000062,1000000065,1000000062,1000000065,1,4.201680672268907E-3,12,12
2026-04-13,1000000062,1000000062,1000000087,1000000062,1000000087,1000000062,1000000087,1,4.201680672268907E-3,71,71
2026-04-13,1000000062,1000000062,1000000093,1000000062,1000000093,1000000062,1000000093,1,4.201680672268907E-3,22,22
2026-04-13,1000000062,1000000062,1000000111,1000000062,1000000111,1000000062,1000000111,1,4.201680672268907E-3,37,37
2026-04-13,1000000062,1000000062,1000000121,1000000062,1000000121,1000000062,1000000121,1,4.201680672268907E-3,1,1
2026-04-13,1000000062,1000000062,1000000153,1000000062,1000000153,1000000062,1000000153,1,4.201680672268907E-3,0,0
2026-04-13,1000000063,1000000063,1000000042,1000000063,1000000042,1000000063,1000000042,4,1.3422818791946308E-2,39.75,39.75
2026-04-13,1000000063,1000000063,1000000043,1000000063,1000000043,1000000063,1000000043,3,1.0067114093959731E-2,1.3333333333333333,1.3333333333333333
2026-04-13,1000000063,1000000063,1000000044,1000000063,1000000044,1000000063,1000000044,3,1.0067114093959731E-2,32,32
2026-04-13,1000000063,1000000063,1000000045,1000000063,1000000045,1000000063,1000000045,1,3.355704697986577E-3,6,6
2026-04-13,1000000063,1000000063,1000000062,1000000063,1000000062,1000000063,1000000062,5,1.6778523489932886E-2,12.2,12.2
2026-04-13,1000000063,1000000063,1000000063,1000000063,1000000063,1000000063,1000000063,12,4.0268456375838924E-2,20.166666666666668,20.166666666666668
2026-04-13,1000000063,1000000063,1000000064,1000000063,1000000064,1000000063,1000000064,10,3.355704697986577E-2,25.2,25.2
2026-04-13,1000000063,1000000063,1000000069,1000000063,1000000069,1000000063,1000000069,1,3.355704697986577E-3,9,9
2026-04-13,1000000063,1000000063,1000000087,1000000063,1000000087,1000000063,1000000087,3,1.0067114093959731E-2,16,16
2026-04-13,1000000063,1000000063,1000000088,1000000063,1000000088,1000000063,1000000088,1,3.355704697986577E-3,0,0
2026-04-13,1000000063,1000000063,1000000090,1000000063,1000000090,1000000063,1000000090,2,6.711409395973154E-3,20.5,20.5
2026-04-13,1000000063,1000000063,1000000092,1000000063,1000000092,1000000063,1000000092,1,3.355704697986577E-3,1,1
2026-04-13,1000000063,1000000063,1000000093,1000000063,1000000093,1000000063,1000000093,2,6.711409395973154E-3,48.5,48.5
2026-04-13,1000000063,1000000063,1000000108,1000000063,1000000108,1000000063,1000000108,2,6.711409395973154E-3,28,28
2026-04-13,1000000063,1000000063,1000000127,1000000063,1000000127,1000000063,1000000127,1,3.355704697986577E-3,0,0
2026-04-13,1000000064,1000000064,1000000033,1000000064,1000000033,1000000064,1000000033,1,6.009615384615385E-4,0,0
2026-04-13,1000000064,1000000064,1000000035,1000000064,1000000035,1000000064,1000000035,1,6.009615384615385E-4,46,46
2026-04-13,1000000064,1000000064,1000000042,1000000064,1000000042,1000000064,1000000042,13,7.8125E-3,18.23076923076923,18.23076923076923
2026-04-13,1000000064,1000000064,1000000043,1000000064,1000000043,1000000064,1000000043,9,5.408653846153846E-3,17,17
2026-04-13,1000000064,1000000064,1000000044,1000000064,1000000044,1000000064,1000000044,5,3.0048076923076925E-3,16,16
2026-04-13,1000000064,1000000064,1000000045,1000000064,1000000045,1000000064,1000000045,6,3.605769230769231E-3,21.333333333333332,21.333333333333332
2026-04-13,1000000064,1000000064,1000000062,1000000064,1000000062,1000000064,1000000062,3,1.8028846153846155E-3,23.333333333333332,23.333333333333332
2026-04-13,1000000064,1000000064,1000000063,1000000064,1000000063,1000000064,1000000063,9,5.408653846153846E-3,20.444444444444443,20.444444444444443
2026-04-13,1000000064,1000000064,1000000064,1000000064,1000000064,1000000064,1000000064,137,8.233173076923077E-2,14.357664233576642,14.357664233576642
2026-04-13,1000000064,1000000064,1000000069,1000000064,1000000069,1000000064,1000000069,1,6.009615384615385E-4,0,0
2026-04-13,1000000064,1000000064,1000000083,1000000064,1000000083,1000000064,1000000083,1,6.009615384615385E-4,0,0
2026-04-13,1000000064,1000000064,1000000084,1000000064,1000000084,1000000064,1000000084,3,1.8028846153846155E-3,47.666666666666664,47.666666666666664
2026-04-13,1000000064,1000000064,1000000085,1000000064,1000000085,1000000064,1000000085,4,2.403846153846154E-3,17.5,17.5
2026-04-13,1000000064,1000000064,1000000086,1000000064,1000000086,1000000064,1000000086,2,1.201923076923077E-3,48.5,48.5
2026-04-13,1000000064,1000000064,1000000088,1000000064,1000000088,1000000064,1000000088,4,2.403846153846154E-3,11.25,11.25
2026-04-13,1000000064,1000000064,1000000090,1000000064,1000000090,1000000064,1000000090,1,6.009615384615385E-4,3,3
2026-04-13,1000000064,1000000064,1000000091,1000000064,1000000091,1000000064,1000000091,5,3.0048076923076925E-3,7.8,7.8
2026-04-13,1000000064,1000000064,1000000092,1000000064,1000000092,1000000064,1000000092,2,1.201923076923077E-3,24.5,24.5
2026-04-13,1000000064,1000000064,1000000093,1000000064,1000000093,1000000064,1000000093,8,4.807692307692308E-3,9.625,9.625
2026-04-13,1000000064,1000000064,1000000094,1000000064,1000000094,1000000064,1000000094,2,1.201923076923077E-3,15,15
2026-04-13,1000000064,1000000064,1000000108,1000000064,1000000108,1000000064,1000000108,2,1.201923076923077E-3,0,0
2026-04-13,1000000064,1000000064,1000000111,1000000064,1000000111,1000000064,1000000111,2,1.201923076923077E-3,10,10
2026-04-13,1000000064,1000000064,1000000113,1000000064,1000000113,1000000064,1000000113,2,1.201923076923077E-3,5.0E-1,5.0E-1
2026-04-13,1000000064,1000000064,1000000121,1000000064,1000000121,1000000064,1000000121,2,1.201923076923077E-3,6.5,6.5
2026-04-13,1000000064,1000000064,1000000127,1000000064,1000000127,1000000064,1000000127,3,1.8028846153846155E-3,0,0
2026-04-13,1000000064,1000000064,1000000128,1000000064,1000000128,1000000064,1000000128,1,6.009615384615385E-4,24,24
2026-04-13,1000000064,1000000064,1000000142,1000000064,1000000142,1000000064,1000000142,2,1.201923076923077E-3,2,2
2026-04-13,1000000064,1000000064,1000000153,1000000064,1000000153,1000000064,1000000153,2,1.201923076923077E-3,0,0
2026-04-13,1000000064,1000000064,1000000156,1000000064,1000000156,1000000064,1000000156,3,1.8028846153846155E-3,32.666666666666664,32.666666666666664
2026-04-13,1000000066,1000000066,1000000042,1000000066,1000000042,1000000066,1000000042,1,1.1627906976744186E-2,24,24
2026-04-13,1000000066,1000000066,1000000043,1000000066,1000000043,1000000066,1000000043,3,3.488372093023256E-2,45.666666666666664,45.666666666666664
2026-04-13,1000000066,1000000066,1000000044,1000000066,1000000044,1000000066,1000000044,3,3.488372093023256E-2,6.666666666666667,6.666666666666667
2026-04-13,1000000066,1000000066,1000000063,1000000066,1000000063,1000000066,1000000063,1,1.1627906976744186E-2,23,23
2026-04-13,1000000066,1000000066,1000000064,1000000066,1000000064,1000000066,1000000064,2,2.3255813953488372E-2,5.5,5.5
2026-04-13,1000000066,1000000066,1000000065,1000000066,1000000065,1000000066,1000000065,1,1.1627906976744186E-2,20,20
2026-04-13,1000000066,1000000066,1000000066,1000000066,1000000066,1000000066,1000000066,1,1.1627906976744186E-2,0,0
2026-04-13,1000000066,1000000066,1000000084,1000000066,1000000084,1000000066,1000000084,1,1.1627906976744186E-2,18,18
2026-04-13,1000000066,1000000066,1000000087,1000000066,1000000087,1000000066,1000000087,1,1.1627906976744186E-2,1,1
2026-04-13,1000000066,1000000066,1000000111,1000000066,1000000111,1000000066,1000000111,1,1.1627906976744186E-2,0,0
2026-04-13,1000000069,1000000069,1000000028,1000000069,1000000028,1000000069,1000000028,1,9.80392156862745E-3,12,12
2026-04-13,1000000069,1000000069,1000000042,1000000069,1000000042,1000000069,1000000042,2,1.96078431372549E-2,20,20
2026-04-13,1000000069,1000000069,1000000043,1000000069,1000000043,1000000069,1000000043,1,9.80392156862745E-3,0,0
2026-04-13,1000000069,1000000069,1000000044,1000000069,1000000044,1000000069,1000000044,1,9.80392156862745E-3,36,36
2026-04-13,1000000069,1000000069,1000000045,1000000069,1000000045,1000000069,1000000045,1,9.80392156862745E-3,15,15
2026-04-13,1000000069,1000000069,1000000063,1000000069,1000000063,1000000069,1000000063,1,9.80392156862745E-3,35,35
2026-04-13,1000000069,1000000069,1000000064,1000000069,1000000064,1000000069,1000000064,2,1.96078431372549E-2,41,41
2026-04-13,1000000069,1000000069,1000000086,1000000069,1000000086,1000000069,1000000086,1,9.80392156862745E-3,0,0
2026-04-13,1000000069,1000000069,1000000091,1000000069,1000000091,1000000069,1000000091,1,9.80392156862745E-3,0,0
2026-04-13,1000000069,1000000069,1000000121,1000000069,1000000121,1000000069,1000000121,1,9.80392156862745E-3,12,12
2026-04-13,1000000069,1000000069,1000000154,1000000069,1000000154,1000000069,1000000154,1,9.80392156862745E-3,36,36
2026-04-13,1000000083,1000000083,1000000028,1000000083,1000000028,1000000083,1000000028,1,1.282051282051282E-2,18,18
2026-04-13,1000000083,1000000083,1000000035,1000000083,1000000035,1000000083,1000000035,1,1.282051282051282E-2,19,19
2026-04-13,1000000083,1000000083,1000000042,1000000083,1000000042,1000000083,1000000042,4,5.128205128205128E-2,26,26
2026-04-13,1000000083,1000000083,1000000044,1000000083,1000000044,1000000083,1000000044,1,1.282051282051282E-2,13,13
2026-04-13,1000000083,1000000083,1000000045,1000000083,1000000045,1000000083,1000000045,1,1.282051282051282E-2,0,0
2026-04-13,1000000083,1000000083,1000000064,1000000083,1000000064,1000000083,1000000064,3,3.8461538461538464E-2,26.333333333333332,26.333333333333332
2026-04-13,1000000083,1000000083,1000000069,1000000083,1000000069,1000000083,1000000069,1,1.282051282051282E-2,9,9
2026-04-13,1000000083,1000000083,1000000083,1000000083,1000000083,1000000083,1000000083,1,1.282051282051282E-2,43,43
2026-04-13,1000000083,1000000083,1000000087,1000000083,1000000087,1000000083,1000000087,1,1.282051282051282E-2,20,20
2026-04-13,1000000083,1000000083,1000000094,1000000083,1000000094,1000000083,1000000094,1,1.282051282051282E-2,0,0
2026-04-13,1000000083,1000000083,1000000108,1000000083,1000000108,1000000083,1000000108,1,1.282051282051282E-2,0,0
2026-04-13,1000000083,1000000083,1000000121,1000000083,1000000121,1000000083,1000000121,1,1.282051282051282E-2,1,1
2026-04-13,1000000083,1000000083,1000000127,1000000083,1000000127,1000000083,1000000127,1,1.282051282051282E-2,0,0
2026-04-13,1000000084,1000000084,1000000064,1000000084,1000000064,1000000084,1000000064,2,1.3513513513513514E-2,25.5,25.5
2026-04-13,1000000084,1000000084,1000000083,1000000084,1000000083,1000000084,1000000083,1,6.756756756756757E-3,1,1
2026-04-13,1000000084,1000000084,1000000084,1000000084,1000000084,1000000084,1000000084,4,2.702702702702703E-2,2.5,2.5
2026-04-13,1000000084,1000000084,1000000087,1000000084,1000000087,1000000084,1000000087,1,6.756756756756757E-3,0,0
2026-04-13,1000000084,1000000084,1000000088,1000000084,1000000088,1000000084,1000000088,2,1.3513513513513514E-2,3.5,3.5
2026-04-13,1000000084,1000000084,1000000092,1000000084,1000000092,1000000084,1000000092,1,6.756756756756757E-3,0,0
2026-04-13,1000000084,1000000084,1000000093,1000000084,1000000093,1000000084,1000000093,2,1.3513513513513514E-2,41,41
2026-04-13,1000000084,1000000084,1000000108,1000000084,1000000108,1000000084,1000000108,2,1.3513513513513514E-2,0,0
2026-04-13,1000000084,1000000084,1000000110,1000000084,1000000110,1000000084,1000000110,2,1.3513513513513514E-2,1,1
2026-04-13,1000000085,1000000085,1000000033,1000000085,1000000033,1000000085,1000000033,1,3.134796238244514E-3,4,4
2026-04-13,1000000085,1000000085,1000000035,1000000085,1000000035,1000000085,1000000035,1,3.134796238244514E-3,47,47
2026-04-13,1000000085,1000000085,1000000042,1000000085,1000000042,1000000085,1000000042,1,3.134796238244514E-3,27,27
2026-04-13,1000000085,1000000085,1000000045,1000000085,1000000045,1000000085,1000000045,2,6.269592476489028E-3,0,0
2026-04-13,1000000085,1000000085,1000000064,1000000085,1000000064,1000000085,1000000064,2,6.269592476489028E-3,0,0
2026-04-13,1000000085,1000000085,1000000084,1000000085,1000000084,1000000085,1000000084,4,1.2539184952978056E-2,23.5,23.5
2026-04-13,1000000085,1000000085,1000000085,1000000085,1000000085,1000000085,1000000085,16,5.0156739811912224E-2,10.1875,10.1875
2026-04-13,1000000085,1000000085,1000000086,1000000085,1000000086,1000000085,1000000086,10,3.134796238244514E-2,7,7
2026-04-13,1000000085,1000000085,1000000087,1000000085,1000000087,1000000085,1000000087,6,1.8808777429467086E-2,4.833333333333333,4.833333333333333
2026-04-13,1000000085,1000000085,1000000088,1000000085,1000000088,1000000085,1000000088,8,2.5078369905956112E-2,6.25E-1,6.25E-1
2026-04-13,1000000085,1000000085,1000000089,1000000085,1000000089,1000000085,1000000089,1,3.134796238244514E-3,36,36
2026-04-13,1000000085,1000000085,1000000090,1000000085,1000000090,1000000085,1000000090,2,6.269592476489028E-3,1.5,1.5
2026-04-13,1000000085,1000000085,1000000091,1000000085,1000000091,1000000085,1000000091,2,6.269592476489028E-3,33.5,33.5
2026-04-13,1000000085,1000000085,1000000092,1000000085,1000000092,1000000085,1000000092,3,9.404388714733543E-3,3.333333333333333E-1,3.333333333333333E-1
2026-04-13,1000000085,1000000085,1000000093,1000000085,1000000093,1000000085,1000000093,1,3.134796238244514E-3,0,0
2026-04-13,1000000085,1000000085,1000000108,1000000085,1000000108,1000000085,1000000108,2,6.269592476489028E-3,5.0E-1,5.0E-1
2026-04-13,1000000085,1000000085,1000000111,1000000085,1000000111,1000000085,1000000111,1,3.134796238244514E-3,0,0
2026-04-13,1000000085,1000000085,1000000127,1000000085,1000000127,1000000085,1000000127,1,3.134796238244514E-3,0,0
2026-04-13,1000000085,1000000085,1000000153,1000000085,1000000153,1000000085,1000000153,1,3.134796238244514E-3,1,1
2026-04-13,1000000086,1000000086,1000000045,1000000086,1000000045,1000000086,1000000045,1,4.975124378109453E-3,6,6
2026-04-13,1000000086,1000000086,1000000063,1000000086,1000000063,1000000086,1000000063,1,4.975124378109453E-3,60,60
2026-04-13,1000000086,1000000086,1000000064,1000000086,1000000064,1000000086,1000000064,2,9.950248756218905E-3,12,12
2026-04-13,1000000086,1000000086,1000000084,1000000086,1000000084,1000000086,1000000084,4,1.990049751243781E-2,21.25,21.25
2026-04-13,1000000086,1000000086,1000000085,1000000086,1000000085,1000000086,1000000085,12,5.970149253731343E-2,12.416666666666666,12.416666666666666
2026-04-13,1000000086,1000000086,1000000086,1000000086,1000000086,1000000086,1000000086,21,1.044776119402985E-1,11.19047619047619,11.19047619047619
2026-04-13,1000000086,1000000086,1000000087,1000000086,1000000087,1000000086,1000000087,8,3.980099502487562E-2,12.125,12.125
2026-04-13,1000000086,1000000086,1000000088,1000000086,1000000088,1000000086,1000000088,6,2.9850746268656716E-2,0,0
2026-04-13,1000000086,1000000086,1000000089,1000000086,1000000089,1000000086,1000000089,2,9.950248756218905E-3,35,35
2026-04-13,1000000086,1000000086,1000000090,1000000086,1000000090,1000000086,1000000090,1,4.975124378109453E-3,0,0
2026-04-13,1000000086,1000000086,1000000113,1000000086,1000000113,1000000086,1000000113,1,4.975124378109453E-3,0,0
2026-04-13,1000000087,1000000087,1000000033,1000000087,1000000033,1000000087,1000000033,1,2.2026431718061676E-3,22,22
2026-04-13,1000000087,1000000087,1000000035,1000000087,1000000035,1000000087,1000000035,2,4.405286343612335E-3,53.5,53.5
2026-04-13,1000000087,1000000087,1000000043,1000000087,1000000043,1000000087,1000000043,2,4.405286343612335E-3,1,1
2026-04-13,1000000087,1000000087,1000000044,1000000087,1000000044,1000000087,1000000044,1,2.2026431718061676E-3,5,5
2026-04-13,1000000087,1000000087,1000000064,1000000087,1000000064,1000000087,1000000064,6,1.3215859030837005E-2,34.666666666666664,34.666666666666664
2026-04-13,1000000087,1000000087,1000000084,1000000087,1000000084,1000000087,1000000084,3,6.607929515418502E-3,9.333333333333334,9.333333333333334
2026-04-13,1000000087,1000000087,1000000085,1000000087,1000000085,1000000087,1000000085,8,1.762114537444934E-2,10.375,10.375
2026-04-13,1000000087,1000000087,1000000086,1000000087,1000000086,1000000087,1000000086,7,1.5418502202643172E-2,9.714285714285714,9.714285714285714
2026-04-13,1000000087,1000000087,1000000087,1000000087,1000000087,1000000087,1000000087,31,6.828193832599119E-2,16.06451612903226,16.06451612903226
2026-04-13,1000000087,1000000087,1000000088,1000000087,1000000088,1000000087,1000000088,14,3.0837004405286344E-2,9.857142857142858,9.857142857142858
2026-04-13,1000000087,1000000087,1000000092,1000000087,1000000092,1000000087,1000000092,2,4.405286343612335E-3,42,42
2026-04-13,1000000087,1000000087,1000000093,1000000087,1000000093,1000000087,1000000093,4,8.81057268722467E-3,2.25,2.25
2026-04-13,1000000087,1000000087,1000000094,1000000087,1000000094,1000000087,1000000094,1,2.2026431718061676E-3,0,0
2026-04-13,1000000087,1000000087,1000000143,1000000087,1000000143,1000000087,1000000143,1,2.2026431718061676E-3,2,2
2026-04-13,1000000088,1000000088,1000000035,1000000088,1000000035,1000000088,1000000035,1,2.8169014084507044E-3,75,75
2026-04-13,1000000088,1000000088,1000000063,1000000088,1000000063,1000000088,1000000063,1,2.8169014084507044E-3,0,0
2026-04-13,1000000088,1000000088,1000000064,1000000088,1000000064,1000000088,1000000064,8,2.2535211267605635E-2,25.625,25.625
2026-04-13,1000000088,1000000088,1000000083,1000000088,1000000083,1000000088,1000000083,1,2.8169014084507044E-3,80,80
2026-04-13,1000000088,1000000088,1000000084,1000000088,1000000084,1000000088,1000000084,1,2.8169014084507044E-3,52,52
2026-04-13,1000000088,1000000088,1000000085,1000000088,1000000085,1000000088,1000000085,7,1.971830985915493E-2,0,0
2026-04-13,1000000088,1000000088,1000000086,1000000088,1000000086,1000000088,1000000086,8,2.2535211267605635E-2,9.5,9.5
2026-04-13,1000000088,1000000088,1000000087,1000000088,1000000087,1000000088,1000000087,10,2.8169014084507043E-2,4.1,4.1
2026-04-13,1000000088,1000000088,1000000088,1000000088,1000000088,1000000088,1000000088,38,1.0704225352112676E-1,8.526315789473685,8.526315789473685
2026-04-13,1000000088,1000000088,1000000089,1000000088,1000000089,1000000088,1000000089,2,5.633802816901409E-3,4.5,4.5
2026-04-13,1000000088,1000000088,1000000090,1000000088,1000000090,1000000088,1000000090,1,2.8169014084507044E-3,0,0
2026-04-13,1000000088,1000000088,1000000092,1000000088,1000000092,1000000088,1000000092,1,2.8169014084507044E-3,0,0
2026-04-13,1000000088,1000000088,1000000094,1000000088,1000000094,1000000088,1000000094,2,5.633802816901409E-3,37,37
2026-04-13,1000000088,1000000088,1000000112,1000000088,1000000112,1000000088,1000000112,2,5.633802816901409E-3,5.0E-1,5.0E-1
2026-04-13,1000000088,1000000088,1000000121,1000000088,1000000121,1000000088,1000000121,1,2.8169014084507044E-3,13,13
2026-04-13,1000000088,1000000088,1000000142,1000000088,1000000142,1000000088,1000000142,2,5.633802816901409E-3,4.5,4.5
2026-04-13,1000000089,1000000089,1000000033,1000000089,1000000033,1000000089,1000000033,1,2.0E-2,87,87
2026-04-13,1000000089,1000000089,1000000086,1000000089,1000000086,1000000089,1000000086,1,2.0E-2,0,0
2026-04-13,1000000089,1000000089,1000000087,1000000089,1000000087,1000000089,1000000087,3,6.0E-2,3.333333333333333E-1,3.333333333333333E-1
2026-04-13,1000000089,1000000089,1000000088,1000000089,1000000088,1000000089,1000000088,3,6.0E-2,27,27
2026-04-13,1000000089,1000000089,1000000089,1000000089,1000000089,1000000089,1000000089,4,8.0E-2,8.75,8.75
2026-04-13,1000000089,1000000089,1000000091,1000000089,1000000091,1000000089,1000000091,1,2.0E-2,0,0
2026-04-13,1000000089,1000000089,1000000111,1000000089,1000000111,1000000089,1000000111,1,2.0E-2,32,32
2026-04-13,1000000089,1000000089,1000000112,1000000089,1000000112,1000000089,1000000112,1,2.0E-2,0,0
2026-04-13,1000000090,1000000090,1000000028,1000000090,1000000028,1000000090,1000000028,1,7.8125E-3,12,12
2026-04-13,1000000090,1000000090,1000000063,1000000090,1000000063,1000000090,1000000063,1,7.8125E-3,0,0
2026-04-13,1000000090,1000000090,1000000064,1000000090,1000000064,1000000090,1000000064,1,7.8125E-3,76,76
2026-04-13,1000000090,1000000090,1000000085,1000000090,1000000085,1000000090,1000000085,1,7.8125E-3,0,0
2026-04-13,1000000090,1000000090,1000000090,1000000090,1000000090,1000000090,1000000090,3,2.34375E-2,2,2
2026-04-13,1000000090,1000000090,1000000091,1000000090,1000000091,1000000090,1000000091,1,7.8125E-3,4,4
2026-04-13,1000000090,1000000090,1000000092,1000000090,1000000092,1000000090,1000000092,1,7.8125E-3,0,0
2026-04-13,1000000090,1000000090,1000000093,1000000090,1000000093,1000000090,1000000093,1,7.8125E-3,0,0
2026-04-13,1000000090,1000000090,1000000094,1000000090,1000000094,1000000090,1000000094,1,7.8125E-3,0,0
2026-04-13,1000000090,1000000090,1000000111,1000000090,1000000111,1000000090,1000000111,1,7.8125E-3,2,2
2026-04-13,1000000090,1000000090,1000000112,1000000090,1000000112,1000000090,1000000112,1,7.8125E-3,0,0
2026-04-13,1000000091,1000000091,1000000028,1000000091,1000000028,1000000091,1000000028,1,5.494505494505495E-3,12,12
2026-04-13,1000000091,1000000091,1000000035,1000000091,1000000035,1000000091,1000000035,1,5.494505494505495E-3,47,47
2026-04-13,1000000091,1000000091,1000000045,1000000091,1000000045,1000000091,1000000045,3,1.6483516483516484E-2,2,2
2026-04-13,1000000091,1000000091,1000000064,1000000091,1000000064,1000000091,1000000064,4,2.197802197802198E-2,13,13
2026-04-13,1000000091,1000000091,1000000085,1000000091,1000000085,1000000091,1000000085,2,1.098901098901099E-2,38,38
2026-04-13,1000000091,1000000091,1000000086,1000000091,1000000086,1000000091,1000000086,2,1.098901098901099E-2,14,14
2026-04-13,1000000091,1000000091,1000000087,1000000091,1000000087,1000000091,1000000087,2,1.098901098901099E-2,24.5,24.5
2026-04-13,1000000091,1000000091,1000000089,1000000091,1000000089,1000000091,1000000089,1,5.494505494505495E-3,0,0
2026-04-13,1000000091,1000000091,1000000090,1000000091,1000000090,1000000091,1000000090,3,1.6483516483516484E-2,4.333333333333333,4.333333333333333
2026-04-13,1000000091,1000000091,1000000091,1000000091,1000000091,1000000091,1000000091,11,6.043956043956044E-2,7.454545454545454,7.454545454545454
2026-04-13,1000000091,1000000091,1000000092,1000000091,1000000092,1000000091,1000000092,2,1.098901098901099E-2,10,10
2026-04-13,1000000091,1000000091,1000000093,1000000091,1000000093,1000000091,1000000093,2,1.098901098901099E-2,9,9
2026-04-13,1000000091,1000000091,1000000094,1000000091,1000000094,1000000091,1000000094,2,1.098901098901099E-2,0,0
2026-04-13,1000000091,1000000091,1000000111,1000000091,1000000111,1000000091,1000000111,1,5.494505494505495E-3,4,4
2026-04-13,1000000092,1000000092,1000000028,1000000092,1000000028,1000000092,1000000028,1,6.535947712418301E-3,12,12
2026-04-13,1000000092,1000000092,1000000064,1000000092,1000000064,1000000092,1000000064,4,2.6143790849673203E-2,12,12
2026-04-13,1000000092,1000000092,1000000084,1000000092,1000000084,1000000092,1000000084,1,6.535947712418301E-3,0,0
2026-04-13,1000000092,1000000092,1000000085,1000000092,1000000085,1000000092,1000000085,2,1.3071895424836602E-2,0,0
2026-04-13,1000000092,1000000092,1000000087,1000000092,1000000087,1000000092,1000000087,2,1.3071895424836602E-2,1,1
2026-04-13,1000000092,1000000092,1000000088,1000000092,1000000088,1000000092,1000000088,1,6.535947712418301E-3,0,0
2026-04-13,1000000092,1000000092,1000000090,1000000092,1000000090,1000000092,1000000090,3,1.96078431372549E-2,1,1
2026-04-13,1000000092,1000000092,1000000091,1000000092,1000000091,1000000092,1000000091,3,1.96078431372549E-2,9.333333333333334,9.333333333333334
2026-04-13,1000000092,1000000092,1000000092,1000000092,1000000092,1000000092,1000000092,8,5.228758169934641E-2,8.875,8.875
2026-04-13,1000000092,1000000092,1000000093,1000000092,1000000093,1000000092,1000000093,1,6.535947712418301E-3,6,6
2026-04-13,1000000092,1000000092,1000000111,1000000092,1000000111,1000000092,1000000111,1,6.535947712418301E-3,0,0
2026-04-13,1000000093,1000000093,1000000044,1000000093,1000000044,1000000093,1000000044,2,2.8169014084507044E-3,49.5,49.5
2026-04-13,1000000093,1000000093,1000000045,1000000093,1000000045,1000000093,1000000045,2,2.8169014084507044E-3,8,8
2026-04-13,1000000093,1000000093,1000000062,1000000093,1000000062,1000000093,1000000062,4,5.633802816901409E-3,50.75,50.75
2026-04-13,1000000093,1000000093,1000000064,1000000093,1000000064,1000000093,1000000064,9,1.267605633802817E-2,9,9
2026-04-13,1000000093,1000000093,1000000084,1000000093,1000000084,1000000093,1000000084,1,1.4084507042253522E-3,3,3
2026-04-13,1000000093,1000000093,1000000085,1000000093,1000000085,1000000093,1000000085,2,2.8169014084507044E-3,0,0
2026-04-13,1000000093,1000000093,1000000086,1000000093,1000000086,1000000093,1000000086,1,1.4084507042253522E-3,6,6
2026-04-13,1000000093,1000000093,1000000087,1000000093,1000000087,1000000093,1000000087,5,7.042253521126761E-3,2.8,2.8
2026-04-13,1000000093,1000000093,1000000088,1000000093,1000000088,1000000093,1000000088,1,1.4084507042253522E-3,62,62
2026-04-13,1000000093,1000000093,1000000090,1000000093,1000000090,1000000093,1000000090,1,1.4084507042253522E-3,0,0
2026-04-13,1000000093,1000000093,1000000091,1000000093,1000000091,1000000093,1000000091,2,2.8169014084507044E-3,0,0
2026-04-13,1000000093,1000000093,1000000093,1000000093,1000000093,1000000093,1000000093,77,1.0845070422535211E-1,6.025974025974026,6.025974025974026
2026-04-13,1000000093,1000000093,1000000094,1000000093,1000000094,1000000093,1000000094,3,4.225352112676056E-3,0,0
2026-04-13,1000000093,1000000093,1000000108,1000000093,1000000108,1000000093,1000000108,6,8.450704225352112E-3,24.333333333333332,24.333333333333332
2026-04-13,1000000093,1000000093,1000000110,1000000093,1000000110,1000000093,1000000110,2,2.8169014084507044E-3,0,0
2026-04-13,1000000093,1000000093,1000000111,1000000093,1000000111,1000000093,1000000111,7,9.859154929577466E-3,7.142857142857143E-1,7.142857142857143E-1
2026-04-13,1000000093,1000000093,1000000112,1000000093,1000000112,1000000093,1000000112,2,2.8169014084507044E-3,2,2
2026-04-13,1000000093,1000000093,1000000113,1000000093,1000000113,1000000093,1000000113,1,1.4084507042253522E-3,14,14
2026-04-13,1000000094,1000000094,1000000035,1000000094,1000000035,1000000094,1000000035,1,5.3475935828877E-3,0,0
2026-04-13,1000000094,1000000094,1000000044,1000000094,1000000044,1000000094,1000000044,1,5.3475935828877E-3,13,13
2026-04-13,1000000094,1000000094,1000000064,1000000094,1000000064,1000000094,1000000064,1,5.3475935828877E-3,5,5
2026-04-13,1000000094,1000000094,1000000084,1000000094,1000000084,1000000094,1000000084,1,5.3475935828877E-3,30,30
2026-04-13,1000000094,1000000094,1000000086,1000000094,1000000086,1000000094,1000000086,1,5.3475935828877E-3,73,73
2026-04-13,1000000094,1000000094,1000000088,1000000094,1000000088,1000000094,1000000088,1,5.3475935828877E-3,16,16
2026-04-13,1000000094,1000000094,1000000089,1000000094,1000000089,1000000094,1000000089,1,5.3475935828877E-3,36,36
2026-04-13,1000000094,1000000094,1000000090,1000000094,1000000090,1000000094,1000000090,1,5.3475935828877E-3,25,25
2026-04-13,1000000094,1000000094,1000000091,1000000094,1000000091,1000000094,1000000091,2,1.06951871657754E-2,2.5,2.5
2026-04-13,1000000094,1000000094,1000000092,1000000094,1000000092,1000000094,1000000092,1,5.3475935828877E-3,18,18
2026-04-13,1000000094,1000000094,1000000093,1000000094,1000000093,1000000094,1000000093,2,1.06951871657754E-2,0,0
2026-04-13,1000000094,1000000094,1000000094,1000000094,1000000094,1000000094,1000000094,17,9.090909090909091E-2,15.705882352941176,15.705882352941176
2026-04-13,1000000094,1000000094,1000000108,1000000094,1000000108,1000000094,1000000108,3,1.6042780748663103E-2,4.333333333333333,4.333333333333333
2026-04-13,1000000094,1000000094,1000000110,1000000094,1000000110,1000000094,1000000110,2,1.06951871657754E-2,1,1
2026-04-13,1000000094,1000000094,1000000111,1000000094,1000000111,1000000094,1000000111,4,2.13903743315508E-2,34.25,34.25
2026-04-13,1000000108,1000000108,1000000035,1000000108,1000000035,1000000108,1000000035,1,4.016064257028112E-3,15,15
2026-04-13,1000000108,1000000108,1000000042,1000000108,1000000042,1000000108,1000000042,1,4.016064257028112E-3,83,83
2026-04-13,1000000108,1000000108,1000000043,1000000108,1000000043,1000000108,1000000043,1,4.016064257028112E-3,0,0
2026-04-13,1000000108,1000000108,1000000044,1000000108,1000000044,1000000108,1000000044,1,4.016064257028112E-3,82,82
2026-04-13,1000000108,1000000108,1000000045,1000000108,1000000045,1000000108,1000000045,3,1.2048192771084338E-2,0,0
2026-04-13,1000000108,1000000108,1000000064,1000000108,1000000064,1000000108,1000000064,2,8.032128514056224E-3,43,43
2026-04-13,1000000108,1000000108,1000000071,1000000108,1000000071,1000000108,1000000071,1,4.016064257028112E-3,12,12
2026-04-13,1000000108,1000000108,1000000083,1000000108,1000000083,1000000108,1000000083,1,4.016064257028112E-3,0,0
2026-04-13,1000000108,1000000108,1000000084,1000000108,1000000084,1000000108,1000000084,1,4.016064257028112E-3,0,0
2026-04-13,1000000108,1000000108,1000000087,1000000108,1000000087,1000000108,1000000087,1,4.016064257028112E-3,0,0
2026-04-13,1000000108,1000000108,1000000091,1000000108,1000000091,1000000108,1000000091,1,4.016064257028112E-3,0,0
2026-04-13,1000000108,1000000108,1000000092,1000000108,1000000092,1000000108,1000000092,2,8.032128514056224E-3,21,21
2026-04-13,1000000108,1000000108,1000000093,1000000108,1000000093,1000000108,1000000093,7,2.8112449799196786E-2,9.142857142857142,9.142857142857142
2026-04-13,1000000108,1000000108,1000000094,1000000108,1000000094,1000000108,1000000094,3,1.2048192771084338E-2,5.666666666666667,5.666666666666667
2026-04-13,1000000108,1000000108,1000000108,1000000108,1000000108,1000000108,1000000108,24,9.63855421686747E-2,9.083333333333334,9.083333333333334
2026-04-13,1000000108,1000000108,1000000111,1000000108,1000000111,1000000108,1000000111,1,4.016064257028112E-3,0,0
2026-04-13,1000000108,1000000108,1000000112,1000000108,1000000112,1000000108,1000000112,2,8.032128514056224E-3,19,19
2026-04-13,1000000108,1000000108,1000000127,1000000108,1000000127,1000000108,1000000127,1,4.016064257028112E-3,0,0
2026-04-13,1000000110,1000000110,1000000027,1000000110,1000000027,1000000110,1000000027,1,1.4084507042253521E-2,39,39
2026-04-13,1000000110,1000000110,1000000083,1000000110,1000000083,1000000110,1000000083,1,1.4084507042253521E-2,2,2
2026-04-13,1000000110,1000000110,1000000093,1000000110,1000000093,1000000110,1000000093,1,1.4084507042253521E-2,0,0
2026-04-13,1000000110,1000000110,1000000094,1000000110,1000000094,1000000110,1000000094,1,1.4084507042253521E-2,0,0
2026-04-13,1000000110,1000000110,1000000108,1000000110,1000000108,1000000110,1000000108,1,1.4084507042253521E-2,0,0
2026-04-13,1000000110,1000000110,1000000110,1000000110,1000000110,1000000110,1000000110,7,9.859154929577464E-2,5.857142857142857,5.857142857142857
2026-04-13,1000000110,1000000110,1000000112,1000000110,1000000112,1000000110,1000000112,1,1.4084507042253521E-2,0,0
2026-04-13,1000000111,1000000111,1000000045,1000000111,1000000045,1000000111,1000000045,1,2.9411764705882353E-3,14,14
2026-04-13,1000000111,1000000111,1000000062,1000000111,1000000062,1000000111,1000000062,2,5.8823529411764705E-3,1.5,1.5
2026-04-13,1000000111,1000000111,1000000064,1000000111,1000000064,1000000111,1000000064,8,2.3529411764705882E-2,16.5,16.5
2026-04-13,1000000111,1000000111,1000000066,1000000111,1000000066,1000000111,1000000066,1,2.9411764705882353E-3,0,0
2026-04-13,1000000111,1000000111,1000000085,1000000111,1000000085,1000000111,1000000085,1,2.9411764705882353E-3,0,0
2026-04-13,1000000111,1000000111,1000000086,1000000111,1000000086,1000000111,1000000086,1,2.9411764705882353E-3,73,73
2026-04-13,1000000111,1000000111,1000000087,1000000111,1000000087,1000000111,1000000087,1,2.9411764705882353E-3,3,3
2026-04-13,1000000111,1000000111,1000000088,1000000111,1000000088,1000000111,1000000088,2,5.8823529411764705E-3,31,31
2026-04-13,1000000111,1000000111,1000000091,1000000111,1000000091,1000000111,1000000091,2,5.8823529411764705E-3,15,15
2026-04-13,1000000111,1000000111,1000000092,1000000111,1000000092,1000000111,1000000092,1,2.9411764705882353E-3,0,0
2026-04-13,1000000111,1000000111,1000000093,1000000111,1000000093,1000000111,1000000093,10,2.9411764705882353E-2,10.1,10.1
2026-04-13,1000000111,1000000111,1000000094,1000000111,1000000094,1000000111,1000000094,1,2.9411764705882353E-3,0,0
2026-04-13,1000000111,1000000111,1000000108,1000000111,1000000108,1000000111,1000000108,1,2.9411764705882353E-3,0,0
2026-04-13,1000000111,1000000111,1000000110,1000000111,1000000110,1000000111,1000000110,2,5.8823529411764705E-3,1,1
2026-04-13,1000000111,1000000111,1000000111,1000000111,1000000111,1000000111,1000000111,34,1.0E-1,7.323529411764706,7.323529411764706
2026-04-13,1000000111,1000000111,1000000112,1000000111,1000000112,1000000111,1000000112,1,2.9411764705882353E-3,0,0
2026-04-13,1000000111,1000000111,1000000113,1000000111,1000000113,1000000111,1000000113,1,2.9411764705882353E-3,0,0
2026-04-13,1000000111,1000000111,1000000156,1000000111,1000000156,1000000111,1000000156,1,2.9411764705882353E-3,41,41
2026-04-13,1000000112,1000000112,1000000042,1000000112,1000000042,1000000112,1000000042,1,1.0638297872340425E-2,1,1
2026-04-13,1000000112,1000000112,1000000043,1000000112,1000000043,1000000112,1000000043,1,1.0638297872340425E-2,66,66
2026-04-13,1000000112,1000000112,1000000044,1000000112,1000000044,1000000112,1000000044,1,1.0638297872340425E-2,82,82
2026-04-13,1000000112,1000000112,1000000045,1000000112,1000000045,1000000112,1000000045,1,1.0638297872340425E-2,0,0
2026-04-13,1000000112,1000000112,1000000064,1000000112,1000000064,1000000112,1000000064,2,2.127659574468085E-2,54.5,54.5
2026-04-13,1000000112,1000000112,1000000072,1000000112,1000000072,1000000112,1000000072,1,1.0638297872340425E-2,1,1
2026-04-13,1000000112,1000000112,1000000086,1000000112,1000000086,1000000112,1000000086,1,1.0638297872340425E-2,0,0
2026-04-13,1000000112,1000000112,1000000088,1000000112,1000000088,1000000112,1000000088,2,2.127659574468085E-2,2,2
2026-04-13,1000000112,1000000112,1000000090,1000000112,1000000090,1000000112,1000000090,1,1.0638297872340425E-2,0,0
2026-04-13,1000000112,1000000112,1000000093,1000000112,1000000093,1000000112,1000000093,1,1.0638297872340425E-2,0,0
2026-04-13,1000000112,1000000112,1000000110,1000000112,1000000110,1000000112,1000000110,1,1.0638297872340425E-2,0,0
2026-04-13,1000000112,1000000112,1000000112,1000000112,1000000112,1000000112,1000000112,3,3.1914893617021274E-2,0,0
2026-04-13,1000000113,1000000113,1000000044,1000000113,1000000044,1000000113,1000000044,1,9.615384615384616E-3,0,0
2026-04-13,1000000113,1000000113,1000000045,1000000113,1000000045,1000000113,1000000045,2,1.9230769230769232E-2,3,3
2026-04-13,1000000113,1000000113,1000000063,1000000113,1000000063,1000000113,1000000063,2,1.9230769230769232E-2,3,3
2026-04-13,1000000113,1000000113,1000000064,1000000113,1000000064,1000000113,1000000064,3,2.8846153846153848E-2,11.666666666666666,11.666666666666666
2026-04-13,1000000113,1000000113,1000000085,1000000113,1000000085,1000000113,1000000085,1,9.615384615384616E-3,14,14
2026-04-13,1000000113,1000000113,1000000111,1000000113,1000000111,1000000113,1000000111,2,1.9230769230769232E-2,5.0E-1,5.0E-1
2026-04-13,1000000113,1000000113,1000000113,1000000113,1000000113,1000000113,1000000113,8,7.692307692307693E-2,7.25,7.25
2026-04-13,1000000113,1000000113,1000000127,1000000113,1000000127,1000000113,1000000127,1,9.615384615384616E-3,0,0
2026-04-13,1000000121,1000000121,1000000035,1000000121,1000000035,1000000121,1000000035,1,5.434782608695652E-3,52,52
2026-04-13,1000000121,1000000121,1000000042,1000000121,1000000042,1000000121,1000000042,2,1.0869565217391304E-2,39.5,39.5
2026-04-13,1000000121,1000000121,1000000043,1000000121,1000000043,1000000121,1000000043,1,5.434782608695652E-3,16,16
2026-04-13,1000000121,1000000121,1000000044,1000000121,1000000044,1000000121,1000000044,1,5.434782608695652E-3,13,13
2026-04-13,1000000121,1000000121,1000000064,1000000121,1000000064,1000000121,1000000064,2,1.0869565217391304E-2,5.5,5.5
2026-04-13,1000000121,1000000121,1000000070,1000000121,1000000070,1000000121,1000000070,1,5.434782608695652E-3,8,8
2026-04-13,1000000121,1000000121,1000000086,1000000121,1000000086,1000000121,1000000086,2,1.0869565217391304E-2,35.5,35.5
2026-04-13,1000000121,1000000121,1000000087,1000000121,1000000087,1000000121,1000000087,1,5.434782608695652E-3,0,0
2026-04-13,1000000121,1000000121,1000000093,1000000121,1000000093,1000000121,1000000093,1,5.434782608695652E-3,24,24
2026-04-13,1000000121,1000000121,1000000111,1000000121,1000000111,1000000121,1000000111,1,5.434782608695652E-3,6,6
2026-04-13,1000000121,1000000121,1000000121,1000000121,1000000121,1000000121,1000000121,17,9.239130434782608E-2,8.588235294117647,8.588235294117647
2026-04-13,1000000127,1000000127,1000000045,1000000127,1000000045,1000000127,1000000045,2,8.064516129032258E-3,0,0
2026-04-13,1000000127,1000000127,1000000062,1000000127,1000000062,1000000127,1000000062,2,8.064516129032258E-3,0,0
2026-04-13,1000000127,1000000127,1000000063,1000000127,1000000063,1000000127,1000000063,1,4.032258064516129E-3,0,0
2026-04-13,1000000127,1000000127,1000000064,1000000127,1000000064,1000000127,1000000064,14,5.6451612903225805E-2,23,23
2026-04-13,1000000127,1000000127,1000000084,1000000127,1000000084,1000000127,1000000084,1,4.032258064516129E-3,73,73
2026-04-13,1000000127,1000000127,1000000086,1000000127,1000000086,1000000127,1000000086,2,8.064516129032258E-3,18,18
2026-04-13,1000000127,1000000127,1000000088,1000000127,1000000088,1000000127,1000000088,1,4.032258064516129E-3,0,0
2026-04-13,1000000127,1000000127,1000000090,1000000127,1000000090,1000000127,1000000090,1,4.032258064516129E-3,41,41
2026-04-13,1000000127,1000000127,1000000091,1000000127,1000000091,1000000127,1000000091,1,4.032258064516129E-3,0,0
2026-04-13,1000000127,1000000127,1000000093,1000000127,1000000093,1000000127,1000000093,1,4.032258064516129E-3,14,14
2026-04-13,1000000127,1000000127,1000000108,1000000127,1000000108,1000000127,1000000108,1,4.032258064516129E-3,0,0
2026-04-13,1000000127,1000000127,1000000111,1000000127,1000000111,1000000127,1000000111,1,4.032258064516129E-3,0,0
2026-04-13,1000000127,1000000127,1000000113,1000000127,1000000113,1000000127,1000000113,1,4.032258064516129E-3,0,0
2026-04-13,1000000127,1000000127,1000000127,1000000127,1000000127,1000000127,1000000127,2,8.064516129032258E-3,6,6
2026-04-13,1000000128,1000000128,1000000027,1000000128,1000000027,1000000128,1000000027,1,1.639344262295082E-2,39,39
2026-04-13,1000000128,1000000128,1000000042,1000000128,1000000042,1000000128,1000000042,1,1.639344262295082E-2,24,24
2026-04-13,1000000128,1000000128,1000000043,1000000128,1000000043,1000000128,1000000043,1,1.639344262295082E-2,4,4
2026-04-13,1000000128,1000000128,1000000045,1000000128,1000000045,1000000128,1000000045,1,1.639344262295082E-2,90,90
2026-04-13,1000000128,1000000128,1000000064,1000000128,1000000064,1000000128,1000000064,1,1.639344262295082E-2,11,11
2026-04-13,1000000128,1000000128,1000000087,1000000128,1000000087,1000000128,1000000087,1,1.639344262295082E-2,0,0
2026-04-13,1000000128,1000000128,1000000093,1000000128,1000000093,1000000128,1000000093,1,1.639344262295082E-2,14,14
2026-04-13,1000000128,1000000128,1000000111,1000000128,1000000111,1000000128,1000000111,1,1.639344262295082E-2,0,0
2026-04-13,1000000128,1000000128,1000000143,1000000128,1000000143,1000000128,1000000143,1,1.639344262295082E-2,2,2
2026-04-14,1000000035,1000000035,1000000033,1000000035,1000000033,1000000035,1000000033,2,2.5974025974025976E-2,32.5,32.5
2026-04-14,1000000035,1000000035,1000000035,1000000035,1000000035,1000000035,1000000035,1,1.2987012987012988E-2,19,19
2026-04-14,1000000035,1000000035,1000000042,1000000035,1000000042,1000000035,1000000042,2,2.5974025974025976E-2,37,37
2026-04-14,1000000035,1000000035,1000000043,1000000035,1000000043,1000000035,1000000043,1,1.2987012987012988E-2,0,0
2026-04-14,1000000035,1000000035,1000000063,1000000035,1000000063,1000000035,1000000063,1,1.2987012987012988E-2,8,8
2026-04-14,1000000035,1000000035,1000000064,1000000035,1000000064,1000000035,1000000064,1,1.2987012987012988E-2,28,28
2026-04-14,1000000035,1000000035,1000000083,1000000035,1000000083,1000000035,1000000083,1,1.2987012987012988E-2,24,24
2026-04-14,1000000035,1000000035,1000000084,1000000035,1000000084,1000000035,1000000084,1,1.2987012987012988E-2,18,18
2026-04-14,1000000035,1000000035,1000000087,1000000035,1000000087,1000000035,1000000087,1,1.2987012987012988E-2,20,20
2026-04-14,1000000035,1000000035,1000000089,1000000035,1000000089,1000000035,1000000089,1,1.2987012987012988E-2,9,9
2026-04-14,1000000035,1000000035,1000000094,1000000035,1000000094,1000000035,1000000094,1,1.2987012987012988E-2,0,0
2026-04-14,1000000035,1000000035,1000000121,1000000035,1000000121,1000000035,1000000121,2,2.5974025974025976E-2,36.5,36.5
2026-04-14,1000000035,1000000035,1000000156,1000000035,1000000156,1000000035,1000000156,1,1.2987012987012988E-2,56,56
2026-04-14,1000000042,1000000042,1000000027,1000000042,1000000027,1000000042,1000000027,2,1.0471204188481676E-2,19.5,19.5
2026-04-14,1000000042,1000000042,1000000033,1000000042,1000000033,1000000042,1000000033,1,5.235602094240838E-3,0,0
2026-04-14,1000000042,1000000042,1000000035,1000000042,1000000035,1000000042,1000000035,1,5.235602094240838E-3,78,78
2026-04-14,1000000042,1000000042,1000000042,1000000042,1000000042,1000000042,1000000042,21,1.099476439790576E-1,30.428571428571427,30.428571428571427
2026-04-14,1000000042,1000000042,1000000043,1000000042,1000000043,1000000042,1000000043,4,2.0942408376963352E-2,10.75,10.75
2026-04-14,1000000042,1000000042,1000000044,1000000042,1000000044,1000000042,1000000044,1,5.235602094240838E-3,13,13
2026-04-14,1000000042,1000000042,1000000045,1000000042,1000000045,1000000042,1000000045,4,2.0942408376963352E-2,31.5,31.5
2026-04-14,1000000042,1000000042,1000000063,1000000042,1000000063,1000000042,1000000063,1,5.235602094240838E-3,1,1
2026-04-14,1000000042,1000000042,1000000064,1000000042,1000000064,1000000042,1000000064,4,2.0942408376963352E-2,22,22
2026-04-14,1000000042,1000000042,1000000065,1000000042,1000000065,1000000042,1000000065,1,5.235602094240838E-3,0,0
2026-04-14,1000000042,1000000042,1000000084,1000000042,1000000084,1000000042,1000000084,1,5.235602094240838E-3,8,8
2026-04-14,1000000042,1000000042,1000000087,1000000042,1000000087,1000000042,1000000087,1,5.235602094240838E-3,1,1
2026-04-14,1000000042,1000000042,1000000088,1000000042,1000000088,1000000042,1000000088,1,5.235602094240838E-3,0,0
2026-04-14,1000000042,1000000042,1000000121,1000000042,1000000121,1000000042,1000000121,3,1.5706806282722512E-2,16,16
2026-04-14,1000000042,1000000042,1000000153,1000000042,1000000153,1000000042,1000000153,1,5.235602094240838E-3,0,0
2026-04-14,1000000043,1000000043,1000000033,1000000043,1000000033,1000000043,1000000033,1,5.050505050505051E-3,33,33
2026-04-14,1000000043,1000000043,1000000042,1000000043,1000000042,1000000043,1000000042,9,4.5454545454545456E-2,20.555555555555557,20.555555555555557
2026-04-14,1000000043,1000000043,1000000043,1000000043,1000000043,1000000043,1000000043,13,6.565656565656566E-2,19.23076923076923,19.23076923076923
2026-04-14,1000000043,1000000043,1000000044,1000000043,1000000044,1000000043,1000000044,5,2.5252525252525252E-2,9.8,9.8
2026-04-14,1000000043,1000000043,1000000045,1000000043,1000000045,1000000043,1000000045,3,1.5151515151515152E-2,2.3333333333333335,2.3333333333333335
2026-04-14,1000000043,1000000043,1000000062,1000000043,1000000062,1000000043,1000000062,1,5.050505050505051E-3,35,35
2026-04-14,1000000043,1000000043,1000000064,1000000043,1000000064,1000000043,1000000064,2,1.0101010101010102E-2,31.5,31.5
2026-04-14,1000000043,1000000043,1000000084,1000000043,1000000084,1000000043,1000000084,1,5.050505050505051E-3,73,73
2026-04-14,1000000043,1000000043,1000000087,1000000043,1000000087,1000000043,1000000087,2,1.0101010101010102E-2,10.5,10.5
2026-04-14,1000000043,1000000043,1000000108,1000000043,1000000108,1000000043,1000000108,2,1.0101010101010102E-2,1.5,1.5
2026-04-14,1000000043,1000000043,1000000111,1000000043,1000000111,1000000043,1000000111,1,5.050505050505051E-3,29,29
2026-04-14,1000000043,1000000043,1000000121,1000000043,1000000121,1000000043,1000000121,2,1.0101010101010102E-2,11,11
2026-04-14,1000000043,1000000043,1000000153,1000000043,1000000153,1000000043,1000000153,1,5.050505050505051E-3,0,0
2026-04-14,1000000044,1000000044,1000000027,1000000044,1000000027,1000000044,1000000027,1,7.042253521126761E-3,39,39
2026-04-14,1000000044,1000000044,1000000033,1000000044,1000000033,1000000044,1000000033,1,7.042253521126761E-3,46,46
2026-04-14,1000000044,1000000044,1000000042,1000000044,1000000042,1000000044,1000000042,7,4.929577464788732E-2,27.428571428571427,27.428571428571427
2026-04-14,1000000044,1000000044,1000000043,1000000044,1000000043,1000000044,1000000043,3,2.112676056338028E-2,10.333333333333334,10.333333333333334
2026-04-14,1000000044,1000000044,1000000044,1000000044,1000000044,1000000044,1000000044,4,2.8169014084507043E-2,21.5,21.5
2026-04-14,1000000044,1000000044,1000000045,1000000044,1000000045,1000000044,1000000045,2,1.4084507042253521E-2,32.5,32.5
2026-04-14,1000000044,1000000044,1000000062,1000000044,1000000062,1000000044,1000000062,1,7.042253521126761E-3,0,0
2026-04-14,1000000044,1000000044,1000000070,1000000044,1000000070,1000000044,1000000070,1,7.042253521126761E-3,8,8
2026-04-14,1000000044,1000000044,1000000084,1000000044,1000000084,1000000044,1000000084,1,7.042253521126761E-3,18,18
2026-04-14,1000000044,1000000044,1000000085,1000000044,1000000085,1000000044,1000000085,1,7.042253521126761E-3,45,45
2026-04-14,1000000044,1000000044,1000000088,1000000044,1000000088,1000000044,1000000088,1,7.042253521126761E-3,16,16
2026-04-14,1000000044,1000000044,1000000113,1000000044,1000000113,1000000044,1000000113,1,7.042253521126761E-3,0,0
2026-04-14,1000000044,1000000044,1000000121,1000000044,1000000121,1000000044,1000000121,2,1.4084507042253521E-2,21.5,21.5
2026-04-14,1000000044,1000000044,1000000156,1000000044,1000000156,1000000044,1000000156,1,7.042253521126761E-3,0,0
2026-04-14,1000000045,1000000045,1000000027,1000000045,1000000027,1000000045,1000000027,1,3.205128205128205E-3,39,39
2026-04-14,1000000045,1000000045,1000000033,1000000045,1000000033,1000000045,1000000033,2,6.41025641025641E-3,23,23
2026-04-14,1000000045,1000000045,1000000035,1000000045,1000000035,1000000045,1000000035,1,3.205128205128205E-3,27,27
2026-04-14,1000000045,1000000045,1000000042,1000000045,1000000042,1000000045,1000000042,10,3.205128205128205E-2,18.5,18.5
2026-04-14,1000000045,1000000045,1000000043,1000000045,1000000043,1000000045,1000000043,5,1.6025641025641024E-2,6.8,6.8
2026-04-14,1000000045,1000000045,1000000044,1000000045,1000000044,1000000045,1000000044,1,3.205128205128205E-3,0,0
2026-04-14,1000000045,1000000045,1000000045,1000000045,1000000045,1000000045,1000000045,20,6.41025641025641E-2,19.3,19.3
2026-04-14,1000000045,1000000045,1000000063,1000000045,1000000063,1000000045,1000000063,2,6.41025641025641E-3,18.5,18.5
2026-04-14,1000000045,1000000045,1000000064,1000000045,1000000064,1000000045,1000000064,7,2.2435897435897436E-2,21.857142857142858,21.857142857142858
2026-04-14,1000000045,1000000045,1000000085,1000000045,1000000085,1000000045,1000000085,1,3.205128205128205E-3,0,0
2026-04-14,1000000045,1000000045,1000000086,1000000045,1000000086,1000000045,1000000086,1,3.205128205128205E-3,56,56
2026-04-14,1000000045,1000000045,1000000091,1000000045,1000000091,1000000045,1000000091,2,6.41025641025641E-3,5.0E-1,5.0E-1
2026-04-14,1000000045,1000000045,1000000108,1000000045,1000000108,1000000045,1000000108,3,9.615384615384616E-3,18.666666666666668,18.666666666666668
2026-04-14,1000000045,1000000045,1000000113,1000000045,1000000113,1000000045,1000000113,1,3.205128205128205E-3,0,0
2026-04-14,1000000045,1000000045,1000000121,1000000045,1000000121,1000000045,1000000121,2,6.41025641025641E-3,6.5,6.5
2026-04-14,1000000045,1000000045,1000000153,1000000045,1000000153,1000000045,1000000153,2,6.41025641025641E-3,0,0
2026-04-14,1000000045,1000000045,1000000156,1000000045,1000000156,1000000045,1000000156,2,6.41025641025641E-3,21,21
2026-04-14,1000000062,1000000062,1000000027,1000000062,1000000027,1000000062,1000000027,1,4.1841004184100415E-3,0,0
2026-04-14,1000000062,1000000062,1000000028,1000000062,1000000028,1000000062,1000000028,1,4.1841004184100415E-3,7,7
2026-04-14,1000000062,1000000062,1000000042,1000000062,1000000042,1000000062,1000000042,2,8.368200836820083E-3,51,51
2026-04-14,1000000062,1000000062,1000000045,1000000062,1000000045,1000000062,1000000045,3,1.2552301255230125E-2,32,32
2026-04-14,1000000062,1000000062,1000000062,1000000062,1000000062,1000000062,1000000062,7,2.9288702928870293E-2,12.285714285714286,12.285714285714286
2026-04-14,1000000062,1000000062,1000000064,1000000062,1000000064,1000000062,1000000064,7,2.9288702928870293E-2,24.571428571428573,24.571428571428573
2026-04-14,1000000062,1000000062,1000000065,1000000062,1000000065,1000000062,1000000065,1,4.1841004184100415E-3,12,12
2026-04-14,1000000062,1000000062,1000000087,1000000062,1000000087,1000000062,1000000087,1,4.1841004184100415E-3,71,71
2026-04-14,1000000062,1000000062,1000000093,1000000062,1000000093,1000000062,1000000093,1,4.1841004184100415E-3,22,22
2026-04-14,1000000062,1000000062,1000000111,1000000062,1000000111,1000000062,1000000111,1,4.1841004184100415E-3,37,37
2026-04-14,1000000062,1000000062,1000000121,1000000062,1000000121,1000000062,1000000121,1,4.1841004184100415E-3,1,1
2026-04-14,1000000062,1000000062,1000000153,1000000062,1000000153,1000000062,1000000153,1,4.1841004184100415E-3,0,0
2026-04-14,1000000063,1000000063,1000000042,1000000063,1000000042,1000000063,1000000042,4,1.3422818791946308E-2,39.75,39.75
2026-04-14,1000000063,1000000063,1000000043,1000000063,1000000043,1000000063,1000000043,3,1.0067114093959731E-2,1.3333333333333333,1.3333333333333333
2026-04-14,1000000063,1000000063,1000000044,1000000063,1000000044,1000000063,1000000044,3,1.0067114093959731E-2,32,32
2026-04-14,1000000063,1000000063,1000000045,1000000063,1000000045,1000000063,1000000045,1,3.355704697986577E-3,6,6
2026-04-14,1000000063,1000000063,1000000062,1000000063,1000000062,1000000063,1000000062,6,2.0134228187919462E-2,17.333333333333332,17.333333333333332
2026-04-14,1000000063,1000000063,1000000063,1000000063,1000000063,1000000063,1000000063,12,4.0268456375838924E-2,20.166666666666668,20.166666666666668
2026-04-14,1000000063,1000000063,1000000064,1000000063,1000000064,1000000063,1000000064,10,3.355704697986577E-2,25.2,25.2
2026-04-14,1000000063,1000000063,1000000069,1000000063,1000000069,1000000063,1000000069,1,3.355704697986577E-3,9,9
2026-04-14,1000000063,1000000063,1000000087,1000000063,1000000087,1000000063,1000000087,3,1.0067114093959731E-2,16,16
2026-04-14,1000000063,1000000063,1000000088,1000000063,1000000088,1000000063,1000000088,1,3.355704697986577E-3,0,0
2026-04-14,1000000063,1000000063,1000000090,1000000063,1000000090,1000000063,1000000090,2,6.711409395973154E-3,20.5,20.5
2026-04-14,1000000063,1000000063,1000000092,1000000063,1000000092,1000000063,1000000092,1,3.355704697986577E-3,1,1
2026-04-14,1000000063,1000000063,1000000093,1000000063,1000000093,1000000063,1000000093,2,6.711409395973154E-3,48.5,48.5
2026-04-14,1000000063,1000000063,1000000108,1000000063,1000000108,1000000063,1000000108,2,6.711409395973154E-3,28,28
2026-04-14,1000000063,1000000063,1000000127,1000000063,1000000127,1000000063,1000000127,1,3.355704697986577E-3,0,0
2026-04-14,1000000064,1000000064,1000000033,1000000064,1000000033,1000000064,1000000033,1,6.002400960384153E-4,0,0
2026-04-14,1000000064,1000000064,1000000035,1000000064,1000000035,1000000064,1000000035,1,6.002400960384153E-4,46,46
2026-04-14,1000000064,1000000064,1000000042,1000000064,1000000042,1000000064,1000000042,13,7.8031212484993995E-3,18.23076923076923,18.23076923076923
2026-04-14,1000000064,1000000064,1000000043,1000000064,1000000043,1000000064,1000000043,9,5.402160864345739E-3,17,17
2026-04-14,1000000064,1000000064,1000000044,1000000064,1000000044,1000000064,1000000044,5,3.001200480192077E-3,16,16
2026-04-14,1000000064,1000000064,1000000045,1000000064,1000000045,1000000064,1000000045,6,3.601440576230492E-3,21.333333333333332,21.333333333333332
2026-04-14,1000000064,1000000064,1000000062,1000000064,1000000062,1000000064,1000000062,3,1.800720288115246E-3,23.333333333333332,23.333333333333332
2026-04-14,1000000064,1000000064,1000000063,1000000064,1000000063,1000000064,1000000063,9,5.402160864345739E-3,20.444444444444443,20.444444444444443
2026-04-14,1000000064,1000000064,1000000064,1000000064,1000000064,1000000064,1000000064,138,8.283313325330131E-2,14.594202898550725,14.594202898550725
2026-04-14,1000000064,1000000064,1000000069,1000000064,1000000069,1000000064,1000000069,1,6.002400960384153E-4,0,0
2026-04-14,1000000064,1000000064,1000000083,1000000064,1000000083,1000000064,1000000083,1,6.002400960384153E-4,0,0
2026-04-14,1000000064,1000000064,1000000084,1000000064,1000000084,1000000064,1000000084,3,1.800720288115246E-3,47.666666666666664,47.666666666666664
2026-04-14,1000000064,1000000064,1000000085,1000000064,1000000085,1000000064,1000000085,4,2.4009603841536613E-3,17.5,17.5
2026-04-14,1000000064,1000000064,1000000086,1000000064,1000000086,1000000064,1000000086,2,1.2004801920768306E-3,48.5,48.5
2026-04-14,1000000064,1000000064,1000000088,1000000064,1000000088,1000000064,1000000088,4,2.4009603841536613E-3,11.25,11.25
2026-04-14,1000000064,1000000064,1000000090,1000000064,1000000090,1000000064,1000000090,1,6.002400960384153E-4,3,3
2026-04-14,1000000064,1000000064,1000000091,1000000064,1000000091,1000000064,1000000091,5,3.001200480192077E-3,7.8,7.8
2026-04-14,1000000064,1000000064,1000000092,1000000064,1000000092,1000000064,1000000092,2,1.2004801920768306E-3,24.5,24.5
2026-04-14,1000000064,1000000064,1000000093,1000000064,1000000093,1000000064,1000000093,8,4.801920768307323E-3,9.625,9.625
2026-04-14,1000000064,1000000064,1000000094,1000000064,1000000094,1000000064,1000000094,2,1.2004801920768306E-3,15,15
2026-04-14,1000000064,1000000064,1000000108,1000000064,1000000108,1000000064,1000000108,2,1.2004801920768306E-3,0,0
2026-04-14,1000000064,1000000064,1000000111,1000000064,1000000111,1000000064,1000000111,2,1.2004801920768306E-3,10,10
2026-04-14,1000000064,1000000064,1000000113,1000000064,1000000113,1000000064,1000000113,2,1.2004801920768306E-3,5.0E-1,5.0E-1
2026-04-14,1000000064,1000000064,1000000121,1000000064,1000000121,1000000064,1000000121,2,1.2004801920768306E-3,6.5,6.5
2026-04-14,1000000064,1000000064,1000000127,1000000064,1000000127,1000000064,1000000127,3,1.800720288115246E-3,0,0
2026-04-14,1000000064,1000000064,1000000128,1000000064,1000000128,1000000064,1000000128,1,6.002400960384153E-4,24,24
2026-04-14,1000000064,1000000064,1000000142,1000000064,1000000142,1000000064,1000000142,2,1.2004801920768306E-3,2,2
2026-04-14,1000000064,1000000064,1000000153,1000000064,1000000153,1000000064,1000000153,2,1.2004801920768306E-3,0,0
2026-04-14,1000000064,1000000064,1000000156,1000000064,1000000156,1000000064,1000000156,3,1.800720288115246E-3,32.666666666666664,32.666666666666664
2026-04-14,1000000066,1000000066,1000000042,1000000066,1000000042,1000000066,1000000042,1,1.1494252873563218E-2,24,24
2026-04-14,1000000066,1000000066,1000000043,1000000066,1000000043,1000000066,1000000043,3,3.4482758620689655E-2,45.666666666666664,45.666666666666664
2026-04-14,1000000066,1000000066,1000000044,1000000066,1000000044,1000000066,1000000044,3,3.4482758620689655E-2,6.666666666666667,6.666666666666667
2026-04-14,1000000066,1000000066,1000000062,1000000066,1000000062,1000000066,1000000062,1,1.1494252873563218E-2,43,43
2026-04-14,1000000066,1000000066,1000000063,1000000066,1000000063,1000000066,1000000063,1,1.1494252873563218E-2,23,23
2026-04-14,1000000066,1000000066,1000000064,1000000066,1000000064,1000000066,1000000064,2,2.2988505747126436E-2,5.5,5.5
2026-04-14,1000000066,1000000066,1000000065,1000000066,1000000065,1000000066,1000000065,1,1.1494252873563218E-2,20,20
2026-04-14,1000000066,1000000066,1000000066,1000000066,1000000066,1000000066,1000000066,1,1.1494252873563218E-2,0,0
2026-04-14,1000000066,1000000066,1000000084,1000000066,1000000084,1000000066,1000000084,1,1.1494252873563218E-2,18,18
2026-04-14,1000000066,1000000066,1000000087,1000000066,1000000087,1000000066,1000000087,1,1.1494252873563218E-2,1,1
2026-04-14,1000000066,1000000066,1000000111,1000000066,1000000111,1000000066,1000000111,1,1.1494252873563218E-2,0,0
2026-04-14,1000000069,1000000069,1000000028,1000000069,1000000028,1000000069,1000000028,1,9.900990099009901E-3,12,12
2026-04-14,1000000069,1000000069,1000000042,1000000069,1000000042,1000000069,1000000042,2,1.9801980198019802E-2,20,20
2026-04-14,1000000069,1000000069,1000000043,1000000069,1000000043,1000000069,1000000043,1,9.900990099009901E-3,0,0
2026-04-14,1000000069,1000000069,1000000044,1000000069,1000000044,1000000069,1000000044,1,9.900990099009901E-3,36,36
2026-04-14,1000000069,1000000069,1000000045,1000000069,1000000045,1000000069,1000000045,1,9.900990099009901E-3,15,15
2026-04-14,1000000069,1000000069,1000000063,1000000069,1000000063,1000000069,1000000063,1,9.900990099009901E-3,35,35
2026-04-14,1000000069,1000000069,1000000064,1000000069,1000000064,1000000069,1000000064,2,1.9801980198019802E-2,41,41
2026-04-14,1000000069,1000000069,1000000086,1000000069,1000000086,1000000069,1000000086,1,9.900990099009901E-3,0,0
2026-04-14,1000000069,1000000069,1000000091,1000000069,1000000091,1000000069,1000000091,1,9.900990099009901E-3,0,0
2026-04-14,1000000069,1000000069,1000000121,1000000069,1000000121,1000000069,1000000121,1,9.900990099009901E-3,12,12
2026-04-14,1000000069,1000000069,1000000154,1000000069,1000000154,1000000069,1000000154,1,9.900990099009901E-3,36,36
2026-04-14,1000000083,1000000083,1000000028,1000000083,1000000028,1000000083,1000000028,1,1.282051282051282E-2,18,18
2026-04-14,1000000083,1000000083,1000000035,1000000083,1000000035,1000000083,1000000035,1,1.282051282051282E-2,19,19
2026-04-14,1000000083,1000000083,1000000042,1000000083,1000000042,1000000083,1000000042,4,5.128205128205128E-2,26,26
2026-04-14,1000000083,1000000083,1000000044,1000000083,1000000044,1000000083,1000000044,1,1.282051282051282E-2,13,13
2026-04-14,1000000083,1000000083,1000000045,1000000083,1000000045,1000000083,1000000045,1,1.282051282051282E-2,0,0
2026-04-14,1000000083,1000000083,1000000064,1000000083,1000000064,1000000083,1000000064,3,3.8461538461538464E-2,26.333333333333332,26.333333333333332
2026-04-14,1000000083,1000000083,1000000069,1000000083,1000000069,1000000083,1000000069,1,1.282051282051282E-2,9,9
2026-04-14,1000000083,1000000083,1000000083,1000000083,1000000083,1000000083,1000000083,1,1.282051282051282E-2,43,43
2026-04-14,1000000083,1000000083,1000000087,1000000083,1000000087,1000000083,1000000087,1,1.282051282051282E-2,20,20
2026-04-14,1000000083,1000000083,1000000094,1000000083,1000000094,1000000083,1000000094,1,1.282051282051282E-2,0,0
2026-04-14,1000000083,1000000083,1000000108,1000000083,1000000108,1000000083,1000000108,1,1.282051282051282E-2,0,0
2026-04-14,1000000083,1000000083,1000000121,1000000083,1000000121,1000000083,1000000121,1,1.282051282051282E-2,1,1
2026-04-14,1000000083,1000000083,1000000127,1000000083,1000000127,1000000083,1000000127,1,1.282051282051282E-2,0,0
2026-04-14,1000000084,1000000084,1000000064,1000000084,1000000064,1000000084,1000000064,2,1.3513513513513514E-2,25.5,25.5
2026-04-14,1000000084,1000000084,1000000083,1000000084,1000000083,1000000084,1000000083,1,6.756756756756757E-3,1,1
2026-04-14,1000000084,1000000084,1000000084,1000000084,1000000084,1000000084,1000000084,4,2.702702702702703E-2,2.5,2.5
2026-04-14,1000000084,1000000084,1000000087,1000000084,1000000087,1000000084,1000000087,1,6.756756756756757E-3,0,0
2026-04-14,1000000084,1000000084,1000000088,1000000084,1000000088,1000000084,1000000088,2,1.3513513513513514E-2,3.5,3.5
2026-04-14,1000000084,1000000084,1000000092,1000000084,1000000092,1000000084,1000000092,1,6.756756756756757E-3,0,0
2026-04-14,1000000084,1000000084,1000000093,1000000084,1000000093,1000000084,1000000093,2,1.3513513513513514E-2,41,41
2026-04-14,1000000084,1000000084,1000000108,1000000084,1000000108,1000000084,1000000108,2,1.3513513513513514E-2,0,0
2026-04-14,1000000084,1000000084,1000000110,1000000084,1000000110,1000000084,1000000110,2,1.3513513513513514E-2,1,1
2026-04-14,1000000085,1000000085,1000000033,1000000085,1000000033,1000000085,1000000033,1,3.105590062111801E-3,4,4
2026-04-14,1000000085,1000000085,1000000035,1000000085,1000000035,1000000085,1000000035,1,3.105590062111801E-3,47,47
2026-04-14,1000000085,1000000085,1000000042,1000000085,1000000042,1000000085,1000000042,1,3.105590062111801E-3,27,27
2026-04-14,1000000085,1000000085,1000000045,1000000085,1000000045,1000000085,1000000045,2,6.211180124223602E-3,0,0
2026-04-14,1000000085,1000000085,1000000064,1000000085,1000000064,1000000085,1000000064,2,6.211180124223602E-3,0,0
2026-04-14,1000000085,1000000085,1000000084,1000000085,1000000084,1000000085,1000000084,4,1.2422360248447204E-2,23.5,23.5
2026-04-14,1000000085,1000000085,1000000085,1000000085,1000000085,1000000085,1000000085,16,4.9689440993788817E-2,10.1875,10.1875
2026-04-14,1000000085,1000000085,1000000086,1000000085,1000000086,1000000085,1000000086,10,3.1055900621118012E-2,7,7
2026-04-14,1000000085,1000000085,1000000087,1000000085,1000000087,1000000085,1000000087,7,2.1739130434782608E-2,4.142857142857143,4.142857142857143
2026-04-14,1000000085,1000000085,1000000088,1000000085,1000000088,1000000085,1000000088,8,2.4844720496894408E-2,6.25E-1,6.25E-1
2026-04-14,1000000085,1000000085,1000000089,1000000085,1000000089,1000000085,1000000089,1,3.105590062111801E-3,36,36
2026-04-14,1000000085,1000000085,1000000090,1000000085,1000000090,1000000085,1000000090,2,6.211180124223602E-3,1.5,1.5
2026-04-14,1000000085,1000000085,1000000091,1000000085,1000000091,1000000085,1000000091,2,6.211180124223602E-3,33.5,33.5
2026-04-14,1000000085,1000000085,1000000092,1000000085,1000000092,1000000085,1000000092,3,9.316770186335404E-3,3.333333333333333E-1,3.333333333333333E-1
2026-04-14,1000000085,1000000085,1000000093,1000000085,1000000093,1000000085,1000000093,1,3.105590062111801E-3,0,0
2026-04-14,1000000085,1000000085,1000000108,1000000085,1000000108,1000000085,1000000108,2,6.211180124223602E-3,5.0E-1,5.0E-1
2026-04-14,1000000085,1000000085,1000000111,1000000085,1000000111,1000000085,1000000111,1,3.105590062111801E-3,0,0
2026-04-14,1000000085,1000000085,1000000127,1000000085,1000000127,1000000085,1000000127,1,3.105590062111801E-3,0,0
2026-04-14,1000000085,1000000085,1000000153,1000000085,1000000153,1000000085,1000000153,1,3.105590062111801E-3,1,1
2026-04-14,1000000086,1000000086,1000000045,1000000086,1000000045,1000000086,1000000045,1,4.975124378109453E-3,6,6
2026-04-14,1000000086,1000000086,1000000063,1000000086,1000000063,1000000086,1000000063,1,4.975124378109453E-3,60,60
2026-04-14,1000000086,1000000086,1000000064,1000000086,1000000064,1000000086,1000000064,2,9.950248756218905E-3,12,12
2026-04-14,1000000086,1000000086,1000000084,1000000086,1000000084,1000000086,1000000084,4,1.990049751243781E-2,21.25,21.25
2026-04-14,1000000086,1000000086,1000000085,1000000086,1000000085,1000000086,1000000085,12,5.970149253731343E-2,12.416666666666666,12.416666666666666
2026-04-14,1000000086,1000000086,1000000086,1000000086,1000000086,1000000086,1000000086,21,1.044776119402985E-1,11.19047619047619,11.19047619047619
2026-04-14,1000000086,1000000086,1000000087,1000000086,1000000087,1000000086,1000000087,8,3.980099502487562E-2,12.125,12.125
2026-04-14,1000000086,1000000086,1000000088,1000000086,1000000088,1000000086,1000000088,6,2.9850746268656716E-2,0,0
2026-04-14,1000000086,1000000086,1000000089,1000000086,1000000089,1000000086,1000000089,2,9.950248756218905E-3,35,35
2026-04-14,1000000086,1000000086,1000000090,1000000086,1000000090,1000000086,1000000090,1,4.975124378109453E-3,0,0
2026-04-14,1000000086,1000000086,1000000113,1000000086,1000000113,1000000086,1000000113,1,4.975124378109453E-3,0,0
2026-04-14,1000000087,1000000087,1000000033,1000000087,1000000033,1000000087,1000000033,1,2.1929824561403508E-3,22,22
2026-04-14,1000000087,1000000087,1000000035,1000000087,1000000035,1000000087,1000000035,2,4.3859649122807015E-3,53.5,53.5
2026-04-14,1000000087,1000000087,1000000043,1000000087,1000000043,1000000087,1000000043,2,4.3859649122807015E-3,1,1
2026-04-14,1000000087,1000000087,1000000044,1000000087,1000000044,1000000087,1000000044,1,2.1929824561403508E-3,5,5
2026-04-14,1000000087,1000000087,1000000064,1000000087,1000000064,1000000087,1000000064,6,1.3157894736842105E-2,34.666666666666664,34.666666666666664
2026-04-14,1000000087,1000000087,1000000084,1000000087,1000000084,1000000087,1000000084,3,6.578947368421052E-3,9.333333333333334,9.333333333333334
2026-04-14,1000000087,1000000087,1000000085,1000000087,1000000085,1000000087,1000000085,9,1.9736842105263157E-2,9.222222222222221,9.222222222222221
2026-04-14,1000000087,1000000087,1000000086,1000000087,1000000086,1000000087,1000000086,7,1.5350877192982455E-2,9.714285714285714,9.714285714285714
2026-04-14,1000000087,1000000087,1000000087,1000000087,1000000087,1000000087,1000000087,31,6.798245614035088E-2,16.06451612903226,16.06451612903226
2026-04-14,1000000087,1000000087,1000000088,1000000087,1000000088,1000000087,1000000088,14,3.070175438596491E-2,9.857142857142858,9.857142857142858
2026-04-14,1000000087,1000000087,1000000092,1000000087,1000000092,1000000087,1000000092,2,4.3859649122807015E-3,42,42
2026-04-14,1000000087,1000000087,1000000093,1000000087,1000000093,1000000087,1000000093,4,8.771929824561403E-3,2.25,2.25
2026-04-14,1000000087,1000000087,1000000094,1000000087,1000000094,1000000087,1000000094,1,2.1929824561403508E-3,0,0
2026-04-14,1000000087,1000000087,1000000143,1000000087,1000000143,1000000087,1000000143,1,2.1929824561403508E-3,2,2
2026-04-14,1000000088,1000000088,1000000035,1000000088,1000000035,1000000088,1000000035,1,2.8169014084507044E-3,75,75
2026-04-14,1000000088,1000000088,1000000063,1000000088,1000000063,1000000088,1000000063,1,2.8169014084507044E-3,0,0
2026-04-14,1000000088,1000000088,1000000064,1000000088,1000000064,1000000088,1000000064,8,2.2535211267605635E-2,25.625,25.625
2026-04-14,1000000088,1000000088,1000000083,1000000088,1000000083,1000000088,1000000083,1,2.8169014084507044E-3,80,80
2026-04-14,1000000088,1000000088,1000000084,1000000088,1000000084,1000000088,1000000084,1,2.8169014084507044E-3,52,52
2026-04-14,1000000088,1000000088,1000000085,1000000088,1000000085,1000000088,1000000085,7,1.971830985915493E-2,0,0
2026-04-14,1000000088,1000000088,1000000086,1000000088,1000000086,1000000088,1000000086,8,2.2535211267605635E-2,9.5,9.5
2026-04-14,1000000088,1000000088,1000000087,1000000088,1000000087,1000000088,1000000087,10,2.8169014084507043E-2,4.1,4.1
2026-04-14,1000000088,1000000088,1000000088,1000000088,1000000088,1000000088,1000000088,38,1.0704225352112676E-1,8.526315789473685,8.526315789473685
2026-04-14,1000000088,1000000088,1000000089,1000000088,1000000089,1000000088,1000000089,2,5.633802816901409E-3,4.5,4.5
2026-04-14,1000000088,1000000088,1000000090,1000000088,1000000090,1000000088,1000000090,1,2.8169014084507044E-3,0,0
2026-04-14,1000000088,1000000088,1000000092,1000000088,1000000092,1000000088,1000000092,1,2.8169014084507044E-3,0,0
2026-04-14,1000000088,1000000088,1000000094,1000000088,1000000094,1000000088,1000000094,2,5.633802816901409E-3,37,37
2026-04-14,1000000088,1000000088,1000000112,1000000088,1000000112,1000000088,1000000112,2,5.633802816901409E-3,5.0E-1,5.0E-1
2026-04-14,1000000088,1000000088,1000000121,1000000088,1000000121,1000000088,1000000121,1,2.8169014084507044E-3,13,13
2026-04-14,1000000088,1000000088,1000000142,1000000088,1000000142,1000000088,1000000142,2,5.633802816901409E-3,4.5,4.5
2026-04-14,1000000089,1000000089,1000000033,1000000089,1000000033,1000000089,1000000033,1,1.96078431372549E-2,87,87
2026-04-14,1000000089,1000000089,1000000086,1000000089,1000000086,1000000089,1000000086,1,1.96078431372549E-2,0,0
2026-04-14,1000000089,1000000089,1000000087,1000000089,1000000087,1000000089,1000000087,3,5.8823529411764705E-2,3.333333333333333E-1,3.333333333333333E-1
2026-04-14,1000000089,1000000089,1000000088,1000000089,1000000088,1000000089,1000000088,3,5.8823529411764705E-2,27,27
2026-04-14,1000000089,1000000089,1000000089,1000000089,1000000089,1000000089,1000000089,4,7.84313725490196E-2,8.75,8.75
2026-04-14,1000000089,1000000089,1000000091,1000000089,1000000091,1000000089,1000000091,1,1.96078431372549E-2,0,0
2026-04-14,1000000089,1000000089,1000000111,1000000089,1000000111,1000000089,1000000111,1,1.96078431372549E-2,32,32
2026-04-14,1000000089,1000000089,1000000112,1000000089,1000000112,1000000089,1000000112,1,1.96078431372549E-2,0,0
2026-04-14,1000000090,1000000090,1000000028,1000000090,1000000028,1000000090,1000000028,1,7.751937984496124E-3,12,12
2026-04-14,1000000090,1000000090,1000000063,1000000090,1000000063,1000000090,1000000063,1,7.751937984496124E-3,0,0
2026-04-14,1000000090,1000000090,1000000064,1000000090,1000000064,1000000090,1000000064,1,7.751937984496124E-3,76,76
2026-04-14,1000000090,1000000090,1000000085,1000000090,1000000085,1000000090,1000000085,1,7.751937984496124E-3,0,0
2026-04-14,1000000090,1000000090,1000000090,1000000090,1000000090,1000000090,1000000090,3,2.3255813953488372E-2,2,2
2026-04-14,1000000090,1000000090,1000000091,1000000090,1000000091,1000000090,1000000091,1,7.751937984496124E-3,4,4
2026-04-14,1000000090,1000000090,1000000092,1000000090,1000000092,1000000090,1000000092,1,7.751937984496124E-3,0,0
2026-04-14,1000000090,1000000090,1000000093,1000000090,1000000093,1000000090,1000000093,1,7.751937984496124E-3,0,0
2026-04-14,1000000090,1000000090,1000000094,1000000090,1000000094,1000000090,1000000094,1,7.751937984496124E-3,0,0
2026-04-14,1000000090,1000000090,1000000111,1000000090,1000000111,1000000090,1000000111,1,7.751937984496124E-3,2,2
2026-04-14,1000000090,1000000090,1000000112,1000000090,1000000112,1000000090,1000000112,1,7.751937984496124E-3,0,0
2026-04-14,1000000091,1000000091,1000000028,1000000091,1000000028,1000000091,1000000028,1,5.494505494505495E-3,12,12
2026-04-14,1000000091,1000000091,1000000035,1000000091,1000000035,1000000091,1000000035,1,5.494505494505495E-3,47,47
2026-04-14,1000000091,1000000091,1000000045,1000000091,1000000045,1000000091,1000000045,3,1.6483516483516484E-2,2,2
2026-04-14,1000000091,1000000091,1000000064,1000000091,1000000064,1000000091,1000000064,4,2.197802197802198E-2,13,13
2026-04-14,1000000091,1000000091,1000000085,1000000091,1000000085,1000000091,1000000085,2,1.098901098901099E-2,38,38
2026-04-14,1000000091,1000000091,1000000086,1000000091,1000000086,1000000091,1000000086,2,1.098901098901099E-2,14,14
2026-04-14,1000000091,1000000091,1000000087,1000000091,1000000087,1000000091,1000000087,2,1.098901098901099E-2,24.5,24.5
2026-04-14,1000000091,1000000091,1000000089,1000000091,1000000089,1000000091,1000000089,1,5.494505494505495E-3,0,0
2026-04-14,1000000091,1000000091,1000000090,1000000091,1000000090,1000000091,1000000090,3,1.6483516483516484E-2,4.333333333333333,4.333333333333333
2026-04-14,1000000091,1000000091,1000000091,1000000091,1000000091,1000000091,1000000091,11,6.043956043956044E-2,7.454545454545454,7.454545454545454
2026-04-14,1000000091,1000000091,1000000092,1000000091,1000000092,1000000091,1000000092,2,1.098901098901099E-2,10,10
2026-04-14,1000000091,1000000091,1000000093,1000000091,1000000093,1000000091,1000000093,2,1.098901098901099E-2,9,9
2026-04-14,1000000091,1000000091,1000000094,1000000091,1000000094,1000000091,1000000094,2,1.098901098901099E-2,0,0
2026-04-14,1000000091,1000000091,1000000111,1000000091,1000000111,1000000091,1000000111,1,5.494505494505495E-3,4,4
2026-04-14,1000000092,1000000092,1000000028,1000000092,1000000028,1000000092,1000000028,1,6.535947712418301E-3,12,12
2026-04-14,1000000092,1000000092,1000000064,1000000092,1000000064,1000000092,1000000064,4,2.6143790849673203E-2,12,12
2026-04-14,1000000092,1000000092,1000000084,1000000092,1000000084,1000000092,1000000084,1,6.535947712418301E-3,0,0
2026-04-14,1000000092,1000000092,1000000085,1000000092,1000000085,1000000092,1000000085,2,1.3071895424836602E-2,0,0
2026-04-14,1000000092,1000000092,1000000087,1000000092,1000000087,1000000092,1000000087,2,1.3071895424836602E-2,1,1
2026-04-14,1000000092,1000000092,1000000088,1000000092,1000000088,1000000092,1000000088,1,6.535947712418301E-3,0,0
2026-04-14,1000000092,1000000092,1000000090,1000000092,1000000090,1000000092,1000000090,3,1.96078431372549E-2,1,1
2026-04-14,1000000092,1000000092,1000000091,1000000092,1000000091,1000000092,1000000091,3,1.96078431372549E-2,9.333333333333334,9.333333333333334
2026-04-14,1000000092,1000000092,1000000092,1000000092,1000000092,1000000092,1000000092,8,5.228758169934641E-2,8.875,8.875
2026-04-14,1000000092,1000000092,1000000093,1000000092,1000000093,1000000092,1000000093,1,6.535947712418301E-3,6,6
2026-04-14,1000000092,1000000092,1000000111,1000000092,1000000111,1000000092,1000000111,1,6.535947712418301E-3,0,0
2026-04-14,1000000093,1000000093,1000000044,1000000093,1000000044,1000000093,1000000044,2,2.8169014084507044E-3,49.5,49.5
2026-04-14,1000000093,1000000093,1000000045,1000000093,1000000045,1000000093,1000000045,2,2.8169014084507044E-3,8,8
2026-04-14,1000000093,1000000093,1000000062,1000000093,1000000062,1000000093,1000000062,4,5.633802816901409E-3,50.75,50.75
2026-04-14,1000000093,1000000093,1000000064,1000000093,1000000064,1000000093,1000000064,9,1.267605633802817E-2,9,9
2026-04-14,1000000093,1000000093,1000000084,1000000093,1000000084,1000000093,1000000084,1,1.4084507042253522E-3,3,3
2026-04-14,1000000093,1000000093,1000000085,1000000093,1000000085,1000000093,1000000085,2,2.8169014084507044E-3,0,0
2026-04-14,1000000093,1000000093,1000000086,1000000093,1000000086,1000000093,1000000086,1,1.4084507042253522E-3,6,6
2026-04-14,1000000093,1000000093,1000000087,1000000093,1000000087,1000000093,1000000087,5,7.042253521126761E-3,2.8,2.8
2026-04-14,1000000093,1000000093,1000000088,1000000093,1000000088,1000000093,1000000088,1,1.4084507042253522E-3,62,62
2026-04-14,1000000093,1000000093,1000000090,1000000093,1000000090,1000000093,1000000090,1,1.4084507042253522E-3,0,0
2026-04-14,1000000093,1000000093,1000000091,1000000093,1000000091,1000000093,1000000091,2,2.8169014084507044E-3,0,0
2026-04-14,1000000093,1000000093,1000000093,1000000093,1000000093,1000000093,1000000093,77,1.0845070422535211E-1,6.025974025974026,6.025974025974026
2026-04-14,1000000093,1000000093,1000000094,1000000093,1000000094,1000000093,1000000094,3,4.225352112676056E-3,0,0
2026-04-14,1000000093,1000000093,1000000108,1000000093,1000000108,1000000093,1000000108,6,8.450704225352112E-3,24.333333333333332,24.333333333333332
2026-04-14,1000000093,1000000093,1000000110,1000000093,1000000110,1000000093,1000000110,2,2.8169014084507044E-3,0,0
2026-04-14,1000000093,1000000093,1000000111,1000000093,1000000111,1000000093,1000000111,7,9.859154929577466E-3,7.142857142857143E-1,7.142857142857143E-1
2026-04-14,1000000093,1000000093,1000000112,1000000093,1000000112,1000000093,1000000112,2,2.8169014084507044E-3,2,2
2026-04-14,1000000093,1000000093,1000000113,1000000093,1000000113,1000000093,1000000113,1,1.4084507042253522E-3,14,14
2026-04-14,1000000094,1000000094,1000000035,1000000094,1000000035,1000000094,1000000035,1,5.319148936170213E-3,0,0
2026-04-14,1000000094,1000000094,1000000044,1000000094,1000000044,1000000094,1000000044,1,5.319148936170213E-3,13,13
2026-04-14,1000000094,1000000094,1000000064,1000000094,1000000064,1000000094,1000000064,1,5.319148936170213E-3,5,5
2026-04-14,1000000094,1000000094,1000000084,1000000094,1000000084,1000000094,1000000084,1,5.319148936170213E-3,30,30
2026-04-14,1000000094,1000000094,1000000086,1000000094,1000000086,1000000094,1000000086,1,5.319148936170213E-3,73,73
2026-04-14,1000000094,1000000094,1000000088,1000000094,1000000088,1000000094,1000000088,1,5.319148936170213E-3,16,16
2026-04-14,1000000094,1000000094,1000000089,1000000094,1000000089,1000000094,1000000089,1,5.319148936170213E-3,36,36
2026-04-14,1000000094,1000000094,1000000090,1000000094,1000000090,1000000094,1000000090,1,5.319148936170213E-3,25,25
2026-04-14,1000000094,1000000094,1000000091,1000000094,1000000091,1000000094,1000000091,2,1.0638297872340425E-2,2.5,2.5
2026-04-14,1000000094,1000000094,1000000092,1000000094,1000000092,1000000094,1000000092,1,5.319148936170213E-3,18,18
2026-04-14,1000000094,1000000094,1000000093,1000000094,1000000093,1000000094,1000000093,2,1.0638297872340425E-2,0,0
2026-04-14,1000000094,1000000094,1000000094,1000000094,1000000094,1000000094,1000000094,17,9.042553191489362E-2,15.705882352941176,15.705882352941176
2026-04-14,1000000094,1000000094,1000000108,1000000094,1000000108,1000000094,1000000108,3,1.5957446808510637E-2,4.333333333333333,4.333333333333333
2026-04-14,1000000094,1000000094,1000000110,1000000094,1000000110,1000000094,1000000110,2,1.0638297872340425E-2,1,1
2026-04-14,1000000094,1000000094,1000000111,1000000094,1000000111,1000000094,1000000111,4,2.127659574468085E-2,34.25,34.25
2026-04-14,1000000108,1000000108,1000000035,1000000108,1000000035,1000000108,1000000035,1,4.048582995951417E-3,15,15
2026-04-14,1000000108,1000000108,1000000042,1000000108,1000000042,1000000108,1000000042,1,4.048582995951417E-3,83,83
2026-04-14,1000000108,1000000108,1000000043,1000000108,1000000043,1000000108,1000000043,1,4.048582995951417E-3,0,0
2026-04-14,1000000108,1000000108,1000000044,1000000108,1000000044,1000000108,1000000044,1,4.048582995951417E-3,82,82
2026-04-14,1000000108,1000000108,1000000045,1000000108,1000000045,1000000108,1000000045,3,1.2145748987854251E-2,0,0
2026-04-14,1000000108,1000000108,1000000064,1000000108,1000000064,1000000108,1000000064,2,8.097165991902834E-3,43,43
2026-04-14,1000000108,1000000108,1000000071,1000000108,1000000071,1000000108,1000000071,1,4.048582995951417E-3,12,12
2026-04-14,1000000108,1000000108,1000000083,1000000108,1000000083,1000000108,1000000083,1,4.048582995951417E-3,0,0
2026-04-14,1000000108,1000000108,1000000084,1000000108,1000000084,1000000108,1000000084,1,4.048582995951417E-3,0,0
2026-04-14,1000000108,1000000108,1000000087,1000000108,1000000087,1000000108,1000000087,1,4.048582995951417E-3,0,0
2026-04-14,1000000108,1000000108,1000000091,1000000108,1000000091,1000000108,1000000091,1,4.048582995951417E-3,0,0
2026-04-14,1000000108,1000000108,1000000092,1000000108,1000000092,1000000108,1000000092,2,8.097165991902834E-3,21,21
2026-04-14,1000000108,1000000108,1000000093,1000000108,1000000093,1000000108,1000000093,7,2.834008097165992E-2,9.142857142857142,9.142857142857142
2026-04-14,1000000108,1000000108,1000000094,1000000108,1000000094,1000000108,1000000094,3,1.2145748987854251E-2,5.666666666666667,5.666666666666667
2026-04-14,1000000108,1000000108,1000000108,1000000108,1000000108,1000000108,1000000108,24,9.716599190283401E-2,9.083333333333334,9.083333333333334
2026-04-14,1000000108,1000000108,1000000111,1000000108,1000000111,1000000108,1000000111,1,4.048582995951417E-3,0,0
2026-04-14,1000000108,1000000108,1000000112,1000000108,1000000112,1000000108,1000000112,2,8.097165991902834E-3,19,19
2026-04-14,1000000108,1000000108,1000000127,1000000108,1000000127,1000000108,1000000127,1,4.048582995951417E-3,0,0
2026-04-14,1000000110,1000000110,1000000027,1000000110,1000000027,1000000110,1000000027,1,1.3888888888888888E-2,39,39
2026-04-14,1000000110,1000000110,1000000083,1000000110,1000000083,1000000110,1000000083,1,1.3888888888888888E-2,2,2
2026-04-14,1000000110,1000000110,1000000093,1000000110,1000000093,1000000110,1000000093,1,1.3888888888888888E-2,0,0
2026-04-14,1000000110,1000000110,1000000094,1000000110,1000000094,1000000110,1000000094,1,1.3888888888888888E-2,0,0
2026-04-14,1000000110,1000000110,1000000108,1000000110,1000000108,1000000110,1000000108,1,1.3888888888888888E-2,0,0
2026-04-14,1000000110,1000000110,1000000110,1000000110,1000000110,1000000110,1000000110,7,9.722222222222222E-2,5.857142857142857,5.857142857142857
2026-04-14,1000000110,1000000110,1000000112,1000000110,1000000112,1000000110,1000000112,1,1.3888888888888888E-2,0,0
2026-04-14,1000000111,1000000111,1000000045,1000000111,1000000045,1000000111,1000000045,1,2.9411764705882353E-3,14,14
2026-04-14,1000000111,1000000111,1000000062,1000000111,1000000062,1000000111,1000000062,2,5.8823529411764705E-3,1.5,1.5
2026-04-14,1000000111,1000000111,1000000064,1000000111,1000000064,1000000111,1000000064,8,2.3529411764705882E-2,16.5,16.5
2026-04-14,1000000111,1000000111,1000000066,1000000111,1000000066,1000000111,1000000066,1,2.9411764705882353E-3,0,0
2026-04-14,1000000111,1000000111,1000000085,1000000111,1000000085,1000000111,1000000085,1,2.9411764705882353E-3,0,0
2026-04-14,1000000111,1000000111,1000000086,1000000111,1000000086,1000000111,1000000086,1,2.9411764705882353E-3,73,73
2026-04-14,1000000111,1000000111,1000000087,1000000111,1000000087,1000000111,1000000087,1,2.9411764705882353E-3,3,3
2026-04-14,1000000111,1000000111,1000000088,1000000111,1000000088,1000000111,1000000088,2,5.8823529411764705E-3,31,31
2026-04-14,1000000111,1000000111,1000000091,1000000111,1000000091,1000000111,1000000091,2,5.8823529411764705E-3,15,15
2026-04-14,1000000111,1000000111,1000000092,1000000111,1000000092,1000000111,1000000092,1,2.9411764705882353E-3,0,0
2026-04-14,1000000111,1000000111,1000000093,1000000111,1000000093,1000000111,1000000093,10,2.9411764705882353E-2,10.1,10.1
2026-04-14,1000000111,1000000111,1000000094,1000000111,1000000094,1000000111,1000000094,1,2.9411764705882353E-3,0,0
2026-04-14,1000000111,1000000111,1000000108,1000000111,1000000108,1000000111,1000000108,1,2.9411764705882353E-3,0,0
2026-04-14,1000000111,1000000111,1000000110,1000000111,1000000110,1000000111,1000000110,2,5.8823529411764705E-3,1,1
2026-04-14,1000000111,1000000111,1000000111,1000000111,1000000111,1000000111,1000000111,34,1.0E-1,7.323529411764706,7.323529411764706
2026-04-14,1000000111,1000000111,1000000112,1000000111,1000000112,1000000111,1000000112,1,2.9411764705882353E-3,0,0
2026-04-14,1000000111,1000000111,1000000113,1000000111,1000000113,1000000111,1000000113,1,2.9411764705882353E-3,0,0
2026-04-14,1000000111,1000000111,1000000156,1000000111,1000000156,1000000111,1000000156,1,2.9411764705882353E-3,41,41
2026-04-14,1000000112,1000000112,1000000042,1000000112,1000000042,1000000112,1000000042,1,1.0526315789473684E-2,1,1
2026-04-14,1000000112,1000000112,1000000043,1000000112,1000000043,1000000112,1000000043,1,1.0526315789473684E-2,66,66
2026-04-14,1000000112,1000000112,1000000044,1000000112,1000000044,1000000112,1000000044,1,1.0526315789473684E-2,82,82
2026-04-14,1000000112,1000000112,1000000045,1000000112,1000000045,1000000112,1000000045,1,1.0526315789473684E-2,0,0
2026-04-14,1000000112,1000000112,1000000064,1000000112,1000000064,1000000112,1000000064,2,2.1052631578947368E-2,54.5,54.5
2026-04-14,1000000112,1000000112,1000000072,1000000112,1000000072,1000000112,1000000072,1,1.0526315789473684E-2,1,1
2026-04-14,1000000112,1000000112,1000000086,1000000112,1000000086,1000000112,1000000086,1,1.0526315789473684E-2,0,0
2026-04-14,1000000112,1000000112,1000000088,1000000112,1000000088,1000000112,1000000088,2,2.1052631578947368E-2,2,2
2026-04-14,1000000112,1000000112,1000000090,1000000112,1000000090,1000000112,1000000090,1,1.0526315789473684E-2,0,0
2026-04-14,1000000112,1000000112,1000000093,1000000112,1000000093,1000000112,1000000093,1,1.0526315789473684E-2,0,0
2026-04-14,1000000112,1000000112,1000000110,1000000112,1000000110,1000000112,1000000110,1,1.0526315789473684E-2,0,0
2026-04-14,1000000112,1000000112,1000000112,1000000112,1000000112,1000000112,1000000112,3,3.1578947368421054E-2,0,0
2026-04-14,1000000113,1000000113,1000000044,1000000113,1000000044,1000000113,1000000044,1,9.615384615384616E-3,0,0
2026-04-14,1000000113,1000000113,1000000045,1000000113,1000000045,1000000113,1000000045,2,1.9230769230769232E-2,3,3
2026-04-14,1000000113,1000000113,1000000063,1000000113,1000000063,1000000113,1000000063,2,1.9230769230769232E-2,3,3
2026-04-14,1000000113,1000000113,1000000064,1000000113,1000000064,1000000113,1000000064,3,2.8846153846153848E-2,11.666666666666666,11.666666666666666
2026-04-14,1000000113,1000000113,1000000085,1000000113,1000000085,1000000113,1000000085,1,9.615384615384616E-3,14,14
2026-04-14,1000000113,1000000113,1000000111,1000000113,1000000111,1000000113,1000000111,2,1.9230769230769232E-2,5.0E-1,5.0E-1
2026-04-14,1000000113,1000000113,1000000113,1000000113,1000000113,1000000113,1000000113,8,7.692307692307693E-2,7.25,7.25
2026-04-14,1000000113,1000000113,1000000127,1000000113,1000000127,1000000113,1000000127,1,9.615384615384616E-3,0,0
2026-04-14,1000000121,1000000121,1000000035,1000000121,1000000035,1000000121,1000000035,1,5.434782608695652E-3,52,52
2026-04-14,1000000121,1000000121,1000000042,1000000121,1000000042,1000000121,1000000042,2,1.0869565217391304E-2,39.5,39.5
2026-04-14,1000000121,1000000121,1000000043,1000000121,1000000043,1000000121,1000000043,1,5.434782608695652E-3,16,16
2026-04-14,1000000121,1000000121,1000000044,1000000121,1000000044,1000000121,1000000044,1,5.434782608695652E-3,13,13
2026-04-14,1000000121,1000000121,1000000064,1000000121,1000000064,1000000121,1000000064,2,1.0869565217391304E-2,5.5,5.5
2026-04-14,1000000121,1000000121,1000000070,1000000121,1000000070,1000000121,1000000070,1,5.434782608695652E-3,8,8
2026-04-14,1000000121,1000000121,1000000086,1000000121,1000000086,1000000121,1000000086,2,1.0869565217391304E-2,35.5,35.5
2026-04-14,1000000121,1000000121,1000000087,1000000121,1000000087,1000000121,1000000087,1,5.434782608695652E-3,0,0
2026-04-14,1000000121,1000000121,1000000093,1000000121,1000000093,1000000121,1000000093,1,5.434782608695652E-3,24,24
2026-04-14,1000000121,1000000121,1000000111,1000000121,1000000111,1000000121,1000000111,1,5.434782608695652E-3,6,6
2026-04-14,1000000121,1000000121,1000000121,1000000121,1000000121,1000000121,1000000121,17,9.239130434782608E-2,8.588235294117647,8.588235294117647
2026-04-14,1000000127,1000000127,1000000045,1000000127,1000000045,1000000127,1000000045,2,8.064516129032258E-3,0,0
2026-04-14,1000000127,1000000127,1000000062,1000000127,1000000062,1000000127,1000000062,2,8.064516129032258E-3,0,0
2026-04-14,1000000127,1000000127,1000000063,1000000127,1000000063,1000000127,1000000063,1,4.032258064516129E-3,0,0
2026-04-14,1000000127,1000000127,1000000064,1000000127,1000000064,1000000127,1000000064,14,5.6451612903225805E-2,23,23
2026-04-14,1000000127,1000000127,1000000084,1000000127,1000000084,1000000127,1000000084,1,4.032258064516129E-3,73,73
2026-04-14,1000000127,1000000127,1000000086,1000000127,1000000086,1000000127,1000000086,2,8.064516129032258E-3,18,18
2026-04-14,1000000127,1000000127,1000000088,1000000127,1000000088,1000000127,1000000088,1,4.032258064516129E-3,0,0
2026-04-14,1000000127,1000000127,1000000090,1000000127,1000000090,1000000127,1000000090,1,4.032258064516129E-3,41,41
2026-04-14,1000000127,1000000127,1000000091,1000000127,1000000091,1000000127,1000000091,1,4.032258064516129E-3,0,0
2026-04-14,1000000127,1000000127,1000000093,1000000127,1000000093,1000000127,1000000093,1,4.032258064516129E-3,14,14
2026-04-14,1000000127,1000000127,1000000108,1000000127,1000000108,1000000127,1000000108,1,4.032258064516129E-3,0,0
2026-04-14,1000000127,1000000127,1000000111,1000000127,1000000111,1000000127,1000000111,1,4.032258064516129E-3,0,0
2026-04-14,1000000127,1000000127,1000000113,1000000127,1000000113,1000000127,1000000113,1,4.032258064516129E-3,0,0
2026-04-14,1000000127,1000000127,1000000127,1000000127,1000000127,1000000127,1000000127,2,8.064516129032258E-3,6,6
2026-04-14,1000000128,1000000128,1000000027,1000000128,1000000027,1000000128,1000000027,1,1.639344262295082E-2,39,39
2026-04-14,1000000128,1000000128,1000000042,1000000128,1000000042,1000000128,1000000042,1,1.639344262295082E-2,24,24
2026-04-14,1000000128,1000000128,1000000043,1000000128,1000000043,1000000128,1000000043,1,1.639344262295082E-2,4,4
2026-04-14,1000000128,1000000128,1000000045,1000000128,1000000045,1000000128,1000000045,1,1.639344262295082E-2,90,90
2026-04-14,1000000128,1000000128,1000000064,1000000128,1000000064,1000000128,1000000064,1,1.639344262295082E-2,11,11
2026-04-14,1000000128,1000000128,1000000087,1000000128,1000000087,1000000128,1000000087,1,1.639344262295082E-2,0,0
2026-04-14,1000000128,1000000128,1000000093,1000000128,1000000093,1000000128,1000000093,1,1.639344262295082E-2,14,14
2026-04-14,1000000128,1000000128,1000000111,1000000128,1000000111,1000000128,1000000111,1,1.639344262295082E-2,0,0
2026-04-14,1000000128,1000000128,1000000143,1000000128,1000000143,1000000128,1000000143,1,1.639344262295082E-2,2,2
2026-04-15,1000000035,1000000035,1000000033,1000000035,1000000033,1000000035,1000000033,2,2.5974025974025976E-2,32.5,32.5
2026-04-15,1000000035,1000000035,1000000035,1000000035,1000000035,1000000035,1000000035,1,1.2987012987012988E-2,19,19
2026-04-15,1000000035,1000000035,1000000042,1000000035,1000000042,1000000035,1000000042,2,2.5974025974025976E-2,37,37
2026-04-15,1000000035,1000000035,1000000043,1000000035,1000000043,1000000035,1000000043,1,1.2987012987012988E-2,0,0
2026-04-15,1000000035,1000000035,1000000063,1000000035,1000000063,1000000035,1000000063,1,1.2987012987012988E-2,8,8
2026-04-15,1000000035,1000000035,1000000064,1000000035,1000000064,1000000035,1000000064,1,1.2987012987012988E-2,28,28
2026-04-15,1000000035,1000000035,1000000083,1000000035,1000000083,1000000035,1000000083,1,1.2987012987012988E-2,24,24
2026-04-15,1000000035,1000000035,1000000084,1000000035,1000000084,1000000035,1000000084,1,1.2987012987012988E-2,18,18
2026-04-15,1000000035,1000000035,1000000087,1000000035,1000000087,1000000035,1000000087,1,1.2987012987012988E-2,20,20
2026-04-15,1000000035,1000000035,1000000089,1000000035,1000000089,1000000035,1000000089,1,1.2987012987012988E-2,9,9
2026-04-15,1000000035,1000000035,1000000094,1000000035,1000000094,1000000035,1000000094,1,1.2987012987012988E-2,0,0
2026-04-15,1000000035,1000000035,1000000121,1000000035,1000000121,1000000035,1000000121,2,2.5974025974025976E-2,36.5,36.5
2026-04-15,1000000035,1000000035,1000000156,1000000035,1000000156,1000000035,1000000156,1,1.2987012987012988E-2,56,56
2026-04-15,1000000042,1000000042,1000000027,1000000042,1000000027,1000000042,1000000027,2,1.0582010582010581E-2,19.5,19.5
2026-04-15,1000000042,1000000042,1000000033,1000000042,1000000033,1000000042,1000000033,1,5.291005291005291E-3,0,0
2026-04-15,1000000042,1000000042,1000000035,1000000042,1000000035,1000000042,1000000035,1,5.291005291005291E-3,78,78
2026-04-15,1000000042,1000000042,1000000042,1000000042,1000000042,1000000042,1000000042,21,1.111111111111111E-1,30.428571428571427,30.428571428571427
2026-04-15,1000000042,1000000042,1000000043,1000000042,1000000043,1000000042,1000000043,4,2.1164021164021163E-2,10.75,10.75
2026-04-15,1000000042,1000000042,1000000044,1000000042,1000000044,1000000042,1000000044,1,5.291005291005291E-3,13,13
2026-04-15,1000000042,1000000042,1000000045,1000000042,1000000045,1000000042,1000000045,4,2.1164021164021163E-2,31.5,31.5
2026-04-15,1000000042,1000000042,1000000063,1000000042,1000000063,1000000042,1000000063,1,5.291005291005291E-3,1,1
2026-04-15,1000000042,1000000042,1000000064,1000000042,1000000064,1000000042,1000000064,4,2.1164021164021163E-2,22,22
2026-04-15,1000000042,1000000042,1000000065,1000000042,1000000065,1000000042,1000000065,1,5.291005291005291E-3,0,0
2026-04-15,1000000042,1000000042,1000000084,1000000042,1000000084,1000000042,1000000084,1,5.291005291005291E-3,8,8
2026-04-15,1000000042,1000000042,1000000087,1000000042,1000000087,1000000042,1000000087,1,5.291005291005291E-3,1,1
2026-04-15,1000000042,1000000042,1000000088,1000000042,1000000088,1000000042,1000000088,1,5.291005291005291E-3,0,0
2026-04-15,1000000042,1000000042,1000000121,1000000042,1000000121,1000000042,1000000121,3,1.5873015873015872E-2,16,16
2026-04-15,1000000042,1000000042,1000000153,1000000042,1000000153,1000000042,1000000153,1,5.291005291005291E-3,0,0
2026-04-15,1000000043,1000000043,1000000033,1000000043,1000000033,1000000043,1000000033,1,5.025125628140704E-3,33,33
2026-04-15,1000000043,1000000043,1000000042,1000000043,1000000042,1000000043,1000000042,9,4.522613065326633E-2,20.555555555555557,20.555555555555557
2026-04-15,1000000043,1000000043,1000000043,1000000043,1000000043,1000000043,1000000043,13,6.532663316582915E-2,19.23076923076923,19.23076923076923
2026-04-15,1000000043,1000000043,1000000044,1000000043,1000000044,1000000043,1000000044,5,2.512562814070352E-2,9.8,9.8
2026-04-15,1000000043,1000000043,1000000045,1000000043,1000000045,1000000043,1000000045,3,1.507537688442211E-2,2.3333333333333335,2.3333333333333335
2026-04-15,1000000043,1000000043,1000000062,1000000043,1000000062,1000000043,1000000062,1,5.025125628140704E-3,35,35
2026-04-15,1000000043,1000000043,1000000064,1000000043,1000000064,1000000043,1000000064,2,1.0050251256281407E-2,31.5,31.5
2026-04-15,1000000043,1000000043,1000000084,1000000043,1000000084,1000000043,1000000084,1,5.025125628140704E-3,73,73
2026-04-15,1000000043,1000000043,1000000087,1000000043,1000000087,1000000043,1000000087,2,1.0050251256281407E-2,10.5,10.5
2026-04-15,1000000043,1000000043,1000000108,1000000043,1000000108,1000000043,1000000108,2,1.0050251256281407E-2,1.5,1.5
2026-04-15,1000000043,1000000043,1000000111,1000000043,1000000111,1000000043,1000000111,1,5.025125628140704E-3,29,29
2026-04-15,1000000043,1000000043,1000000121,1000000043,1000000121,1000000043,1000000121,2,1.0050251256281407E-2,11,11
2026-04-15,1000000043,1000000043,1000000153,1000000043,1000000153,1000000043,1000000153,1,5.025125628140704E-3,0,0
2026-04-15,1000000044,1000000044,1000000027,1000000044,1000000027,1000000044,1000000027,1,6.993006993006993E-3,39,39
2026-04-15,1000000044,1000000044,1000000033,1000000044,1000000033,1000000044,1000000033,1,6.993006993006993E-3,46,46
2026-04-15,1000000044,1000000044,1000000042,1000000044,1000000042,1000000044,1000000042,7,4.895104895104895E-2,27.428571428571427,27.428571428571427
2026-04-15,1000000044,1000000044,1000000043,1000000044,1000000043,1000000044,1000000043,3,2.097902097902098E-2,10.333333333333334,10.333333333333334
2026-04-15,1000000044,1000000044,1000000044,1000000044,1000000044,1000000044,1000000044,4,2.7972027972027972E-2,21.5,21.5
2026-04-15,1000000044,1000000044,1000000045,1000000044,1000000045,1000000044,1000000045,2,1.3986013986013986E-2,32.5,32.5
2026-04-15,1000000044,1000000044,1000000062,1000000044,1000000062,1000000044,1000000062,1,6.993006993006993E-3,0,0
2026-04-15,1000000044,1000000044,1000000070,1000000044,1000000070,1000000044,1000000070,1,6.993006993006993E-3,8,8
2026-04-15,1000000044,1000000044,1000000084,1000000044,1000000084,1000000044,1000000084,1,6.993006993006993E-3,18,18
2026-04-15,1000000044,1000000044,1000000085,1000000044,1000000085,1000000044,1000000085,1,6.993006993006993E-3,45,45
2026-04-15,1000000044,1000000044,1000000088,1000000044,1000000088,1000000044,1000000088,1,6.993006993006993E-3,16,16
2026-04-15,1000000044,1000000044,1000000113,1000000044,1000000113,1000000044,1000000113,1,6.993006993006993E-3,0,0
2026-04-15,1000000044,1000000044,1000000121,1000000044,1000000121,1000000044,1000000121,2,1.3986013986013986E-2,21.5,21.5
2026-04-15,1000000044,1000000044,1000000156,1000000044,1000000156,1000000044,1000000156,1,6.993006993006993E-3,0,0
2026-04-15,1000000045,1000000045,1000000027,1000000045,1000000027,1000000045,1000000027,1,3.2258064516129032E-3,39,39
2026-04-15,1000000045,1000000045,1000000033,1000000045,1000000033,1000000045,1000000033,2,6.4516129032258064E-3,23,23
2026-04-15,1000000045,1000000045,1000000035,1000000045,1000000035,1000000045,1000000035,1,3.2258064516129032E-3,27,27
2026-04-15,1000000045,1000000045,1000000042,1000000045,1000000042,1000000045,1000000042,10,3.225806451612903E-2,18.5,18.5
2026-04-15,1000000045,1000000045,1000000043,1000000045,1000000043,1000000045,1000000043,5,1.6129032258064516E-2,6.8,6.8
2026-04-15,1000000045,1000000045,1000000044,1000000045,1000000044,1000000045,1000000044,1,3.2258064516129032E-3,0,0
2026-04-15,1000000045,1000000045,1000000045,1000000045,1000000045,1000000045,1000000045,19,6.129032258064516E-2,19.63157894736842,19.63157894736842
2026-04-15,1000000045,1000000045,1000000063,1000000045,1000000063,1000000045,1000000063,2,6.4516129032258064E-3,18.5,18.5
2026-04-15,1000000045,1000000045,1000000064,1000000045,1000000064,1000000045,1000000064,7,2.258064516129032E-2,21.857142857142858,21.857142857142858
2026-04-15,1000000045,1000000045,1000000085,1000000045,1000000085,1000000045,1000000085,1,3.2258064516129032E-3,0,0
2026-04-15,1000000045,1000000045,1000000086,1000000045,1000000086,1000000045,1000000086,1,3.2258064516129032E-3,56,56
2026-04-15,1000000045,1000000045,1000000091,1000000045,1000000091,1000000045,1000000091,2,6.4516129032258064E-3,5.0E-1,5.0E-1
2026-04-15,1000000045,1000000045,1000000108,1000000045,1000000108,1000000045,1000000108,3,9.67741935483871E-3,18.666666666666668,18.666666666666668
2026-04-15,1000000045,1000000045,1000000113,1000000045,1000000113,1000000045,1000000113,1,3.2258064516129032E-3,0,0
2026-04-15,1000000045,1000000045,1000000121,1000000045,1000000121,1000000045,1000000121,2,6.4516129032258064E-3,6.5,6.5
2026-04-15,1000000045,1000000045,1000000153,1000000045,1000000153,1000000045,1000000153,2,6.4516129032258064E-3,0,0
2026-04-15,1000000045,1000000045,1000000156,1000000045,1000000156,1000000045,1000000156,2,6.4516129032258064E-3,21,21
2026-04-15,1000000062,1000000062,1000000027,1000000062,1000000027,1000000062,1000000027,1,4.1841004184100415E-3,0,0
2026-04-15,1000000062,1000000062,1000000028,1000000062,1000000028,1000000062,1000000028,1,4.1841004184100415E-3,7,7
2026-04-15,1000000062,1000000062,1000000042,1000000062,1000000042,1000000062,1000000042,2,8.368200836820083E-3,51,51
2026-04-15,1000000062,1000000062,1000000045,1000000062,1000000045,1000000062,1000000045,3,1.2552301255230125E-2,32,32
2026-04-15,1000000062,1000000062,1000000062,1000000062,1000000062,1000000062,1000000062,7,2.9288702928870293E-2,12.285714285714286,12.285714285714286
2026-04-15,1000000062,1000000062,1000000064,1000000062,1000000064,1000000062,1000000064,7,2.9288702928870293E-2,24.571428571428573,24.571428571428573
2026-04-15,1000000062,1000000062,1000000065,1000000062,1000000065,1000000062,1000000065,1,4.1841004184100415E-3,12,12
2026-04-15,1000000062,1000000062,1000000087,1000000062,1000000087,1000000062,1000000087,1,4.1841004184100415E-3,71,71
2026-04-15,1000000062,1000000062,1000000093,1000000062,1000000093,1000000062,1000000093,1,4.1841004184100415E-3,22,22
2026-04-15,1000000062,1000000062,1000000111,1000000062,1000000111,1000000062,1000000111,1,4.1841004184100415E-3,37,37
2026-04-15,1000000062,1000000062,1000000121,1000000062,1000000121,1000000062,1000000121,1,4.1841004184100415E-3,1,1
2026-04-15,1000000062,1000000062,1000000153,1000000062,1000000153,1000000062,1000000153,1,4.1841004184100415E-3,0,0
2026-04-15,1000000063,1000000063,1000000042,1000000063,1000000042,1000000063,1000000042,4,1.3513513513513514E-2,39.75,39.75
2026-04-15,1000000063,1000000063,1000000043,1000000063,1000000043,1000000063,1000000043,3,1.0135135135135136E-2,1.3333333333333333,1.3333333333333333
2026-04-15,1000000063,1000000063,1000000044,1000000063,1000000044,1000000063,1000000044,3,1.0135135135135136E-2,32,32
2026-04-15,1000000063,1000000063,1000000045,1000000063,1000000045,1000000063,1000000045,1,3.3783783783783786E-3,6,6
2026-04-15,1000000063,1000000063,1000000062,1000000063,1000000062,1000000063,1000000062,6,2.027027027027027E-2,17.333333333333332,17.333333333333332
2026-04-15,1000000063,1000000063,1000000063,1000000063,1000000063,1000000063,1000000063,12,4.054054054054054E-2,20.166666666666668,20.166666666666668
2026-04-15,1000000063,1000000063,1000000064,1000000063,1000000064,1000000063,1000000064,10,3.3783783783783786E-2,25.2,25.2
2026-04-15,1000000063,1000000063,1000000069,1000000063,1000000069,1000000063,1000000069,1,3.3783783783783786E-3,9,9
2026-04-15,1000000063,1000000063,1000000087,1000000063,1000000087,1000000063,1000000087,3,1.0135135135135136E-2,16,16
2026-04-15,1000000063,1000000063,1000000088,1000000063,1000000088,1000000063,1000000088,1,3.3783783783783786E-3,0,0
2026-04-15,1000000063,1000000063,1000000090,1000000063,1000000090,1000000063,1000000090,2,6.756756756756757E-3,20.5,20.5
2026-04-15,1000000063,1000000063,1000000092,1000000063,1000000092,1000000063,1000000092,1,3.3783783783783786E-3,1,1
2026-04-15,1000000063,1000000063,1000000093,1000000063,1000000093,1000000063,1000000093,2,6.756756756756757E-3,48.5,48.5
2026-04-15,1000000063,1000000063,1000000108,1000000063,1000000108,1000000063,1000000108,2,6.756756756756757E-3,28,28
2026-04-15,1000000063,1000000063,1000000127,1000000063,1000000127,1000000063,1000000127,1,3.3783783783783786E-3,0,0
2026-04-15,1000000064,1000000064,1000000033,1000000064,1000000033,1000000064,1000000033,1,6.002400960384153E-4,0,0
2026-04-15,1000000064,1000000064,1000000035,1000000064,1000000035,1000000064,1000000035,1,6.002400960384153E-4,46,46
2026-04-15,1000000064,1000000064,1000000042,1000000064,1000000042,1000000064,1000000042,13,7.8031212484993995E-3,18.23076923076923,18.23076923076923
2026-04-15,1000000064,1000000064,1000000043,1000000064,1000000043,1000000064,1000000043,9,5.402160864345739E-3,17,17
2026-04-15,1000000064,1000000064,1000000044,1000000064,1000000044,1000000064,1000000044,5,3.001200480192077E-3,16,16
2026-04-15,1000000064,1000000064,1000000045,1000000064,1000000045,1000000064,1000000045,6,3.601440576230492E-3,21.333333333333332,21.333333333333332
2026-04-15,1000000064,1000000064,1000000062,1000000064,1000000062,1000000064,1000000062,3,1.800720288115246E-3,23.333333333333332,23.333333333333332
2026-04-15,1000000064,1000000064,1000000063,1000000064,1000000063,1000000064,1000000063,9,5.402160864345739E-3,20.444444444444443,20.444444444444443
2026-04-15,1000000064,1000000064,1000000064,1000000064,1000000064,1000000064,1000000064,138,8.283313325330131E-2,14.594202898550725,14.594202898550725
2026-04-15,1000000064,1000000064,1000000069,1000000064,1000000069,1000000064,1000000069,1,6.002400960384153E-4,0,0
2026-04-15,1000000064,1000000064,1000000083,1000000064,1000000083,1000000064,1000000083,1,6.002400960384153E-4,0,0
2026-04-15,1000000064,1000000064,1000000084,1000000064,1000000084,1000000064,1000000084,3,1.800720288115246E-3,47.666666666666664,47.666666666666664
2026-04-15,1000000064,1000000064,1000000085,1000000064,1000000085,1000000064,1000000085,4,2.4009603841536613E-3,17.5,17.5
2026-04-15,1000000064,1000000064,1000000086,1000000064,1000000086,1000000064,1000000086,2,1.2004801920768306E-3,48.5,48.5
2026-04-15,1000000064,1000000064,1000000088,1000000064,1000000088,1000000064,1000000088,4,2.4009603841536613E-3,11.25,11.25
2026-04-15,1000000064,1000000064,1000000090,1000000064,1000000090,1000000064,1000000090,1,6.002400960384153E-4,3,3
2026-04-15,1000000064,1000000064,1000000091,1000000064,1000000091,1000000064,1000000091,5,3.001200480192077E-3,7.8,7.8
2026-04-15,1000000064,1000000064,1000000092,1000000064,1000000092,1000000064,1000000092,2,1.2004801920768306E-3,24.5,24.5
2026-04-15,1000000064,1000000064,1000000093,1000000064,1000000093,1000000064,1000000093,8,4.801920768307323E-3,9.625,9.625
2026-04-15,1000000064,1000000064,1000000094,1000000064,1000000094,1000000064,1000000094,2,1.2004801920768306E-3,15,15
2026-04-15,1000000064,1000000064,1000000108,1000000064,1000000108,1000000064,1000000108,2,1.2004801920768306E-3,0,0
2026-04-15,1000000064,1000000064,1000000111,1000000064,1000000111,1000000064,1000000111,2,1.2004801920768306E-3,10,10
2026-04-15,1000000064,1000000064,1000000113,1000000064,1000000113,1000000064,1000000113,2,1.2004801920768306E-3,5.0E-1,5.0E-1
2026-04-15,1000000064,1000000064,1000000121,1000000064,1000000121,1000000064,1000000121,2,1.2004801920768306E-3,6.5,6.5
2026-04-15,1000000064,1000000064,1000000127,1000000064,1000000127,1000000064,1000000127,3,1.800720288115246E-3,0,0
2026-04-15,1000000064,1000000064,1000000128,1000000064,1000000128,1000000064,1000000128,1,6.002400960384153E-4,24,24
2026-04-15,1000000064,1000000064,1000000142,1000000064,1000000142,1000000064,1000000142,2,1.2004801920768306E-3,2,2
2026-04-15,1000000064,1000000064,1000000153,1000000064,1000000153,1000000064,1000000153,2,1.2004801920768306E-3,0,0
2026-04-15,1000000064,1000000064,1000000156,1000000064,1000000156,1000000064,1000000156,3,1.800720288115246E-3,32.666666666666664,32.666666666666664
2026-04-15,1000000066,1000000066,1000000042,1000000066,1000000042,1000000066,1000000042,1,1.1235955056179775E-2,24,24
2026-04-15,1000000066,1000000066,1000000043,1000000066,1000000043,1000000066,1000000043,3,3.3707865168539325E-2,45.666666666666664,45.666666666666664
2026-04-15,1000000066,1000000066,1000000044,1000000066,1000000044,1000000066,1000000044,3,3.3707865168539325E-2,6.666666666666667,6.666666666666667
2026-04-15,1000000066,1000000066,1000000062,1000000066,1000000062,1000000066,1000000062,1,1.1235955056179775E-2,43,43
2026-04-15,1000000066,1000000066,1000000063,1000000066,1000000063,1000000066,1000000063,1,1.1235955056179775E-2,23,23
2026-04-15,1000000066,1000000066,1000000064,1000000066,1000000064,1000000066,1000000064,2,2.247191011235955E-2,5.5,5.5
2026-04-15,1000000066,1000000066,1000000065,1000000066,1000000065,1000000066,1000000065,1,1.1235955056179775E-2,20,20
2026-04-15,1000000066,1000000066,1000000066,1000000066,1000000066,1000000066,1000000066,1,1.1235955056179775E-2,0,0
2026-04-15,1000000066,1000000066,1000000084,1000000066,1000000084,1000000066,1000000084,1,1.1235955056179775E-2,18,18
2026-04-15,1000000066,1000000066,1000000087,1000000066,1000000087,1000000066,1000000087,1,1.1235955056179775E-2,1,1
2026-04-15,1000000066,1000000066,1000000111,1000000066,1000000111,1000000066,1000000111,1,1.1235955056179775E-2,0,0
2026-04-15,1000000069,1000000069,1000000028,1000000069,1000000028,1000000069,1000000028,1,9.80392156862745E-3,12,12
2026-04-15,1000000069,1000000069,1000000042,1000000069,1000000042,1000000069,1000000042,2,1.96078431372549E-2,20,20
2026-04-15,1000000069,1000000069,1000000043,1000000069,1000000043,1000000069,1000000043,1,9.80392156862745E-3,0,0
2026-04-15,1000000069,1000000069,1000000044,1000000069,1000000044,1000000069,1000000044,1,9.80392156862745E-3,36,36
2026-04-15,1000000069,1000000069,1000000045,1000000069,1000000045,1000000069,1000000045,1,9.80392156862745E-3,15,15
2026-04-15,1000000069,1000000069,1000000063,1000000069,1000000063,1000000069,1000000063,1,9.80392156862745E-3,35,35
2026-04-15,1000000069,1000000069,1000000064,1000000069,1000000064,1000000069,1000000064,2,1.96078431372549E-2,41,41
2026-04-15,1000000069,1000000069,1000000086,1000000069,1000000086,1000000069,1000000086,1,9.80392156862745E-3,0,0
2026-04-15,1000000069,1000000069,1000000091,1000000069,1000000091,1000000069,1000000091,1,9.80392156862745E-3,0,0
2026-04-15,1000000069,1000000069,1000000121,1000000069,1000000121,1000000069,1000000121,1,9.80392156862745E-3,12,12
2026-04-15,1000000069,1000000069,1000000154,1000000069,1000000154,1000000069,1000000154,1,9.80392156862745E-3,36,36
2026-04-15,1000000083,1000000083,1000000028,1000000083,1000000028,1000000083,1000000028,1,1.282051282051282E-2,18,18
2026-04-15,1000000083,1000000083,1000000035,1000000083,1000000035,1000000083,1000000035,1,1.282051282051282E-2,19,19
2026-04-15,1000000083,1000000083,1000000042,1000000083,1000000042,1000000083,1000000042,4,5.128205128205128E-2,26,26
2026-04-15,1000000083,1000000083,1000000044,1000000083,1000000044,1000000083,1000000044,1,1.282051282051282E-2,13,13
2026-04-15,1000000083,1000000083,1000000045,1000000083,1000000045,1000000083,1000000045,1,1.282051282051282E-2,0,0
2026-04-15,1000000083,1000000083,1000000064,1000000083,1000000064,1000000083,1000000064,3,3.8461538461538464E-2,26.333333333333332,26.333333333333332
2026-04-15,1000000083,1000000083,1000000069,1000000083,1000000069,1000000083,1000000069,1,1.282051282051282E-2,9,9
2026-04-15,1000000083,1000000083,1000000083,1000000083,1000000083,1000000083,1000000083,1,1.282051282051282E-2,43,43
2026-04-15,1000000083,1000000083,1000000087,1000000083,1000000087,1000000083,1000000087,1,1.282051282051282E-2,20,20
2026-04-15,1000000083,1000000083,1000000094,1000000083,1000000094,1000000083,1000000094,1,1.282051282051282E-2,0,0
2026-04-15,1000000083,1000000083,1000000108,1000000083,1000000108,1000000083,1000000108,1,1.282051282051282E-2,0,0
2026-04-15,1000000083,1000000083,1000000121,1000000083,1000000121,1000000083,1000000121,1,1.282051282051282E-2,1,1
2026-04-15,1000000083,1000000083,1000000127,1000000083,1000000127,1000000083,1000000127,1,1.282051282051282E-2,0,0
2026-04-15,1000000084,1000000084,1000000044,1000000084,1000000044,1000000084,1000000044,1,6.802721088435374E-3,17,17
2026-04-15,1000000084,1000000084,1000000064,1000000084,1000000064,1000000084,1000000064,2,1.3605442176870748E-2,25.5,25.5
2026-04-15,1000000084,1000000084,1000000083,1000000084,1000000083,1000000084,1000000083,1,6.802721088435374E-3,1,1
2026-04-15,1000000084,1000000084,1000000084,1000000084,1000000084,1000000084,1000000084,4,2.7210884353741496E-2,2.5,2.5
2026-04-15,1000000084,1000000084,1000000087,1000000084,1000000087,1000000084,1000000087,1,6.802721088435374E-3,0,0
2026-04-15,1000000084,1000000084,1000000088,1000000084,1000000088,1000000084,1000000088,2,1.3605442176870748E-2,3.5,3.5
2026-04-15,1000000084,1000000084,1000000092,1000000084,1000000092,1000000084,1000000092,1,6.802721088435374E-3,0,0
2026-04-15,1000000084,1000000084,1000000093,1000000084,1000000093,1000000084,1000000093,2,1.3605442176870748E-2,41,41
2026-04-15,1000000084,1000000084,1000000108,1000000084,1000000108,1000000084,1000000108,2,1.3605442176870748E-2,0,0
2026-04-15,1000000084,1000000084,1000000110,1000000084,1000000110,1000000084,1000000110,2,1.3605442176870748E-2,1,1
2026-04-15,1000000085,1000000085,1000000033,1000000085,1000000033,1000000085,1000000033,1,3.0864197530864196E-3,4,4
2026-04-15,1000000085,1000000085,1000000035,1000000085,1000000035,1000000085,1000000035,1,3.0864197530864196E-3,47,47
2026-04-15,1000000085,1000000085,1000000042,1000000085,1000000042,1000000085,1000000042,1,3.0864197530864196E-3,27,27
2026-04-15,1000000085,1000000085,1000000045,1000000085,1000000045,1000000085,1000000045,2,6.172839506172839E-3,0,0
2026-04-15,1000000085,1000000085,1000000064,1000000085,1000000064,1000000085,1000000064,2,6.172839506172839E-3,0,0
2026-04-15,1000000085,1000000085,1000000084,1000000085,1000000084,1000000085,1000000084,4,1.2345679012345678E-2,23.5,23.5
2026-04-15,1000000085,1000000085,1000000085,1000000085,1000000085,1000000085,1000000085,18,5.555555555555555E-2,9.444444444444445,9.444444444444445
2026-04-15,1000000085,1000000085,1000000086,1000000085,1000000086,1000000085,1000000086,9,2.7777777777777776E-2,7.777777777777778,7.777777777777778
2026-04-15,1000000085,1000000085,1000000087,1000000085,1000000087,1000000085,1000000087,7,2.1604938271604937E-2,4.142857142857143,4.142857142857143
2026-04-15,1000000085,1000000085,1000000088,1000000085,1000000088,1000000085,1000000088,8,2.4691358024691357E-2,6.25E-1,6.25E-1
2026-04-15,1000000085,1000000085,1000000089,1000000085,1000000089,1000000085,1000000089,1,3.0864197530864196E-3,36,36
2026-04-15,1000000085,1000000085,1000000090,1000000085,1000000090,1000000085,1000000090,2,6.172839506172839E-3,1.5,1.5
2026-04-15,1000000085,1000000085,1000000091,1000000085,1000000091,1000000085,1000000091,2,6.172839506172839E-3,33.5,33.5
2026-04-15,1000000085,1000000085,1000000092,1000000085,1000000092,1000000085,1000000092,3,9.259259259259259E-3,3.333333333333333E-1,3.333333333333333E-1
2026-04-15,1000000085,1000000085,1000000093,1000000085,1000000093,1000000085,1000000093,1,3.0864197530864196E-3,0,0
2026-04-15,1000000085,1000000085,1000000108,1000000085,1000000108,1000000085,1000000108,2,6.172839506172839E-3,5.0E-1,5.0E-1
2026-04-15,1000000085,1000000085,1000000111,1000000085,1000000111,1000000085,1000000111,1,3.0864197530864196E-3,0,0
2026-04-15,1000000085,1000000085,1000000127,1000000085,1000000127,1000000085,1000000127,1,3.0864197530864196E-3,0,0
2026-04-15,1000000085,1000000085,1000000153,1000000085,1000000153,1000000085,1000000153,1,3.0864197530864196E-3,1,1
2026-04-15,1000000086,1000000086,1000000045,1000000086,1000000045,1000000086,1000000045,1,5.025125628140704E-3,6,6
2026-04-15,1000000086,1000000086,1000000063,1000000086,1000000063,1000000086,1000000063,1,5.025125628140704E-3,60,60
2026-04-15,1000000086,1000000086,1000000064,1000000086,1000000064,1000000086,1000000064,2,1.0050251256281407E-2,12,12
2026-04-15,1000000086,1000000086,1000000084,1000000086,1000000084,1000000086,1000000084,4,2.0100502512562814E-2,21.25,21.25
2026-04-15,1000000086,1000000086,1000000085,1000000086,1000000085,1000000086,1000000085,12,6.030150753768844E-2,12.916666666666666,12.916666666666666
2026-04-15,1000000086,1000000086,1000000086,1000000086,1000000086,1000000086,1000000086,21,1.0552763819095477E-1,11.19047619047619,11.19047619047619
2026-04-15,1000000086,1000000086,1000000087,1000000086,1000000087,1000000086,1000000087,8,4.020100502512563E-2,12.125,12.125
2026-04-15,1000000086,1000000086,1000000088,1000000086,1000000088,1000000086,1000000088,6,3.015075376884422E-2,0,0
2026-04-15,1000000086,1000000086,1000000089,1000000086,1000000089,1000000086,1000000089,2,1.0050251256281407E-2,35,35
2026-04-15,1000000086,1000000086,1000000090,1000000086,1000000090,1000000086,1000000090,1,5.025125628140704E-3,0,0
2026-04-15,1000000086,1000000086,1000000113,1000000086,1000000113,1000000086,1000000113,1,5.025125628140704E-3,0,0
2026-04-15,1000000087,1000000087,1000000033,1000000087,1000000033,1000000087,1000000033,1,2.188183807439825E-3,22,22
2026-04-15,1000000087,1000000087,1000000035,1000000087,1000000035,1000000087,1000000035,2,4.37636761487965E-3,53.5,53.5
2026-04-15,1000000087,1000000087,1000000043,1000000087,1000000043,1000000087,1000000043,2,4.37636761487965E-3,1,1
2026-04-15,1000000087,1000000087,1000000044,1000000087,1000000044,1000000087,1000000044,1,2.188183807439825E-3,5,5
2026-04-15,1000000087,1000000087,1000000064,1000000087,1000000064,1000000087,1000000064,6,1.312910284463895E-2,34.666666666666664,34.666666666666664
2026-04-15,1000000087,1000000087,1000000084,1000000087,1000000084,1000000087,1000000084,3,6.564551422319475E-3,9.333333333333334,9.333333333333334
2026-04-15,1000000087,1000000087,1000000085,1000000087,1000000085,1000000087,1000000085,9,1.9693654266958426E-2,9.222222222222221,9.222222222222221
2026-04-15,1000000087,1000000087,1000000086,1000000087,1000000086,1000000087,1000000086,7,1.5317286652078774E-2,9.714285714285714,9.714285714285714
2026-04-15,1000000087,1000000087,1000000087,1000000087,1000000087,1000000087,1000000087,31,6.783369803063458E-2,16.06451612903226,16.06451612903226
2026-04-15,1000000087,1000000087,1000000088,1000000087,1000000088,1000000087,1000000088,14,3.0634573304157548E-2,9.857142857142858,9.857142857142858
2026-04-15,1000000087,1000000087,1000000092,1000000087,1000000092,1000000087,1000000092,2,4.37636761487965E-3,42,42
2026-04-15,1000000087,1000000087,1000000093,1000000087,1000000093,1000000087,1000000093,3,6.564551422319475E-3,3,3
2026-04-15,1000000087,1000000087,1000000094,1000000087,1000000094,1000000087,1000000094,1,2.188183807439825E-3,0,0
2026-04-15,1000000087,1000000087,1000000143,1000000087,1000000143,1000000087,1000000143,1,2.188183807439825E-3,2,2
2026-04-15,1000000088,1000000088,1000000035,1000000088,1000000035,1000000088,1000000035,1,2.8169014084507044E-3,75,75
2026-04-15,1000000088,1000000088,1000000063,1000000088,1000000063,1000000088,1000000063,1,2.8169014084507044E-3,0,0
2026-04-15,1000000088,1000000088,1000000064,1000000088,1000000064,1000000088,1000000064,8,2.2535211267605635E-2,25.625,25.625
2026-04-15,1000000088,1000000088,1000000083,1000000088,1000000083,1000000088,1000000083,1,2.8169014084507044E-3,80,80
2026-04-15,1000000088,1000000088,1000000084,1000000088,1000000084,1000000088,1000000084,1,2.8169014084507044E-3,52,52
2026-04-15,1000000088,1000000088,1000000085,1000000088,1000000085,1000000088,1000000085,7,1.971830985915493E-2,0,0
2026-04-15,1000000088,1000000088,1000000086,1000000088,1000000086,1000000088,1000000086,8,2.2535211267605635E-2,9.5,9.5
2026-04-15,1000000088,1000000088,1000000087,1000000088,1000000087,1000000088,1000000087,10,2.8169014084507043E-2,4.1,4.1
2026-04-15,1000000088,1000000088,1000000088,1000000088,1000000088,1000000088,1000000088,38,1.0704225352112676E-1,8.526315789473685,8.526315789473685
2026-04-15,1000000088,1000000088,1000000089,1000000088,1000000089,1000000088,1000000089,2,5.633802816901409E-3,4.5,4.5
2026-04-15,1000000088,1000000088,1000000090,1000000088,1000000090,1000000088,1000000090,1,2.8169014084507044E-3,0,0
2026-04-15,1000000088,1000000088,1000000092,1000000088,1000000092,1000000088,1000000092,1,2.8169014084507044E-3,0,0
2026-04-15,1000000088,1000000088,1000000094,1000000088,1000000094,1000000088,1000000094,2,5.633802816901409E-3,37,37
2026-04-15,1000000088,1000000088,1000000112,1000000088,1000000112,1000000088,1000000112,2,5.633802816901409E-3,5.0E-1,5.0E-1
2026-04-15,1000000088,1000000088,1000000121,1000000088,1000000121,1000000088,1000000121,1,2.8169014084507044E-3,13,13
2026-04-15,1000000088,1000000088,1000000142,1000000088,1000000142,1000000088,1000000142,2,5.633802816901409E-3,4.5,4.5
2026-04-15,1000000089,1000000089,1000000033,1000000089,1000000033,1000000089,1000000033,1,1.96078431372549E-2,87,87
2026-04-15,1000000089,1000000089,1000000086,1000000089,1000000086,1000000089,1000000086,1,1.96078431372549E-2,0,0
2026-04-15,1000000089,1000000089,1000000087,1000000089,1000000087,1000000089,1000000087,3,5.8823529411764705E-2,3.333333333333333E-1,3.333333333333333E-1
2026-04-15,1000000089,1000000089,1000000088,1000000089,1000000088,1000000089,1000000088,3,5.8823529411764705E-2,27,27
2026-04-15,1000000089,1000000089,1000000089,1000000089,1000000089,1000000089,1000000089,4,7.84313725490196E-2,8.75,8.75
2026-04-15,1000000089,1000000089,1000000091,1000000089,1000000091,1000000089,1000000091,1,1.96078431372549E-2,0,0
2026-04-15,1000000089,1000000089,1000000111,1000000089,1000000111,1000000089,1000000111,1,1.96078431372549E-2,32,32
2026-04-15,1000000089,1000000089,1000000112,1000000089,1000000112,1000000089,1000000112,1,1.96078431372549E-2,0,0
2026-04-15,1000000090,1000000090,1000000028,1000000090,1000000028,1000000090,1000000028,1,7.874015748031496E-3,12,12
2026-04-15,1000000090,1000000090,1000000063,1000000090,1000000063,1000000090,1000000063,1,7.874015748031496E-3,0,0
2026-04-15,1000000090,1000000090,1000000064,1000000090,1000000064,1000000090,1000000064,1,7.874015748031496E-3,76,76
2026-04-15,1000000090,1000000090,1000000085,1000000090,1000000085,1000000090,1000000085,1,7.874015748031496E-3,0,0
2026-04-15,1000000090,1000000090,1000000090,1000000090,1000000090,1000000090,1000000090,3,2.3622047244094488E-2,2,2
2026-04-15,1000000090,1000000090,1000000091,1000000090,1000000091,1000000090,1000000091,1,7.874015748031496E-3,4,4
2026-04-15,1000000090,1000000090,1000000092,1000000090,1000000092,1000000090,1000000092,1,7.874015748031496E-3,0,0
2026-04-15,1000000090,1000000090,1000000093,1000000090,1000000093,1000000090,1000000093,1,7.874015748031496E-3,0,0
2026-04-15,1000000090,1000000090,1000000094,1000000090,1000000094,1000000090,1000000094,1,7.874015748031496E-3,0,0
2026-04-15,1000000090,1000000090,1000000111,1000000090,1000000111,1000000090,1000000111,1,7.874015748031496E-3,2,2
2026-04-15,1000000091,1000000091,1000000028,1000000091,1000000028,1000000091,1000000028,1,5.5248618784530384E-3,12,12
2026-04-15,1000000091,1000000091,1000000035,1000000091,1000000035,1000000091,1000000035,1,5.5248618784530384E-3,47,47
2026-04-15,1000000091,1000000091,1000000045,1000000091,1000000045,1000000091,1000000045,3,1.6574585635359115E-2,2,2
2026-04-15,1000000091,1000000091,1000000064,1000000091,1000000064,1000000091,1000000064,4,2.2099447513812154E-2,13,13
2026-04-15,1000000091,1000000091,1000000085,1000000091,1000000085,1000000091,1000000085,2,1.1049723756906077E-2,38,38
2026-04-15,1000000091,1000000091,1000000086,1000000091,1000000086,1000000091,1000000086,2,1.1049723756906077E-2,14,14
2026-04-15,1000000091,1000000091,1000000087,1000000091,1000000087,1000000091,1000000087,2,1.1049723756906077E-2,24.5,24.5
2026-04-15,1000000091,1000000091,1000000089,1000000091,1000000089,1000000091,1000000089,1,5.5248618784530384E-3,0,0
2026-04-15,1000000091,1000000091,1000000090,1000000091,1000000090,1000000091,1000000090,3,1.6574585635359115E-2,4.333333333333333,4.333333333333333
2026-04-15,1000000091,1000000091,1000000091,1000000091,1000000091,1000000091,1000000091,11,6.077348066298342E-2,7.454545454545454,7.454545454545454
2026-04-15,1000000091,1000000091,1000000092,1000000091,1000000092,1000000091,1000000092,2,1.1049723756906077E-2,10,10
2026-04-15,1000000091,1000000091,1000000093,1000000091,1000000093,1000000091,1000000093,2,1.1049723756906077E-2,9,9
2026-04-15,1000000091,1000000091,1000000094,1000000091,1000000094,1000000091,1000000094,2,1.1049723756906077E-2,0,0
2026-04-15,1000000091,1000000091,1000000111,1000000091,1000000111,1000000091,1000000111,1,5.5248618784530384E-3,4,4
2026-04-15,1000000092,1000000092,1000000028,1000000092,1000000028,1000000092,1000000028,1,6.622516556291391E-3,12,12
2026-04-15,1000000092,1000000092,1000000064,1000000092,1000000064,1000000092,1000000064,4,2.6490066225165563E-2,12,12
2026-04-15,1000000092,1000000092,1000000084,1000000092,1000000084,1000000092,1000000084,1,6.622516556291391E-3,0,0
2026-04-15,1000000092,1000000092,1000000085,1000000092,1000000085,1000000092,1000000085,2,1.3245033112582781E-2,0,0
2026-04-15,1000000092,1000000092,1000000087,1000000092,1000000087,1000000092,1000000087,2,1.3245033112582781E-2,1,1
2026-04-15,1000000092,1000000092,1000000088,1000000092,1000000088,1000000092,1000000088,1,6.622516556291391E-3,0,0
2026-04-15,1000000092,1000000092,1000000090,1000000092,1000000090,1000000092,1000000090,3,1.9867549668874173E-2,1,1
2026-04-15,1000000092,1000000092,1000000091,1000000092,1000000091,1000000092,1000000091,3,1.9867549668874173E-2,9.333333333333334,9.333333333333334
2026-04-15,1000000092,1000000092,1000000092,1000000092,1000000092,1000000092,1000000092,8,5.2980132450331126E-2,8.875,8.875
2026-04-15,1000000092,1000000092,1000000093,1000000092,1000000093,1000000092,1000000093,1,6.622516556291391E-3,6,6
2026-04-15,1000000092,1000000092,1000000111,1000000092,1000000111,1000000092,1000000111,1,6.622516556291391E-3,0,0
2026-04-15,1000000093,1000000093,1000000044,1000000093,1000000044,1000000093,1000000044,2,2.8089887640449437E-3,49.5,49.5
2026-04-15,1000000093,1000000093,1000000045,1000000093,1000000045,1000000093,1000000045,2,2.8089887640449437E-3,8,8
2026-04-15,1000000093,1000000093,1000000062,1000000093,1000000062,1000000093,1000000062,4,5.6179775280898875E-3,50.75,50.75
2026-04-15,1000000093,1000000093,1000000064,1000000093,1000000064,1000000093,1000000064,9,1.2640449438202247E-2,9,9
2026-04-15,1000000093,1000000093,1000000084,1000000093,1000000084,1000000093,1000000084,1,1.4044943820224719E-3,3,3
2026-04-15,1000000093,1000000093,1000000085,1000000093,1000000085,1000000093,1000000085,2,2.8089887640449437E-3,0,0
2026-04-15,1000000093,1000000093,1000000086,1000000093,1000000086,1000000093,1000000086,1,1.4044943820224719E-3,6,6
2026-04-15,1000000093,1000000093,1000000087,1000000093,1000000087,1000000093,1000000087,4,5.6179775280898875E-3,3.5,3.5
2026-04-15,1000000093,1000000093,1000000088,1000000093,1000000088,1000000093,1000000088,1,1.4044943820224719E-3,62,62
2026-04-15,1000000093,1000000093,1000000090,1000000093,1000000090,1000000093,1000000090,1,1.4044943820224719E-3,0,0
2026-04-15,1000000093,1000000093,1000000091,1000000093,1000000091,1000000093,1000000091,2,2.8089887640449437E-3,0,0
2026-04-15,1000000093,1000000093,1000000093,1000000093,1000000093,1000000093,1000000093,77,1.0814606741573034E-1,6.025974025974026,6.025974025974026
2026-04-15,1000000093,1000000093,1000000094,1000000093,1000000094,1000000093,1000000094,3,4.213483146067416E-3,0,0
2026-04-15,1000000093,1000000093,1000000108,1000000093,1000000108,1000000093,1000000108,6,8.426966292134831E-3,24.333333333333332,24.333333333333332
2026-04-15,1000000093,1000000093,1000000110,1000000093,1000000110,1000000093,1000000110,2,2.8089887640449437E-3,0,0
2026-04-15,1000000093,1000000093,1000000111,1000000093,1000000111,1000000093,1000000111,7,9.831460674157303E-3,7.142857142857143E-1,7.142857142857143E-1
2026-04-15,1000000093,1000000093,1000000112,1000000093,1000000112,1000000093,1000000112,2,2.8089887640449437E-3,2,2
2026-04-15,1000000093,1000000093,1000000113,1000000093,1000000113,1000000093,1000000113,1,1.4044943820224719E-3,14,14
2026-04-15,1000000094,1000000094,1000000035,1000000094,1000000035,1000000094,1000000035,1,5.376344086021506E-3,0,0
2026-04-15,1000000094,1000000094,1000000044,1000000094,1000000044,1000000094,1000000044,1,5.376344086021506E-3,13,13
2026-04-15,1000000094,1000000094,1000000064,1000000094,1000000064,1000000094,1000000064,1,5.376344086021506E-3,5,5
2026-04-15,1000000094,1000000094,1000000084,1000000094,1000000084,1000000094,1000000084,1,5.376344086021506E-3,30,30
2026-04-15,1000000094,1000000094,1000000086,1000000094,1000000086,1000000094,1000000086,1,5.376344086021506E-3,73,73
2026-04-15,1000000094,1000000094,1000000088,1000000094,1000000088,1000000094,1000000088,1,5.376344086021506E-3,16,16
2026-04-15,1000000094,1000000094,1000000089,1000000094,1000000089,1000000094,1000000089,1,5.376344086021506E-3,36,36
2026-04-15,1000000094,1000000094,1000000090,1000000094,1000000090,1000000094,1000000090,1,5.376344086021506E-3,25,25
2026-04-15,1000000094,1000000094,1000000091,1000000094,1000000091,1000000094,1000000091,2,1.0752688172043012E-2,2.5,2.5
2026-04-15,1000000094,1000000094,1000000092,1000000094,1000000092,1000000094,1000000092,1,5.376344086021506E-3,18,18
2026-04-15,1000000094,1000000094,1000000093,1000000094,1000000093,1000000094,1000000093,2,1.0752688172043012E-2,0,0
2026-04-15,1000000094,1000000094,1000000094,1000000094,1000000094,1000000094,1000000094,17,9.13978494623656E-2,15.705882352941176,15.705882352941176
2026-04-15,1000000094,1000000094,1000000108,1000000094,1000000108,1000000094,1000000108,3,1.6129032258064516E-2,4.333333333333333,4.333333333333333
2026-04-15,1000000094,1000000094,1000000110,1000000094,1000000110,1000000094,1000000110,2,1.0752688172043012E-2,1,1
2026-04-15,1000000094,1000000094,1000000111,1000000094,1000000111,1000000094,1000000111,4,2.1505376344086023E-2,34.25,34.25
2026-04-15,1000000108,1000000108,1000000035,1000000108,1000000035,1000000108,1000000035,1,4.0650406504065045E-3,15,15
2026-04-15,1000000108,1000000108,1000000042,1000000108,1000000042,1000000108,1000000042,1,4.0650406504065045E-3,83,83
2026-04-15,1000000108,1000000108,1000000043,1000000108,1000000043,1000000108,1000000043,1,4.0650406504065045E-3,0,0
2026-04-15,1000000108,1000000108,1000000044,1000000108,1000000044,1000000108,1000000044,1,4.0650406504065045E-3,82,82
2026-04-15,1000000108,1000000108,1000000045,1000000108,1000000045,1000000108,1000000045,3,1.2195121951219513E-2,0,0
2026-04-15,1000000108,1000000108,1000000064,1000000108,1000000064,1000000108,1000000064,2,8.130081300813009E-3,43,43
2026-04-15,1000000108,1000000108,1000000071,1000000108,1000000071,1000000108,1000000071,1,4.0650406504065045E-3,12,12
2026-04-15,1000000108,1000000108,1000000083,1000000108,1000000083,1000000108,1000000083,1,4.0650406504065045E-3,0,0
2026-04-15,1000000108,1000000108,1000000084,1000000108,1000000084,1000000108,1000000084,1,4.0650406504065045E-3,0,0
2026-04-15,1000000108,1000000108,1000000087,1000000108,1000000087,1000000108,1000000087,1,4.0650406504065045E-3,0,0
2026-04-15,1000000108,1000000108,1000000091,1000000108,1000000091,1000000108,1000000091,1,4.0650406504065045E-3,0,0
2026-04-15,1000000108,1000000108,1000000092,1000000108,1000000092,1000000108,1000000092,2,8.130081300813009E-3,21,21
2026-04-15,1000000108,1000000108,1000000093,1000000108,1000000093,1000000108,1000000093,7,2.8455284552845527E-2,9.142857142857142,9.142857142857142
2026-04-15,1000000108,1000000108,1000000094,1000000108,1000000094,1000000108,1000000094,3,1.2195121951219513E-2,5.666666666666667,5.666666666666667
2026-04-15,1000000108,1000000108,1000000108,1000000108,1000000108,1000000108,1000000108,24,9.75609756097561E-2,9.083333333333334,9.083333333333334
2026-04-15,1000000108,1000000108,1000000111,1000000108,1000000111,1000000108,1000000111,1,4.0650406504065045E-3,0,0
2026-04-15,1000000108,1000000108,1000000112,1000000108,1000000112,1000000108,1000000112,1,4.0650406504065045E-3,38,38
2026-04-15,1000000108,1000000108,1000000127,1000000108,1000000127,1000000108,1000000127,1,4.0650406504065045E-3,0,0
2026-04-15,1000000110,1000000110,1000000027,1000000110,1000000027,1000000110,1000000027,1,1.36986301369863E-2,39,39
2026-04-15,1000000110,1000000110,1000000083,1000000110,1000000083,1000000110,1000000083,1,1.36986301369863E-2,2,2
2026-04-15,1000000110,1000000110,1000000093,1000000110,1000000093,1000000110,1000000093,1,1.36986301369863E-2,0,0
2026-04-15,1000000110,1000000110,1000000094,1000000110,1000000094,1000000110,1000000094,1,1.36986301369863E-2,0,0
2026-04-15,1000000110,1000000110,1000000108,1000000110,1000000108,1000000110,1000000108,1,1.36986301369863E-2,0,0
2026-04-15,1000000110,1000000110,1000000110,1000000110,1000000110,1000000110,1000000110,7,9.58904109589041E-2,5.857142857142857,5.857142857142857
2026-04-15,1000000110,1000000110,1000000112,1000000110,1000000112,1000000110,1000000112,1,1.36986301369863E-2,0,0
2026-04-15,1000000111,1000000111,1000000045,1000000111,1000000045,1000000111,1000000045,1,2.9411764705882353E-3,14,14
2026-04-15,1000000111,1000000111,1000000062,1000000111,1000000062,1000000111,1000000062,2,5.8823529411764705E-3,1.5,1.5
2026-04-15,1000000111,1000000111,1000000064,1000000111,1000000064,1000000111,1000000064,8,2.3529411764705882E-2,16.5,16.5
2026-04-15,1000000111,1000000111,1000000066,1000000111,1000000066,1000000111,1000000066,1,2.9411764705882353E-3,0,0
2026-04-15,1000000111,1000000111,1000000085,1000000111,1000000085,1000000111,1000000085,1,2.9411764705882353E-3,0,0
2026-04-15,1000000111,1000000111,1000000086,1000000111,1000000086,1000000111,1000000086,1,2.9411764705882353E-3,73,73
2026-04-15,1000000111,1000000111,1000000087,1000000111,1000000087,1000000111,1000000087,1,2.9411764705882353E-3,3,3
2026-04-15,1000000111,1000000111,1000000088,1000000111,1000000088,1000000111,1000000088,2,5.8823529411764705E-3,31,31
2026-04-15,1000000111,1000000111,1000000091,1000000111,1000000091,1000000111,1000000091,2,5.8823529411764705E-3,15,15
2026-04-15,1000000111,1000000111,1000000092,1000000111,1000000092,1000000111,1000000092,1,2.9411764705882353E-3,0,0
2026-04-15,1000000111,1000000111,1000000093,1000000111,1000000093,1000000111,1000000093,10,2.9411764705882353E-2,10.1,10.1
2026-04-15,1000000111,1000000111,1000000094,1000000111,1000000094,1000000111,1000000094,1,2.9411764705882353E-3,0,0
2026-04-15,1000000111,1000000111,1000000108,1000000111,1000000108,1000000111,1000000108,1,2.9411764705882353E-3,0,0
2026-04-15,1000000111,1000000111,1000000110,1000000111,1000000110,1000000111,1000000110,2,5.8823529411764705E-3,1,1
2026-04-15,1000000111,1000000111,1000000111,1000000111,1000000111,1000000111,1000000111,34,1.0E-1,7.323529411764706,7.323529411764706
2026-04-15,1000000111,1000000111,1000000112,1000000111,1000000112,1000000111,1000000112,1,2.9411764705882353E-3,0,0
2026-04-15,1000000111,1000000111,1000000113,1000000111,1000000113,1000000111,1000000113,1,2.9411764705882353E-3,0,0
2026-04-15,1000000111,1000000111,1000000156,1000000111,1000000156,1000000111,1000000156,1,2.9411764705882353E-3,41,41
2026-04-15,1000000112,1000000112,1000000042,1000000112,1000000042,1000000112,1000000042,1,1.0752688172043012E-2,1,1
2026-04-15,1000000112,1000000112,1000000043,1000000112,1000000043,1000000112,1000000043,1,1.0752688172043012E-2,66,66
2026-04-15,1000000112,1000000112,1000000044,1000000112,1000000044,1000000112,1000000044,1,1.0752688172043012E-2,82,82
2026-04-15,1000000112,1000000112,1000000045,1000000112,1000000045,1000000112,1000000045,1,1.0752688172043012E-2,0,0
2026-04-15,1000000112,1000000112,1000000064,1000000112,1000000064,1000000112,1000000064,2,2.1505376344086023E-2,54.5,54.5
2026-04-15,1000000112,1000000112,1000000072,1000000112,1000000072,1000000112,1000000072,1,1.0752688172043012E-2,1,1
2026-04-15,1000000112,1000000112,1000000086,1000000112,1000000086,1000000112,1000000086,1,1.0752688172043012E-2,0,0
2026-04-15,1000000112,1000000112,1000000088,1000000112,1000000088,1000000112,1000000088,2,2.1505376344086023E-2,2,2
2026-04-15,1000000112,1000000112,1000000093,1000000112,1000000093,1000000112,1000000093,1,1.0752688172043012E-2,0,0
2026-04-15,1000000112,1000000112,1000000110,1000000112,1000000110,1000000112,1000000110,1,1.0752688172043012E-2,0,0
2026-04-15,1000000112,1000000112,1000000112,1000000112,1000000112,1000000112,1000000112,3,3.225806451612903E-2,0,0
2026-04-15,1000000113,1000000113,1000000044,1000000113,1000000044,1000000113,1000000044,1,9.615384615384616E-3,0,0
2026-04-15,1000000113,1000000113,1000000045,1000000113,1000000045,1000000113,1000000045,2,1.9230769230769232E-2,3,3
2026-04-15,1000000113,1000000113,1000000063,1000000113,1000000063,1000000113,1000000063,2,1.9230769230769232E-2,3,3
2026-04-15,1000000113,1000000113,1000000064,1000000113,1000000064,1000000113,1000000064,3,2.8846153846153848E-2,11.666666666666666,11.666666666666666
2026-04-15,1000000113,1000000113,1000000085,1000000113,1000000085,1000000113,1000000085,1,9.615384615384616E-3,14,14
2026-04-15,1000000113,1000000113,1000000111,1000000113,1000000111,1000000113,1000000111,2,1.9230769230769232E-2,5.0E-1,5.0E-1
2026-04-15,1000000113,1000000113,1000000113,1000000113,1000000113,1000000113,1000000113,8,7.692307692307693E-2,7.25,7.25
2026-04-15,1000000113,1000000113,1000000127,1000000113,1000000127,1000000113,1000000127,1,9.615384615384616E-3,0,0
2026-04-15,1000000121,1000000121,1000000035,1000000121,1000000035,1000000121,1000000035,1,5.434782608695652E-3,52,52
2026-04-15,1000000121,1000000121,1000000042,1000000121,1000000042,1000000121,1000000042,2,1.0869565217391304E-2,39.5,39.5
2026-04-15,1000000121,1000000121,1000000043,1000000121,1000000043,1000000121,1000000043,1,5.434782608695652E-3,16,16
2026-04-15,1000000121,1000000121,1000000044,1000000121,1000000044,1000000121,1000000044,1,5.434782608695652E-3,13,13
2026-04-15,1000000121,1000000121,1000000064,1000000121,1000000064,1000000121,1000000064,2,1.0869565217391304E-2,5.5,5.5
2026-04-15,1000000121,1000000121,1000000070,1000000121,1000000070,1000000121,1000000070,1,5.434782608695652E-3,8,8
2026-04-15,1000000121,1000000121,1000000086,1000000121,1000000086,1000000121,1000000086,2,1.0869565217391304E-2,35.5,35.5
2026-04-15,1000000121,1000000121,1000000087,1000000121,1000000087,1000000121,1000000087,1,5.434782608695652E-3,0,0
2026-04-15,1000000121,1000000121,1000000093,1000000121,1000000093,1000000121,1000000093,1,5.434782608695652E-3,24,24
2026-04-15,1000000121,1000000121,1000000111,1000000121,1000000111,1000000121,1000000111,1,5.434782608695652E-3,6,6
2026-04-15,1000000121,1000000121,1000000121,1000000121,1000000121,1000000121,1000000121,17,9.239130434782608E-2,8.588235294117647,8.588235294117647
2026-04-15,1000000127,1000000127,1000000045,1000000127,1000000045,1000000127,1000000045,2,8.064516129032258E-3,0,0
2026-04-15,1000000127,1000000127,1000000062,1000000127,1000000062,1000000127,1000000062,2,8.064516129032258E-3,0,0
2026-04-15,1000000127,1000000127,1000000063,1000000127,1000000063,1000000127,1000000063,1,4.032258064516129E-3,0,0
2026-04-15,1000000127,1000000127,1000000064,1000000127,1000000064,1000000127,1000000064,14,5.6451612903225805E-2,23,23
2026-04-15,1000000127,1000000127,1000000084,1000000127,1000000084,1000000127,1000000084,1,4.032258064516129E-3,73,73
2026-04-15,1000000127,1000000127,1000000086,1000000127,1000000086,1000000127,1000000086,2,8.064516129032258E-3,18,18
2026-04-15,1000000127,1000000127,1000000088,1000000127,1000000088,1000000127,1000000088,1,4.032258064516129E-3,0,0
2026-04-15,1000000127,1000000127,1000000090,1000000127,1000000090,1000000127,1000000090,1,4.032258064516129E-3,41,41
2026-04-15,1000000127,1000000127,1000000091,1000000127,1000000091,1000000127,1000000091,1,4.032258064516129E-3,0,0
2026-04-15,1000000127,1000000127,1000000093,1000000127,1000000093,1000000127,1000000093,1,4.032258064516129E-3,14,14
2026-04-15,1000000127,1000000127,1000000108,1000000127,1000000108,1000000127,1000000108,1,4.032258064516129E-3,0,0
2026-04-15,1000000127,1000000127,1000000111,1000000127,1000000111,1000000127,1000000111,1,4.032258064516129E-3,0,0
2026-04-15,1000000127,1000000127,1000000113,1000000127,1000000113,1000000127,1000000113,1,4.032258064516129E-3,0,0
2026-04-15,1000000127,1000000127,1000000127,1000000127,1000000127,1000000127,1000000127,2,8.064516129032258E-3,6,6
2026-04-15,1000000128,1000000128,1000000027,1000000128,1000000027,1000000128,1000000027,1,1.6129032258064516E-2,39,39
2026-04-15,1000000128,1000000128,1000000042,1000000128,1000000042,1000000128,1000000042,1,1.6129032258064516E-2,24,24
2026-04-15,1000000128,1000000128,1000000043,1000000128,1000000043,1000000128,1000000043,1,1.6129032258064516E-2,4,4
2026-04-15,1000000128,1000000128,1000000045,1000000128,1000000045,1000000128,1000000045,1,1.6129032258064516E-2,90,90
2026-04-15,1000000128,1000000128,1000000064,1000000128,1000000064,1000000128,1000000064,1,1.6129032258064516E-2,11,11
2026-04-15,1000000128,1000000128,1000000087,1000000128,1000000087,1000000128,1000000087,1,1.6129032258064516E-2,0,0
2026-04-15,1000000128,1000000128,1000000093,1000000128,1000000093,1000000128,1000000093,1,1.6129032258064516E-2,14,14
2026-04-15,1000000128,1000000128,1000000111,1000000128,1000000111,1000000128,1000000111,1,1.6129032258064516E-2,0,0
2026-04-15,1000000128,1000000128,1000000143,1000000128,1000000143,1000000128,1000000143,1,1.6129032258064516E-2,2,2
2026-04-16,1000000035,1000000035,1000000033,1000000035,1000000033,1000000035,1000000033,2,2.5974025974025976E-2,32.5,32.5
2026-04-16,1000000035,1000000035,1000000035,1000000035,1000000035,1000000035,1000000035,1,1.2987012987012988E-2,19,19
2026-04-16,1000000035,1000000035,1000000042,1000000035,1000000042,1000000035,1000000042,2,2.5974025974025976E-2,37,37
2026-04-16,1000000035,1000000035,1000000043,1000000035,1000000043,1000000035,1000000043,1,1.2987012987012988E-2,0,0
2026-04-16,1000000035,1000000035,1000000063,1000000035,1000000063,1000000035,1000000063,1,1.2987012987012988E-2,8,8
2026-04-16,1000000035,1000000035,1000000064,1000000035,1000000064,1000000035,1000000064,1,1.2987012987012988E-2,28,28
2026-04-16,1000000035,1000000035,1000000083,1000000035,1000000083,1000000035,1000000083,1,1.2987012987012988E-2,24,24
2026-04-16,1000000035,1000000035,1000000084,1000000035,1000000084,1000000035,1000000084,1,1.2987012987012988E-2,18,18
2026-04-16,1000000035,1000000035,1000000087,1000000035,1000000087,1000000035,1000000087,1,1.2987012987012988E-2,20,20
2026-04-16,1000000035,1000000035,1000000089,1000000035,1000000089,1000000035,1000000089,1,1.2987012987012988E-2,9,9
2026-04-16,1000000035,1000000035,1000000094,1000000035,1000000094,1000000035,1000000094,1,1.2987012987012988E-2,0,0
2026-04-16,1000000035,1000000035,1000000121,1000000035,1000000121,1000000035,1000000121,2,2.5974025974025976E-2,36.5,36.5
2026-04-16,1000000035,1000000035,1000000156,1000000035,1000000156,1000000035,1000000156,1,1.2987012987012988E-2,56,56
2026-04-16,1000000042,1000000042,1000000027,1000000042,1000000027,1000000042,1000000027,2,1.0526315789473684E-2,19.5,19.5
2026-04-16,1000000042,1000000042,1000000033,1000000042,1000000033,1000000042,1000000033,1,5.263157894736842E-3,0,0
2026-04-16,1000000042,1000000042,1000000035,1000000042,1000000035,1000000042,1000000035,1,5.263157894736842E-3,78,78
2026-04-16,1000000042,1000000042,1000000042,1000000042,1000000042,1000000042,1000000042,21,1.1052631578947368E-1,30.428571428571427,30.428571428571427
2026-04-16,1000000042,1000000042,1000000043,1000000042,1000000043,1000000042,1000000043,4,2.1052631578947368E-2,10.75,10.75
2026-04-16,1000000042,1000000042,1000000044,1000000042,1000000044,1000000042,1000000044,1,5.263157894736842E-3,13,13
2026-04-16,1000000042,1000000042,1000000045,1000000042,1000000045,1000000042,1000000045,4,2.1052631578947368E-2,31.5,31.5
2026-04-16,1000000042,1000000042,1000000063,1000000042,1000000063,1000000042,1000000063,1,5.263157894736842E-3,1,1
2026-04-16,1000000042,1000000042,1000000064,1000000042,1000000064,1000000042,1000000064,4,2.1052631578947368E-2,22,22
2026-04-16,1000000042,1000000042,1000000065,1000000042,1000000065,1000000042,1000000065,1,5.263157894736842E-3,0,0
2026-04-16,1000000042,1000000042,1000000084,1000000042,1000000084,1000000042,1000000084,1,5.263157894736842E-3,8,8
2026-04-16,1000000042,1000000042,1000000087,1000000042,1000000087,1000000042,1000000087,1,5.263157894736842E-3,1,1
2026-04-16,1000000042,1000000042,1000000088,1000000042,1000000088,1000000042,1000000088,1,5.263157894736842E-3,0,0
2026-04-16,1000000042,1000000042,1000000121,1000000042,1000000121,1000000042,1000000121,3,1.5789473684210527E-2,16,16
2026-04-16,1000000042,1000000042,1000000153,1000000042,1000000153,1000000042,1000000153,1,5.263157894736842E-3,0,0
2026-04-16,1000000043,1000000043,1000000033,1000000043,1000000033,1000000043,1000000033,1,5.076142131979695E-3,33,33
2026-04-16,1000000043,1000000043,1000000042,1000000043,1000000042,1000000043,1000000042,9,4.568527918781726E-2,20.555555555555557,20.555555555555557
2026-04-16,1000000043,1000000043,1000000043,1000000043,1000000043,1000000043,1000000043,13,6.598984771573604E-2,19.23076923076923,19.23076923076923
2026-04-16,1000000043,1000000043,1000000044,1000000043,1000000044,1000000043,1000000044,5,2.5380710659898477E-2,9.8,9.8
2026-04-16,1000000043,1000000043,1000000045,1000000043,1000000045,1000000043,1000000045,3,1.5228426395939087E-2,2.3333333333333335,2.3333333333333335
2026-04-16,1000000043,1000000043,1000000062,1000000043,1000000062,1000000043,1000000062,1,5.076142131979695E-3,35,35
2026-04-16,1000000043,1000000043,1000000064,1000000043,1000000064,1000000043,1000000064,2,1.015228426395939E-2,31.5,31.5
2026-04-16,1000000043,1000000043,1000000084,1000000043,1000000084,1000000043,1000000084,1,5.076142131979695E-3,73,73
2026-04-16,1000000043,1000000043,1000000087,1000000043,1000000087,1000000043,1000000087,2,1.015228426395939E-2,10.5,10.5
2026-04-16,1000000043,1000000043,1000000108,1000000043,1000000108,1000000043,1000000108,2,1.015228426395939E-2,1.5,1.5
2026-04-16,1000000043,1000000043,1000000111,1000000043,1000000111,1000000043,1000000111,1,5.076142131979695E-3,29,29
2026-04-16,1000000043,1000000043,1000000121,1000000043,1000000121,1000000043,1000000121,2,1.015228426395939E-2,11,11
2026-04-16,1000000043,1000000043,1000000153,1000000043,1000000153,1000000043,1000000153,1,5.076142131979695E-3,0,0
2026-04-16,1000000044,1000000044,1000000027,1000000044,1000000027,1000000044,1000000027,1,6.944444444444444E-3,39,39
2026-04-16,1000000044,1000000044,1000000033,1000000044,1000000033,1000000044,1000000033,1,6.944444444444444E-3,46,46
2026-04-16,1000000044,1000000044,1000000042,1000000044,1000000042,1000000044,1000000042,7,4.861111111111111E-2,27.428571428571427,27.428571428571427
2026-04-16,1000000044,1000000044,1000000043,1000000044,1000000043,1000000044,1000000043,3,2.0833333333333332E-2,10.333333333333334,10.333333333333334
2026-04-16,1000000044,1000000044,1000000044,1000000044,1000000044,1000000044,1000000044,5,3.4722222222222224E-2,19.2,19.2
2026-04-16,1000000044,1000000044,1000000045,1000000044,1000000045,1000000044,1000000045,2,1.3888888888888888E-2,32.5,32.5
2026-04-16,1000000044,1000000044,1000000062,1000000044,1000000062,1000000044,1000000062,1,6.944444444444444E-3,0,0
2026-04-16,1000000044,1000000044,1000000070,1000000044,1000000070,1000000044,1000000070,1,6.944444444444444E-3,8,8
2026-04-16,1000000044,1000000044,1000000084,1000000044,1000000084,1000000044,1000000084,1,6.944444444444444E-3,18,18
2026-04-16,1000000044,1000000044,1000000085,1000000044,1000000085,1000000044,1000000085,1,6.944444444444444E-3,45,45
2026-04-16,1000000044,1000000044,1000000088,1000000044,1000000088,1000000044,1000000088,1,6.944444444444444E-3,16,16
2026-04-16,1000000044,1000000044,1000000113,1000000044,1000000113,1000000044,1000000113,1,6.944444444444444E-3,0,0
2026-04-16,1000000044,1000000044,1000000121,1000000044,1000000121,1000000044,1000000121,2,1.3888888888888888E-2,21.5,21.5
2026-04-16,1000000044,1000000044,1000000156,1000000044,1000000156,1000000044,1000000156,1,6.944444444444444E-3,0,0
2026-04-16,1000000045,1000000045,1000000027,1000000045,1000000027,1000000045,1000000027,1,3.257328990228013E-3,39,39
2026-04-16,1000000045,1000000045,1000000033,1000000045,1000000033,1000000045,1000000033,2,6.514657980456026E-3,23,23
2026-04-16,1000000045,1000000045,1000000035,1000000045,1000000035,1000000045,1000000035,1,3.257328990228013E-3,27,27
2026-04-16,1000000045,1000000045,1000000042,1000000045,1000000042,1000000045,1000000042,10,3.257328990228013E-2,18.5,18.5
2026-04-16,1000000045,1000000045,1000000043,1000000045,1000000043,1000000045,1000000043,5,1.6286644951140065E-2,6.8,6.8
2026-04-16,1000000045,1000000045,1000000044,1000000045,1000000044,1000000045,1000000044,1,3.257328990228013E-3,0,0
2026-04-16,1000000045,1000000045,1000000045,1000000045,1000000045,1000000045,1000000045,19,6.188925081433225E-2,19.63157894736842,19.63157894736842
2026-04-16,1000000045,1000000045,1000000063,1000000045,1000000063,1000000045,1000000063,1,3.257328990228013E-3,2,2
2026-04-16,1000000045,1000000045,1000000064,1000000045,1000000064,1000000045,1000000064,7,2.280130293159609E-2,21.857142857142858,21.857142857142858
2026-04-16,1000000045,1000000045,1000000085,1000000045,1000000085,1000000045,1000000085,1,3.257328990228013E-3,0,0
2026-04-16,1000000045,1000000045,1000000086,1000000045,1000000086,1000000045,1000000086,1,3.257328990228013E-3,56,56
2026-04-16,1000000045,1000000045,1000000091,1000000045,1000000091,1000000045,1000000091,2,6.514657980456026E-3,5.0E-1,5.0E-1
2026-04-16,1000000045,1000000045,1000000108,1000000045,1000000108,1000000045,1000000108,3,9.771986970684038E-3,18.666666666666668,18.666666666666668
2026-04-16,1000000045,1000000045,1000000113,1000000045,1000000113,1000000045,1000000113,1,3.257328990228013E-3,0,0
2026-04-16,1000000045,1000000045,1000000121,1000000045,1000000121,1000000045,1000000121,2,6.514657980456026E-3,6.5,6.5
2026-04-16,1000000045,1000000045,1000000153,1000000045,1000000153,1000000045,1000000153,2,6.514657980456026E-3,0,0
2026-04-16,1000000045,1000000045,1000000156,1000000045,1000000156,1000000045,1000000156,2,6.514657980456026E-3,21,21
2026-04-16,1000000062,1000000062,1000000027,1000000062,1000000027,1000000062,1000000027,1,4.1841004184100415E-3,0,0
2026-04-16,1000000062,1000000062,1000000028,1000000062,1000000028,1000000062,1000000028,1,4.1841004184100415E-3,7,7
2026-04-16,1000000062,1000000062,1000000042,1000000062,1000000042,1000000062,1000000042,2,8.368200836820083E-3,51,51
2026-04-16,1000000062,1000000062,1000000045,1000000062,1000000045,1000000062,1000000045,3,1.2552301255230125E-2,32,32
2026-04-16,1000000062,1000000062,1000000062,1000000062,1000000062,1000000062,1000000062,7,2.9288702928870293E-2,12.285714285714286,12.285714285714286
2026-04-16,1000000062,1000000062,1000000064,1000000062,1000000064,1000000062,1000000064,7,2.9288702928870293E-2,24.571428571428573,24.571428571428573
2026-04-16,1000000062,1000000062,1000000065,1000000062,1000000065,1000000062,1000000065,1,4.1841004184100415E-3,12,12
2026-04-16,1000000062,1000000062,1000000087,1000000062,1000000087,1000000062,1000000087,1,4.1841004184100415E-3,71,71
2026-04-16,1000000062,1000000062,1000000093,1000000062,1000000093,1000000062,1000000093,1,4.1841004184100415E-3,22,22
2026-04-16,1000000062,1000000062,1000000111,1000000062,1000000111,1000000062,1000000111,1,4.1841004184100415E-3,37,37
2026-04-16,1000000062,1000000062,1000000121,1000000062,1000000121,1000000062,1000000121,1,4.1841004184100415E-3,1,1
2026-04-16,1000000062,1000000062,1000000153,1000000062,1000000153,1000000062,1000000153,1,4.1841004184100415E-3,0,0
2026-04-16,1000000063,1000000063,1000000042,1000000063,1000000042,1000000063,1000000042,4,1.3513513513513514E-2,39.75,39.75
2026-04-16,1000000063,1000000063,1000000043,1000000063,1000000043,1000000063,1000000043,3,1.0135135135135136E-2,1.3333333333333333,1.3333333333333333
2026-04-16,1000000063,1000000063,1000000044,1000000063,1000000044,1000000063,1000000044,3,1.0135135135135136E-2,32,32
2026-04-16,1000000063,1000000063,1000000045,1000000063,1000000045,1000000063,1000000045,1,3.3783783783783786E-3,6,6
2026-04-16,1000000063,1000000063,1000000062,1000000063,1000000062,1000000063,1000000062,6,2.027027027027027E-2,17.333333333333332,17.333333333333332
2026-04-16,1000000063,1000000063,1000000063,1000000063,1000000063,1000000063,1000000063,12,4.054054054054054E-2,20.166666666666668,20.166666666666668
2026-04-16,1000000063,1000000063,1000000064,1000000063,1000000064,1000000063,1000000064,10,3.3783783783783786E-2,25.2,25.2
2026-04-16,1000000063,1000000063,1000000069,1000000063,1000000069,1000000063,1000000069,1,3.3783783783783786E-3,9,9
2026-04-16,1000000063,1000000063,1000000087,1000000063,1000000087,1000000063,1000000087,3,1.0135135135135136E-2,16,16
2026-04-16,1000000063,1000000063,1000000088,1000000063,1000000088,1000000063,1000000088,1,3.3783783783783786E-3,0,0
2026-04-16,1000000063,1000000063,1000000090,1000000063,1000000090,1000000063,1000000090,2,6.756756756756757E-3,20.5,20.5
2026-04-16,1000000063,1000000063,1000000092,1000000063,1000000092,1000000063,1000000092,1,3.3783783783783786E-3,1,1
2026-04-16,1000000063,1000000063,1000000093,1000000063,1000000093,1000000063,1000000093,2,6.756756756756757E-3,48.5,48.5
2026-04-16,1000000063,1000000063,1000000108,1000000063,1000000108,1000000063,1000000108,2,6.756756756756757E-3,28,28
2026-04-16,1000000063,1000000063,1000000127,1000000063,1000000127,1000000063,1000000127,1,3.3783783783783786E-3,0,0
2026-04-16,1000000064,1000000064,1000000033,1000000064,1000000033,1000000064,1000000033,1,6.006006006006006E-4,0,0
2026-04-16,1000000064,1000000064,1000000035,1000000064,1000000035,1000000064,1000000035,1,6.006006006006006E-4,46,46
2026-04-16,1000000064,1000000064,1000000042,1000000064,1000000042,1000000064,1000000042,13,7.807807807807808E-3,19.53846153846154,19.53846153846154
2026-04-16,1000000064,1000000064,1000000043,1000000064,1000000043,1000000064,1000000043,9,5.405405405405406E-3,17,17
2026-04-16,1000000064,1000000064,1000000044,1000000064,1000000044,1000000064,1000000044,6,3.6036036036036037E-3,15,15
2026-04-16,1000000064,1000000064,1000000045,1000000064,1000000045,1000000064,1000000045,6,3.6036036036036037E-3,21.333333333333332,21.333333333333332
2026-04-16,1000000064,1000000064,1000000062,1000000064,1000000062,1000000064,1000000062,3,1.8018018018018018E-3,23.333333333333332,23.333333333333332
2026-04-16,1000000064,1000000064,1000000063,1000000064,1000000063,1000000064,1000000063,9,5.405405405405406E-3,20.444444444444443,20.444444444444443
2026-04-16,1000000064,1000000064,1000000064,1000000064,1000000064,1000000064,1000000064,139,8.348348348348349E-2,14.489208633093526,14.489208633093526
2026-04-16,1000000064,1000000064,1000000069,1000000064,1000000069,1000000064,1000000069,1,6.006006006006006E-4,0,0
2026-04-16,1000000064,1000000064,1000000083,1000000064,1000000083,1000000064,1000000083,1,6.006006006006006E-4,0,0
2026-04-16,1000000064,1000000064,1000000084,1000000064,1000000084,1000000064,1000000084,3,1.8018018018018018E-3,47.666666666666664,47.666666666666664
2026-04-16,1000000064,1000000064,1000000085,1000000064,1000000085,1000000064,1000000085,4,2.4024024024024023E-3,17.5,17.5
2026-04-16,1000000064,1000000064,1000000086,1000000064,1000000086,1000000064,1000000086,2,1.2012012012012011E-3,48.5,48.5
2026-04-16,1000000064,1000000064,1000000088,1000000064,1000000088,1000000064,1000000088,4,2.4024024024024023E-3,11.25,11.25
2026-04-16,1000000064,1000000064,1000000090,1000000064,1000000090,1000000064,1000000090,1,6.006006006006006E-4,3,3
2026-04-16,1000000064,1000000064,1000000091,1000000064,1000000091,1000000064,1000000091,5,3.003003003003003E-3,7.8,7.8
2026-04-16,1000000064,1000000064,1000000092,1000000064,1000000092,1000000064,1000000092,2,1.2012012012012011E-3,24.5,24.5
2026-04-16,1000000064,1000000064,1000000093,1000000064,1000000093,1000000064,1000000093,8,4.804804804804805E-3,9.625,9.625
2026-04-16,1000000064,1000000064,1000000094,1000000064,1000000094,1000000064,1000000094,2,1.2012012012012011E-3,15,15
2026-04-16,1000000064,1000000064,1000000108,1000000064,1000000108,1000000064,1000000108,2,1.2012012012012011E-3,0,0
2026-04-16,1000000064,1000000064,1000000111,1000000064,1000000111,1000000064,1000000111,2,1.2012012012012011E-3,10,10
2026-04-16,1000000064,1000000064,1000000113,1000000064,1000000113,1000000064,1000000113,2,1.2012012012012011E-3,5.0E-1,5.0E-1
2026-04-16,1000000064,1000000064,1000000121,1000000064,1000000121,1000000064,1000000121,2,1.2012012012012011E-3,6.5,6.5
2026-04-16,1000000064,1000000064,1000000127,1000000064,1000000127,1000000064,1000000127,3,1.8018018018018018E-3,0,0
2026-04-16,1000000064,1000000064,1000000128,1000000064,1000000128,1000000064,1000000128,1,6.006006006006006E-4,24,24
2026-04-16,1000000064,1000000064,1000000142,1000000064,1000000142,1000000064,1000000142,2,1.2012012012012011E-3,2,2
2026-04-16,1000000064,1000000064,1000000153,1000000064,1000000153,1000000064,1000000153,2,1.2012012012012011E-3,0,0
2026-04-16,1000000064,1000000064,1000000156,1000000064,1000000156,1000000064,1000000156,3,1.8018018018018018E-3,32.666666666666664,32.666666666666664
2026-04-16,1000000066,1000000066,1000000042,1000000066,1000000042,1000000066,1000000042,1,1.1235955056179775E-2,24,24
2026-04-16,1000000066,1000000066,1000000043,1000000066,1000000043,1000000066,1000000043,3,3.3707865168539325E-2,45.666666666666664,45.666666666666664
2026-04-16,1000000066,1000000066,1000000044,1000000066,1000000044,1000000066,1000000044,3,3.3707865168539325E-2,6.666666666666667,6.666666666666667
2026-04-16,1000000066,1000000066,1000000062,1000000066,1000000062,1000000066,1000000062,1,1.1235955056179775E-2,43,43
2026-04-16,1000000066,1000000066,1000000063,1000000066,1000000063,1000000066,1000000063,1,1.1235955056179775E-2,23,23
2026-04-16,1000000066,1000000066,1000000064,1000000066,1000000064,1000000066,1000000064,2,2.247191011235955E-2,5.5,5.5
2026-04-16,1000000066,1000000066,1000000065,1000000066,1000000065,1000000066,1000000065,1,1.1235955056179775E-2,20,20
2026-04-16,1000000066,1000000066,1000000066,1000000066,1000000066,1000000066,1000000066,1,1.1235955056179775E-2,0,0
2026-04-16,1000000066,1000000066,1000000084,1000000066,1000000084,1000000066,1000000084,1,1.1235955056179775E-2,18,18
2026-04-16,1000000066,1000000066,1000000087,1000000066,1000000087,1000000066,1000000087,1,1.1235955056179775E-2,1,1
2026-04-16,1000000066,1000000066,1000000111,1000000066,1000000111,1000000066,1000000111,1,1.1235955056179775E-2,0,0
2026-04-16,1000000069,1000000069,1000000028,1000000069,1000000028,1000000069,1000000028,1,9.900990099009901E-3,12,12
2026-04-16,1000000069,1000000069,1000000042,1000000069,1000000042,1000000069,1000000042,2,1.9801980198019802E-2,20,20
2026-04-16,1000000069,1000000069,1000000043,1000000069,1000000043,1000000069,1000000043,1,9.900990099009901E-3,0,0
2026-04-16,1000000069,1000000069,1000000044,1000000069,1000000044,1000000069,1000000044,1,9.900990099009901E-3,36,36
2026-04-16,1000000069,1000000069,1000000045,1000000069,1000000045,1000000069,1000000045,1,9.900990099009901E-3,15,15
2026-04-16,1000000069,1000000069,1000000064,1000000069,1000000064,1000000069,1000000064,2,1.9801980198019802E-2,41,41
2026-04-16,1000000069,1000000069,1000000069,1000000069,1000000069,1000000069,1000000069,1,9.900990099009901E-3,9,9
2026-04-16,1000000069,1000000069,1000000086,1000000069,1000000086,1000000069,1000000086,1,9.900990099009901E-3,0,0
2026-04-16,1000000069,1000000069,1000000091,1000000069,1000000091,1000000069,1000000091,1,9.900990099009901E-3,0,0
2026-04-16,1000000069,1000000069,1000000121,1000000069,1000000121,1000000069,1000000121,1,9.900990099009901E-3,12,12
2026-04-16,1000000069,1000000069,1000000154,1000000069,1000000154,1000000069,1000000154,1,9.900990099009901E-3,36,36
2026-04-16,1000000083,1000000083,1000000028,1000000083,1000000028,1000000083,1000000028,1,1.282051282051282E-2,18,18
2026-04-16,1000000083,1000000083,1000000035,1000000083,1000000035,1000000083,1000000035,1,1.282051282051282E-2,19,19
2026-04-16,1000000083,1000000083,1000000042,1000000083,1000000042,1000000083,1000000042,4,5.128205128205128E-2,26,26
2026-04-16,1000000083,1000000083,1000000044,1000000083,1000000044,1000000083,1000000044,1,1.282051282051282E-2,13,13
2026-04-16,1000000083,1000000083,1000000045,1000000083,1000000045,1000000083,1000000045,1,1.282051282051282E-2,0,0
2026-04-16,1000000083,1000000083,1000000064,1000000083,1000000064,1000000083,1000000064,3,3.8461538461538464E-2,26.333333333333332,26.333333333333332
2026-04-16,1000000083,1000000083,1000000069,1000000083,1000000069,1000000083,1000000069,1,1.282051282051282E-2,9,9
2026-04-16,1000000083,1000000083,1000000083,1000000083,1000000083,1000000083,1000000083,1,1.282051282051282E-2,43,43
2026-04-16,1000000083,1000000083,1000000087,1000000083,1000000087,1000000083,1000000087,1,1.282051282051282E-2,20,20
2026-04-16,1000000083,1000000083,1000000094,1000000083,1000000094,1000000083,1000000094,1,1.282051282051282E-2,0,0
2026-04-16,1000000083,1000000083,1000000108,1000000083,1000000108,1000000083,1000000108,1,1.282051282051282E-2,0,0
2026-04-16,1000000083,1000000083,1000000121,1000000083,1000000121,1000000083,1000000121,1,1.282051282051282E-2,1,1
2026-04-16,1000000083,1000000083,1000000127,1000000083,1000000127,1000000083,1000000127,1,1.282051282051282E-2,0,0
2026-04-16,1000000084,1000000084,1000000044,1000000084,1000000044,1000000084,1000000044,1,6.711409395973154E-3,17,17
2026-04-16,1000000084,1000000084,1000000064,1000000084,1000000064,1000000084,1000000064,2,1.3422818791946308E-2,25.5,25.5
2026-04-16,1000000084,1000000084,1000000083,1000000084,1000000083,1000000084,1000000083,1,6.711409395973154E-3,1,1
2026-04-16,1000000084,1000000084,1000000084,1000000084,1000000084,1000000084,1000000084,4,2.6845637583892617E-2,2.5,2.5
2026-04-16,1000000084,1000000084,1000000087,1000000084,1000000087,1000000084,1000000087,1,6.711409395973154E-3,0,0
2026-04-16,1000000084,1000000084,1000000088,1000000084,1000000088,1000000084,1000000088,2,1.3422818791946308E-2,3.5,3.5
2026-04-16,1000000084,1000000084,1000000092,1000000084,1000000092,1000000084,1000000092,1,6.711409395973154E-3,0,0
2026-04-16,1000000084,1000000084,1000000093,1000000084,1000000093,1000000084,1000000093,2,1.3422818791946308E-2,41,41
2026-04-16,1000000084,1000000084,1000000108,1000000084,1000000108,1000000084,1000000108,2,1.3422818791946308E-2,0,0
2026-04-16,1000000084,1000000084,1000000110,1000000084,1000000110,1000000084,1000000110,2,1.3422818791946308E-2,1,1
2026-04-16,1000000085,1000000085,1000000033,1000000085,1000000033,1000000085,1000000033,1,3.105590062111801E-3,4,4
2026-04-16,1000000085,1000000085,1000000035,1000000085,1000000035,1000000085,1000000035,1,3.105590062111801E-3,47,47
2026-04-16,1000000085,1000000085,1000000042,1000000085,1000000042,1000000085,1000000042,1,3.105590062111801E-3,27,27
2026-04-16,1000000085,1000000085,1000000045,1000000085,1000000045,1000000085,1000000045,2,6.211180124223602E-3,0,0
2026-04-16,1000000085,1000000085,1000000064,1000000085,1000000064,1000000085,1000000064,2,6.211180124223602E-3,0,0
2026-04-16,1000000085,1000000085,1000000084,1000000085,1000000084,1000000085,1000000084,4,1.2422360248447204E-2,23.5,23.5
2026-04-16,1000000085,1000000085,1000000085,1000000085,1000000085,1000000085,1000000085,18,5.5900621118012424E-2,9.444444444444445,9.444444444444445
2026-04-16,1000000085,1000000085,1000000086,1000000085,1000000086,1000000085,1000000086,9,2.7950310559006212E-2,7.777777777777778,7.777777777777778
2026-04-16,1000000085,1000000085,1000000087,1000000085,1000000087,1000000085,1000000087,7,2.1739130434782608E-2,4.142857142857143,4.142857142857143
2026-04-16,1000000085,1000000085,1000000088,1000000085,1000000088,1000000085,1000000088,8,2.4844720496894408E-2,6.25E-1,6.25E-1
2026-04-16,1000000085,1000000085,1000000089,1000000085,1000000089,1000000085,1000000089,1,3.105590062111801E-3,36,36
2026-04-16,1000000085,1000000085,1000000090,1000000085,1000000090,1000000085,1000000090,2,6.211180124223602E-3,1.5,1.5
2026-04-16,1000000085,1000000085,1000000091,1000000085,1000000091,1000000085,1000000091,2,6.211180124223602E-3,33.5,33.5
2026-04-16,1000000085,1000000085,1000000092,1000000085,1000000092,1000000085,1000000092,3,9.316770186335404E-3,3.333333333333333E-1,3.333333333333333E-1
2026-04-16,1000000085,1000000085,1000000093,1000000085,1000000093,1000000085,1000000093,1,3.105590062111801E-3,0,0
2026-04-16,1000000085,1000000085,1000000108,1000000085,1000000108,1000000085,1000000108,2,6.211180124223602E-3,5.0E-1,5.0E-1
2026-04-16,1000000085,1000000085,1000000111,1000000085,1000000111,1000000085,1000000111,1,3.105590062111801E-3,0,0
2026-04-16,1000000085,1000000085,1000000127,1000000085,1000000127,1000000085,1000000127,1,3.105590062111801E-3,0,0
2026-04-16,1000000085,1000000085,1000000153,1000000085,1000000153,1000000085,1000000153,1,3.105590062111801E-3,1,1
2026-04-16,1000000086,1000000086,1000000045,1000000086,1000000045,1000000086,1000000045,1,5.050505050505051E-3,6,6
2026-04-16,1000000086,1000000086,1000000063,1000000086,1000000063,1000000086,1000000063,1,5.050505050505051E-3,60,60
2026-04-16,1000000086,1000000086,1000000064,1000000086,1000000064,1000000086,1000000064,2,1.0101010101010102E-2,12,12
2026-04-16,1000000086,1000000086,1000000084,1000000086,1000000084,1000000086,1000000084,4,2.0202020202020204E-2,21.25,21.25
2026-04-16,1000000086,1000000086,1000000085,1000000086,1000000085,1000000086,1000000085,12,6.060606060606061E-2,12.916666666666666,12.916666666666666
2026-04-16,1000000086,1000000086,1000000086,1000000086,1000000086,1000000086,1000000086,21,1.0606060606060606E-1,11.19047619047619,11.19047619047619
2026-04-16,1000000086,1000000086,1000000087,1000000086,1000000087,1000000086,1000000087,8,4.040404040404041E-2,12.125,12.125
2026-04-16,1000000086,1000000086,1000000088,1000000086,1000000088,1000000086,1000000088,6,3.0303030303030304E-2,0,0
2026-04-16,1000000086,1000000086,1000000089,1000000086,1000000089,1000000086,1000000089,2,1.0101010101010102E-2,35,35
2026-04-16,1000000086,1000000086,1000000090,1000000086,1000000090,1000000086,1000000090,1,5.050505050505051E-3,0,0
2026-04-16,1000000086,1000000086,1000000113,1000000086,1000000113,1000000086,1000000113,1,5.050505050505051E-3,0,0
2026-04-16,1000000087,1000000087,1000000033,1000000087,1000000033,1000000087,1000000033,1,2.188183807439825E-3,22,22
2026-04-16,1000000087,1000000087,1000000035,1000000087,1000000035,1000000087,1000000035,2,4.37636761487965E-3,53.5,53.5
2026-04-16,1000000087,1000000087,1000000043,1000000087,1000000043,1000000087,1000000043,2,4.37636761487965E-3,1,1
2026-04-16,1000000087,1000000087,1000000044,1000000087,1000000044,1000000087,1000000044,1,2.188183807439825E-3,5,5
2026-04-16,1000000087,1000000087,1000000064,1000000087,1000000064,1000000087,1000000064,6,1.312910284463895E-2,34.666666666666664,34.666666666666664
2026-04-16,1000000087,1000000087,1000000084,1000000087,1000000084,1000000087,1000000084,3,6.564551422319475E-3,9.333333333333334,9.333333333333334
2026-04-16,1000000087,1000000087,1000000085,1000000087,1000000085,1000000087,1000000085,9,1.9693654266958426E-2,9.222222222222221,9.222222222222221
2026-04-16,1000000087,1000000087,1000000086,1000000087,1000000086,1000000087,1000000086,7,1.5317286652078774E-2,9.714285714285714,9.714285714285714
2026-04-16,1000000087,1000000087,1000000087,1000000087,1000000087,1000000087,1000000087,31,6.783369803063458E-2,16.06451612903226,16.06451612903226
2026-04-16,1000000087,1000000087,1000000088,1000000087,1000000088,1000000087,1000000088,14,3.0634573304157548E-2,9.857142857142858,9.857142857142858
2026-04-16,1000000087,1000000087,1000000092,1000000087,1000000092,1000000087,1000000092,2,4.37636761487965E-3,42,42
2026-04-16,1000000087,1000000087,1000000093,1000000087,1000000093,1000000087,1000000093,3,6.564551422319475E-3,3,3
2026-04-16,1000000087,1000000087,1000000094,1000000087,1000000094,1000000087,1000000094,1,2.188183807439825E-3,0,0
2026-04-16,1000000087,1000000087,1000000143,1000000087,1000000143,1000000087,1000000143,1,2.188183807439825E-3,2,2
2026-04-16,1000000088,1000000088,1000000035,1000000088,1000000035,1000000088,1000000035,1,2.8169014084507044E-3,75,75
2026-04-16,1000000088,1000000088,1000000063,1000000088,1000000063,1000000088,1000000063,1,2.8169014084507044E-3,0,0
2026-04-16,1000000088,1000000088,1000000064,1000000088,1000000064,1000000088,1000000064,8,2.2535211267605635E-2,25.625,25.625
2026-04-16,1000000088,1000000088,1000000083,1000000088,1000000083,1000000088,1000000083,1,2.8169014084507044E-3,80,80
2026-04-16,1000000088,1000000088,1000000084,1000000088,1000000084,1000000088,1000000084,1,2.8169014084507044E-3,52,52
2026-04-16,1000000088,1000000088,1000000085,1000000088,1000000085,1000000088,1000000085,7,1.971830985915493E-2,0,0
2026-04-16,1000000088,1000000088,1000000086,1000000088,1000000086,1000000088,1000000086,8,2.2535211267605635E-2,9.5,9.5
2026-04-16,1000000088,1000000088,1000000087,1000000088,1000000087,1000000088,1000000087,10,2.8169014084507043E-2,4.1,4.1
2026-04-16,1000000088,1000000088,1000000088,1000000088,1000000088,1000000088,1000000088,38,1.0704225352112676E-1,8.526315789473685,8.526315789473685
2026-04-16,1000000088,1000000088,1000000089,1000000088,1000000089,1000000088,1000000089,2,5.633802816901409E-3,4.5,4.5
2026-04-16,1000000088,1000000088,1000000090,1000000088,1000000090,1000000088,1000000090,1,2.8169014084507044E-3,0,0
2026-04-16,1000000088,1000000088,1000000092,1000000088,1000000092,1000000088,1000000092,1,2.8169014084507044E-3,0,0
2026-04-16,1000000088,1000000088,1000000094,1000000088,1000000094,1000000088,1000000094,2,5.633802816901409E-3,37,37
2026-04-16,1000000088,1000000088,1000000112,1000000088,1000000112,1000000088,1000000112,2,5.633802816901409E-3,5.0E-1,5.0E-1
2026-04-16,1000000088,1000000088,1000000121,1000000088,1000000121,1000000088,1000000121,1,2.8169014084507044E-3,13,13
2026-04-16,1000000088,1000000088,1000000142,1000000088,1000000142,1000000088,1000000142,2,5.633802816901409E-3,4.5,4.5
2026-04-16,1000000089,1000000089,1000000033,1000000089,1000000033,1000000089,1000000033,1,1.96078431372549E-2,87,87
2026-04-16,1000000089,1000000089,1000000086,1000000089,1000000086,1000000089,1000000086,1,1.96078431372549E-2,0,0
2026-04-16,1000000089,1000000089,1000000087,1000000089,1000000087,1000000089,1000000087,3,5.8823529411764705E-2,3.333333333333333E-1,3.333333333333333E-1
2026-04-16,1000000089,1000000089,1000000088,1000000089,1000000088,1000000089,1000000088,3,5.8823529411764705E-2,27,27
2026-04-16,1000000089,1000000089,1000000089,1000000089,1000000089,1000000089,1000000089,4,7.84313725490196E-2,8.75,8.75
2026-04-16,1000000089,1000000089,1000000091,1000000089,1000000091,1000000089,1000000091,1,1.96078431372549E-2,0,0
2026-04-16,1000000089,1000000089,1000000111,1000000089,1000000111,1000000089,1000000111,1,1.96078431372549E-2,32,32
2026-04-16,1000000089,1000000089,1000000112,1000000089,1000000112,1000000089,1000000112,2,3.92156862745098E-2,0,0
2026-04-16,1000000090,1000000090,1000000028,1000000090,1000000028,1000000090,1000000028,1,7.874015748031496E-3,12,12
2026-04-16,1000000090,1000000090,1000000063,1000000090,1000000063,1000000090,1000000063,1,7.874015748031496E-3,0,0
2026-04-16,1000000090,1000000090,1000000064,1000000090,1000000064,1000000090,1000000064,1,7.874015748031496E-3,76,76
2026-04-16,1000000090,1000000090,1000000085,1000000090,1000000085,1000000090,1000000085,1,7.874015748031496E-3,0,0
2026-04-16,1000000090,1000000090,1000000090,1000000090,1000000090,1000000090,1000000090,3,2.3622047244094488E-2,2,2
2026-04-16,1000000090,1000000090,1000000091,1000000090,1000000091,1000000090,1000000091,1,7.874015748031496E-3,4,4
2026-04-16,1000000090,1000000090,1000000092,1000000090,1000000092,1000000090,1000000092,1,7.874015748031496E-3,0,0
2026-04-16,1000000090,1000000090,1000000093,1000000090,1000000093,1000000090,1000000093,1,7.874015748031496E-3,0,0
2026-04-16,1000000090,1000000090,1000000094,1000000090,1000000094,1000000090,1000000094,1,7.874015748031496E-3,0,0
2026-04-16,1000000090,1000000090,1000000111,1000000090,1000000111,1000000090,1000000111,1,7.874015748031496E-3,2,2
2026-04-16,1000000091,1000000091,1000000028,1000000091,1000000028,1000000091,1000000028,1,5.5248618784530384E-3,12,12
2026-04-16,1000000091,1000000091,1000000035,1000000091,1000000035,1000000091,1000000035,1,5.5248618784530384E-3,47,47
2026-04-16,1000000091,1000000091,1000000045,1000000091,1000000045,1000000091,1000000045,3,1.6574585635359115E-2,2,2
2026-04-16,1000000091,1000000091,1000000064,1000000091,1000000064,1000000091,1000000064,4,2.2099447513812154E-2,13,13
2026-04-16,1000000091,1000000091,1000000085,1000000091,1000000085,1000000091,1000000085,2,1.1049723756906077E-2,38,38
2026-04-16,1000000091,1000000091,1000000086,1000000091,1000000086,1000000091,1000000086,2,1.1049723756906077E-2,14,14
2026-04-16,1000000091,1000000091,1000000087,1000000091,1000000087,1000000091,1000000087,2,1.1049723756906077E-2,24.5,24.5
2026-04-16,1000000091,1000000091,1000000089,1000000091,1000000089,1000000091,1000000089,1,5.5248618784530384E-3,0,0
2026-04-16,1000000091,1000000091,1000000090,1000000091,1000000090,1000000091,1000000090,3,1.6574585635359115E-2,4.333333333333333,4.333333333333333
2026-04-16,1000000091,1000000091,1000000091,1000000091,1000000091,1000000091,1000000091,10,5.5248618784530384E-2,8.2,8.2
2026-04-16,1000000091,1000000091,1000000092,1000000091,1000000092,1000000091,1000000092,2,1.1049723756906077E-2,10,10
2026-04-16,1000000091,1000000091,1000000093,1000000091,1000000093,1000000091,1000000093,2,1.1049723756906077E-2,9,9
2026-04-16,1000000091,1000000091,1000000094,1000000091,1000000094,1000000091,1000000094,2,1.1049723756906077E-2,0,0
2026-04-16,1000000091,1000000091,1000000111,1000000091,1000000111,1000000091,1000000111,1,5.5248618784530384E-3,4,4
2026-04-16,1000000092,1000000092,1000000028,1000000092,1000000028,1000000092,1000000028,1,6.711409395973154E-3,12,12
2026-04-16,1000000092,1000000092,1000000064,1000000092,1000000064,1000000092,1000000064,3,2.0134228187919462E-2,14,14
2026-04-16,1000000092,1000000092,1000000084,1000000092,1000000084,1000000092,1000000084,1,6.711409395973154E-3,0,0
2026-04-16,1000000092,1000000092,1000000085,1000000092,1000000085,1000000092,1000000085,2,1.3422818791946308E-2,0,0
2026-04-16,1000000092,1000000092,1000000087,1000000092,1000000087,1000000092,1000000087,2,1.3422818791946308E-2,1,1
2026-04-16,1000000092,1000000092,1000000088,1000000092,1000000088,1000000092,1000000088,1,6.711409395973154E-3,0,0
2026-04-16,1000000092,1000000092,1000000090,1000000092,1000000090,1000000092,1000000090,3,2.0134228187919462E-2,1,1
2026-04-16,1000000092,1000000092,1000000091,1000000092,1000000091,1000000092,1000000091,3,2.0134228187919462E-2,9.333333333333334,9.333333333333334
2026-04-16,1000000092,1000000092,1000000092,1000000092,1000000092,1000000092,1000000092,8,5.3691275167785234E-2,8.875,8.875
2026-04-16,1000000092,1000000092,1000000093,1000000092,1000000093,1000000092,1000000093,1,6.711409395973154E-3,6,6
2026-04-16,1000000092,1000000092,1000000111,1000000092,1000000111,1000000092,1000000111,1,6.711409395973154E-3,0,0
2026-04-16,1000000093,1000000093,1000000044,1000000093,1000000044,1000000093,1000000044,2,2.805049088359046E-3,49.5,49.5
2026-04-16,1000000093,1000000093,1000000045,1000000093,1000000045,1000000093,1000000045,2,2.805049088359046E-3,8,8
2026-04-16,1000000093,1000000093,1000000062,1000000093,1000000062,1000000093,1000000062,4,5.610098176718092E-3,50.75,50.75
2026-04-16,1000000093,1000000093,1000000064,1000000093,1000000064,1000000093,1000000064,9,1.2622720897615708E-2,9,9
2026-04-16,1000000093,1000000093,1000000084,1000000093,1000000084,1000000093,1000000084,1,1.402524544179523E-3,3,3
2026-04-16,1000000093,1000000093,1000000085,1000000093,1000000085,1000000093,1000000085,2,2.805049088359046E-3,0,0
2026-04-16,1000000093,1000000093,1000000086,1000000093,1000000086,1000000093,1000000086,1,1.402524544179523E-3,6,6
2026-04-16,1000000093,1000000093,1000000087,1000000093,1000000087,1000000093,1000000087,4,5.610098176718092E-3,3.5,3.5
2026-04-16,1000000093,1000000093,1000000088,1000000093,1000000088,1000000093,1000000088,1,1.402524544179523E-3,62,62
2026-04-16,1000000093,1000000093,1000000090,1000000093,1000000090,1000000093,1000000090,1,1.402524544179523E-3,0,0
2026-04-16,1000000093,1000000093,1000000091,1000000093,1000000091,1000000093,1000000091,2,2.805049088359046E-3,0,0
2026-04-16,1000000093,1000000093,1000000093,1000000093,1000000093,1000000093,1000000093,77,1.0799438990182328E-1,6.025974025974026,6.025974025974026
2026-04-16,1000000093,1000000093,1000000094,1000000093,1000000094,1000000093,1000000094,3,4.207573632538569E-3,0,0
2026-04-16,1000000093,1000000093,1000000108,1000000093,1000000108,1000000093,1000000108,6,8.415147265077139E-3,24.333333333333332,24.333333333333332
2026-04-16,1000000093,1000000093,1000000110,1000000093,1000000110,1000000093,1000000110,2,2.805049088359046E-3,0,0
2026-04-16,1000000093,1000000093,1000000111,1000000093,1000000111,1000000093,1000000111,7,9.817671809256662E-3,7.142857142857143E-1,7.142857142857143E-1
2026-04-16,1000000093,1000000093,1000000112,1000000093,1000000112,1000000093,1000000112,2,2.805049088359046E-3,2,2
2026-04-16,1000000093,1000000093,1000000113,1000000093,1000000113,1000000093,1000000113,1,1.402524544179523E-3,14,14
2026-04-16,1000000094,1000000094,1000000035,1000000094,1000000035,1000000094,1000000035,1,5.376344086021506E-3,0,0
2026-04-16,1000000094,1000000094,1000000044,1000000094,1000000044,1000000094,1000000044,1,5.376344086021506E-3,13,13
2026-04-16,1000000094,1000000094,1000000064,1000000094,1000000064,1000000094,1000000064,1,5.376344086021506E-3,5,5
2026-04-16,1000000094,1000000094,1000000084,1000000094,1000000084,1000000094,1000000084,1,5.376344086021506E-3,30,30
2026-04-16,1000000094,1000000094,1000000086,1000000094,1000000086,1000000094,1000000086,1,5.376344086021506E-3,73,73
2026-04-16,1000000094,1000000094,1000000088,1000000094,1000000088,1000000094,1000000088,1,5.376344086021506E-3,16,16
2026-04-16,1000000094,1000000094,1000000089,1000000094,1000000089,1000000094,1000000089,1,5.376344086021506E-3,36,36
2026-04-16,1000000094,1000000094,1000000090,1000000094,1000000090,1000000094,1000000090,1,5.376344086021506E-3,25,25
2026-04-16,1000000094,1000000094,1000000091,1000000094,1000000091,1000000094,1000000091,2,1.0752688172043012E-2,2.5,2.5
2026-04-16,1000000094,1000000094,1000000092,1000000094,1000000092,1000000094,1000000092,1,5.376344086021506E-3,18,18
2026-04-16,1000000094,1000000094,1000000093,1000000094,1000000093,1000000094,1000000093,2,1.0752688172043012E-2,0,0
2026-04-16,1000000094,1000000094,1000000094,1000000094,1000000094,1000000094,1000000094,17,9.13978494623656E-2,15.705882352941176,15.705882352941176
2026-04-16,1000000094,1000000094,1000000108,1000000094,1000000108,1000000094,1000000108,3,1.6129032258064516E-2,4.333333333333333,4.333333333333333
2026-04-16,1000000094,1000000094,1000000110,1000000094,1000000110,1000000094,1000000110,2,1.0752688172043012E-2,1,1
2026-04-16,1000000094,1000000094,1000000111,1000000094,1000000111,1000000094,1000000111,4,2.1505376344086023E-2,34.25,34.25
2026-04-16,1000000108,1000000108,1000000035,1000000108,1000000035,1000000108,1000000035,1,4.0650406504065045E-3,15,15
2026-04-16,1000000108,1000000108,1000000042,1000000108,1000000042,1000000108,1000000042,1,4.0650406504065045E-3,83,83
2026-04-16,1000000108,1000000108,1000000043,1000000108,1000000043,1000000108,1000000043,1,4.0650406504065045E-3,0,0
2026-04-16,1000000108,1000000108,1000000044,1000000108,1000000044,1000000108,1000000044,1,4.0650406504065045E-3,82,82
2026-04-16,1000000108,1000000108,1000000045,1000000108,1000000045,1000000108,1000000045,3,1.2195121951219513E-2,0,0
2026-04-16,1000000108,1000000108,1000000064,1000000108,1000000064,1000000108,1000000064,2,8.130081300813009E-3,43,43
2026-04-16,1000000108,1000000108,1000000071,1000000108,1000000071,1000000108,1000000071,1,4.0650406504065045E-3,12,12
2026-04-16,1000000108,1000000108,1000000083,1000000108,1000000083,1000000108,1000000083,1,4.0650406504065045E-3,0,0
2026-04-16,1000000108,1000000108,1000000084,1000000108,1000000084,1000000108,1000000084,1,4.0650406504065045E-3,0,0
2026-04-16,1000000108,1000000108,1000000087,1000000108,1000000087,1000000108,1000000087,1,4.0650406504065045E-3,0,0
2026-04-16,1000000108,1000000108,1000000091,1000000108,1000000091,1000000108,1000000091,1,4.0650406504065045E-3,0,0
2026-04-16,1000000108,1000000108,1000000092,1000000108,1000000092,1000000108,1000000092,2,8.130081300813009E-3,21,21
2026-04-16,1000000108,1000000108,1000000093,1000000108,1000000093,1000000108,1000000093,7,2.8455284552845527E-2,9.142857142857142,9.142857142857142
2026-04-16,1000000108,1000000108,1000000094,1000000108,1000000094,1000000108,1000000094,3,1.2195121951219513E-2,5.666666666666667,5.666666666666667
2026-04-16,1000000108,1000000108,1000000108,1000000108,1000000108,1000000108,1000000108,24,9.75609756097561E-2,9.083333333333334,9.083333333333334
2026-04-16,1000000108,1000000108,1000000111,1000000108,1000000111,1000000108,1000000111,1,4.0650406504065045E-3,0,0
2026-04-16,1000000108,1000000108,1000000112,1000000108,1000000112,1000000108,1000000112,1,4.0650406504065045E-3,38,38
2026-04-16,1000000108,1000000108,1000000127,1000000108,1000000127,1000000108,1000000127,1,4.0650406504065045E-3,0,0
2026-04-16,1000000110,1000000110,1000000027,1000000110,1000000027,1000000110,1000000027,1,1.36986301369863E-2,39,39
2026-04-16,1000000110,1000000110,1000000083,1000000110,1000000083,1000000110,1000000083,1,1.36986301369863E-2,2,2
2026-04-16,1000000110,1000000110,1000000093,1000000110,1000000093,1000000110,1000000093,1,1.36986301369863E-2,0,0
2026-04-16,1000000110,1000000110,1000000094,1000000110,1000000094,1000000110,1000000094,1,1.36986301369863E-2,0,0
2026-04-16,1000000110,1000000110,1000000108,1000000110,1000000108,1000000110,1000000108,1,1.36986301369863E-2,0,0
2026-04-16,1000000110,1000000110,1000000110,1000000110,1000000110,1000000110,1000000110,6,8.21917808219178E-2,3,3
2026-04-16,1000000110,1000000110,1000000112,1000000110,1000000112,1000000110,1000000112,1,1.36986301369863E-2,0,0
2026-04-16,1000000111,1000000111,1000000045,1000000111,1000000045,1000000111,1000000045,1,2.9585798816568047E-3,14,14
2026-04-16,1000000111,1000000111,1000000062,1000000111,1000000062,1000000111,1000000062,2,5.917159763313609E-3,1.5,1.5
2026-04-16,1000000111,1000000111,1000000064,1000000111,1000000064,1000000111,1000000064,8,2.3668639053254437E-2,16.5,16.5
2026-04-16,1000000111,1000000111,1000000066,1000000111,1000000066,1000000111,1000000066,1,2.9585798816568047E-3,0,0
2026-04-16,1000000111,1000000111,1000000085,1000000111,1000000085,1000000111,1000000085,1,2.9585798816568047E-3,0,0
2026-04-16,1000000111,1000000111,1000000086,1000000111,1000000086,1000000111,1000000086,1,2.9585798816568047E-3,73,73
2026-04-16,1000000111,1000000111,1000000087,1000000111,1000000087,1000000111,1000000087,1,2.9585798816568047E-3,3,3
2026-04-16,1000000111,1000000111,1000000088,1000000111,1000000088,1000000111,1000000088,2,5.917159763313609E-3,31,31
2026-04-16,1000000111,1000000111,1000000091,1000000111,1000000091,1000000111,1000000091,2,5.917159763313609E-3,15,15
2026-04-16,1000000111,1000000111,1000000092,1000000111,1000000092,1000000111,1000000092,1,2.9585798816568047E-3,0,0
2026-04-16,1000000111,1000000111,1000000093,1000000111,1000000093,1000000111,1000000093,10,2.9585798816568046E-2,10.1,10.1
2026-04-16,1000000111,1000000111,1000000094,1000000111,1000000094,1000000111,1000000094,1,2.9585798816568047E-3,0,0
2026-04-16,1000000111,1000000111,1000000108,1000000111,1000000108,1000000111,1000000108,1,2.9585798816568047E-3,0,0
2026-04-16,1000000111,1000000111,1000000110,1000000111,1000000110,1000000111,1000000110,2,5.917159763313609E-3,1,1
2026-04-16,1000000111,1000000111,1000000111,1000000111,1000000111,1000000111,1000000111,34,1.0059171597633136E-1,7.323529411764706,7.323529411764706
2026-04-16,1000000111,1000000111,1000000112,1000000111,1000000112,1000000111,1000000112,1,2.9585798816568047E-3,0,0
2026-04-16,1000000111,1000000111,1000000113,1000000111,1000000113,1000000111,1000000113,1,2.9585798816568047E-3,0,0
2026-04-16,1000000111,1000000111,1000000156,1000000111,1000000156,1000000111,1000000156,1,2.9585798816568047E-3,41,41
2026-04-16,1000000112,1000000112,1000000042,1000000112,1000000042,1000000112,1000000042,1,1.0638297872340425E-2,1,1
2026-04-16,1000000112,1000000112,1000000043,1000000112,1000000043,1000000112,1000000043,1,1.0638297872340425E-2,66,66
2026-04-16,1000000112,1000000112,1000000044,1000000112,1000000044,1000000112,1000000044,1,1.0638297872340425E-2,82,82
2026-04-16,1000000112,1000000112,1000000045,1000000112,1000000045,1000000112,1000000045,1,1.0638297872340425E-2,0,0
2026-04-16,1000000112,1000000112,1000000064,1000000112,1000000064,1000000112,1000000064,2,2.127659574468085E-2,54.5,54.5
2026-04-16,1000000112,1000000112,1000000072,1000000112,1000000072,1000000112,1000000072,1,1.0638297872340425E-2,1,1
2026-04-16,1000000112,1000000112,1000000086,1000000112,1000000086,1000000112,1000000086,1,1.0638297872340425E-2,0,0
2026-04-16,1000000112,1000000112,1000000088,1000000112,1000000088,1000000112,1000000088,2,2.127659574468085E-2,2,2
2026-04-16,1000000112,1000000112,1000000089,1000000112,1000000089,1000000112,1000000089,1,1.0638297872340425E-2,0,0
2026-04-16,1000000112,1000000112,1000000093,1000000112,1000000093,1000000112,1000000093,1,1.0638297872340425E-2,0,0
2026-04-16,1000000112,1000000112,1000000110,1000000112,1000000110,1000000112,1000000110,1,1.0638297872340425E-2,0,0
2026-04-16,1000000112,1000000112,1000000112,1000000112,1000000112,1000000112,1000000112,3,3.1914893617021274E-2,0,0
2026-04-16,1000000113,1000000113,1000000044,1000000113,1000000044,1000000113,1000000044,1,9.615384615384616E-3,0,0
2026-04-16,1000000113,1000000113,1000000045,1000000113,1000000045,1000000113,1000000045,2,1.9230769230769232E-2,3,3
2026-04-16,1000000113,1000000113,1000000063,1000000113,1000000063,1000000113,1000000063,2,1.9230769230769232E-2,3,3
2026-04-16,1000000113,1000000113,1000000064,1000000113,1000000064,1000000113,1000000064,3,2.8846153846153848E-2,11.666666666666666,11.666666666666666
2026-04-16,1000000113,1000000113,1000000085,1000000113,1000000085,1000000113,1000000085,1,9.615384615384616E-3,14,14
2026-04-16,1000000113,1000000113,1000000111,1000000113,1000000111,1000000113,1000000111,2,1.9230769230769232E-2,5.0E-1,5.0E-1
2026-04-16,1000000113,1000000113,1000000113,1000000113,1000000113,1000000113,1000000113,8,7.692307692307693E-2,7.25,7.25
2026-04-16,1000000113,1000000113,1000000127,1000000113,1000000127,1000000113,1000000127,1,9.615384615384616E-3,0,0
2026-04-16,1000000121,1000000121,1000000035,1000000121,1000000035,1000000121,1000000035,1,5.434782608695652E-3,52,52
2026-04-16,1000000121,1000000121,1000000042,1000000121,1000000042,1000000121,1000000042,2,1.0869565217391304E-2,39.5,39.5
2026-04-16,1000000121,1000000121,1000000043,1000000121,1000000043,1000000121,1000000043,1,5.434782608695652E-3,16,16
2026-04-16,1000000121,1000000121,1000000044,1000000121,1000000044,1000000121,1000000044,1,5.434782608695652E-3,13,13
2026-04-16,1000000121,1000000121,1000000064,1000000121,1000000064,1000000121,1000000064,2,1.0869565217391304E-2,5.5,5.5
2026-04-16,1000000121,1000000121,1000000070,1000000121,1000000070,1000000121,1000000070,1,5.434782608695652E-3,8,8
2026-04-16,1000000121,1000000121,1000000086,1000000121,1000000086,1000000121,1000000086,2,1.0869565217391304E-2,35.5,35.5
2026-04-16,1000000121,1000000121,1000000087,1000000121,1000000087,1000000121,1000000087,1,5.434782608695652E-3,0,0
2026-04-16,1000000121,1000000121,1000000093,1000000121,1000000093,1000000121,1000000093,1,5.434782608695652E-3,24,24
2026-04-16,1000000121,1000000121,1000000111,1000000121,1000000111,1000000121,1000000111,1,5.434782608695652E-3,6,6
2026-04-16,1000000121,1000000121,1000000121,1000000121,1000000121,1000000121,1000000121,17,9.239130434782608E-2,8.588235294117647,8.588235294117647
2026-04-16,1000000127,1000000127,1000000045,1000000127,1000000045,1000000127,1000000045,2,8.097165991902834E-3,0,0
2026-04-16,1000000127,1000000127,1000000062,1000000127,1000000062,1000000127,1000000062,2,8.097165991902834E-3,0,0
2026-04-16,1000000127,1000000127,1000000063,1000000127,1000000063,1000000127,1000000063,1,4.048582995951417E-3,0,0
2026-04-16,1000000127,1000000127,1000000064,1000000127,1000000064,1000000127,1000000064,14,5.668016194331984E-2,23,23
2026-04-16,1000000127,1000000127,1000000084,1000000127,1000000084,1000000127,1000000084,1,4.048582995951417E-3,73,73
2026-04-16,1000000127,1000000127,1000000086,1000000127,1000000086,1000000127,1000000086,2,8.097165991902834E-3,18,18
2026-04-16,1000000127,1000000127,1000000088,1000000127,1000000088,1000000127,1000000088,1,4.048582995951417E-3,0,0
2026-04-16,1000000127,1000000127,1000000090,1000000127,1000000090,1000000127,1000000090,1,4.048582995951417E-3,41,41
2026-04-16,1000000127,1000000127,1000000091,1000000127,1000000091,1000000127,1000000091,1,4.048582995951417E-3,0,0
2026-04-16,1000000127,1000000127,1000000093,1000000127,1000000093,1000000127,1000000093,1,4.048582995951417E-3,14,14
2026-04-16,1000000127,1000000127,1000000108,1000000127,1000000108,1000000127,1000000108,1,4.048582995951417E-3,0,0
2026-04-16,1000000127,1000000127,1000000111,1000000127,1000000111,1000000127,1000000111,1,4.048582995951417E-3,0,0
2026-04-16,1000000127,1000000127,1000000113,1000000127,1000000113,1000000127,1000000113,1,4.048582995951417E-3,0,0
2026-04-16,1000000127,1000000127,1000000127,1000000127,1000000127,1000000127,1000000127,2,8.097165991902834E-3,6,6
2026-04-16,1000000128,1000000128,1000000027,1000000128,1000000027,1000000128,1000000027,1,1.6129032258064516E-2,39,39
2026-04-16,1000000128,1000000128,1000000042,1000000128,1000000042,1000000128,1000000042,1,1.6129032258064516E-2,24,24
2026-04-16,1000000128,1000000128,1000000043,1000000128,1000000043,1000000128,1000000043,1,1.6129032258064516E-2,4,4
2026-04-16,1000000128,1000000128,1000000045,1000000128,1000000045,1000000128,1000000045,1,1.6129032258064516E-2,90,90
2026-04-16,1000000128,1000000128,1000000064,1000000128,1000000064,1000000128,1000000064,1,1.6129032258064516E-2,11,11
2026-04-16,1000000128,1000000128,1000000087,1000000128,1000000087,1000000128,1000000087,1,1.6129032258064516E-2,0,0
2026-04-16,1000000128,1000000128,1000000093,1000000128,1000000093,1000000128,1000000093,1,1.6129032258064516E-2,14,14
2026-04-16,1000000128,1000000128,1000000111,1000000128,1000000111,1000000128,1000000111,1,1.6129032258064516E-2,0,0
2026-04-16,1000000128,1000000128,1000000143,1000000128,1000000143,1000000128,1000000143,1,1.6129032258064516E-2,2,2
2026-04-17,1000000035,1000000035,1000000033,1000000035,1000000033,1000000035,1000000033,2,2.5974025974025976E-2,32.5,32.5
2026-04-17,1000000035,1000000035,1000000035,1000000035,1000000035,1000000035,1000000035,1,1.2987012987012988E-2,19,19
2026-04-17,1000000035,1000000035,1000000042,1000000035,1000000042,1000000035,1000000042,2,2.5974025974025976E-2,37,37
2026-04-17,1000000035,1000000035,1000000043,1000000035,1000000043,1000000035,1000000043,1,1.2987012987012988E-2,0,0
2026-04-17,1000000035,1000000035,1000000063,1000000035,1000000063,1000000035,1000000063,1,1.2987012987012988E-2,8,8
2026-04-17,1000000035,1000000035,1000000064,1000000035,1000000064,1000000035,1000000064,1,1.2987012987012988E-2,28,28
2026-04-17,1000000035,1000000035,1000000083,1000000035,1000000083,1000000035,1000000083,1,1.2987012987012988E-2,24,24
2026-04-17,1000000035,1000000035,1000000084,1000000035,1000000084,1000000035,1000000084,1,1.2987012987012988E-2,18,18
2026-04-17,1000000035,1000000035,1000000087,1000000035,1000000087,1000000035,1000000087,1,1.2987012987012988E-2,20,20
2026-04-17,1000000035,1000000035,1000000089,1000000035,1000000089,1000000035,1000000089,1,1.2987012987012988E-2,9,9
2026-04-17,1000000035,1000000035,1000000094,1000000035,1000000094,1000000035,1000000094,1,1.2987012987012988E-2,0,0
2026-04-17,1000000035,1000000035,1000000121,1000000035,1000000121,1000000035,1000000121,2,2.5974025974025976E-2,36.5,36.5
2026-04-17,1000000035,1000000035,1000000156,1000000035,1000000156,1000000035,1000000156,1,1.2987012987012988E-2,56,56
2026-04-17,1000000042,1000000042,1000000027,1000000042,1000000027,1000000042,1000000027,2,1.0526315789473684E-2,19.5,19.5
2026-04-17,1000000042,1000000042,1000000033,1000000042,1000000033,1000000042,1000000033,1,5.263157894736842E-3,0,0
2026-04-17,1000000042,1000000042,1000000035,1000000042,1000000035,1000000042,1000000035,1,5.263157894736842E-3,78,78
2026-04-17,1000000042,1000000042,1000000042,1000000042,1000000042,1000000042,1000000042,21,1.1052631578947368E-1,30.428571428571427,30.428571428571427
2026-04-17,1000000042,1000000042,1000000043,1000000042,1000000043,1000000042,1000000043,4,2.1052631578947368E-2,10.75,10.75
2026-04-17,1000000042,1000000042,1000000044,1000000042,1000000044,1000000042,1000000044,1,5.263157894736842E-3,13,13
2026-04-17,1000000042,1000000042,1000000045,1000000042,1000000045,1000000042,1000000045,4,2.1052631578947368E-2,31.5,31.5
2026-04-17,1000000042,1000000042,1000000063,1000000042,1000000063,1000000042,1000000063,1,5.263157894736842E-3,1,1
2026-04-17,1000000042,1000000042,1000000064,1000000042,1000000064,1000000042,1000000064,4,2.1052631578947368E-2,28.75,28.75
2026-04-17,1000000042,1000000042,1000000065,1000000042,1000000065,1000000042,1000000065,1,5.263157894736842E-3,0,0
2026-04-17,1000000042,1000000042,1000000084,1000000042,1000000084,1000000042,1000000084,1,5.263157894736842E-3,8,8
2026-04-17,1000000042,1000000042,1000000087,1000000042,1000000087,1000000042,1000000087,1,5.263157894736842E-3,1,1
2026-04-17,1000000042,1000000042,1000000088,1000000042,1000000088,1000000042,1000000088,1,5.263157894736842E-3,0,0
2026-04-17,1000000042,1000000042,1000000121,1000000042,1000000121,1000000042,1000000121,3,1.5789473684210527E-2,16,16
2026-04-17,1000000042,1000000042,1000000153,1000000042,1000000153,1000000042,1000000153,1,5.263157894736842E-3,0,0
2026-04-17,1000000043,1000000043,1000000033,1000000043,1000000033,1000000043,1000000033,1,5.076142131979695E-3,33,33
2026-04-17,1000000043,1000000043,1000000042,1000000043,1000000042,1000000043,1000000042,9,4.568527918781726E-2,20.555555555555557,20.555555555555557
2026-04-17,1000000043,1000000043,1000000043,1000000043,1000000043,1000000043,1000000043,13,6.598984771573604E-2,19.23076923076923,19.23076923076923
2026-04-17,1000000043,1000000043,1000000044,1000000043,1000000044,1000000043,1000000044,5,2.5380710659898477E-2,9.8,9.8
2026-04-17,1000000043,1000000043,1000000045,1000000043,1000000045,1000000043,1000000045,3,1.5228426395939087E-2,2.3333333333333335,2.3333333333333335
2026-04-17,1000000043,1000000043,1000000062,1000000043,1000000062,1000000043,1000000062,1,5.076142131979695E-3,35,35
2026-04-17,1000000043,1000000043,1000000064,1000000043,1000000064,1000000043,1000000064,2,1.015228426395939E-2,31.5,31.5
2026-04-17,1000000043,1000000043,1000000084,1000000043,1000000084,1000000043,1000000084,1,5.076142131979695E-3,73,73
2026-04-17,1000000043,1000000043,1000000087,1000000043,1000000087,1000000043,1000000087,2,1.015228426395939E-2,10.5,10.5
2026-04-17,1000000043,1000000043,1000000108,1000000043,1000000108,1000000043,1000000108,2,1.015228426395939E-2,1.5,1.5
2026-04-17,1000000043,1000000043,1000000111,1000000043,1000000111,1000000043,1000000111,1,5.076142131979695E-3,29,29
2026-04-17,1000000043,1000000043,1000000121,1000000043,1000000121,1000000043,1000000121,2,1.015228426395939E-2,11,11
2026-04-17,1000000043,1000000043,1000000153,1000000043,1000000153,1000000043,1000000153,1,5.076142131979695E-3,0,0
2026-04-17,1000000044,1000000044,1000000027,1000000044,1000000027,1000000044,1000000027,1,6.896551724137931E-3,39,39
2026-04-17,1000000044,1000000044,1000000033,1000000044,1000000033,1000000044,1000000033,1,6.896551724137931E-3,46,46
2026-04-17,1000000044,1000000044,1000000042,1000000044,1000000042,1000000044,1000000042,7,4.827586206896552E-2,27.428571428571427,27.428571428571427
2026-04-17,1000000044,1000000044,1000000043,1000000044,1000000043,1000000044,1000000043,3,2.0689655172413793E-2,10.333333333333334,10.333333333333334
2026-04-17,1000000044,1000000044,1000000044,1000000044,1000000044,1000000044,1000000044,5,3.4482758620689655E-2,19.2,19.2
2026-04-17,1000000044,1000000044,1000000045,1000000044,1000000045,1000000044,1000000045,2,1.3793103448275862E-2,32.5,32.5
2026-04-17,1000000044,1000000044,1000000062,1000000044,1000000062,1000000044,1000000062,1,6.896551724137931E-3,0,0
2026-04-17,1000000044,1000000044,1000000070,1000000044,1000000070,1000000044,1000000070,1,6.896551724137931E-3,8,8
2026-04-17,1000000044,1000000044,1000000084,1000000044,1000000084,1000000044,1000000084,1,6.896551724137931E-3,18,18
2026-04-17,1000000044,1000000044,1000000085,1000000044,1000000085,1000000044,1000000085,1,6.896551724137931E-3,45,45
2026-04-17,1000000044,1000000044,1000000088,1000000044,1000000088,1000000044,1000000088,1,6.896551724137931E-3,16,16
2026-04-17,1000000044,1000000044,1000000113,1000000044,1000000113,1000000044,1000000113,1,6.896551724137931E-3,0,0
2026-04-17,1000000044,1000000044,1000000121,1000000044,1000000121,1000000044,1000000121,2,1.3793103448275862E-2,21.5,21.5
2026-04-17,1000000044,1000000044,1000000156,1000000044,1000000156,1000000044,1000000156,1,6.896551724137931E-3,0,0
2026-04-17,1000000045,1000000045,1000000027,1000000045,1000000027,1000000045,1000000027,1,3.246753246753247E-3,39,39
2026-04-17,1000000045,1000000045,1000000033,1000000045,1000000033,1000000045,1000000033,2,6.493506493506494E-3,23,23
2026-04-17,1000000045,1000000045,1000000035,1000000045,1000000035,1000000045,1000000035,1,3.246753246753247E-3,27,27
2026-04-17,1000000045,1000000045,1000000042,1000000045,1000000042,1000000045,1000000042,10,3.2467532467532464E-2,18.5,18.5
2026-04-17,1000000045,1000000045,1000000043,1000000045,1000000043,1000000045,1000000043,5,1.6233766233766232E-2,6.8,6.8
2026-04-17,1000000045,1000000045,1000000044,1000000045,1000000044,1000000045,1000000044,1,3.246753246753247E-3,0,0
2026-04-17,1000000045,1000000045,1000000045,1000000045,1000000045,1000000045,1000000045,19,6.168831168831169E-2,19.63157894736842,19.63157894736842
2026-04-17,1000000045,1000000045,1000000063,1000000045,1000000063,1000000045,1000000063,1,3.246753246753247E-3,2,2
2026-04-17,1000000045,1000000045,1000000064,1000000045,1000000064,1000000045,1000000064,7,2.2727272727272728E-2,21.857142857142858,21.857142857142858
2026-04-17,1000000045,1000000045,1000000085,1000000045,1000000085,1000000045,1000000085,1,3.246753246753247E-3,0,0
2026-04-17,1000000045,1000000045,1000000086,1000000045,1000000086,1000000045,1000000086,1,3.246753246753247E-3,56,56
2026-04-17,1000000045,1000000045,1000000091,1000000045,1000000091,1000000045,1000000091,2,6.493506493506494E-3,5.0E-1,5.0E-1
2026-04-17,1000000045,1000000045,1000000108,1000000045,1000000108,1000000045,1000000108,3,9.74025974025974E-3,18.666666666666668,18.666666666666668
2026-04-17,1000000045,1000000045,1000000113,1000000045,1000000113,1000000045,1000000113,1,3.246753246753247E-3,0,0
2026-04-17,1000000045,1000000045,1000000121,1000000045,1000000121,1000000045,1000000121,2,6.493506493506494E-3,6.5,6.5
2026-04-17,1000000045,1000000045,1000000153,1000000045,1000000153,1000000045,1000000153,2,6.493506493506494E-3,0,0
2026-04-17,1000000045,1000000045,1000000156,1000000045,1000000156,1000000045,1000000156,2,6.493506493506494E-3,21,21
2026-04-17,1000000062,1000000062,1000000027,1000000062,1000000027,1000000062,1000000027,1,4.166666666666667E-3,0,0
2026-04-17,1000000062,1000000062,1000000028,1000000062,1000000028,1000000062,1000000028,1,4.166666666666667E-3,7,7
2026-04-17,1000000062,1000000062,1000000042,1000000062,1000000042,1000000062,1000000042,2,8.333333333333333E-3,51,51
2026-04-17,1000000062,1000000062,1000000045,1000000062,1000000045,1000000062,1000000045,3,1.25E-2,32,32
2026-04-17,1000000062,1000000062,1000000062,1000000062,1000000062,1000000062,1000000062,7,2.9166666666666667E-2,12.285714285714286,12.285714285714286
2026-04-17,1000000062,1000000062,1000000064,1000000062,1000000064,1000000062,1000000064,7,2.9166666666666667E-2,24.571428571428573,24.571428571428573
2026-04-17,1000000062,1000000062,1000000065,1000000062,1000000065,1000000062,1000000065,1,4.166666666666667E-3,12,12
2026-04-17,1000000062,1000000062,1000000087,1000000062,1000000087,1000000062,1000000087,1,4.166666666666667E-3,71,71
2026-04-17,1000000062,1000000062,1000000093,1000000062,1000000093,1000000062,1000000093,1,4.166666666666667E-3,22,22
2026-04-17,1000000062,1000000062,1000000111,1000000062,1000000111,1000000062,1000000111,1,4.166666666666667E-3,37,37
2026-04-17,1000000062,1000000062,1000000121,1000000062,1000000121,1000000062,1000000121,1,4.166666666666667E-3,1,1
2026-04-17,1000000062,1000000062,1000000153,1000000062,1000000153,1000000062,1000000153,1,4.166666666666667E-3,0,0
2026-04-17,1000000063,1000000063,1000000042,1000000063,1000000042,1000000063,1000000042,4,1.3422818791946308E-2,39.75,39.75
2026-04-17,1000000063,1000000063,1000000043,1000000063,1000000043,1000000063,1000000043,3,1.0067114093959731E-2,1.3333333333333333,1.3333333333333333
2026-04-17,1000000063,1000000063,1000000044,1000000063,1000000044,1000000063,1000000044,3,1.0067114093959731E-2,32,32
2026-04-17,1000000063,1000000063,1000000045,1000000063,1000000045,1000000063,1000000045,1,3.355704697986577E-3,6,6
2026-04-17,1000000063,1000000063,1000000062,1000000063,1000000062,1000000063,1000000062,6,2.0134228187919462E-2,17.333333333333332,17.333333333333332
2026-04-17,1000000063,1000000063,1000000063,1000000063,1000000063,1000000063,1000000063,12,4.0268456375838924E-2,20.166666666666668,20.166666666666668
2026-04-17,1000000063,1000000063,1000000064,1000000063,1000000064,1000000063,1000000064,10,3.355704697986577E-2,25.2,25.2
2026-04-17,1000000063,1000000063,1000000069,1000000063,1000000069,1000000063,1000000069,1,3.355704697986577E-3,9,9
2026-04-17,1000000063,1000000063,1000000087,1000000063,1000000087,1000000063,1000000087,3,1.0067114093959731E-2,16,16
2026-04-17,1000000063,1000000063,1000000088,1000000063,1000000088,1000000063,1000000088,1,3.355704697986577E-3,0,0
2026-04-17,1000000063,1000000063,1000000090,1000000063,1000000090,1000000063,1000000090,2,6.711409395973154E-3,20.5,20.5
2026-04-17,1000000063,1000000063,1000000092,1000000063,1000000092,1000000063,1000000092,1,3.355704697986577E-3,1,1
2026-04-17,1000000063,1000000063,1000000093,1000000063,1000000093,1000000063,1000000093,2,6.711409395973154E-3,48.5,48.5
2026-04-17,1000000063,1000000063,1000000108,1000000063,1000000108,1000000063,1000000108,2,6.711409395973154E-3,28,28
2026-04-17,1000000063,1000000063,1000000127,1000000063,1000000127,1000000063,1000000127,1,3.355704697986577E-3,0,0
2026-04-17,1000000064,1000000064,1000000033,1000000064,1000000033,1000000064,1000000033,2,1.1997600479904018E-3,27,27
2026-04-17,1000000064,1000000064,1000000035,1000000064,1000000035,1000000064,1000000035,1,5.998800239952009E-4,46,46
2026-04-17,1000000064,1000000064,1000000042,1000000064,1000000042,1000000064,1000000042,13,7.798440311937612E-3,19.53846153846154,19.53846153846154
2026-04-17,1000000064,1000000064,1000000043,1000000064,1000000043,1000000064,1000000043,9,5.398920215956809E-3,17,17
2026-04-17,1000000064,1000000064,1000000044,1000000064,1000000044,1000000064,1000000044,5,2.999400119976005E-3,4,4
2026-04-17,1000000064,1000000064,1000000045,1000000064,1000000045,1000000064,1000000045,6,3.599280143971206E-3,21.333333333333332,21.333333333333332
2026-04-17,1000000064,1000000064,1000000062,1000000064,1000000062,1000000064,1000000062,3,1.799640071985603E-3,23.333333333333332,23.333333333333332
2026-04-17,1000000064,1000000064,1000000063,1000000064,1000000063,1000000064,1000000063,9,5.398920215956809E-3,20.444444444444443,20.444444444444443
2026-04-17,1000000064,1000000064,1000000064,1000000064,1000000064,1000000064,1000000064,139,8.338332333533294E-2,14.517985611510792,14.517985611510792
2026-04-17,1000000064,1000000064,1000000069,1000000064,1000000069,1000000064,1000000069,1,5.998800239952009E-4,0,0
2026-04-17,1000000064,1000000064,1000000083,1000000064,1000000083,1000000064,1000000083,1,5.998800239952009E-4,0,0
2026-04-17,1000000064,1000000064,1000000084,1000000064,1000000084,1000000064,1000000084,3,1.799640071985603E-3,47.666666666666664,47.666666666666664
2026-04-17,1000000064,1000000064,1000000085,1000000064,1000000085,1000000064,1000000085,4,2.3995200959808036E-3,17.5,17.5
2026-04-17,1000000064,1000000064,1000000086,1000000064,1000000086,1000000064,1000000086,2,1.1997600479904018E-3,48.5,48.5
2026-04-17,1000000064,1000000064,1000000088,1000000064,1000000088,1000000064,1000000088,3,1.799640071985603E-3,15,15
2026-04-17,1000000064,1000000064,1000000090,1000000064,1000000090,1000000064,1000000090,1,5.998800239952009E-4,3,3
2026-04-17,1000000064,1000000064,1000000091,1000000064,1000000091,1000000064,1000000091,5,2.999400119976005E-3,7.8,7.8
2026-04-17,1000000064,1000000064,1000000092,1000000064,1000000092,1000000064,1000000092,2,1.1997600479904018E-3,24.5,24.5
2026-04-17,1000000064,1000000064,1000000093,1000000064,1000000093,1000000064,1000000093,8,4.799040191961607E-3,9.625,9.625
2026-04-17,1000000064,1000000064,1000000094,1000000064,1000000094,1000000064,1000000094,2,1.1997600479904018E-3,15,15
2026-04-17,1000000064,1000000064,1000000108,1000000064,1000000108,1000000064,1000000108,2,1.1997600479904018E-3,0,0
2026-04-17,1000000064,1000000064,1000000111,1000000064,1000000111,1000000064,1000000111,2,1.1997600479904018E-3,10,10
2026-04-17,1000000064,1000000064,1000000113,1000000064,1000000113,1000000064,1000000113,2,1.1997600479904018E-3,5.0E-1,5.0E-1
2026-04-17,1000000064,1000000064,1000000121,1000000064,1000000121,1000000064,1000000121,2,1.1997600479904018E-3,6.5,6.5
2026-04-17,1000000064,1000000064,1000000127,1000000064,1000000127,1000000064,1000000127,3,1.799640071985603E-3,0,0
2026-04-17,1000000064,1000000064,1000000128,1000000064,1000000128,1000000064,1000000128,1,5.998800239952009E-4,24,24
2026-04-17,1000000064,1000000064,1000000142,1000000064,1000000142,1000000064,1000000142,2,1.1997600479904018E-3,2,2
2026-04-17,1000000064,1000000064,1000000153,1000000064,1000000153,1000000064,1000000153,2,1.1997600479904018E-3,0,0
2026-04-17,1000000064,1000000064,1000000156,1000000064,1000000156,1000000064,1000000156,3,1.799640071985603E-3,32.666666666666664,32.666666666666664
2026-04-17,1000000066,1000000066,1000000042,1000000066,1000000042,1000000066,1000000042,1,1.1235955056179775E-2,24,24
2026-04-17,1000000066,1000000066,1000000043,1000000066,1000000043,1000000066,1000000043,3,3.3707865168539325E-2,45.666666666666664,45.666666666666664
2026-04-17,1000000066,1000000066,1000000044,1000000066,1000000044,1000000066,1000000044,3,3.3707865168539325E-2,6.666666666666667,6.666666666666667
2026-04-17,1000000066,1000000066,1000000062,1000000066,1000000062,1000000066,1000000062,1,1.1235955056179775E-2,43,43
2026-04-17,1000000066,1000000066,1000000063,1000000066,1000000063,1000000066,1000000063,1,1.1235955056179775E-2,23,23
2026-04-17,1000000066,1000000066,1000000064,1000000066,1000000064,1000000066,1000000064,2,2.247191011235955E-2,5.5,5.5
2026-04-17,1000000066,1000000066,1000000065,1000000066,1000000065,1000000066,1000000065,1,1.1235955056179775E-2,20,20
2026-04-17,1000000066,1000000066,1000000066,1000000066,1000000066,1000000066,1000000066,1,1.1235955056179775E-2,0,0
2026-04-17,1000000066,1000000066,1000000084,1000000066,1000000084,1000000066,1000000084,1,1.1235955056179775E-2,18,18
2026-04-17,1000000066,1000000066,1000000087,1000000066,1000000087,1000000066,1000000087,1,1.1235955056179775E-2,1,1
2026-04-17,1000000066,1000000066,1000000111,1000000066,1000000111,1000000066,1000000111,1,1.1235955056179775E-2,0,0
2026-04-17,1000000069,1000000069,1000000028,1000000069,1000000028,1000000069,1000000028,1,9.900990099009901E-3,12,12
2026-04-17,1000000069,1000000069,1000000042,1000000069,1000000042,1000000069,1000000042,2,1.9801980198019802E-2,20,20
2026-04-17,1000000069,1000000069,1000000043,1000000069,1000000043,1000000069,1000000043,1,9.900990099009901E-3,0,0
2026-04-17,1000000069,1000000069,1000000044,1000000069,1000000044,1000000069,1000000044,1,9.900990099009901E-3,36,36
2026-04-17,1000000069,1000000069,1000000045,1000000069,1000000045,1000000069,1000000045,1,9.900990099009901E-3,15,15
2026-04-17,1000000069,1000000069,1000000064,1000000069,1000000064,1000000069,1000000064,2,1.9801980198019802E-2,41,41
2026-04-17,1000000069,1000000069,1000000069,1000000069,1000000069,1000000069,1000000069,1,9.900990099009901E-3,9,9
2026-04-17,1000000069,1000000069,1000000086,1000000069,1000000086,1000000069,1000000086,1,9.900990099009901E-3,0,0
2026-04-17,1000000069,1000000069,1000000091,1000000069,1000000091,1000000069,1000000091,1,9.900990099009901E-3,0,0
2026-04-17,1000000069,1000000069,1000000121,1000000069,1000000121,1000000069,1000000121,1,9.900990099009901E-3,12,12
2026-04-17,1000000069,1000000069,1000000154,1000000069,1000000154,1000000069,1000000154,1,9.900990099009901E-3,36,36
2026-04-17,1000000083,1000000083,1000000028,1000000083,1000000028,1000000083,1000000028,1,1.282051282051282E-2,18,18
2026-04-17,1000000083,1000000083,1000000035,1000000083,1000000035,1000000083,1000000035,1,1.282051282051282E-2,19,19
2026-04-17,1000000083,1000000083,1000000042,1000000083,1000000042,1000000083,1000000042,4,5.128205128205128E-2,26,26
2026-04-17,1000000083,1000000083,1000000044,1000000083,1000000044,1000000083,1000000044,1,1.282051282051282E-2,13,13
2026-04-17,1000000083,1000000083,1000000045,1000000083,1000000045,1000000083,1000000045,1,1.282051282051282E-2,0,0
2026-04-17,1000000083,1000000083,1000000064,1000000083,1000000064,1000000083,1000000064,3,3.8461538461538464E-2,26.333333333333332,26.333333333333332
2026-04-17,1000000083,1000000083,1000000069,1000000083,1000000069,1000000083,1000000069,1,1.282051282051282E-2,9,9
2026-04-17,1000000083,1000000083,1000000083,1000000083,1000000083,1000000083,1000000083,1,1.282051282051282E-2,43,43
2026-04-17,1000000083,1000000083,1000000087,1000000083,1000000087,1000000083,1000000087,1,1.282051282051282E-2,20,20
2026-04-17,1000000083,1000000083,1000000094,1000000083,1000000094,1000000083,1000000094,1,1.282051282051282E-2,0,0
2026-04-17,1000000083,1000000083,1000000108,1000000083,1000000108,1000000083,1000000108,1,1.282051282051282E-2,0,0
2026-04-17,1000000083,1000000083,1000000121,1000000083,1000000121,1000000083,1000000121,1,1.282051282051282E-2,1,1
2026-04-17,1000000083,1000000083,1000000127,1000000083,1000000127,1000000083,1000000127,1,1.282051282051282E-2,0,0
2026-04-17,1000000084,1000000084,1000000044,1000000084,1000000044,1000000084,1000000044,1,6.711409395973154E-3,17,17
2026-04-17,1000000084,1000000084,1000000064,1000000084,1000000064,1000000084,1000000064,2,1.3422818791946308E-2,25.5,25.5
2026-04-17,1000000084,1000000084,1000000083,1000000084,1000000083,1000000084,1000000083,1,6.711409395973154E-3,1,1
2026-04-17,1000000084,1000000084,1000000084,1000000084,1000000084,1000000084,1000000084,4,2.6845637583892617E-2,2.5,2.5
2026-04-17,1000000084,1000000084,1000000087,1000000084,1000000087,1000000084,1000000087,1,6.711409395973154E-3,0,0
2026-04-17,1000000084,1000000084,1000000088,1000000084,1000000088,1000000084,1000000088,2,1.3422818791946308E-2,3.5,3.5
2026-04-17,1000000084,1000000084,1000000092,1000000084,1000000092,1000000084,1000000092,1,6.711409395973154E-3,0,0
2026-04-17,1000000084,1000000084,1000000093,1000000084,1000000093,1000000084,1000000093,2,1.3422818791946308E-2,41,41
2026-04-17,1000000084,1000000084,1000000108,1000000084,1000000108,1000000084,1000000108,2,1.3422818791946308E-2,0,0
2026-04-17,1000000084,1000000084,1000000110,1000000084,1000000110,1000000084,1000000110,2,1.3422818791946308E-2,1,1
2026-04-17,1000000085,1000000085,1000000033,1000000085,1000000033,1000000085,1000000033,1,3.105590062111801E-3,4,4
2026-04-17,1000000085,1000000085,1000000035,1000000085,1000000035,1000000085,1000000035,1,3.105590062111801E-3,47,47
2026-04-17,1000000085,1000000085,1000000042,1000000085,1000000042,1000000085,1000000042,1,3.105590062111801E-3,27,27
2026-04-17,1000000085,1000000085,1000000045,1000000085,1000000045,1000000085,1000000045,2,6.211180124223602E-3,0,0
2026-04-17,1000000085,1000000085,1000000064,1000000085,1000000064,1000000085,1000000064,2,6.211180124223602E-3,0,0
2026-04-17,1000000085,1000000085,1000000084,1000000085,1000000084,1000000085,1000000084,4,1.2422360248447204E-2,23.5,23.5
2026-04-17,1000000085,1000000085,1000000085,1000000085,1000000085,1000000085,1000000085,18,5.5900621118012424E-2,9.444444444444445,9.444444444444445
2026-04-17,1000000085,1000000085,1000000086,1000000085,1000000086,1000000085,1000000086,9,2.7950310559006212E-2,7.777777777777778,7.777777777777778
2026-04-17,1000000085,1000000085,1000000087,1000000085,1000000087,1000000085,1000000087,7,2.1739130434782608E-2,4.142857142857143,4.142857142857143
2026-04-17,1000000085,1000000085,1000000088,1000000085,1000000088,1000000085,1000000088,8,2.4844720496894408E-2,6.25E-1,6.25E-1
2026-04-17,1000000085,1000000085,1000000089,1000000085,1000000089,1000000085,1000000089,1,3.105590062111801E-3,36,36
2026-04-17,1000000085,1000000085,1000000090,1000000085,1000000090,1000000085,1000000090,2,6.211180124223602E-3,1.5,1.5
2026-04-17,1000000085,1000000085,1000000091,1000000085,1000000091,1000000085,1000000091,2,6.211180124223602E-3,33.5,33.5
2026-04-17,1000000085,1000000085,1000000092,1000000085,1000000092,1000000085,1000000092,3,9.316770186335404E-3,3.333333333333333E-1,3.333333333333333E-1
2026-04-17,1000000085,1000000085,1000000093,1000000085,1000000093,1000000085,1000000093,1,3.105590062111801E-3,0,0
2026-04-17,1000000085,1000000085,1000000108,1000000085,1000000108,1000000085,1000000108,2,6.211180124223602E-3,5.0E-1,5.0E-1
2026-04-17,1000000085,1000000085,1000000111,1000000085,1000000111,1000000085,1000000111,1,3.105590062111801E-3,0,0
2026-04-17,1000000085,1000000085,1000000127,1000000085,1000000127,1000000085,1000000127,1,3.105590062111801E-3,0,0
2026-04-17,1000000085,1000000085,1000000153,1000000085,1000000153,1000000085,1000000153,1,3.105590062111801E-3,1,1
2026-04-17,1000000086,1000000086,1000000045,1000000086,1000000045,1000000086,1000000045,1,5.050505050505051E-3,6,6
2026-04-17,1000000086,1000000086,1000000063,1000000086,1000000063,1000000086,1000000063,1,5.050505050505051E-3,60,60
2026-04-17,1000000086,1000000086,1000000064,1000000086,1000000064,1000000086,1000000064,2,1.0101010101010102E-2,12,12
2026-04-17,1000000086,1000000086,1000000084,1000000086,1000000084,1000000086,1000000084,4,2.0202020202020204E-2,21.25,21.25
2026-04-17,1000000086,1000000086,1000000085,1000000086,1000000085,1000000086,1000000085,12,6.060606060606061E-2,12.916666666666666,12.916666666666666
2026-04-17,1000000086,1000000086,1000000086,1000000086,1000000086,1000000086,1000000086,21,1.0606060606060606E-1,11.19047619047619,11.19047619047619
2026-04-17,1000000086,1000000086,1000000087,1000000086,1000000087,1000000086,1000000087,8,4.040404040404041E-2,12.125,12.125
2026-04-17,1000000086,1000000086,1000000088,1000000086,1000000088,1000000086,1000000088,6,3.0303030303030304E-2,0,0
2026-04-17,1000000086,1000000086,1000000089,1000000086,1000000089,1000000086,1000000089,2,1.0101010101010102E-2,35,35
2026-04-17,1000000086,1000000086,1000000090,1000000086,1000000090,1000000086,1000000090,1,5.050505050505051E-3,0,0
2026-04-17,1000000086,1000000086,1000000113,1000000086,1000000113,1000000086,1000000113,1,5.050505050505051E-3,0,0
2026-04-17,1000000087,1000000087,1000000033,1000000087,1000000033,1000000087,1000000033,1,2.188183807439825E-3,22,22
2026-04-17,1000000087,1000000087,1000000035,1000000087,1000000035,1000000087,1000000035,2,4.37636761487965E-3,53.5,53.5
2026-04-17,1000000087,1000000087,1000000043,1000000087,1000000043,1000000087,1000000043,2,4.37636761487965E-3,1,1
2026-04-17,1000000087,1000000087,1000000044,1000000087,1000000044,1000000087,1000000044,1,2.188183807439825E-3,5,5
2026-04-17,1000000087,1000000087,1000000064,1000000087,1000000064,1000000087,1000000064,6,1.312910284463895E-2,34.666666666666664,34.666666666666664
2026-04-17,1000000087,1000000087,1000000084,1000000087,1000000084,1000000087,1000000084,3,6.564551422319475E-3,9.333333333333334,9.333333333333334
2026-04-17,1000000087,1000000087,1000000085,1000000087,1000000085,1000000087,1000000085,9,1.9693654266958426E-2,9.222222222222221,9.222222222222221
2026-04-17,1000000087,1000000087,1000000086,1000000087,1000000086,1000000087,1000000086,7,1.5317286652078774E-2,9.714285714285714,9.714285714285714
2026-04-17,1000000087,1000000087,1000000087,1000000087,1000000087,1000000087,1000000087,31,6.783369803063458E-2,16.06451612903226,16.06451612903226
2026-04-17,1000000087,1000000087,1000000088,1000000087,1000000088,1000000087,1000000088,14,3.0634573304157548E-2,9.857142857142858,9.857142857142858
2026-04-17,1000000087,1000000087,1000000092,1000000087,1000000092,1000000087,1000000092,2,4.37636761487965E-3,42,42
2026-04-17,1000000087,1000000087,1000000093,1000000087,1000000093,1000000087,1000000093,3,6.564551422319475E-3,3,3
2026-04-17,1000000087,1000000087,1000000094,1000000087,1000000094,1000000087,1000000094,1,2.188183807439825E-3,0,0
2026-04-17,1000000087,1000000087,1000000143,1000000087,1000000143,1000000087,1000000143,1,2.188183807439825E-3,2,2
2026-04-17,1000000088,1000000088,1000000035,1000000088,1000000035,1000000088,1000000035,1,2.849002849002849E-3,75,75
2026-04-17,1000000088,1000000088,1000000063,1000000088,1000000063,1000000088,1000000063,1,2.849002849002849E-3,0,0
2026-04-17,1000000088,1000000088,1000000064,1000000088,1000000064,1000000088,1000000064,8,2.2792022792022793E-2,25.625,25.625
2026-04-17,1000000088,1000000088,1000000083,1000000088,1000000083,1000000088,1000000083,1,2.849002849002849E-3,80,80
2026-04-17,1000000088,1000000088,1000000084,1000000088,1000000084,1000000088,1000000084,1,2.849002849002849E-3,52,52
2026-04-17,1000000088,1000000088,1000000085,1000000088,1000000085,1000000088,1000000085,7,1.9943019943019943E-2,0,0
2026-04-17,1000000088,1000000088,1000000086,1000000088,1000000086,1000000088,1000000086,8,2.2792022792022793E-2,9.5,9.5
2026-04-17,1000000088,1000000088,1000000087,1000000088,1000000087,1000000088,1000000087,10,2.849002849002849E-2,4.1,4.1
2026-04-17,1000000088,1000000088,1000000088,1000000088,1000000088,1000000088,1000000088,36,1.0256410256410256E-1,9,9
2026-04-17,1000000088,1000000088,1000000089,1000000088,1000000089,1000000088,1000000089,2,5.698005698005698E-3,4.5,4.5
2026-04-17,1000000088,1000000088,1000000090,1000000088,1000000090,1000000088,1000000090,1,2.849002849002849E-3,0,0
2026-04-17,1000000088,1000000088,1000000092,1000000088,1000000092,1000000088,1000000092,1,2.849002849002849E-3,0,0
2026-04-17,1000000088,1000000088,1000000094,1000000088,1000000094,1000000088,1000000094,2,5.698005698005698E-3,37,37
2026-04-17,1000000088,1000000088,1000000112,1000000088,1000000112,1000000088,1000000112,2,5.698005698005698E-3,5.0E-1,5.0E-1
2026-04-17,1000000088,1000000088,1000000121,1000000088,1000000121,1000000088,1000000121,1,2.849002849002849E-3,13,13
2026-04-17,1000000088,1000000088,1000000142,1000000088,1000000142,1000000088,1000000142,2,5.698005698005698E-3,4.5,4.5
2026-04-17,1000000089,1000000089,1000000086,1000000089,1000000086,1000000089,1000000086,1,2.0E-2,0,0
2026-04-17,1000000089,1000000089,1000000087,1000000089,1000000087,1000000089,1000000087,3,6.0E-2,3.333333333333333E-1,3.333333333333333E-1
2026-04-17,1000000089,1000000089,1000000088,1000000089,1000000088,1000000089,1000000088,3,6.0E-2,27,27
2026-04-17,1000000089,1000000089,1000000089,1000000089,1000000089,1000000089,1000000089,4,8.0E-2,8.75,8.75
2026-04-17,1000000089,1000000089,1000000091,1000000089,1000000091,1000000089,1000000091,1,2.0E-2,0,0
2026-04-17,1000000089,1000000089,1000000111,1000000089,1000000111,1000000089,1000000111,1,2.0E-2,32,32
2026-04-17,1000000089,1000000089,1000000112,1000000089,1000000112,1000000089,1000000112,2,4.0E-2,0,0
2026-04-17,1000000090,1000000090,1000000028,1000000090,1000000028,1000000090,1000000028,1,7.874015748031496E-3,12,12
2026-04-17,1000000090,1000000090,1000000063,1000000090,1000000063,1000000090,1000000063,1,7.874015748031496E-3,0,0
2026-04-17,1000000090,1000000090,1000000064,1000000090,1000000064,1000000090,1000000064,1,7.874015748031496E-3,76,76
2026-04-17,1000000090,1000000090,1000000085,1000000090,1000000085,1000000090,1000000085,1,7.874015748031496E-3,0,0
2026-04-17,1000000090,1000000090,1000000090,1000000090,1000000090,1000000090,1000000090,3,2.3622047244094488E-2,2,2
2026-04-17,1000000090,1000000090,1000000091,1000000090,1000000091,1000000090,1000000091,1,7.874015748031496E-3,4,4
2026-04-17,1000000090,1000000090,1000000092,1000000090,1000000092,1000000090,1000000092,1,7.874015748031496E-3,0,0
2026-04-17,1000000090,1000000090,1000000093,1000000090,1000000093,1000000090,1000000093,1,7.874015748031496E-3,0,0
2026-04-17,1000000090,1000000090,1000000094,1000000090,1000000094,1000000090,1000000094,1,7.874015748031496E-3,0,0
2026-04-17,1000000090,1000000090,1000000111,1000000090,1000000111,1000000090,1000000111,1,7.874015748031496E-3,2,2
2026-04-17,1000000091,1000000091,1000000028,1000000091,1000000028,1000000091,1000000028,1,5.5248618784530384E-3,12,12
2026-04-17,1000000091,1000000091,1000000035,1000000091,1000000035,1000000091,1000000035,1,5.5248618784530384E-3,47,47
2026-04-17,1000000091,1000000091,1000000045,1000000091,1000000045,1000000091,1000000045,3,1.6574585635359115E-2,2,2
2026-04-17,1000000091,1000000091,1000000064,1000000091,1000000064,1000000091,1000000064,4,2.2099447513812154E-2,13,13
2026-04-17,1000000091,1000000091,1000000085,1000000091,1000000085,1000000091,1000000085,2,1.1049723756906077E-2,38,38
2026-04-17,1000000091,1000000091,1000000086,1000000091,1000000086,1000000091,1000000086,2,1.1049723756906077E-2,14,14
2026-04-17,1000000091,1000000091,1000000087,1000000091,1000000087,1000000091,1000000087,2,1.1049723756906077E-2,24.5,24.5
2026-04-17,1000000091,1000000091,1000000089,1000000091,1000000089,1000000091,1000000089,1,5.5248618784530384E-3,0,0
2026-04-17,1000000091,1000000091,1000000090,1000000091,1000000090,1000000091,1000000090,3,1.6574585635359115E-2,4.333333333333333,4.333333333333333
2026-04-17,1000000091,1000000091,1000000091,1000000091,1000000091,1000000091,1000000091,10,5.5248618784530384E-2,8.2,8.2
2026-04-17,1000000091,1000000091,1000000092,1000000091,1000000092,1000000091,1000000092,2,1.1049723756906077E-2,10,10
2026-04-17,1000000091,1000000091,1000000093,1000000091,1000000093,1000000091,1000000093,2,1.1049723756906077E-2,9,9
2026-04-17,1000000091,1000000091,1000000094,1000000091,1000000094,1000000091,1000000094,2,1.1049723756906077E-2,0,0
2026-04-17,1000000091,1000000091,1000000111,1000000091,1000000111,1000000091,1000000111,1,5.5248618784530384E-3,4,4
2026-04-17,1000000092,1000000092,1000000028,1000000092,1000000028,1000000092,1000000028,1,6.711409395973154E-3,12,12
2026-04-17,1000000092,1000000092,1000000064,1000000092,1000000064,1000000092,1000000064,3,2.0134228187919462E-2,14,14
2026-04-17,1000000092,1000000092,1000000084,1000000092,1000000084,1000000092,1000000084,1,6.711409395973154E-3,0,0
2026-04-17,1000000092,1000000092,1000000085,1000000092,1000000085,1000000092,1000000085,2,1.3422818791946308E-2,0,0
2026-04-17,1000000092,1000000092,1000000087,1000000092,1000000087,1000000092,1000000087,2,1.3422818791946308E-2,1,1
2026-04-17,1000000092,1000000092,1000000088,1000000092,1000000088,1000000092,1000000088,1,6.711409395973154E-3,0,0
2026-04-17,1000000092,1000000092,1000000090,1000000092,1000000090,1000000092,1000000090,3,2.0134228187919462E-2,1,1
2026-04-17,1000000092,1000000092,1000000091,1000000092,1000000091,1000000092,1000000091,3,2.0134228187919462E-2,9.333333333333334,9.333333333333334
2026-04-17,1000000092,1000000092,1000000092,1000000092,1000000092,1000000092,1000000092,8,5.3691275167785234E-2,8.875,8.875
2026-04-17,1000000092,1000000092,1000000093,1000000092,1000000093,1000000092,1000000093,1,6.711409395973154E-3,6,6
2026-04-17,1000000092,1000000092,1000000111,1000000092,1000000111,1000000092,1000000111,1,6.711409395973154E-3,0,0
2026-04-17,1000000093,1000000093,1000000044,1000000093,1000000044,1000000093,1000000044,2,2.797202797202797E-3,49.5,49.5
2026-04-17,1000000093,1000000093,1000000045,1000000093,1000000045,1000000093,1000000045,2,2.797202797202797E-3,8,8
2026-04-17,1000000093,1000000093,1000000062,1000000093,1000000062,1000000093,1000000062,4,5.594405594405594E-3,50.75,50.75
2026-04-17,1000000093,1000000093,1000000064,1000000093,1000000064,1000000093,1000000064,9,1.2587412587412588E-2,9,9
2026-04-17,1000000093,1000000093,1000000084,1000000093,1000000084,1000000093,1000000084,1,1.3986013986013986E-3,3,3
2026-04-17,1000000093,1000000093,1000000085,1000000093,1000000085,1000000093,1000000085,2,2.797202797202797E-3,0,0
2026-04-17,1000000093,1000000093,1000000086,1000000093,1000000086,1000000093,1000000086,1,1.3986013986013986E-3,6,6
2026-04-17,1000000093,1000000093,1000000087,1000000093,1000000087,1000000093,1000000087,4,5.594405594405594E-3,3.5,3.5
2026-04-17,1000000093,1000000093,1000000088,1000000093,1000000088,1000000093,1000000088,1,1.3986013986013986E-3,62,62
2026-04-17,1000000093,1000000093,1000000090,1000000093,1000000090,1000000093,1000000090,1,1.3986013986013986E-3,0,0
2026-04-17,1000000093,1000000093,1000000091,1000000093,1000000091,1000000093,1000000091,2,2.797202797202797E-3,0,0
2026-04-17,1000000093,1000000093,1000000093,1000000093,1000000093,1000000093,1000000093,77,1.076923076923077E-1,6.025974025974026,6.025974025974026
2026-04-17,1000000093,1000000093,1000000094,1000000093,1000000094,1000000093,1000000094,3,4.195804195804196E-3,0,0
2026-04-17,1000000093,1000000093,1000000108,1000000093,1000000108,1000000093,1000000108,6,8.391608391608392E-3,24.333333333333332,24.333333333333332
2026-04-17,1000000093,1000000093,1000000110,1000000093,1000000110,1000000093,1000000110,2,2.797202797202797E-3,0,0
2026-04-17,1000000093,1000000093,1000000111,1000000093,1000000111,1000000093,1000000111,7,9.790209790209791E-3,7.142857142857143E-1,7.142857142857143E-1
2026-04-17,1000000093,1000000093,1000000112,1000000093,1000000112,1000000093,1000000112,2,2.797202797202797E-3,2,2
2026-04-17,1000000093,1000000093,1000000113,1000000093,1000000113,1000000093,1000000113,1,1.3986013986013986E-3,14,14
2026-04-17,1000000094,1000000094,1000000035,1000000094,1000000035,1000000094,1000000035,1,5.376344086021506E-3,0,0
2026-04-17,1000000094,1000000094,1000000044,1000000094,1000000044,1000000094,1000000044,1,5.376344086021506E-3,13,13
2026-04-17,1000000094,1000000094,1000000064,1000000094,1000000064,1000000094,1000000064,1,5.376344086021506E-3,5,5
2026-04-17,1000000094,1000000094,1000000084,1000000094,1000000084,1000000094,1000000084,1,5.376344086021506E-3,30,30
2026-04-17,1000000094,1000000094,1000000086,1000000094,1000000086,1000000094,1000000086,1,5.376344086021506E-3,73,73
2026-04-17,1000000094,1000000094,1000000088,1000000094,1000000088,1000000094,1000000088,1,5.376344086021506E-3,16,16
2026-04-17,1000000094,1000000094,1000000089,1000000094,1000000089,1000000094,1000000089,1,5.376344086021506E-3,36,36
2026-04-17,1000000094,1000000094,1000000090,1000000094,1000000090,1000000094,1000000090,1,5.376344086021506E-3,25,25
2026-04-17,1000000094,1000000094,1000000091,1000000094,1000000091,1000000094,1000000091,2,1.0752688172043012E-2,2.5,2.5
2026-04-17,1000000094,1000000094,1000000092,1000000094,1000000092,1000000094,1000000092,1,5.376344086021506E-3,18,18
2026-04-17,1000000094,1000000094,1000000093,1000000094,1000000093,1000000094,1000000093,2,1.0752688172043012E-2,0,0
2026-04-17,1000000094,1000000094,1000000094,1000000094,1000000094,1000000094,1000000094,18,9.67741935483871E-2,14.833333333333334,14.833333333333334
2026-04-17,1000000094,1000000094,1000000108,1000000094,1000000108,1000000094,1000000108,3,1.6129032258064516E-2,4.333333333333333,4.333333333333333
2026-04-17,1000000094,1000000094,1000000110,1000000094,1000000110,1000000094,1000000110,2,1.0752688172043012E-2,1,1
2026-04-17,1000000094,1000000094,1000000111,1000000094,1000000111,1000000094,1000000111,4,2.1505376344086023E-2,34.25,34.25
2026-04-17,1000000108,1000000108,1000000035,1000000108,1000000035,1000000108,1000000035,1,4.0650406504065045E-3,15,15
2026-04-17,1000000108,1000000108,1000000042,1000000108,1000000042,1000000108,1000000042,1,4.0650406504065045E-3,83,83
2026-04-17,1000000108,1000000108,1000000043,1000000108,1000000043,1000000108,1000000043,1,4.0650406504065045E-3,0,0
2026-04-17,1000000108,1000000108,1000000044,1000000108,1000000044,1000000108,1000000044,1,4.0650406504065045E-3,82,82
2026-04-17,1000000108,1000000108,1000000045,1000000108,1000000045,1000000108,1000000045,3,1.2195121951219513E-2,0,0
2026-04-17,1000000108,1000000108,1000000064,1000000108,1000000064,1000000108,1000000064,2,8.130081300813009E-3,43,43
2026-04-17,1000000108,1000000108,1000000071,1000000108,1000000071,1000000108,1000000071,1,4.0650406504065045E-3,12,12
2026-04-17,1000000108,1000000108,1000000083,1000000108,1000000083,1000000108,1000000083,1,4.0650406504065045E-3,0,0
2026-04-17,1000000108,1000000108,1000000084,1000000108,1000000084,1000000108,1000000084,1,4.0650406504065045E-3,0,0
2026-04-17,1000000108,1000000108,1000000087,1000000108,1000000087,1000000108,1000000087,1,4.0650406504065045E-3,0,0
2026-04-17,1000000108,1000000108,1000000091,1000000108,1000000091,1000000108,1000000091,1,4.0650406504065045E-3,0,0
2026-04-17,1000000108,1000000108,1000000092,1000000108,1000000092,1000000108,1000000092,2,8.130081300813009E-3,21,21
2026-04-17,1000000108,1000000108,1000000093,1000000108,1000000093,1000000108,1000000093,7,2.8455284552845527E-2,9.142857142857142,9.142857142857142
2026-04-17,1000000108,1000000108,1000000094,1000000108,1000000094,1000000108,1000000094,3,1.2195121951219513E-2,5.666666666666667,5.666666666666667
2026-04-17,1000000108,1000000108,1000000108,1000000108,1000000108,1000000108,1000000108,24,9.75609756097561E-2,9.083333333333334,9.083333333333334
2026-04-17,1000000108,1000000108,1000000111,1000000108,1000000111,1000000108,1000000111,1,4.0650406504065045E-3,0,0
2026-04-17,1000000108,1000000108,1000000112,1000000108,1000000112,1000000108,1000000112,1,4.0650406504065045E-3,38,38
2026-04-17,1000000108,1000000108,1000000127,1000000108,1000000127,1000000108,1000000127,1,4.0650406504065045E-3,0,0
2026-04-17,1000000110,1000000110,1000000027,1000000110,1000000027,1000000110,1000000027,1,1.36986301369863E-2,39,39
2026-04-17,1000000110,1000000110,1000000083,1000000110,1000000083,1000000110,1000000083,1,1.36986301369863E-2,2,2
2026-04-17,1000000110,1000000110,1000000093,1000000110,1000000093,1000000110,1000000093,1,1.36986301369863E-2,0,0
2026-04-17,1000000110,1000000110,1000000094,1000000110,1000000094,1000000110,1000000094,1,1.36986301369863E-2,0,0
2026-04-17,1000000110,1000000110,1000000108,1000000110,1000000108,1000000110,1000000108,1,1.36986301369863E-2,0,0
2026-04-17,1000000110,1000000110,1000000110,1000000110,1000000110,1000000110,1000000110,6,8.21917808219178E-2,3,3
2026-04-17,1000000110,1000000110,1000000112,1000000110,1000000112,1000000110,1000000112,1,1.36986301369863E-2,0,0
2026-04-17,1000000111,1000000111,1000000045,1000000111,1000000045,1000000111,1000000045,1,2.967359050445104E-3,14,14
2026-04-17,1000000111,1000000111,1000000062,1000000111,1000000062,1000000111,1000000062,2,5.934718100890208E-3,1.5,1.5
2026-04-17,1000000111,1000000111,1000000064,1000000111,1000000064,1000000111,1000000064,8,2.373887240356083E-2,16.5,16.5
2026-04-17,1000000111,1000000111,1000000066,1000000111,1000000066,1000000111,1000000066,1,2.967359050445104E-3,0,0
2026-04-17,1000000111,1000000111,1000000085,1000000111,1000000085,1000000111,1000000085,1,2.967359050445104E-3,0,0
2026-04-17,1000000111,1000000111,1000000086,1000000111,1000000086,1000000111,1000000086,1,2.967359050445104E-3,73,73
2026-04-17,1000000111,1000000111,1000000087,1000000111,1000000087,1000000111,1000000087,1,2.967359050445104E-3,3,3
2026-04-17,1000000111,1000000111,1000000088,1000000111,1000000088,1000000111,1000000088,2,5.934718100890208E-3,31,31
2026-04-17,1000000111,1000000111,1000000091,1000000111,1000000091,1000000111,1000000091,2,5.934718100890208E-3,15,15
2026-04-17,1000000111,1000000111,1000000092,1000000111,1000000092,1000000111,1000000092,1,2.967359050445104E-3,0,0
2026-04-17,1000000111,1000000111,1000000093,1000000111,1000000093,1000000111,1000000093,10,2.967359050445104E-2,10.1,10.1
2026-04-17,1000000111,1000000111,1000000094,1000000111,1000000094,1000000111,1000000094,1,2.967359050445104E-3,0,0
2026-04-17,1000000111,1000000111,1000000108,1000000111,1000000108,1000000111,1000000108,1,2.967359050445104E-3,0,0
2026-04-17,1000000111,1000000111,1000000110,1000000111,1000000110,1000000111,1000000110,2,5.934718100890208E-3,1,1
2026-04-17,1000000111,1000000111,1000000111,1000000111,1000000111,1000000111,1000000111,34,1.0089020771513353E-1,7.323529411764706,7.323529411764706
2026-04-17,1000000111,1000000111,1000000112,1000000111,1000000112,1000000111,1000000112,1,2.967359050445104E-3,0,0
2026-04-17,1000000111,1000000111,1000000113,1000000111,1000000113,1000000111,1000000113,1,2.967359050445104E-3,0,0
2026-04-17,1000000111,1000000111,1000000156,1000000111,1000000156,1000000111,1000000156,1,2.967359050445104E-3,41,41
2026-04-17,1000000112,1000000112,1000000042,1000000112,1000000042,1000000112,1000000042,1,1.0526315789473684E-2,1,1
2026-04-17,1000000112,1000000112,1000000043,1000000112,1000000043,1000000112,1000000043,1,1.0526315789473684E-2,66,66
2026-04-17,1000000112,1000000112,1000000044,1000000112,1000000044,1000000112,1000000044,1,1.0526315789473684E-2,82,82
2026-04-17,1000000112,1000000112,1000000045,1000000112,1000000045,1000000112,1000000045,1,1.0526315789473684E-2,0,0
2026-04-17,1000000112,1000000112,1000000064,1000000112,1000000064,1000000112,1000000064,2,2.1052631578947368E-2,54.5,54.5
2026-04-17,1000000112,1000000112,1000000072,1000000112,1000000072,1000000112,1000000072,1,1.0526315789473684E-2,1,1
2026-04-17,1000000112,1000000112,1000000086,1000000112,1000000086,1000000112,1000000086,1,1.0526315789473684E-2,0,0
2026-04-17,1000000112,1000000112,1000000088,1000000112,1000000088,1000000112,1000000088,2,2.1052631578947368E-2,2,2
2026-04-17,1000000112,1000000112,1000000089,1000000112,1000000089,1000000112,1000000089,1,1.0526315789473684E-2,0,0
2026-04-17,1000000112,1000000112,1000000093,1000000112,1000000093,1000000112,1000000093,1,1.0526315789473684E-2,0,0
2026-04-17,1000000112,1000000112,1000000110,1000000112,1000000110,1000000112,1000000110,1,1.0526315789473684E-2,0,0
2026-04-17,1000000112,1000000112,1000000112,1000000112,1000000112,1000000112,1000000112,3,3.1578947368421054E-2,0,0
2026-04-17,1000000113,1000000113,1000000044,1000000113,1000000044,1000000113,1000000044,1,9.80392156862745E-3,0,0
2026-04-17,1000000113,1000000113,1000000045,1000000113,1000000045,1000000113,1000000045,2,1.96078431372549E-2,3,3
2026-04-17,1000000113,1000000113,1000000063,1000000113,1000000063,1000000113,1000000063,2,1.96078431372549E-2,3,3
2026-04-17,1000000113,1000000113,1000000064,1000000113,1000000064,1000000113,1000000064,3,2.9411764705882353E-2,11.666666666666666,11.666666666666666
2026-04-17,1000000113,1000000113,1000000085,1000000113,1000000085,1000000113,1000000085,1,9.80392156862745E-3,14,14
2026-04-17,1000000113,1000000113,1000000111,1000000113,1000000111,1000000113,1000000111,2,1.96078431372549E-2,5.0E-1,5.0E-1
2026-04-17,1000000113,1000000113,1000000113,1000000113,1000000113,1000000113,1000000113,8,7.84313725490196E-2,7.25,7.25
2026-04-17,1000000113,1000000113,1000000127,1000000113,1000000127,1000000113,1000000127,1,9.80392156862745E-3,0,0
2026-04-17,1000000121,1000000121,1000000035,1000000121,1000000035,1000000121,1000000035,1,5.434782608695652E-3,52,52
2026-04-17,1000000121,1000000121,1000000042,1000000121,1000000042,1000000121,1000000042,2,1.0869565217391304E-2,39.5,39.5
2026-04-17,1000000121,1000000121,1000000043,1000000121,1000000043,1000000121,1000000043,1,5.434782608695652E-3,16,16
2026-04-17,1000000121,1000000121,1000000044,1000000121,1000000044,1000000121,1000000044,1,5.434782608695652E-3,13,13
2026-04-17,1000000121,1000000121,1000000064,1000000121,1000000064,1000000121,1000000064,2,1.0869565217391304E-2,5.5,5.5
2026-04-17,1000000121,1000000121,1000000070,1000000121,1000000070,1000000121,1000000070,1,5.434782608695652E-3,8,8
2026-04-17,1000000121,1000000121,1000000086,1000000121,1000000086,1000000121,1000000086,2,1.0869565217391304E-2,35.5,35.5
2026-04-17,1000000121,1000000121,1000000087,1000000121,1000000087,1000000121,1000000087,1,5.434782608695652E-3,0,0
2026-04-17,1000000121,1000000121,1000000093,1000000121,1000000093,1000000121,1000000093,1,5.434782608695652E-3,24,24
2026-04-17,1000000121,1000000121,1000000111,1000000121,1000000111,1000000121,1000000111,1,5.434782608695652E-3,6,6
2026-04-17,1000000121,1000000121,1000000121,1000000121,1000000121,1000000121,1000000121,17,9.239130434782608E-2,8.588235294117647,8.588235294117647
2026-04-17,1000000127,1000000127,1000000045,1000000127,1000000045,1000000127,1000000045,2,8.16326530612245E-3,0,0
2026-04-17,1000000127,1000000127,1000000062,1000000127,1000000062,1000000127,1000000062,2,8.16326530612245E-3,0,0
2026-04-17,1000000127,1000000127,1000000063,1000000127,1000000063,1000000127,1000000063,1,4.081632653061225E-3,0,0
2026-04-17,1000000127,1000000127,1000000064,1000000127,1000000064,1000000127,1000000064,14,5.714285714285714E-2,23.285714285714285,23.285714285714285
2026-04-17,1000000127,1000000127,1000000084,1000000127,1000000084,1000000127,1000000084,1,4.081632653061225E-3,73,73
2026-04-17,1000000127,1000000127,1000000086,1000000127,1000000086,1000000127,1000000086,2,8.16326530612245E-3,18,18
2026-04-17,1000000127,1000000127,1000000090,1000000127,1000000090,1000000127,1000000090,1,4.081632653061225E-3,41,41
2026-04-17,1000000127,1000000127,1000000091,1000000127,1000000091,1000000127,1000000091,1,4.081632653061225E-3,0,0
2026-04-17,1000000127,1000000127,1000000093,1000000127,1000000093,1000000127,1000000093,1,4.081632653061225E-3,14,14
2026-04-17,1000000127,1000000127,1000000108,1000000127,1000000108,1000000127,1000000108,1,4.081632653061225E-3,0,0
2026-04-17,1000000127,1000000127,1000000111,1000000127,1000000111,1000000127,1000000111,1,4.081632653061225E-3,0,0
2026-04-17,1000000127,1000000127,1000000113,1000000127,1000000113,1000000127,1000000113,1,4.081632653061225E-3,0,0
2026-04-17,1000000127,1000000127,1000000127,1000000127,1000000127,1000000127,1000000127,2,8.16326530612245E-3,6,6
2026-04-17,1000000128,1000000128,1000000027,1000000128,1000000027,1000000128,1000000027,1,1.6129032258064516E-2,39,39
2026-04-17,1000000128,1000000128,1000000042,1000000128,1000000042,1000000128,1000000042,1,1.6129032258064516E-2,24,24
2026-04-17,1000000128,1000000128,1000000043,1000000128,1000000043,1000000128,1000000043,1,1.6129032258064516E-2,4,4
2026-04-17,1000000128,1000000128,1000000045,1000000128,1000000045,1000000128,1000000045,1,1.6129032258064516E-2,90,90
2026-04-17,1000000128,1000000128,1000000064,1000000128,1000000064,1000000128,1000000064,1,1.6129032258064516E-2,11,11
2026-04-17,1000000128,1000000128,1000000087,1000000128,1000000087,1000000128,1000000087,1,1.6129032258064516E-2,0,0
2026-04-17,1000000128,1000000128,1000000093,1000000128,1000000093,1000000128,1000000093,1,1.6129032258064516E-2,14,14
2026-04-17,1000000128,1000000128,1000000111,1000000128,1000000111,1000000128,1000000111,1,1.6129032258064516E-2,0,0
2026-04-17,1000000128,1000000128,1000000143,1000000128,1000000143,1000000128,1000000143,1,1.6129032258064516E-2,2,2
2026-04-18,1000000035,1000000035,1000000033,1000000035,1000000033,1000000035,1000000033,2,2.5974025974025976E-2,32.5,32.5
2026-04-18,1000000035,1000000035,1000000035,1000000035,1000000035,1000000035,1000000035,1,1.2987012987012988E-2,19,19
2026-04-18,1000000035,1000000035,1000000042,1000000035,1000000042,1000000035,1000000042,2,2.5974025974025976E-2,37,37
2026-04-18,1000000035,1000000035,1000000043,1000000035,1000000043,1000000035,1000000043,1,1.2987012987012988E-2,0,0
2026-04-18,1000000035,1000000035,1000000063,1000000035,1000000063,1000000035,1000000063,1,1.2987012987012988E-2,8,8
2026-04-18,1000000035,1000000035,1000000064,1000000035,1000000064,1000000035,1000000064,1,1.2987012987012988E-2,28,28
2026-04-18,1000000035,1000000035,1000000083,1000000035,1000000083,1000000035,1000000083,1,1.2987012987012988E-2,24,24
2026-04-18,1000000035,1000000035,1000000084,1000000035,1000000084,1000000035,1000000084,1,1.2987012987012988E-2,18,18
2026-04-18,1000000035,1000000035,1000000087,1000000035,1000000087,1000000035,1000000087,1,1.2987012987012988E-2,20,20
2026-04-18,1000000035,1000000035,1000000089,1000000035,1000000089,1000000035,1000000089,1,1.2987012987012988E-2,9,9
2026-04-18,1000000035,1000000035,1000000094,1000000035,1000000094,1000000035,1000000094,1,1.2987012987012988E-2,0,0
2026-04-18,1000000035,1000000035,1000000121,1000000035,1000000121,1000000035,1000000121,2,2.5974025974025976E-2,36.5,36.5
2026-04-18,1000000035,1000000035,1000000156,1000000035,1000000156,1000000035,1000000156,1,1.2987012987012988E-2,56,56
2026-04-18,1000000042,1000000042,1000000027,1000000042,1000000027,1000000042,1000000027,2,1.0526315789473684E-2,19.5,19.5
2026-04-18,1000000042,1000000042,1000000033,1000000042,1000000033,1000000042,1000000033,1,5.263157894736842E-3,0,0
2026-04-18,1000000042,1000000042,1000000035,1000000042,1000000035,1000000042,1000000035,1,5.263157894736842E-3,78,78
2026-04-18,1000000042,1000000042,1000000042,1000000042,1000000042,1000000042,1000000042,21,1.1052631578947368E-1,30.428571428571427,30.428571428571427
2026-04-18,1000000042,1000000042,1000000043,1000000042,1000000043,1000000042,1000000043,4,2.1052631578947368E-2,10.75,10.75
2026-04-18,1000000042,1000000042,1000000044,1000000042,1000000044,1000000042,1000000044,1,5.263157894736842E-3,13,13
2026-04-18,1000000042,1000000042,1000000045,1000000042,1000000045,1000000042,1000000045,4,2.1052631578947368E-2,31.5,31.5
2026-04-18,1000000042,1000000042,1000000063,1000000042,1000000063,1000000042,1000000063,1,5.263157894736842E-3,1,1
2026-04-18,1000000042,1000000042,1000000064,1000000042,1000000064,1000000042,1000000064,4,2.1052631578947368E-2,28.75,28.75
2026-04-18,1000000042,1000000042,1000000065,1000000042,1000000065,1000000042,1000000065,1,5.263157894736842E-3,0,0
2026-04-18,1000000042,1000000042,1000000084,1000000042,1000000084,1000000042,1000000084,1,5.263157894736842E-3,8,8
2026-04-18,1000000042,1000000042,1000000087,1000000042,1000000087,1000000042,1000000087,1,5.263157894736842E-3,1,1
2026-04-18,1000000042,1000000042,1000000088,1000000042,1000000088,1000000042,1000000088,1,5.263157894736842E-3,0,0
2026-04-18,1000000042,1000000042,1000000121,1000000042,1000000121,1000000042,1000000121,3,1.5789473684210527E-2,16,16
2026-04-18,1000000042,1000000042,1000000153,1000000042,1000000153,1000000042,1000000153,1,5.263157894736842E-3,0,0
2026-04-18,1000000043,1000000043,1000000033,1000000043,1000000033,1000000043,1000000033,1,5.076142131979695E-3,33,33
2026-04-18,1000000043,1000000043,1000000042,1000000043,1000000042,1000000043,1000000042,9,4.568527918781726E-2,20.555555555555557,20.555555555555557
2026-04-18,1000000043,1000000043,1000000043,1000000043,1000000043,1000000043,1000000043,13,6.598984771573604E-2,19.23076923076923,19.23076923076923
2026-04-18,1000000043,1000000043,1000000044,1000000043,1000000044,1000000043,1000000044,5,2.5380710659898477E-2,9.8,9.8
2026-04-18,1000000043,1000000043,1000000045,1000000043,1000000045,1000000043,1000000045,3,1.5228426395939087E-2,2.3333333333333335,2.3333333333333335
2026-04-18,1000000043,1000000043,1000000062,1000000043,1000000062,1000000043,1000000062,1,5.076142131979695E-3,35,35
2026-04-18,1000000043,1000000043,1000000064,1000000043,1000000064,1000000043,1000000064,2,1.015228426395939E-2,31.5,31.5
2026-04-18,1000000043,1000000043,1000000084,1000000043,1000000084,1000000043,1000000084,1,5.076142131979695E-3,73,73
2026-04-18,1000000043,1000000043,1000000087,1000000043,1000000087,1000000043,1000000087,2,1.015228426395939E-2,10.5,10.5
2026-04-18,1000000043,1000000043,1000000108,1000000043,1000000108,1000000043,1000000108,2,1.015228426395939E-2,1.5,1.5
2026-04-18,1000000043,1000000043,1000000111,1000000043,1000000111,1000000043,1000000111,1,5.076142131979695E-3,29,29
2026-04-18,1000000043,1000000043,1000000121,1000000043,1000000121,1000000043,1000000121,2,1.015228426395939E-2,11,11
2026-04-18,1000000043,1000000043,1000000153,1000000043,1000000153,1000000043,1000000153,1,5.076142131979695E-3,0,0
2026-04-18,1000000044,1000000044,1000000027,1000000044,1000000027,1000000044,1000000027,1,6.896551724137931E-3,39,39
2026-04-18,1000000044,1000000044,1000000033,1000000044,1000000033,1000000044,1000000033,1,6.896551724137931E-3,46,46
2026-04-18,1000000044,1000000044,1000000042,1000000044,1000000042,1000000044,1000000042,7,4.827586206896552E-2,27.428571428571427,27.428571428571427
2026-04-18,1000000044,1000000044,1000000043,1000000044,1000000043,1000000044,1000000043,3,2.0689655172413793E-2,10.333333333333334,10.333333333333334
2026-04-18,1000000044,1000000044,1000000044,1000000044,1000000044,1000000044,1000000044,5,3.4482758620689655E-2,19.2,19.2
2026-04-18,1000000044,1000000044,1000000045,1000000044,1000000045,1000000044,1000000045,2,1.3793103448275862E-2,32.5,32.5
2026-04-18,1000000044,1000000044,1000000062,1000000044,1000000062,1000000044,1000000062,1,6.896551724137931E-3,0,0
2026-04-18,1000000044,1000000044,1000000070,1000000044,1000000070,1000000044,1000000070,1,6.896551724137931E-3,8,8
2026-04-18,1000000044,1000000044,1000000084,1000000044,1000000084,1000000044,1000000084,1,6.896551724137931E-3,18,18
2026-04-18,1000000044,1000000044,1000000085,1000000044,1000000085,1000000044,1000000085,1,6.896551724137931E-3,45,45
2026-04-18,1000000044,1000000044,1000000088,1000000044,1000000088,1000000044,1000000088,1,6.896551724137931E-3,16,16
2026-04-18,1000000044,1000000044,1000000113,1000000044,1000000113,1000000044,1000000113,1,6.896551724137931E-3,0,0
2026-04-18,1000000044,1000000044,1000000121,1000000044,1000000121,1000000044,1000000121,2,1.3793103448275862E-2,21.5,21.5
2026-04-18,1000000044,1000000044,1000000156,1000000044,1000000156,1000000044,1000000156,1,6.896551724137931E-3,0,0
2026-04-18,1000000045,1000000045,1000000027,1000000045,1000000027,1000000045,1000000027,1,3.246753246753247E-3,39,39
2026-04-18,1000000045,1000000045,1000000033,1000000045,1000000033,1000000045,1000000033,2,6.493506493506494E-3,23,23
2026-04-18,1000000045,1000000045,1000000035,1000000045,1000000035,1000000045,1000000035,1,3.246753246753247E-3,27,27
2026-04-18,1000000045,1000000045,1000000042,1000000045,1000000042,1000000045,1000000042,10,3.2467532467532464E-2,18.5,18.5
2026-04-18,1000000045,1000000045,1000000043,1000000045,1000000043,1000000045,1000000043,5,1.6233766233766232E-2,6.8,6.8
2026-04-18,1000000045,1000000045,1000000044,1000000045,1000000044,1000000045,1000000044,1,3.246753246753247E-3,0,0
2026-04-18,1000000045,1000000045,1000000045,1000000045,1000000045,1000000045,1000000045,19,6.168831168831169E-2,19.63157894736842,19.63157894736842
2026-04-18,1000000045,1000000045,1000000063,1000000045,1000000063,1000000045,1000000063,1,3.246753246753247E-3,2,2
2026-04-18,1000000045,1000000045,1000000064,1000000045,1000000064,1000000045,1000000064,7,2.2727272727272728E-2,21.857142857142858,21.857142857142858
2026-04-18,1000000045,1000000045,1000000085,1000000045,1000000085,1000000045,1000000085,1,3.246753246753247E-3,0,0
2026-04-18,1000000045,1000000045,1000000086,1000000045,1000000086,1000000045,1000000086,1,3.246753246753247E-3,56,56
2026-04-18,1000000045,1000000045,1000000091,1000000045,1000000091,1000000045,1000000091,2,6.493506493506494E-3,5.0E-1,5.0E-1
2026-04-18,1000000045,1000000045,1000000108,1000000045,1000000108,1000000045,1000000108,3,9.74025974025974E-3,18.666666666666668,18.666666666666668
2026-04-18,1000000045,1000000045,1000000113,1000000045,1000000113,1000000045,1000000113,1,3.246753246753247E-3,0,0
2026-04-18,1000000045,1000000045,1000000121,1000000045,1000000121,1000000045,1000000121,2,6.493506493506494E-3,6.5,6.5
2026-04-18,1000000045,1000000045,1000000153,1000000045,1000000153,1000000045,1000000153,2,6.493506493506494E-3,0,0
2026-04-18,1000000045,1000000045,1000000156,1000000045,1000000156,1000000045,1000000156,2,6.493506493506494E-3,21,21
2026-04-18,1000000062,1000000062,1000000027,1000000062,1000000027,1000000062,1000000027,1,4.1841004184100415E-3,0,0
2026-04-18,1000000062,1000000062,1000000028,1000000062,1000000028,1000000062,1000000028,1,4.1841004184100415E-3,7,7
2026-04-18,1000000062,1000000062,1000000042,1000000062,1000000042,1000000062,1000000042,2,8.368200836820083E-3,51,51
2026-04-18,1000000062,1000000062,1000000045,1000000062,1000000045,1000000062,1000000045,3,1.2552301255230125E-2,32,32
2026-04-18,1000000062,1000000062,1000000062,1000000062,1000000062,1000000062,1000000062,7,2.9288702928870293E-2,12.285714285714286,12.285714285714286
2026-04-18,1000000062,1000000062,1000000064,1000000062,1000000064,1000000062,1000000064,7,2.9288702928870293E-2,24.571428571428573,24.571428571428573
2026-04-18,1000000062,1000000062,1000000065,1000000062,1000000065,1000000062,1000000065,1,4.1841004184100415E-3,12,12
2026-04-18,1000000062,1000000062,1000000087,1000000062,1000000087,1000000062,1000000087,1,4.1841004184100415E-3,71,71
2026-04-18,1000000062,1000000062,1000000093,1000000062,1000000093,1000000062,1000000093,1,4.1841004184100415E-3,22,22
2026-04-18,1000000062,1000000062,1000000111,1000000062,1000000111,1000000062,1000000111,1,4.1841004184100415E-3,37,37
2026-04-18,1000000062,1000000062,1000000121,1000000062,1000000121,1000000062,1000000121,1,4.1841004184100415E-3,1,1
2026-04-18,1000000062,1000000062,1000000153,1000000062,1000000153,1000000062,1000000153,1,4.1841004184100415E-3,0,0
2026-04-18,1000000063,1000000063,1000000042,1000000063,1000000042,1000000063,1000000042,4,1.3468013468013467E-2,39.75,39.75
2026-04-18,1000000063,1000000063,1000000043,1000000063,1000000043,1000000063,1000000043,3,1.0101010101010102E-2,1.3333333333333333,1.3333333333333333
2026-04-18,1000000063,1000000063,1000000044,1000000063,1000000044,1000000063,1000000044,3,1.0101010101010102E-2,32,32
2026-04-18,1000000063,1000000063,1000000045,1000000063,1000000045,1000000063,1000000045,1,3.367003367003367E-3,6,6
2026-04-18,1000000063,1000000063,1000000062,1000000063,1000000062,1000000063,1000000062,6,2.0202020202020204E-2,17.333333333333332,17.333333333333332
2026-04-18,1000000063,1000000063,1000000063,1000000063,1000000063,1000000063,1000000063,12,4.040404040404041E-2,20.166666666666668,20.166666666666668
2026-04-18,1000000063,1000000063,1000000064,1000000063,1000000064,1000000063,1000000064,10,3.367003367003367E-2,25.2,25.2
2026-04-18,1000000063,1000000063,1000000069,1000000063,1000000069,1000000063,1000000069,1,3.367003367003367E-3,9,9
2026-04-18,1000000063,1000000063,1000000087,1000000063,1000000087,1000000063,1000000087,3,1.0101010101010102E-2,16,16
2026-04-18,1000000063,1000000063,1000000088,1000000063,1000000088,1000000063,1000000088,1,3.367003367003367E-3,0,0
2026-04-18,1000000063,1000000063,1000000090,1000000063,1000000090,1000000063,1000000090,2,6.734006734006734E-3,20.5,20.5
2026-04-18,1000000063,1000000063,1000000092,1000000063,1000000092,1000000063,1000000092,1,3.367003367003367E-3,1,1
2026-04-18,1000000063,1000000063,1000000093,1000000063,1000000093,1000000063,1000000093,2,6.734006734006734E-3,48.5,48.5
2026-04-18,1000000063,1000000063,1000000108,1000000063,1000000108,1000000063,1000000108,2,6.734006734006734E-3,28,28
2026-04-18,1000000063,1000000063,1000000127,1000000063,1000000127,1000000063,1000000127,1,3.367003367003367E-3,0,0
2026-04-18,1000000064,1000000064,1000000033,1000000064,1000000033,1000000064,1000000033,2,1.201923076923077E-3,27,27
2026-04-18,1000000064,1000000064,1000000035,1000000064,1000000035,1000000064,1000000035,1,6.009615384615385E-4,46,46
2026-04-18,1000000064,1000000064,1000000042,1000000064,1000000042,1000000064,1000000042,13,7.8125E-3,19.53846153846154,19.53846153846154
2026-04-18,1000000064,1000000064,1000000043,1000000064,1000000043,1000000064,1000000043,9,5.408653846153846E-3,17,17
2026-04-18,1000000064,1000000064,1000000044,1000000064,1000000044,1000000064,1000000044,5,3.0048076923076925E-3,4,4
2026-04-18,1000000064,1000000064,1000000045,1000000064,1000000045,1000000064,1000000045,6,3.605769230769231E-3,21.333333333333332,21.333333333333332
2026-04-18,1000000064,1000000064,1000000062,1000000064,1000000062,1000000064,1000000062,3,1.8028846153846155E-3,23.333333333333332,23.333333333333332
2026-04-18,1000000064,1000000064,1000000063,1000000064,1000000063,1000000064,1000000063,9,5.408653846153846E-3,20.444444444444443,20.444444444444443
2026-04-18,1000000064,1000000064,1000000064,1000000064,1000000064,1000000064,1000000064,140,8.413461538461539E-2,14.571428571428571,14.571428571428571
2026-04-18,1000000064,1000000064,1000000069,1000000064,1000000069,1000000064,1000000069,1,6.009615384615385E-4,0,0
2026-04-18,1000000064,1000000064,1000000083,1000000064,1000000083,1000000064,1000000083,1,6.009615384615385E-4,0,0
2026-04-18,1000000064,1000000064,1000000084,1000000064,1000000084,1000000064,1000000084,3,1.8028846153846155E-3,47.666666666666664,47.666666666666664
2026-04-18,1000000064,1000000064,1000000085,1000000064,1000000085,1000000064,1000000085,4,2.403846153846154E-3,17.5,17.5
2026-04-18,1000000064,1000000064,1000000086,1000000064,1000000086,1000000064,1000000086,2,1.201923076923077E-3,48.5,48.5
2026-04-18,1000000064,1000000064,1000000088,1000000064,1000000088,1000000064,1000000088,3,1.8028846153846155E-3,15,15
2026-04-18,1000000064,1000000064,1000000090,1000000064,1000000090,1000000064,1000000090,1,6.009615384615385E-4,3,3
2026-04-18,1000000064,1000000064,1000000091,1000000064,1000000091,1000000064,1000000091,5,3.0048076923076925E-3,7.8,7.8
2026-04-18,1000000064,1000000064,1000000092,1000000064,1000000092,1000000064,1000000092,2,1.201923076923077E-3,24.5,24.5
2026-04-18,1000000064,1000000064,1000000093,1000000064,1000000093,1000000064,1000000093,8,4.807692307692308E-3,9.625,9.625
2026-04-18,1000000064,1000000064,1000000094,1000000064,1000000094,1000000064,1000000094,2,1.201923076923077E-3,15,15
2026-04-18,1000000064,1000000064,1000000108,1000000064,1000000108,1000000064,1000000108,2,1.201923076923077E-3,0,0
2026-04-18,1000000064,1000000064,1000000111,1000000064,1000000111,1000000064,1000000111,2,1.201923076923077E-3,10,10
2026-04-18,1000000064,1000000064,1000000113,1000000064,1000000113,1000000064,1000000113,2,1.201923076923077E-3,5.0E-1,5.0E-1
2026-04-18,1000000064,1000000064,1000000121,1000000064,1000000121,1000000064,1000000121,2,1.201923076923077E-3,6.5,6.5
2026-04-18,1000000064,1000000064,1000000127,1000000064,1000000127,1000000064,1000000127,3,1.8028846153846155E-3,0,0
2026-04-18,1000000064,1000000064,1000000128,1000000064,1000000128,1000000064,1000000128,1,6.009615384615385E-4,24,24
2026-04-18,1000000064,1000000064,1000000142,1000000064,1000000142,1000000064,1000000142,2,1.201923076923077E-3,2,2
2026-04-18,1000000064,1000000064,1000000153,1000000064,1000000153,1000000064,1000000153,2,1.201923076923077E-3,0,0
2026-04-18,1000000064,1000000064,1000000156,1000000064,1000000156,1000000064,1000000156,3,1.8028846153846155E-3,32.666666666666664,32.666666666666664
2026-04-18,1000000066,1000000066,1000000042,1000000066,1000000042,1000000066,1000000042,1,1.1111111111111112E-2,24,24
2026-04-18,1000000066,1000000066,1000000043,1000000066,1000000043,1000000066,1000000043,3,3.333333333333333E-2,45.666666666666664,45.666666666666664
2026-04-18,1000000066,1000000066,1000000044,1000000066,1000000044,1000000066,1000000044,3,3.333333333333333E-2,6.666666666666667,6.666666666666667
2026-04-18,1000000066,1000000066,1000000062,1000000066,1000000062,1000000066,1000000062,1,1.1111111111111112E-2,43,43
2026-04-18,1000000066,1000000066,1000000063,1000000066,1000000063,1000000066,1000000063,1,1.1111111111111112E-2,23,23
2026-04-18,1000000066,1000000066,1000000064,1000000066,1000000064,1000000066,1000000064,2,2.2222222222222223E-2,5.5,5.5
2026-04-18,1000000066,1000000066,1000000065,1000000066,1000000065,1000000066,1000000065,1,1.1111111111111112E-2,20,20
2026-04-18,1000000066,1000000066,1000000066,1000000066,1000000066,1000000066,1000000066,1,1.1111111111111112E-2,0,0
2026-04-18,1000000066,1000000066,1000000084,1000000066,1000000084,1000000066,1000000084,1,1.1111111111111112E-2,18,18
2026-04-18,1000000066,1000000066,1000000087,1000000066,1000000087,1000000066,1000000087,1,1.1111111111111112E-2,1,1
2026-04-18,1000000066,1000000066,1000000111,1000000066,1000000111,1000000066,1000000111,1,1.1111111111111112E-2,0,0
2026-04-18,1000000069,1000000069,1000000028,1000000069,1000000028,1000000069,1000000028,1,9.900990099009901E-3,12,12
2026-04-18,1000000069,1000000069,1000000042,1000000069,1000000042,1000000069,1000000042,2,1.9801980198019802E-2,20,20
2026-04-18,1000000069,1000000069,1000000043,1000000069,1000000043,1000000069,1000000043,1,9.900990099009901E-3,0,0
2026-04-18,1000000069,1000000069,1000000044,1000000069,1000000044,1000000069,1000000044,1,9.900990099009901E-3,36,36
2026-04-18,1000000069,1000000069,1000000045,1000000069,1000000045,1000000069,1000000045,1,9.900990099009901E-3,15,15
2026-04-18,1000000069,1000000069,1000000064,1000000069,1000000064,1000000069,1000000064,2,1.9801980198019802E-2,41,41
2026-04-18,1000000069,1000000069,1000000069,1000000069,1000000069,1000000069,1000000069,1,9.900990099009901E-3,9,9
2026-04-18,1000000069,1000000069,1000000086,1000000069,1000000086,1000000069,1000000086,1,9.900990099009901E-3,0,0
2026-04-18,1000000069,1000000069,1000000091,1000000069,1000000091,1000000069,1000000091,1,9.900990099009901E-3,0,0
2026-04-18,1000000069,1000000069,1000000121,1000000069,1000000121,1000000069,1000000121,1,9.900990099009901E-3,12,12
2026-04-18,1000000069,1000000069,1000000154,1000000069,1000000154,1000000069,1000000154,1,9.900990099009901E-3,36,36
2026-04-18,1000000083,1000000083,1000000028,1000000083,1000000028,1000000083,1000000028,1,1.2987012987012988E-2,18,18
2026-04-18,1000000083,1000000083,1000000035,1000000083,1000000035,1000000083,1000000035,1,1.2987012987012988E-2,19,19
2026-04-18,1000000083,1000000083,1000000042,1000000083,1000000042,1000000083,1000000042,4,5.194805194805195E-2,26,26
2026-04-18,1000000083,1000000083,1000000044,1000000083,1000000044,1000000083,1000000044,1,1.2987012987012988E-2,13,13
2026-04-18,1000000083,1000000083,1000000045,1000000083,1000000045,1000000083,1000000045,1,1.2987012987012988E-2,0,0
2026-04-18,1000000083,1000000083,1000000064,1000000083,1000000064,1000000083,1000000064,3,3.896103896103896E-2,26.333333333333332,26.333333333333332
2026-04-18,1000000083,1000000083,1000000069,1000000083,1000000069,1000000083,1000000069,1,1.2987012987012988E-2,9,9
2026-04-18,1000000083,1000000083,1000000083,1000000083,1000000083,1000000083,1000000083,1,1.2987012987012988E-2,43,43
2026-04-18,1000000083,1000000083,1000000087,1000000083,1000000087,1000000083,1000000087,1,1.2987012987012988E-2,20,20
2026-04-18,1000000083,1000000083,1000000094,1000000083,1000000094,1000000083,1000000094,1,1.2987012987012988E-2,0,0
2026-04-18,1000000083,1000000083,1000000108,1000000083,1000000108,1000000083,1000000108,1,1.2987012987012988E-2,0,0
2026-04-18,1000000083,1000000083,1000000121,1000000083,1000000121,1000000083,1000000121,1,1.2987012987012988E-2,1,1
2026-04-18,1000000083,1000000083,1000000127,1000000083,1000000127,1000000083,1000000127,1,1.2987012987012988E-2,0,0
2026-04-18,1000000084,1000000084,1000000044,1000000084,1000000044,1000000084,1000000044,1,6.711409395973154E-3,17,17
2026-04-18,1000000084,1000000084,1000000064,1000000084,1000000064,1000000084,1000000064,2,1.3422818791946308E-2,25.5,25.5
2026-04-18,1000000084,1000000084,1000000083,1000000084,1000000083,1000000084,1000000083,1,6.711409395973154E-3,1,1
2026-04-18,1000000084,1000000084,1000000084,1000000084,1000000084,1000000084,1000000084,4,2.6845637583892617E-2,2.5,2.5
2026-04-18,1000000084,1000000084,1000000087,1000000084,1000000087,1000000084,1000000087,1,6.711409395973154E-3,0,0
2026-04-18,1000000084,1000000084,1000000088,1000000084,1000000088,1000000084,1000000088,2,1.3422818791946308E-2,3.5,3.5
2026-04-18,1000000084,1000000084,1000000092,1000000084,1000000092,1000000084,1000000092,1,6.711409395973154E-3,0,0
2026-04-18,1000000084,1000000084,1000000093,1000000084,1000000093,1000000084,1000000093,2,1.3422818791946308E-2,41,41
2026-04-18,1000000084,1000000084,1000000108,1000000084,1000000108,1000000084,1000000108,2,1.3422818791946308E-2,0,0
2026-04-18,1000000084,1000000084,1000000110,1000000084,1000000110,1000000084,1000000110,2,1.3422818791946308E-2,1,1
2026-04-18,1000000085,1000000085,1000000033,1000000085,1000000033,1000000085,1000000033,1,3.115264797507788E-3,4,4
2026-04-18,1000000085,1000000085,1000000035,1000000085,1000000035,1000000085,1000000035,1,3.115264797507788E-3,47,47
2026-04-18,1000000085,1000000085,1000000042,1000000085,1000000042,1000000085,1000000042,1,3.115264797507788E-3,27,27
2026-04-18,1000000085,1000000085,1000000045,1000000085,1000000045,1000000085,1000000045,2,6.230529595015576E-3,0,0
2026-04-18,1000000085,1000000085,1000000064,1000000085,1000000064,1000000085,1000000064,2,6.230529595015576E-3,0,0
2026-04-18,1000000085,1000000085,1000000084,1000000085,1000000084,1000000085,1000000084,4,1.2461059190031152E-2,23.5,23.5
2026-04-18,1000000085,1000000085,1000000085,1000000085,1000000085,1000000085,1000000085,18,5.6074766355140186E-2,9.444444444444445,9.444444444444445
2026-04-18,1000000085,1000000085,1000000086,1000000085,1000000086,1000000085,1000000086,9,2.8037383177570093E-2,7.777777777777778,7.777777777777778
2026-04-18,1000000085,1000000085,1000000087,1000000085,1000000087,1000000085,1000000087,7,2.1806853582554516E-2,4.142857142857143,4.142857142857143
2026-04-18,1000000085,1000000085,1000000088,1000000085,1000000088,1000000085,1000000088,8,2.4922118380062305E-2,6.25E-1,6.25E-1
2026-04-18,1000000085,1000000085,1000000089,1000000085,1000000089,1000000085,1000000089,1,3.115264797507788E-3,36,36
2026-04-18,1000000085,1000000085,1000000090,1000000085,1000000090,1000000085,1000000090,2,6.230529595015576E-3,1.5,1.5
2026-04-18,1000000085,1000000085,1000000091,1000000085,1000000091,1000000085,1000000091,2,6.230529595015576E-3,33.5,33.5
2026-04-18,1000000085,1000000085,1000000092,1000000085,1000000092,1000000085,1000000092,3,9.345794392523364E-3,3.333333333333333E-1,3.333333333333333E-1
2026-04-18,1000000085,1000000085,1000000093,1000000085,1000000093,1000000085,1000000093,1,3.115264797507788E-3,0,0
2026-04-18,1000000085,1000000085,1000000108,1000000085,1000000108,1000000085,1000000108,2,6.230529595015576E-3,5.0E-1,5.0E-1
2026-04-18,1000000085,1000000085,1000000111,1000000085,1000000111,1000000085,1000000111,1,3.115264797507788E-3,0,0
2026-04-18,1000000085,1000000085,1000000127,1000000085,1000000127,1000000085,1000000127,1,3.115264797507788E-3,0,0
2026-04-18,1000000085,1000000085,1000000153,1000000085,1000000153,1000000085,1000000153,1,3.115264797507788E-3,1,1
2026-04-18,1000000086,1000000086,1000000045,1000000086,1000000045,1000000086,1000000045,1,5.025125628140704E-3,6,6
2026-04-18,1000000086,1000000086,1000000063,1000000086,1000000063,1000000086,1000000063,1,5.025125628140704E-3,60,60
2026-04-18,1000000086,1000000086,1000000064,1000000086,1000000064,1000000086,1000000064,2,1.0050251256281407E-2,12,12
2026-04-18,1000000086,1000000086,1000000084,1000000086,1000000084,1000000086,1000000084,4,2.0100502512562814E-2,21.25,21.25
2026-04-18,1000000086,1000000086,1000000085,1000000086,1000000085,1000000086,1000000085,12,6.030150753768844E-2,12.916666666666666,12.916666666666666
2026-04-18,1000000086,1000000086,1000000086,1000000086,1000000086,1000000086,1000000086,21,1.0552763819095477E-1,11.19047619047619,11.19047619047619
2026-04-18,1000000086,1000000086,1000000087,1000000086,1000000087,1000000086,1000000087,8,4.020100502512563E-2,12.125,12.125
2026-04-18,1000000086,1000000086,1000000088,1000000086,1000000088,1000000086,1000000088,6,3.015075376884422E-2,0,0
2026-04-18,1000000086,1000000086,1000000089,1000000086,1000000089,1000000086,1000000089,2,1.0050251256281407E-2,35,35
2026-04-18,1000000086,1000000086,1000000090,1000000086,1000000090,1000000086,1000000090,1,5.025125628140704E-3,0,0
2026-04-18,1000000086,1000000086,1000000113,1000000086,1000000113,1000000086,1000000113,1,5.025125628140704E-3,0,0
2026-04-18,1000000087,1000000087,1000000033,1000000087,1000000033,1000000087,1000000033,1,2.197802197802198E-3,22,22
2026-04-18,1000000087,1000000087,1000000035,1000000087,1000000035,1000000087,1000000035,2,4.395604395604396E-3,53.5,53.5
2026-04-18,1000000087,1000000087,1000000043,1000000087,1000000043,1000000087,1000000043,2,4.395604395604396E-3,1,1
2026-04-18,1000000087,1000000087,1000000044,1000000087,1000000044,1000000087,1000000044,1,2.197802197802198E-3,5,5
2026-04-18,1000000087,1000000087,1000000064,1000000087,1000000064,1000000087,1000000064,6,1.3186813186813187E-2,34.666666666666664,34.666666666666664
2026-04-18,1000000087,1000000087,1000000084,1000000087,1000000084,1000000087,1000000084,3,6.593406593406593E-3,9.333333333333334,9.333333333333334
2026-04-18,1000000087,1000000087,1000000085,1000000087,1000000085,1000000087,1000000085,9,1.978021978021978E-2,9.222222222222221,9.222222222222221
2026-04-18,1000000087,1000000087,1000000086,1000000087,1000000086,1000000087,1000000086,7,1.5384615384615385E-2,9.714285714285714,9.714285714285714
2026-04-18,1000000087,1000000087,1000000087,1000000087,1000000087,1000000087,1000000087,30,6.593406593406594E-2,16.6,16.6
2026-04-18,1000000087,1000000087,1000000088,1000000087,1000000088,1000000087,1000000088,14,3.076923076923077E-2,9.857142857142858,9.857142857142858
2026-04-18,1000000087,1000000087,1000000092,1000000087,1000000092,1000000087,1000000092,2,4.395604395604396E-3,42,42
2026-04-18,1000000087,1000000087,1000000093,1000000087,1000000093,1000000087,1000000093,3,6.593406593406593E-3,3,3
2026-04-18,1000000087,1000000087,1000000094,1000000087,1000000094,1000000087,1000000094,1,2.197802197802198E-3,0,0
2026-04-18,1000000087,1000000087,1000000143,1000000087,1000000143,1000000087,1000000143,1,2.197802197802198E-3,2,2
2026-04-18,1000000088,1000000088,1000000035,1000000088,1000000035,1000000088,1000000035,1,2.849002849002849E-3,75,75
2026-04-18,1000000088,1000000088,1000000063,1000000088,1000000063,1000000088,1000000063,1,2.849002849002849E-3,0,0
2026-04-18,1000000088,1000000088,1000000064,1000000088,1000000064,1000000088,1000000064,8,2.2792022792022793E-2,25.625,25.625
2026-04-18,1000000088,1000000088,1000000083,1000000088,1000000083,1000000088,1000000083,1,2.849002849002849E-3,80,80
2026-04-18,1000000088,1000000088,1000000084,1000000088,1000000084,1000000088,1000000084,1,2.849002849002849E-3,52,52
2026-04-18,1000000088,1000000088,1000000085,1000000088,1000000085,1000000088,1000000085,7,1.9943019943019943E-2,0,0
2026-04-18,1000000088,1000000088,1000000086,1000000088,1000000086,1000000088,1000000086,8,2.2792022792022793E-2,9.5,9.5
2026-04-18,1000000088,1000000088,1000000087,1000000088,1000000087,1000000088,1000000087,10,2.849002849002849E-2,4.1,4.1
2026-04-18,1000000088,1000000088,1000000088,1000000088,1000000088,1000000088,1000000088,36,1.0256410256410256E-1,9,9
2026-04-18,1000000088,1000000088,1000000089,1000000088,1000000089,1000000088,1000000089,2,5.698005698005698E-3,4.5,4.5
2026-04-18,1000000088,1000000088,1000000090,1000000088,1000000090,1000000088,1000000090,1,2.849002849002849E-3,0,0
2026-04-18,1000000088,1000000088,1000000092,1000000088,1000000092,1000000088,1000000092,1,2.849002849002849E-3,0,0
2026-04-18,1000000088,1000000088,1000000094,1000000088,1000000094,1000000088,1000000094,2,5.698005698005698E-3,37,37
2026-04-18,1000000088,1000000088,1000000112,1000000088,1000000112,1000000088,1000000112,2,5.698005698005698E-3,5.0E-1,5.0E-1
2026-04-18,1000000088,1000000088,1000000121,1000000088,1000000121,1000000088,1000000121,1,2.849002849002849E-3,13,13
2026-04-18,1000000088,1000000088,1000000142,1000000088,1000000142,1000000088,1000000142,2,5.698005698005698E-3,4.5,4.5
2026-04-18,1000000089,1000000089,1000000086,1000000089,1000000086,1000000089,1000000086,1,2.040816326530612E-2,0,0
2026-04-18,1000000089,1000000089,1000000087,1000000089,1000000087,1000000089,1000000087,3,6.1224489795918366E-2,3.333333333333333E-1,3.333333333333333E-1
2026-04-18,1000000089,1000000089,1000000088,1000000089,1000000088,1000000089,1000000088,3,6.1224489795918366E-2,27,27
2026-04-18,1000000089,1000000089,1000000089,1000000089,1000000089,1000000089,1000000089,4,8.163265306122448E-2,8.75,8.75
2026-04-18,1000000089,1000000089,1000000091,1000000089,1000000091,1000000089,1000000091,1,2.040816326530612E-2,0,0
2026-04-18,1000000089,1000000089,1000000111,1000000089,1000000111,1000000089,1000000111,1,2.040816326530612E-2,32,32
2026-04-18,1000000089,1000000089,1000000112,1000000089,1000000112,1000000089,1000000112,2,4.081632653061224E-2,0,0
2026-04-18,1000000090,1000000090,1000000028,1000000090,1000000028,1000000090,1000000028,1,7.8125E-3,12,12
2026-04-18,1000000090,1000000090,1000000063,1000000090,1000000063,1000000090,1000000063,1,7.8125E-3,0,0
2026-04-18,1000000090,1000000090,1000000064,1000000090,1000000064,1000000090,1000000064,1,7.8125E-3,76,76
2026-04-18,1000000090,1000000090,1000000085,1000000090,1000000085,1000000090,1000000085,1,7.8125E-3,0,0
2026-04-18,1000000090,1000000090,1000000090,1000000090,1000000090,1000000090,1000000090,3,2.34375E-2,2,2
2026-04-18,1000000090,1000000090,1000000091,1000000090,1000000091,1000000090,1000000091,1,7.8125E-3,4,4
2026-04-18,1000000090,1000000090,1000000092,1000000090,1000000092,1000000090,1000000092,1,7.8125E-3,0,0
2026-04-18,1000000090,1000000090,1000000093,1000000090,1000000093,1000000090,1000000093,1,7.8125E-3,0,0
2026-04-18,1000000090,1000000090,1000000094,1000000090,1000000094,1000000090,1000000094,1,7.8125E-3,0,0
2026-04-18,1000000090,1000000090,1000000111,1000000090,1000000111,1000000090,1000000111,1,7.8125E-3,2,2
2026-04-18,1000000091,1000000091,1000000028,1000000091,1000000028,1000000091,1000000028,1,5.5248618784530384E-3,12,12
2026-04-18,1000000091,1000000091,1000000035,1000000091,1000000035,1000000091,1000000035,1,5.5248618784530384E-3,47,47
2026-04-18,1000000091,1000000091,1000000045,1000000091,1000000045,1000000091,1000000045,3,1.6574585635359115E-2,2,2
2026-04-18,1000000091,1000000091,1000000064,1000000091,1000000064,1000000091,1000000064,4,2.2099447513812154E-2,13,13
2026-04-18,1000000091,1000000091,1000000085,1000000091,1000000085,1000000091,1000000085,2,1.1049723756906077E-2,38,38
2026-04-18,1000000091,1000000091,1000000086,1000000091,1000000086,1000000091,1000000086,2,1.1049723756906077E-2,14,14
2026-04-18,1000000091,1000000091,1000000087,1000000091,1000000087,1000000091,1000000087,2,1.1049723756906077E-2,24.5,24.5
2026-04-18,1000000091,1000000091,1000000089,1000000091,1000000089,1000000091,1000000089,1,5.5248618784530384E-3,0,0
2026-04-18,1000000091,1000000091,1000000090,1000000091,1000000090,1000000091,1000000090,3,1.6574585635359115E-2,4.333333333333333,4.333333333333333
2026-04-18,1000000091,1000000091,1000000091,1000000091,1000000091,1000000091,1000000091,10,5.5248618784530384E-2,8.2,8.2
2026-04-18,1000000091,1000000091,1000000092,1000000091,1000000092,1000000091,1000000092,2,1.1049723756906077E-2,10,10
2026-04-18,1000000091,1000000091,1000000093,1000000091,1000000093,1000000091,1000000093,2,1.1049723756906077E-2,9,9
2026-04-18,1000000091,1000000091,1000000094,1000000091,1000000094,1000000091,1000000094,2,1.1049723756906077E-2,0,0
2026-04-18,1000000091,1000000091,1000000111,1000000091,1000000111,1000000091,1000000111,1,5.5248618784530384E-3,4,4
2026-04-18,1000000092,1000000092,1000000028,1000000092,1000000028,1000000092,1000000028,1,6.756756756756757E-3,12,12
2026-04-18,1000000092,1000000092,1000000064,1000000092,1000000064,1000000092,1000000064,3,2.027027027027027E-2,14,14
2026-04-18,1000000092,1000000092,1000000084,1000000092,1000000084,1000000092,1000000084,1,6.756756756756757E-3,0,0
2026-04-18,1000000092,1000000092,1000000085,1000000092,1000000085,1000000092,1000000085,2,1.3513513513513514E-2,0,0
2026-04-18,1000000092,1000000092,1000000087,1000000092,1000000087,1000000092,1000000087,2,1.3513513513513514E-2,1,1
2026-04-18,1000000092,1000000092,1000000088,1000000092,1000000088,1000000092,1000000088,1,6.756756756756757E-3,0,0
2026-04-18,1000000092,1000000092,1000000090,1000000092,1000000090,1000000092,1000000090,3,2.027027027027027E-2,1,1
2026-04-18,1000000092,1000000092,1000000091,1000000092,1000000091,1000000092,1000000091,3,2.027027027027027E-2,9.333333333333334,9.333333333333334
2026-04-18,1000000092,1000000092,1000000092,1000000092,1000000092,1000000092,1000000092,8,5.405405405405406E-2,8.875,8.875
2026-04-18,1000000092,1000000092,1000000093,1000000092,1000000093,1000000092,1000000093,1,6.756756756756757E-3,6,6
2026-04-18,1000000092,1000000092,1000000111,1000000092,1000000111,1000000092,1000000111,1,6.756756756756757E-3,0,0
2026-04-18,1000000093,1000000093,1000000044,1000000093,1000000044,1000000093,1000000044,2,2.789400278940028E-3,49.5,49.5
2026-04-18,1000000093,1000000093,1000000045,1000000093,1000000045,1000000093,1000000045,2,2.789400278940028E-3,8,8
2026-04-18,1000000093,1000000093,1000000062,1000000093,1000000062,1000000093,1000000062,4,5.578800557880056E-3,50.75,50.75
2026-04-18,1000000093,1000000093,1000000064,1000000093,1000000064,1000000093,1000000064,9,1.2552301255230125E-2,9,9
2026-04-18,1000000093,1000000093,1000000084,1000000093,1000000084,1000000093,1000000084,1,1.394700139470014E-3,3,3
2026-04-18,1000000093,1000000093,1000000085,1000000093,1000000085,1000000093,1000000085,2,2.789400278940028E-3,0,0
2026-04-18,1000000093,1000000093,1000000086,1000000093,1000000086,1000000093,1000000086,1,1.394700139470014E-3,6,6
2026-04-18,1000000093,1000000093,1000000087,1000000093,1000000087,1000000093,1000000087,4,5.578800557880056E-3,3.5,3.5
2026-04-18,1000000093,1000000093,1000000088,1000000093,1000000088,1000000093,1000000088,1,1.394700139470014E-3,62,62
2026-04-18,1000000093,1000000093,1000000090,1000000093,1000000090,1000000093,1000000090,1,1.394700139470014E-3,0,0
2026-04-18,1000000093,1000000093,1000000091,1000000093,1000000091,1000000093,1000000091,2,2.789400278940028E-3,0,0
2026-04-18,1000000093,1000000093,1000000093,1000000093,1000000093,1000000093,1000000093,77,1.0739191073919108E-1,6.025974025974026,6.025974025974026
2026-04-18,1000000093,1000000093,1000000094,1000000093,1000000094,1000000093,1000000094,3,4.1841004184100415E-3,0,0
2026-04-18,1000000093,1000000093,1000000108,1000000093,1000000108,1000000093,1000000108,6,8.368200836820083E-3,24.333333333333332,24.333333333333332
2026-04-18,1000000093,1000000093,1000000110,1000000093,1000000110,1000000093,1000000110,2,2.789400278940028E-3,0,0
2026-04-18,1000000093,1000000093,1000000111,1000000093,1000000111,1000000093,1000000111,7,9.762900976290097E-3,7.142857142857143E-1,7.142857142857143E-1
2026-04-18,1000000093,1000000093,1000000112,1000000093,1000000112,1000000093,1000000112,2,2.789400278940028E-3,2,2
2026-04-18,1000000093,1000000093,1000000113,1000000093,1000000113,1000000093,1000000113,1,1.394700139470014E-3,14,14
2026-04-18,1000000094,1000000094,1000000035,1000000094,1000000035,1000000094,1000000035,1,5.405405405405406E-3,0,0
2026-04-18,1000000094,1000000094,1000000044,1000000094,1000000044,1000000094,1000000044,1,5.405405405405406E-3,13,13
2026-04-18,1000000094,1000000094,1000000064,1000000094,1000000064,1000000094,1000000064,1,5.405405405405406E-3,5,5
2026-04-18,1000000094,1000000094,1000000084,1000000094,1000000084,1000000094,1000000084,1,5.405405405405406E-3,30,30
2026-04-18,1000000094,1000000094,1000000086,1000000094,1000000086,1000000094,1000000086,1,5.405405405405406E-3,73,73
2026-04-18,1000000094,1000000094,1000000088,1000000094,1000000088,1000000094,1000000088,1,5.405405405405406E-3,16,16
2026-04-18,1000000094,1000000094,1000000089,1000000094,1000000089,1000000094,1000000089,1,5.405405405405406E-3,36,36
2026-04-18,1000000094,1000000094,1000000090,1000000094,1000000090,1000000094,1000000090,1,5.405405405405406E-3,25,25
2026-04-18,1000000094,1000000094,1000000091,1000000094,1000000091,1000000094,1000000091,2,1.0810810810810811E-2,2.5,2.5
2026-04-18,1000000094,1000000094,1000000092,1000000094,1000000092,1000000094,1000000092,1,5.405405405405406E-3,18,18
2026-04-18,1000000094,1000000094,1000000093,1000000094,1000000093,1000000094,1000000093,2,1.0810810810810811E-2,0,0
2026-04-18,1000000094,1000000094,1000000094,1000000094,1000000094,1000000094,1000000094,16,8.648648648648649E-2,12.875,12.875
2026-04-18,1000000094,1000000094,1000000108,1000000094,1000000108,1000000094,1000000108,3,1.6216216216216217E-2,4.333333333333333,4.333333333333333
2026-04-18,1000000094,1000000094,1000000110,1000000094,1000000110,1000000094,1000000110,2,1.0810810810810811E-2,1,1
2026-04-18,1000000094,1000000094,1000000111,1000000094,1000000111,1000000094,1000000111,4,2.1621621621621623E-2,34.25,34.25
2026-04-18,1000000108,1000000108,1000000035,1000000108,1000000035,1000000108,1000000035,1,4.081632653061225E-3,15,15
2026-04-18,1000000108,1000000108,1000000042,1000000108,1000000042,1000000108,1000000042,1,4.081632653061225E-3,83,83
2026-04-18,1000000108,1000000108,1000000043,1000000108,1000000043,1000000108,1000000043,1,4.081632653061225E-3,0,0
2026-04-18,1000000108,1000000108,1000000044,1000000108,1000000044,1000000108,1000000044,1,4.081632653061225E-3,82,82
2026-04-18,1000000108,1000000108,1000000045,1000000108,1000000045,1000000108,1000000045,3,1.2244897959183673E-2,0,0
2026-04-18,1000000108,1000000108,1000000064,1000000108,1000000064,1000000108,1000000064,2,8.16326530612245E-3,43,43
2026-04-18,1000000108,1000000108,1000000071,1000000108,1000000071,1000000108,1000000071,1,4.081632653061225E-3,12,12
2026-04-18,1000000108,1000000108,1000000083,1000000108,1000000083,1000000108,1000000083,1,4.081632653061225E-3,0,0
2026-04-18,1000000108,1000000108,1000000084,1000000108,1000000084,1000000108,1000000084,1,4.081632653061225E-3,0,0
2026-04-18,1000000108,1000000108,1000000087,1000000108,1000000087,1000000108,1000000087,1,4.081632653061225E-3,0,0
2026-04-18,1000000108,1000000108,1000000091,1000000108,1000000091,1000000108,1000000091,1,4.081632653061225E-3,0,0
2026-04-18,1000000108,1000000108,1000000092,1000000108,1000000092,1000000108,1000000092,2,8.16326530612245E-3,21,21
2026-04-18,1000000108,1000000108,1000000093,1000000108,1000000093,1000000108,1000000093,7,2.857142857142857E-2,9.142857142857142,9.142857142857142
2026-04-18,1000000108,1000000108,1000000094,1000000108,1000000094,1000000108,1000000094,3,1.2244897959183673E-2,5.666666666666667,5.666666666666667
2026-04-18,1000000108,1000000108,1000000108,1000000108,1000000108,1000000108,1000000108,24,9.795918367346938E-2,9.083333333333334,9.083333333333334
2026-04-18,1000000108,1000000108,1000000111,1000000108,1000000111,1000000108,1000000111,1,4.081632653061225E-3,0,0
2026-04-18,1000000108,1000000108,1000000112,1000000108,1000000112,1000000108,1000000112,1,4.081632653061225E-3,38,38
2026-04-18,1000000108,1000000108,1000000127,1000000108,1000000127,1000000108,1000000127,1,4.081632653061225E-3,0,0
2026-04-18,1000000110,1000000110,1000000027,1000000110,1000000027,1000000110,1000000027,1,1.36986301369863E-2,39,39
2026-04-18,1000000110,1000000110,1000000083,1000000110,1000000083,1000000110,1000000083,1,1.36986301369863E-2,2,2
2026-04-18,1000000110,1000000110,1000000093,1000000110,1000000093,1000000110,1000000093,1,1.36986301369863E-2,0,0
2026-04-18,1000000110,1000000110,1000000094,1000000110,1000000094,1000000110,1000000094,1,1.36986301369863E-2,0,0
2026-04-18,1000000110,1000000110,1000000108,1000000110,1000000108,1000000110,1000000108,1,1.36986301369863E-2,0,0
2026-04-18,1000000110,1000000110,1000000110,1000000110,1000000110,1000000110,1000000110,6,8.21917808219178E-2,3,3
2026-04-18,1000000110,1000000110,1000000112,1000000110,1000000112,1000000110,1000000112,1,1.36986301369863E-2,0,0
2026-04-18,1000000111,1000000111,1000000045,1000000111,1000000045,1000000111,1000000045,1,2.9585798816568047E-3,14,14
2026-04-18,1000000111,1000000111,1000000062,1000000111,1000000062,1000000111,1000000062,2,5.917159763313609E-3,1.5,1.5
2026-04-18,1000000111,1000000111,1000000064,1000000111,1000000064,1000000111,1000000064,8,2.3668639053254437E-2,16.5,16.5
2026-04-18,1000000111,1000000111,1000000066,1000000111,1000000066,1000000111,1000000066,1,2.9585798816568047E-3,0,0
2026-04-18,1000000111,1000000111,1000000084,1000000111,1000000084,1000000111,1000000084,1,2.9585798816568047E-3,17,17
2026-04-18,1000000111,1000000111,1000000085,1000000111,1000000085,1000000111,1000000085,1,2.9585798816568047E-3,0,0
2026-04-18,1000000111,1000000111,1000000086,1000000111,1000000086,1000000111,1000000086,1,2.9585798816568047E-3,73,73
2026-04-18,1000000111,1000000111,1000000087,1000000111,1000000087,1000000111,1000000087,1,2.9585798816568047E-3,3,3
2026-04-18,1000000111,1000000111,1000000088,1000000111,1000000088,1000000111,1000000088,2,5.917159763313609E-3,31,31
2026-04-18,1000000111,1000000111,1000000091,1000000111,1000000091,1000000111,1000000091,2,5.917159763313609E-3,15,15
2026-04-18,1000000111,1000000111,1000000092,1000000111,1000000092,1000000111,1000000092,1,2.9585798816568047E-3,0,0
2026-04-18,1000000111,1000000111,1000000093,1000000111,1000000093,1000000111,1000000093,10,2.9585798816568046E-2,10.1,10.1
2026-04-18,1000000111,1000000111,1000000094,1000000111,1000000094,1000000111,1000000094,1,2.9585798816568047E-3,0,0
2026-04-18,1000000111,1000000111,1000000108,1000000111,1000000108,1000000111,1000000108,1,2.9585798816568047E-3,0,0
2026-04-18,1000000111,1000000111,1000000110,1000000111,1000000110,1000000111,1000000110,2,5.917159763313609E-3,1,1
2026-04-18,1000000111,1000000111,1000000111,1000000111,1000000111,1000000111,1000000111,33,9.763313609467456E-2,7.424242424242424,7.424242424242424
2026-04-18,1000000111,1000000111,1000000112,1000000111,1000000112,1000000111,1000000112,1,2.9585798816568047E-3,0,0
2026-04-18,1000000111,1000000111,1000000113,1000000111,1000000113,1000000111,1000000113,1,2.9585798816568047E-3,0,0
2026-04-18,1000000111,1000000111,1000000156,1000000111,1000000156,1000000111,1000000156,1,2.9585798816568047E-3,41,41
2026-04-18,1000000112,1000000112,1000000042,1000000112,1000000042,1000000112,1000000042,1,1.0416666666666666E-2,1,1
2026-04-18,1000000112,1000000112,1000000043,1000000112,1000000043,1000000112,1000000043,1,1.0416666666666666E-2,66,66
2026-04-18,1000000112,1000000112,1000000044,1000000112,1000000044,1000000112,1000000044,1,1.0416666666666666E-2,82,82
2026-04-18,1000000112,1000000112,1000000045,1000000112,1000000045,1000000112,1000000045,1,1.0416666666666666E-2,0,0
2026-04-18,1000000112,1000000112,1000000064,1000000112,1000000064,1000000112,1000000064,2,2.0833333333333332E-2,54.5,54.5
2026-04-18,1000000112,1000000112,1000000086,1000000112,1000000086,1000000112,1000000086,1,1.0416666666666666E-2,0,0
2026-04-18,1000000112,1000000112,1000000088,1000000112,1000000088,1000000112,1000000088,2,2.0833333333333332E-2,2,2
2026-04-18,1000000112,1000000112,1000000089,1000000112,1000000089,1000000112,1000000089,1,1.0416666666666666E-2,0,0
2026-04-18,1000000112,1000000112,1000000093,1000000112,1000000093,1000000112,1000000093,1,1.0416666666666666E-2,0,0
2026-04-18,1000000112,1000000112,1000000110,1000000112,1000000110,1000000112,1000000110,1,1.0416666666666666E-2,0,0
2026-04-18,1000000112,1000000112,1000000112,1000000112,1000000112,1000000112,1000000112,3,3.125E-2,0,0
2026-04-18,1000000113,1000000113,1000000044,1000000113,1000000044,1000000113,1000000044,1,9.80392156862745E-3,0,0
2026-04-18,1000000113,1000000113,1000000045,1000000113,1000000045,1000000113,1000000045,2,1.96078431372549E-2,3,3
2026-04-18,1000000113,1000000113,1000000063,1000000113,1000000063,1000000113,1000000063,2,1.96078431372549E-2,3,3
2026-04-18,1000000113,1000000113,1000000064,1000000113,1000000064,1000000113,1000000064,3,2.9411764705882353E-2,11.666666666666666,11.666666666666666
2026-04-18,1000000113,1000000113,1000000085,1000000113,1000000085,1000000113,1000000085,1,9.80392156862745E-3,14,14
2026-04-18,1000000113,1000000113,1000000111,1000000113,1000000111,1000000113,1000000111,2,1.96078431372549E-2,5.0E-1,5.0E-1
2026-04-18,1000000113,1000000113,1000000113,1000000113,1000000113,1000000113,1000000113,8,7.84313725490196E-2,7.25,7.25
2026-04-18,1000000113,1000000113,1000000127,1000000113,1000000127,1000000113,1000000127,1,9.80392156862745E-3,0,0
2026-04-18,1000000121,1000000121,1000000035,1000000121,1000000035,1000000121,1000000035,1,5.434782608695652E-3,52,52
2026-04-18,1000000121,1000000121,1000000042,1000000121,1000000042,1000000121,1000000042,2,1.0869565217391304E-2,39.5,39.5
2026-04-18,1000000121,1000000121,1000000043,1000000121,1000000043,1000000121,1000000043,1,5.434782608695652E-3,16,16
2026-04-18,1000000121,1000000121,1000000044,1000000121,1000000044,1000000121,1000000044,1,5.434782608695652E-3,13,13
2026-04-18,1000000121,1000000121,1000000064,1000000121,1000000064,1000000121,1000000064,2,1.0869565217391304E-2,5.5,5.5
2026-04-18,1000000121,1000000121,1000000070,1000000121,1000000070,1000000121,1000000070,1,5.434782608695652E-3,8,8
2026-04-18,1000000121,1000000121,1000000086,1000000121,1000000086,1000000121,1000000086,2,1.0869565217391304E-2,35.5,35.5
2026-04-18,1000000121,1000000121,1000000087,1000000121,1000000087,1000000121,1000000087,1,5.434782608695652E-3,0,0
2026-04-18,1000000121,1000000121,1000000093,1000000121,1000000093,1000000121,1000000093,1,5.434782608695652E-3,24,24
2026-04-18,1000000121,1000000121,1000000111,1000000121,1000000111,1000000121,1000000111,1,5.434782608695652E-3,6,6
2026-04-18,1000000121,1000000121,1000000121,1000000121,1000000121,1000000121,1000000121,17,9.239130434782608E-2,8.588235294117647,8.588235294117647
2026-04-18,1000000127,1000000127,1000000045,1000000127,1000000045,1000000127,1000000045,2,8.19672131147541E-3,0,0
2026-04-18,1000000127,1000000127,1000000062,1000000127,1000000062,1000000127,1000000062,2,8.19672131147541E-3,0,0
2026-04-18,1000000127,1000000127,1000000063,1000000127,1000000063,1000000127,1000000063,1,4.098360655737705E-3,0,0
2026-04-18,1000000127,1000000127,1000000064,1000000127,1000000064,1000000127,1000000064,14,5.737704918032787E-2,23.285714285714285,23.285714285714285
2026-04-18,1000000127,1000000127,1000000084,1000000127,1000000084,1000000127,1000000084,1,4.098360655737705E-3,73,73
2026-04-18,1000000127,1000000127,1000000086,1000000127,1000000086,1000000127,1000000086,2,8.19672131147541E-3,18,18
2026-04-18,1000000127,1000000127,1000000090,1000000127,1000000090,1000000127,1000000090,1,4.098360655737705E-3,41,41
2026-04-18,1000000127,1000000127,1000000091,1000000127,1000000091,1000000127,1000000091,1,4.098360655737705E-3,0,0
2026-04-18,1000000127,1000000127,1000000093,1000000127,1000000093,1000000127,1000000093,1,4.098360655737705E-3,14,14
2026-04-18,1000000127,1000000127,1000000108,1000000127,1000000108,1000000127,1000000108,1,4.098360655737705E-3,0,0
2026-04-18,1000000127,1000000127,1000000111,1000000127,1000000111,1000000127,1000000111,1,4.098360655737705E-3,0,0
2026-04-18,1000000127,1000000127,1000000113,1000000127,1000000113,1000000127,1000000113,1,4.098360655737705E-3,0,0
2026-04-18,1000000127,1000000127,1000000127,1000000127,1000000127,1000000127,1000000127,2,8.19672131147541E-3,6,6
2026-04-18,1000000128,1000000128,1000000027,1000000128,1000000027,1000000128,1000000027,1,1.6129032258064516E-2,39,39
2026-04-18,1000000128,1000000128,1000000042,1000000128,1000000042,1000000128,1000000042,1,1.6129032258064516E-2,24,24
2026-04-18,1000000128,1000000128,1000000043,1000000128,1000000043,1000000128,1000000043,1,1.6129032258064516E-2,4,4
2026-04-18,1000000128,1000000128,1000000045,1000000128,1000000045,1000000128,1000000045,1,1.6129032258064516E-2,90,90
2026-04-18,1000000128,1000000128,1000000064,1000000128,1000000064,1000000128,1000000064,1,1.6129032258064516E-2,11,11
2026-04-18,1000000128,1000000128,1000000087,1000000128,1000000087,1000000128,1000000087,1,1.6129032258064516E-2,0,0
2026-04-18,1000000128,1000000128,1000000093,1000000128,1000000093,1000000128,1000000093,1,1.6129032258064516E-2,14,14
2026-04-18,1000000128,1000000128,1000000111,1000000128,1000000111,1000000128,1000000111,1,1.6129032258064516E-2,0,0
2026-04-18,1000000128,1000000128,1000000143,1000000128,1000000143,1000000128,1000000143,1,1.6129032258064516E-2,2,2
