date,i,j,co_order_cnt,rn
2026-04-06,1000000027,1000000028,1,12
2026-04-06,1000000027,1000000033,2,7
2026-04-06,1000000027,1000000035,3,4
2026-04-06,1000000027,1000000042,5,1
2026-04-06,1000000027,1000000043,4,2
2026-04-06,1000000027,1000000044,2,8
2026-04-06,1000000027,1000000045,3,5
2026-04-06,1000000027,1000000062,1,13
2026-04-06,1000000027,1000000063,1,14
2026-04-06,1000000027,1000000064,3,6
2026-04-06,1000000027,1000000065,2,9
2026-04-06,1000000027,1000000066,1,15
2026-04-06,1000000027,1000000069,1,16
2026-04-06,1000000027,1000000070,2,10
2026-04-06,1000000027,1000000071,4,3
2026-04-06,1000000027,1000000083,1,17
2026-04-06,1000000027,1000000085,1,18
2026-04-06,1000000027,1000000110,1,19
2026-04-06,1000000027,1000000112,1,20
2026-04-06,1000000027,1000000128,2,11
2026-04-06,1000000027,1000000144,1,21
2026-04-06,1000000028,1000000027,1,8
2026-04-06,1000000028,1000000035,1,9
2026-04-06,1000000028,1000000042,2,2
2026-04-06,1000000028,1000000043,1,10
2026-04-06,1000000028,1000000044,2,3
2026-04-06,1000000028,1000000045,2,4
2026-04-06,1000000028,1000000063,1,11
2026-04-06,1000000028,1000000064,2,5
2026-04-06,1000000028,1000000069,2,6
2026-04-06,1000000028,1000000070,1,12
2026-04-06,1000000028,1000000071,3,1
2026-04-06,1000000028,1000000072,1,13
2026-04-06,1000000028,1000000083,2,7
2026-04-06,1000000028,1000000087,1,14
2026-04-06,1000000028,1000000113,1,15
2026-04-06,1000000028,1000000121,1,16
2026-04-06,1000000033,1000000027,2,10
2026-04-06,1000000033,1000000035,12,1
2026-04-06,1000000033,1000000042,5,6
2026-04-06,1000000033,1000000043,9,2
2026-04-06,1000000033,1000000044,2,11
2026-04-06,1000000033,1000000045,7,3
2026-04-06,1000000033,1000000062,1,14
2026-04-06,1000000033,1000000063,1,15
2026-04-06,1000000033,1000000064,6,5
2026-04-06,1000000033,1000000065,3,9
2026-04-06,1000000033,1000000066,1,16
2026-04-06,1000000033,1000000070,1,17
2026-04-06,1000000033,1000000071,1,18
2026-04-06,1000000033,1000000083,7,4
2026-04-06,1000000033,1000000085,1,19
2026-04-06,1000000033,1000000087,2,12
2026-04-06,1000000033,1000000113,1,20
2026-04-06,1000000033,1000000121,5,7
2026-04-06,1000000033,1000000127,4,8
2026-04-06,1000000033,1000000128,1,21
2026-04-06,1000000033,1000000142,1,22
2026-04-06,1000000033,1000000144,2,13
2026-04-06,1000000035,1000000027,3,16
2026-04-06,1000000035,1000000028,1,20
2026-04-06,1000000035,1000000033,12,6
2026-04-06,1000000035,1000000042,16,2
2026-04-06,1000000035,1000000043,13,4
2026-04-06,1000000035,1000000044,10,7
2026-04-06,1000000035,1000000045,13,5
2026-04-06,1000000035,1000000062,7,10
2026-04-06,1000000035,1000000063,6,11
2026-04-06,1000000035,1000000064,21,1
2026-04-06,1000000035,1000000065,5,12
2026-04-06,1000000035,1000000066,8,8
2026-04-06,1000000035,1000000069,3,17
2026-04-06,1000000035,1000000071,1,21
2026-04-06,1000000035,1000000083,8,9
2026-04-06,1000000035,1000000086,1,22
2026-04-06,1000000035,1000000087,2,18
2026-04-06,1000000035,1000000088,5,13
2026-04-06,1000000035,1000000092,1,23
2026-04-06,1000000035,1000000093,4,15
2026-04-06,1000000035,1000000094,1,24
2026-04-06,1000000035,1000000108,1,25
2026-04-06,1000000035,1000000111,1,26
2026-04-06,1000000035,1000000112,1,27
2026-04-06,1000000035,1000000121,14,3
2026-04-06,1000000035,1000000127,5,14
2026-04-06,1000000035,1000000128,2,19
2026-04-06,1000000035,1000000142,1,28
2026-04-06,1000000035,1000000144,1,29
2026-04-06,1000000042,1000000027,5,17
2026-04-06,1000000042,1000000028,2,25
2026-04-06,1000000042,1000000033,5,18
2026-04-06,1000000042,1000000035,16,9
2026-04-06,1000000042,1000000043,60,3
2026-04-06,1000000042,1000000044,34,4
2026-04-06,1000000042,1000000045,77,2
2026-04-06,1000000042,1000000062,20,7
2026-04-06,1000000042,1000000063,28,5
2026-04-06,1000000042,1000000064,83,1
2026-04-06,1000000042,1000000065,10,12
2026-04-06,1000000042,1000000066,9,13
2026-04-06,1000000042,1000000069,12,11
2026-04-06,1000000042,1000000070,1,31
2026-04-06,1000000042,1000000071,9,14
2026-04-06,1000000042,1000000072,2,26
2026-04-06,1000000042,1000000083,14,10
2026-04-06,1000000042,1000000084,2,27
2026-04-06,1000000042,1000000085,3,20
2026-04-06,1000000042,1000000086,3,21
2026-04-06,1000000042,1000000087,3,22
2026-04-06,1000000042,1000000088,2,28
2026-04-06,1000000042,1000000090,2,29
2026-04-06,1000000042,1000000094,3,23
2026-04-06,1000000042,1000000110,1,32
2026-04-06,1000000042,1000000111,1,33
2026-04-06,1000000042,1000000112,2,30
2026-04-06,1000000042,1000000113,1,34
2026-04-06,1000000042,1000000121,20,8
2026-04-06,1000000042,1000000127,21,6
2026-04-06,1000000042,1000000128,6,16
2026-04-06,1000000042,1000000142,7,15
2026-04-06,1000000042,1000000143,4,19
2026-04-06,1000000042,1000000144,3,24
2026-04-06,1000000043,1000000027,4,20
2026-04-06,1000000043,1000000028,1,32
2026-04-06,1000000043,1000000033,9,13
2026-04-06,1000000043,1000000035,13,11
2026-04-06,1000000043,1000000042,60,3
2026-04-06,1000000043,1000000044,51,4
2026-04-06,1000000043,1000000045,86,2
2026-04-06,1000000043,1000000062,17,9
2026-04-06,1000000043,1000000063,31,5
2026-04-06,1000000043,1000000064,97,1
2026-04-06,1000000043,1000000065,10,12
2026-04-06,1000000043,1000000066,17,10
2026-04-06,1000000043,1000000069,18,8
2026-04-06,1000000043,1000000070,5,19
2026-04-06,1000000043,1000000071,7,17
2026-04-06,1000000043,1000000072,1,33
2026-04-06,1000000043,1000000083,8,14
2026-04-06,1000000043,1000000084,1,34
2026-04-06,1000000043,1000000085,2,26
2026-04-06,1000000043,1000000086,2,27
2026-04-06,1000000043,1000000087,8,15
2026-04-06,1000000043,1000000088,4,21
2026-04-06,1000000043,1000000090,3,23
2026-04-06,1000000043,1000000091,2,28
2026-04-06,1000000043,1000000092,1,35
2026-04-06,1000000043,1000000093,2,29
2026-04-06,1000000043,1000000094,1,36
2026-04-06,1000000043,1000000111,2,30
2026-04-06,1000000043,1000000112,3,24
2026-04-06,1000000043,1000000113,2,31
2026-04-06,1000000043,1000000121,20,7
2026-04-06,1000000043,1000000127,24,6
2026-04-06,1000000043,1000000128,8,16
2026-04-06,1000000043,1000000142,3,25
2026-04-06,1000000043,1000000143,7,18
2026-04-06,1000000043,1000000144,4,22
2026-04-06,1000000044,1000000027,2,19
2026-04-06,1000000044,1000000028,2,20
2026-04-06,1000000044,1000000033,2,21
2026-04-06,1000000044,1000000035,10,11
2026-04-06,1000000044,1000000042,34,4
2026-04-06,1000000044,1000000043,51,3
2026-04-06,1000000044,1000000045,71,2
2026-04-06,1000000044,1000000062,20,7
2026-04-06,1000000044,1000000063,26,5
2026-04-06,1000000044,1000000064,82,1
2026-04-06,1000000044,1000000065,7,12
2026-04-06,1000000044,1000000066,13,9
2026-04-06,1000000044,1000000069,17,8
2026-04-06,1000000044,1000000070,2,22
2026-04-06,1000000044,1000000071,6,13
2026-04-06,1000000044,1000000072,3,16
2026-04-06,1000000044,1000000083,2,23
2026-04-06,1000000044,1000000086,1,26
2026-04-06,1000000044,1000000087,1,27
2026-04-06,1000000044,1000000092,1,28
2026-04-06,1000000044,1000000093,3,17
2026-04-06,1000000044,1000000094,1,29
2026-04-06,1000000044,1000000110,2,24
2026-04-06,1000000044,1000000111,1,30
2026-04-06,1000000044,1000000121,13,10
2026-04-06,1000000044,1000000127,26,6
2026-04-06,1000000044,1000000128,6,14
2026-04-06,1000000044,1000000142,3,18
2026-04-06,1000000044,1000000143,2,25
2026-04-06,1000000044,1000000144,4,15
2026-04-06,1000000045,1000000027,3,26
2026-04-06,1000000045,1000000028,2,33
2026-04-06,1000000045,1000000033,7,15
2026-04-06,1000000045,1000000035,13,12
2026-04-06,1000000045,1000000042,77,3
2026-04-06,1000000045,1000000043,86,2
2026-04-06,1000000045,1000000044,71,4
2026-04-06,1000000045,1000000062,36,6
2026-04-06,1000000045,1000000063,51,5
2026-04-06,1000000045,1000000064,158,1
2026-04-06,1000000045,1000000065,9,14
2026-04-06,1000000045,1000000066,16,10
2026-04-06,1000000045,1000000069,27,8
2026-04-06,1000000045,1000000070,5,17
2026-04-06,1000000045,1000000071,5,18
2026-04-06,1000000045,1000000072,3,27
2026-04-06,1000000045,1000000083,11,13
2026-04-06,1000000045,1000000084,1,36
2026-04-06,1000000045,1000000085,4,22
2026-04-06,1000000045,1000000086,3,28
2026-04-06,1000000045,1000000087,2,34
2026-04-06,1000000045,1000000088,5,19
2026-04-06,1000000045,1000000089,1,37
2026-04-06,1000000045,1000000090,1,38
2026-04-06,1000000045,1000000091,3,29
2026-04-06,1000000045,1000000092,2,35
2026-04-06,1000000045,1000000093,4,23
2026-04-06,1000000045,1000000094,3,30
2026-04-06,1000000045,1000000108,5,20
2026-04-06,1000000045,1000000110,1,39
2026-04-06,1000000045,1000000111,3,31
2026-04-06,1000000045,1000000112,4,24
2026-04-06,1000000045,1000000113,3,32
2026-04-06,1000000045,1000000121,21,9
2026-04-06,1000000045,1000000127,33,7
2026-04-06,1000000045,1000000128,14,11
2026-04-06,1000000045,1000000142,6,16
2026-04-06,1000000045,1000000143,5,21
2026-04-06,1000000045,1000000144,4,25
2026-04-06,1000000062,1000000027,1,26
2026-04-06,1000000062,1000000033,1,27
2026-04-06,1000000062,1000000035,7,10
2026-04-06,1000000062,1000000042,20,5
2026-04-06,1000000062,1000000043,17,7
2026-04-06,1000000062,1000000044,20,6
2026-04-06,1000000062,1000000045,36,4
2026-04-06,1000000062,1000000063,87,1
2026-04-06,1000000062,1000000064,39,3
2026-04-06,1000000062,1000000065,9,9
2026-04-06,1000000062,1000000066,4,16
2026-04-06,1000000062,1000000069,7,11
2026-04-06,1000000062,1000000070,1,28
2026-04-06,1000000062,1000000071,3,17
2026-04-06,1000000062,1000000072,1,29
2026-04-06,1000000062,1000000083,11,8
2026-04-06,1000000062,1000000084,5,15
2026-04-06,1000000062,1000000085,3,18
2026-04-06,1000000062,1000000086,1,30
2026-04-06,1000000062,1000000087,2,22
2026-04-06,1000000062,1000000088,3,19
2026-04-06,1000000062,1000000089,1,31
2026-04-06,1000000062,1000000090,1,32
2026-04-06,1000000062,1000000091,2,23
2026-04-06,1000000062,1000000092,1,33
2026-04-06,1000000062,1000000093,2,24
2026-04-06,1000000062,1000000094,1,34
2026-04-06,1000000062,1000000108,1,35
2026-04-06,1000000062,1000000111,7,12
2026-04-06,1000000062,1000000113,1,36
2026-04-06,1000000062,1000000121,6,13
2026-04-06,1000000062,1000000127,62,2
2026-04-06,1000000062,1000000128,6,14
2026-04-06,1000000062,1000000142,3,20
2026-04-06,1000000062,1000000143,3,21
2026-04-06,1000000062,1000000144,2,25
2026-04-06,1000000063,1000000027,1,29
2026-04-06,1000000063,1000000028,1,30
2026-04-06,1000000063,1000000033,1,31
2026-04-06,1000000063,1000000035,6,14
2026-04-06,1000000063,1000000042,28,6
2026-04-06,1000000063,1000000043,31,5
2026-04-06,1000000063,1000000044,26,7
2026-04-06,1000000063,1000000045,51,3
2026-04-06,1000000063,1000000062,87,1
2026-04-06,1000000063,1000000064,38,4
2026-04-06,1000000063,1000000065,4,15
2026-04-06,1000000063,1000000066,12,8
2026-04-06,1000000063,1000000069,10,10
2026-04-06,1000000063,1000000070,3,19
2026-04-06,1000000063,1000000071,2,23
2026-04-06,1000000063,1000000072,1,32
2026-04-06,1000000063,1000000083,7,13
2026-04-06,1000000063,1000000084,3,20
2026-04-06,1000000063,1000000085,4,16
2026-04-06,1000000063,1000000086,2,24
2026-04-06,1000000063,1000000087,4,17
2026-04-06,1000000063,1000000088,3,21
2026-04-06,1000000063,1000000089,1,33
2026-04-06,1000000063,1000000090,3,22
2026-04-06,1000000063,1000000091,1,34
2026-04-06,1000000063,1000000092,1,35
2026-04-06,1000000063,1000000093,2,25
2026-04-06,1000000063,1000000094,1,36
2026-04-06,1000000063,1000000108,1,37
2026-04-06,1000000063,1000000110,2,26
2026-04-06,1000000063,1000000111,8,11
2026-04-06,1000000063,1000000112,1,38
2026-04-06,1000000063,1000000113,4,18
2026-04-06,1000000063,1000000121,11,9
2026-04-06,1000000063,1000000127,83,2
2026-04-06,1000000063,1000000128,8,12
2026-04-06,1000000063,1000000142,2,27
2026-04-06,1000000063,1000000143,1,39
2026-04-06,1000000063,1000000144,2,28
2026-04-06,1000000064,1000000027,3,34
2026-04-06,1000000064,1000000028,2,37
2026-04-06,1000000064,1000000033,6,31
2026-04-06,1000000064,1000000035,21,14
2026-04-06,1000000064,1000000042,83,4
2026-04-06,1000000064,1000000043,97,3
2026-04-06,1000000064,1000000044,82,5
2026-04-06,1000000064,1000000045,158,1
2026-04-06,1000000064,1000000062,39,9
2026-04-06,1000000064,1000000063,38,10
2026-04-06,1000000064,1000000065,22,13
2026-04-06,1000000064,1000000066,40,8
2026-04-06,1000000064,1000000069,58,6
2026-04-06,1000000064,1000000070,4,32
2026-04-06,1000000064,1000000071,11,24
2026-04-06,1000000064,1000000072,3,35
2026-04-06,1000000064,1000000083,15,19
2026-04-06,1000000064,1000000084,10,27
2026-04-06,1000000064,1000000085,15,20
2026-04-06,1000000064,1000000086,11,25
2026-04-06,1000000064,1000000087,19,17
2026-04-06,1000000064,1000000088,20,16
2026-04-06,1000000064,1000000089,2,38
2026-04-06,1000000064,1000000090,14,22
2026-04-06,1000000064,1000000091,21,15
2026-04-06,1000000064,1000000092,16,18
2026-04-06,1000000064,1000000093,42,7
2026-04-06,1000000064,1000000094,8,29
2026-04-06,1000000064,1000000108,4,33
2026-04-06,1000000064,1000000110,3,36
2026-04-06,1000000064,1000000111,12,23
2026-04-06,1000000064,1000000112,1,39
2026-04-06,1000000064,1000000113,9,28
2026-04-06,1000000064,1000000121,32,11
2026-04-06,1000000064,1000000127,135,2
2026-04-06,1000000064,1000000128,29,12
2026-04-06,1000000064,1000000142,11,26
2026-04-06,1000000064,1000000143,8,30
2026-04-06,1000000064,1000000144,15,21
2026-04-06,1000000065,1000000027,2,17
2026-04-06,1000000065,1000000033,3,13
2026-04-06,1000000065,1000000035,5,9
2026-04-06,1000000065,1000000042,10,3
2026-04-06,1000000065,1000000043,10,4
2026-04-06,1000000065,1000000044,7,7
2026-04-06,1000000065,1000000045,9,5
2026-04-06,1000000065,1000000062,9,6
2026-04-06,1000000065,1000000063,4,11
2026-04-06,1000000065,1000000064,22,1
2026-04-06,1000000065,1000000066,13,2
2026-04-06,1000000065,1000000069,4,12
2026-04-06,1000000065,1000000071,1,22
2026-04-06,1000000065,1000000083,2,18
2026-04-06,1000000065,1000000084,1,23
2026-04-06,1000000065,1000000085,2,19
2026-04-06,1000000065,1000000087,1,24
2026-04-06,1000000065,1000000110,1,25
2026-04-06,1000000065,1000000111,3,14
2026-04-06,1000000065,1000000112,1,26
2026-04-06,1000000065,1000000121,5,10
2026-04-06,1000000065,1000000127,2,20
2026-04-06,1000000065,1000000128,7,8
2026-04-06,1000000065,1000000142,2,21
2026-04-06,1000000065,1000000143,3,15
2026-04-06,1000000065,1000000144,3,16
2026-04-06,1000000066,1000000027,1,20
2026-04-06,1000000066,1000000033,1,21
2026-04-06,1000000066,1000000035,8,10
2026-04-06,1000000066,1000000042,9,9
2026-04-06,1000000066,1000000043,17,2
2026-04-06,1000000066,1000000044,13,4
2026-04-06,1000000066,1000000045,16,3
2026-04-06,1000000066,1000000062,4,14
2026-04-06,1000000066,1000000063,12,6
2026-04-06,1000000066,1000000064,40,1
2026-04-06,1000000066,1000000065,13,5
2026-04-06,1000000066,1000000069,11,7
2026-04-06,1000000066,1000000070,4,15
2026-04-06,1000000066,1000000072,1,22
2026-04-06,1000000066,1000000083,1,23
2026-04-06,1000000066,1000000084,2,17
2026-04-06,1000000066,1000000087,4,16
2026-04-06,1000000066,1000000088,1,24
2026-04-06,1000000066,1000000090,1,25
2026-04-06,1000000066,1000000093,2,18
2026-04-06,1000000066,1000000112,1,26
2026-04-06,1000000066,1000000121,5,12
2026-04-06,1000000066,1000000127,6,11
2026-04-06,1000000066,1000000128,10,8
2026-04-06,1000000066,1000000142,1,27
2026-04-06,1000000066,1000000143,2,19
2026-04-06,1000000066,1000000144,5,13
2026-04-06,1000000069,1000000027,1,22
2026-04-06,1000000069,1000000028,2,16
2026-04-06,1000000069,1000000035,3,14
2026-04-06,1000000069,1000000042,12,5
2026-04-06,1000000069,1000000043,18,3
2026-04-06,1000000069,1000000044,17,4
2026-04-06,1000000069,1000000045,27,2
2026-04-06,1000000069,1000000062,7,10
2026-04-06,1000000069,1000000063,10,7
2026-04-06,1000000069,1000000064,58,1
2026-04-06,1000000069,1000000065,4,13
2026-04-06,1000000069,1000000066,11,6
2026-04-06,1000000069,1000000070,1,23
2026-04-06,1000000069,1000000071,2,17
2026-04-06,1000000069,1000000083,6,11
2026-04-06,1000000069,1000000085,1,24
2026-04-06,1000000069,1000000087,1,25
2026-04-06,1000000069,1000000089,1,26
2026-04-06,1000000069,1000000090,1,27
2026-04-06,1000000069,1000000091,2,18
2026-04-06,1000000069,1000000092,2,19
2026-04-06,1000000069,1000000093,2,20
2026-04-06,1000000069,1000000094,1,28
2026-04-06,1000000069,1000000121,8,9
2026-04-06,1000000069,1000000127,9,8
2026-04-06,1000000069,1000000128,3,15
2026-04-06,1000000069,1000000142,2,21
2026-04-06,1000000069,1000000143,1,29
2026-04-06,1000000069,1000000144,5,12
2026-04-06,1000000070,1000000027,2,8
2026-04-06,1000000070,1000000028,1,11
2026-04-06,1000000070,1000000033,1,12
2026-04-06,1000000070,1000000042,1,13
2026-04-06,1000000070,1000000043,5,1
2026-04-06,1000000070,1000000044,2,9
2026-04-06,1000000070,1000000045,5,2
2026-04-06,1000000070,1000000062,1,14
2026-04-06,1000000070,1000000063,3,6
2026-04-06,1000000070,1000000064,4,4
2026-04-06,1000000070,1000000066,4,5
2026-04-06,1000000070,1000000069,1,15
2026-04-06,1000000070,1000000071,5,3
2026-04-06,1000000070,1000000072,3,7
2026-04-06,1000000070,1000000083,1,16
2026-04-06,1000000070,1000000110,1,17
2026-04-06,1000000070,1000000121,2,10
2026-04-06,1000000070,1000000128,1,18
2026-04-06,1000000071,1000000027,4,7
2026-04-06,1000000071,1000000028,3,10
2026-04-06,1000000071,1000000033,1,16
2026-04-06,1000000071,1000000035,1,17
2026-04-06,1000000071,1000000042,9,2
2026-04-06,1000000071,1000000043,7,3
2026-04-06,1000000071,1000000044,6,4
2026-04-06,1000000071,1000000045,5,5
2026-04-06,1000000071,1000000062,3,11
2026-04-06,1000000071,1000000063,2,12
2026-04-06,1000000071,1000000064,11,1
2026-04-06,1000000071,1000000065,1,18
2026-04-06,1000000071,1000000069,2,13
2026-04-06,1000000071,1000000070,5,6
2026-04-06,1000000071,1000000072,2,14
2026-04-06,1000000071,1000000083,4,8
2026-04-06,1000000071,1000000087,1,19
2026-04-06,1000000071,1000000088,1,20
2026-04-06,1000000071,1000000113,2,15
2026-04-06,1000000071,1000000127,4,9
2026-04-06,1000000071,1000000128,1,21
2026-04-06,1000000071,1000000142,1,22
2026-04-06,1000000072,1000000028,1,8
2026-04-06,1000000072,1000000042,2,5
2026-04-06,1000000072,1000000043,1,9
2026-04-06,1000000072,1000000044,3,1
2026-04-06,1000000072,1000000045,3,2
2026-04-06,1000000072,1000000062,1,10
2026-04-06,1000000072,1000000063,1,11
2026-04-06,1000000072,1000000064,3,3
2026-04-06,1000000072,1000000066,1,12
2026-04-06,1000000072,1000000070,3,4
2026-04-06,1000000072,1000000071,2,6
2026-04-06,1000000072,1000000083,1,13
2026-04-06,1000000072,1000000127,2,7
2026-04-06,1000000083,1000000027,1,22
2026-04-06,1000000083,1000000028,2,13
2026-04-06,1000000083,1000000033,7,8
2026-04-06,1000000083,1000000035,8,6
2026-04-06,1000000083,1000000042,14,2
2026-04-06,1000000083,1000000043,8,7
2026-04-06,1000000083,1000000044,2,14
2026-04-06,1000000083,1000000045,11,3
2026-04-06,1000000083,1000000062,11,4
2026-04-06,1000000083,1000000063,7,9
2026-04-06,1000000083,1000000064,15,1
2026-04-06,1000000083,1000000065,2,15
2026-04-06,1000000083,1000000066,1,23
2026-04-06,1000000083,1000000069,6,11
2026-04-06,1000000083,1000000070,1,24
2026-04-06,1000000083,1000000071,4,12
2026-04-06,1000000083,1000000072,1,25
2026-04-06,1000000083,1000000087,2,16
2026-04-06,1000000083,1000000088,2,17
2026-04-06,1000000083,1000000089,1,26
2026-04-06,1000000083,1000000090,2,18
2026-04-06,1000000083,1000000091,1,27
2026-04-06,1000000083,1000000093,1,28
2026-04-06,1000000083,1000000094,2,19
2026-04-06,1000000083,1000000108,2,20
2026-04-06,1000000083,1000000110,1,29
2026-04-06,1000000083,1000000112,1,30
2026-04-06,1000000083,1000000113,1,31
2026-04-06,1000000083,1000000121,7,10
2026-04-06,1000000083,1000000127,11,5
2026-04-06,1000000083,1000000128,2,21
2026-04-06,1000000083,1000000142,1,32
2026-04-06,1000000084,1000000042,2,13
2026-04-06,1000000084,1000000043,1,17
2026-04-06,1000000084,1000000045,1,18
2026-04-06,1000000084,1000000062,5,6
2026-04-06,1000000084,1000000063,3,10
2026-04-06,1000000084,1000000064,10,4
2026-04-06,1000000084,1000000065,1,19
2026-04-06,1000000084,1000000066,2,14
2026-04-06,1000000084,1000000085,15,1
2026-04-06,1000000084,1000000086,4,8
2026-04-06,1000000084,1000000087,15,2
2026-04-06,1000000084,1000000088,6,5
2026-04-06,1000000084,1000000090,11,3
2026-04-06,1000000084,1000000091,2,15
2026-04-06,1000000084,1000000092,2,16
2026-04-06,1000000084,1000000093,5,7
2026-04-06,1000000084,1000000094,1,20
2026-04-06,1000000084,1000000108,3,11
2026-04-06,1000000084,1000000110,3,12
2026-04-06,1000000084,1000000111,4,9
2026-04-06,1000000084,1000000113,1,21
2026-04-06,1000000084,1000000127,1,22
2026-04-06,1000000084,1000000128,1,23
2026-04-06,1000000084,1000000143,1,24
2026-04-06,1000000085,1000000027,1,23
2026-04-06,1000000085,1000000033,1,24
2026-04-06,1000000085,1000000042,3,14
2026-04-06,1000000085,1000000043,2,17
2026-04-06,1000000085,1000000045,4,10
2026-04-06,1000000085,1000000062,3,15
2026-04-06,1000000085,1000000063,4,11
2026-04-06,1000000085,1000000064,15,1
2026-04-06,1000000085,1000000065,2,18
2026-04-06,1000000085,1000000069,1,25
2026-04-06,1000000085,1000000084,15,2
2026-04-06,1000000085,1000000086,8,6
2026-04-06,1000000085,1000000087,8,7
2026-04-06,1000000085,1000000088,9,4
2026-04-06,1000000085,1000000089,2,19
2026-04-06,1000000085,1000000090,12,3
2026-04-06,1000000085,1000000091,9,5
2026-04-06,1000000085,1000000092,7,8
2026-04-06,1000000085,1000000093,6,9
2026-04-06,1000000085,1000000094,2,20
2026-04-06,1000000085,1000000095,1,26
2026-04-06,1000000085,1000000108,4,12
2026-04-06,1000000085,1000000110,1,27
2026-04-06,1000000085,1000000111,3,16
2026-04-06,1000000085,1000000112,1,28
2026-04-06,1000000085,1000000113,1,29
2026-04-06,1000000085,1000000121,2,21
2026-04-06,1000000085,1000000127,1,30
2026-04-06,1000000085,1000000128,1,31
2026-04-06,1000000085,1000000142,4,13
2026-04-06,1000000085,1000000144,2,22
2026-04-06,1000000086,1000000035,1,16
2026-04-06,1000000086,1000000042,3,7
2026-04-06,1000000086,1000000043,2,11
2026-04-06,1000000086,1000000044,1,17
2026-04-06,1000000086,1000000045,3,8
2026-04-06,1000000086,1000000062,1,18
2026-04-06,1000000086,1000000063,2,12
2026-04-06,1000000086,1000000064,11,1
2026-04-06,1000000086,1000000084,4,6
2026-04-06,1000000086,1000000085,8,3
2026-04-06,1000000086,1000000087,5,4
2026-04-06,1000000086,1000000088,11,2
2026-04-06,1000000086,1000000089,3,9
2026-04-06,1000000086,1000000090,2,13
2026-04-06,1000000086,1000000091,5,5
2026-04-06,1000000086,1000000092,3,10
2026-04-06,1000000086,1000000093,2,14
2026-04-06,1000000086,1000000094,2,15
2026-04-06,1000000086,1000000108,1,19
2026-04-06,1000000086,1000000111,1,20
2026-04-06,1000000086,1000000112,1,21
2026-04-06,1000000086,1000000127,1,22
2026-04-06,1000000086,1000000128,1,23
2026-04-06,1000000086,1000000143,1,24
2026-04-06,1000000086,1000000144,1,25
2026-04-06,1000000087,1000000028,1,28
2026-04-06,1000000087,1000000033,2,19
2026-04-06,1000000087,1000000035,2,20
2026-04-06,1000000087,1000000042,3,16
2026-04-06,1000000087,1000000043,8,6
2026-04-06,1000000087,1000000044,1,29
2026-04-06,1000000087,1000000045,2,21
2026-04-06,1000000087,1000000062,2,22
2026-04-06,1000000087,1000000063,4,11
2026-04-06,1000000087,1000000064,19,1
2026-04-06,1000000087,1000000065,1,30
2026-04-06,1000000087,1000000066,4,12
2026-04-06,1000000087,1000000069,1,31
2026-04-06,1000000087,1000000071,1,32
2026-04-06,1000000087,1000000083,2,23
2026-04-06,1000000087,1000000084,15,2
2026-04-06,1000000087,1000000085,8,7
2026-04-06,1000000087,1000000086,5,9
2026-04-06,1000000087,1000000088,12,3
2026-04-06,1000000087,1000000089,2,24
2026-04-06,1000000087,1000000090,9,5
2026-04-06,1000000087,1000000091,12,4
2026-04-06,1000000087,1000000092,4,13
2026-04-06,1000000087,1000000093,4,14
2026-04-06,1000000087,1000000094,1,33
2026-04-06,1000000087,1000000108,4,15
2026-04-06,1000000087,1000000110,2,25
2026-04-06,1000000087,1000000111,5,10
2026-04-06,1000000087,1000000112,1,34
2026-04-06,1000000087,1000000113,3,17
2026-04-06,1000000087,1000000121,6,8
2026-04-06,1000000087,1000000127,3,18
2026-04-06,1000000087,1000000128,2,26
2026-04-06,1000000087,1000000142,1,35
2026-04-06,1000000087,1000000143,1,36
2026-04-06,1000000087,1000000144,2,27
2026-04-06,1000000088,1000000035,5,8
2026-04-06,1000000088,1000000042,2,18
2026-04-06,1000000088,1000000043,4,10
2026-04-06,1000000088,1000000045,5,9
2026-04-06,1000000088,1000000062,3,13
2026-04-06,1000000088,1000000063,3,14
2026-04-06,1000000088,1000000064,20,1
2026-04-06,1000000088,1000000066,1,21
2026-04-06,1000000088,1000000071,1,22
2026-04-06,1000000088,1000000083,2,19
2026-04-06,1000000088,1000000084,6,6
2026-04-06,1000000088,1000000085,9,4
2026-04-06,1000000088,1000000086,11,3
2026-04-06,1000000088,1000000087,12,2
2026-04-06,1000000088,1000000089,4,11
2026-04-06,1000000088,1000000090,4,12
2026-04-06,1000000088,1000000091,9,5
2026-04-06,1000000088,1000000092,6,7
2026-04-06,1000000088,1000000093,3,15
2026-04-06,1000000088,1000000094,1,23
2026-04-06,1000000088,1000000110,1,24
2026-04-06,1000000088,1000000111,1,25
2026-04-06,1000000088,1000000112,2,20
2026-04-06,1000000088,1000000113,1,26
2026-04-06,1000000088,1000000121,3,16
2026-04-06,1000000088,1000000127,3,17
2026-04-06,1000000088,1000000128,1,27
2026-04-06,1000000088,1000000144,1,28
2026-04-06,1000000089,1000000045,1,8
2026-04-06,1000000089,1000000062,1,9
2026-04-06,1000000089,1000000063,1,10
2026-04-06,1000000089,1000000064,2,3
2026-04-06,1000000089,1000000069,1,11
2026-04-06,1000000089,1000000083,1,12
2026-04-06,1000000089,1000000085,2,4
2026-04-06,1000000089,1000000086,3,2
2026-04-06,1000000089,1000000087,2,5
2026-04-06,1000000089,1000000088,4,1
2026-04-06,1000000089,1000000091,1,13
2026-04-06,1000000089,1000000121,2,6
2026-04-06,1000000089,1000000127,1,14
2026-04-06,1000000089,1000000128,1,15
2026-04-06,1000000089,1000000144,2,7
2026-04-06,1000000090,1000000042,2,14
2026-04-06,1000000090,1000000043,3,12
2026-04-06,1000000090,1000000045,1,17
2026-04-06,1000000090,1000000062,1,18
2026-04-06,1000000090,1000000063,3,13
2026-04-06,1000000090,1000000064,14,2
2026-04-06,1000000090,1000000066,1,19
2026-04-06,1000000090,1000000069,1,20
2026-04-06,1000000090,1000000083,2,15
2026-04-06,1000000090,1000000084,11,4
2026-04-06,1000000090,1000000085,12,3
2026-04-06,1000000090,1000000086,2,16
2026-04-06,1000000090,1000000087,9,7
2026-04-06,1000000090,1000000088,4,9
2026-04-06,1000000090,1000000091,20,1
2026-04-06,1000000090,1000000092,7,8
2026-04-06,1000000090,1000000093,10,5
2026-04-06,1000000090,1000000094,4,10
2026-04-06,1000000090,1000000095,1,21
2026-04-06,1000000090,1000000108,10,6
2026-04-06,1000000090,1000000111,4,11
2026-04-06,1000000090,1000000112,1,22
2026-04-06,1000000090,1000000121,1,23
2026-04-06,1000000090,1000000127,1,24
2026-04-06,1000000090,1000000128,1,25
2026-04-06,1000000090,1000000144,1,26
2026-04-06,1000000091,1000000043,2,15
2026-04-06,1000000091,1000000045,3,13
2026-04-06,1000000091,1000000062,2,16
2026-04-06,1000000091,1000000063,1,21
2026-04-06,1000000091,1000000064,21,1
2026-04-06,1000000091,1000000069,2,17
2026-04-06,1000000091,1000000083,1,22
2026-04-06,1000000091,1000000084,2,18
2026-04-06,1000000091,1000000085,9,5
2026-04-06,1000000091,1000000086,5,9
2026-04-06,1000000091,1000000087,12,3
2026-04-06,1000000091,1000000088,9,6
2026-04-06,1000000091,1000000089,1,23
2026-04-06,1000000091,1000000090,20,2
2026-04-06,1000000091,1000000092,12,4
2026-04-06,1000000091,1000000093,9,7
2026-04-06,1000000091,1000000094,6,8
2026-04-06,1000000091,1000000108,4,11
2026-04-06,1000000091,1000000110,2,19
2026-04-06,1000000091,1000000111,5,10
2026-04-06,1000000091,1000000112,2,20
2026-04-06,1000000091,1000000113,3,14
2026-04-06,1000000091,1000000127,4,12
2026-04-06,1000000091,1000000144,1,24
2026-04-06,1000000092,1000000035,1,16
2026-04-06,1000000092,1000000043,1,17
2026-04-06,1000000092,1000000044,1,18
2026-04-06,1000000092,1000000045,2,11
2026-04-06,1000000092,1000000062,1,19
2026-04-06,1000000092,1000000063,1,20
2026-04-06,1000000092,1000000064,16,1
2026-04-06,1000000092,1000000069,2,12
2026-04-06,1000000092,1000000084,2,13
2026-04-06,1000000092,1000000085,7,3
2026-04-06,1000000092,1000000086,3,9
2026-04-06,1000000092,1000000087,4,7
2026-04-06,1000000092,1000000088,6,5
2026-04-06,1000000092,1000000090,7,4
2026-04-06,1000000092,1000000091,12,2
2026-04-06,1000000092,1000000093,5,6
2026-04-06,1000000092,1000000108,2,14
2026-04-06,1000000092,1000000111,4,8
2026-04-06,1000000092,1000000112,3,10
2026-04-06,1000000092,1000000113,1,21
2026-04-06,1000000092,1000000127,2,15
2026-04-06,1000000093,1000000035,4,11
2026-04-06,1000000093,1000000043,2,16
2026-04-06,1000000093,1000000044,3,14
2026-04-06,1000000093,1000000045,4,12
2026-04-06,1000000093,1000000062,2,17
2026-04-06,1000000093,1000000063,2,18
2026-04-06,1000000093,1000000064,42,1
2026-04-06,1000000093,1000000066,2,19
2026-04-06,1000000093,1000000069,2,20
2026-04-06,1000000093,1000000083,1,25
2026-04-06,1000000093,1000000084,5,8
2026-04-06,1000000093,1000000085,6,7
2026-04-06,1000000093,1000000086,2,21
2026-04-06,1000000093,1000000087,4,13
2026-04-06,1000000093,1000000088,3,15
2026-04-06,1000000093,1000000090,10,4
2026-04-06,1000000093,1000000091,9,5
2026-04-06,1000000093,1000000092,5,9
2026-04-06,1000000093,1000000094,5,10
2026-04-06,1000000093,1000000108,13,2
2026-04-06,1000000093,1000000110,1,26
2026-04-06,1000000093,1000000111,11,3
2026-04-06,1000000093,1000000112,2,22
2026-04-06,1000000093,1000000113,2,23
2026-04-06,1000000093,1000000121,1,27
2026-04-06,1000000093,1000000127,7,6
2026-04-06,1000000093,1000000128,1,28
2026-04-06,1000000093,1000000144,2,24
2026-04-06,1000000094,1000000035,1,14
2026-04-06,1000000094,1000000042,3,8
2026-04-06,1000000094,1000000043,1,15
2026-04-06,1000000094,1000000044,1,16
2026-04-06,1000000094,1000000045,3,9
2026-04-06,1000000094,1000000062,1,17
2026-04-06,1000000094,1000000063,1,18
2026-04-06,1000000094,1000000064,8,1
2026-04-06,1000000094,1000000069,1,19
2026-04-06,1000000094,1000000083,2,11
2026-04-06,1000000094,1000000084,1,20
2026-04-06,1000000094,1000000085,2,12
2026-04-06,1000000094,1000000086,2,13
2026-04-06,1000000094,1000000087,1,21
2026-04-06,1000000094,1000000088,1,22
2026-04-06,1000000094,1000000090,4,4
2026-04-06,1000000094,1000000091,6,2
2026-04-06,1000000094,1000000093,5,3
2026-04-06,1000000094,1000000095,1,23
2026-04-06,1000000094,1000000108,4,5
2026-04-06,1000000094,1000000110,4,6
2026-04-06,1000000094,1000000111,4,7
2026-04-06,1000000094,1000000112,3,10
2026-04-06,1000000094,1000000113,1,24
2026-04-06,1000000094,1000000121,1,25
2026-04-06,1000000094,1000000142,1,26
2026-04-06,1000000094,1000000143,1,27
2026-04-06,1000000094,1000000144,1,28
2026-04-06,1000000095,1000000085,1,2
2026-04-06,1000000095,1000000090,1,3
2026-04-06,1000000095,1000000094,1,4
2026-04-06,1000000095,1000000144,2,1
2026-04-06,1000000108,1000000035,1,14
2026-04-06,1000000108,1000000045,5,3
2026-04-06,1000000108,1000000062,1,15
2026-04-06,1000000108,1000000063,1,16
2026-04-06,1000000108,1000000064,4,4
2026-04-06,1000000108,1000000083,2,10
2026-04-06,1000000108,1000000084,3,9
2026-04-06,1000000108,1000000085,4,5
2026-04-06,1000000108,1000000086,1,17
2026-04-06,1000000108,1000000087,4,6
2026-04-06,1000000108,1000000090,10,2
2026-04-06,1000000108,1000000091,4,7
2026-04-06,1000000108,1000000092,2,11
2026-04-06,1000000108,1000000093,13,1
2026-04-06,1000000108,1000000094,4,8
2026-04-06,1000000108,1000000110,2,12
2026-04-06,1000000108,1000000112,2,13
2026-04-06,1000000108,1000000113,1,18
2026-04-06,1000000108,1000000127,1,19
2026-04-06,1000000108,1000000142,1,20
2026-04-06,1000000108,1000000144,1,21
2026-04-06,1000000110,1000000027,1,11
2026-04-06,1000000110,1000000042,1,12
2026-04-06,1000000110,1000000044,2,6
2026-04-06,1000000110,1000000045,1,13
2026-04-06,1000000110,1000000063,2,7
2026-04-06,1000000110,1000000064,3,4
2026-04-06,1000000110,1000000065,1,14
2026-04-06,1000000110,1000000070,1,15
2026-04-06,1000000110,1000000083,1,16
2026-04-06,1000000110,1000000084,3,5
2026-04-06,1000000110,1000000085,1,17
2026-04-06,1000000110,1000000087,2,8
2026-04-06,1000000110,1000000088,1,18
2026-04-06,1000000110,1000000091,2,9
2026-04-06,1000000110,1000000093,1,19
2026-04-06,1000000110,1000000094,4,1
2026-04-06,1000000110,1000000108,2,10
2026-04-06,1000000110,1000000111,4,2
2026-04-06,1000000110,1000000112,4,3
2026-04-06,1000000110,1000000128,1,20
2026-04-06,1000000110,1000000142,1,21
2026-04-06,1000000110,1000000143,1,22
2026-04-06,1000000111,1000000035,1,20
2026-04-06,1000000111,1000000042,1,21
2026-04-06,1000000111,1000000043,2,18
2026-04-06,1000000111,1000000044,1,22
2026-04-06,1000000111,1000000045,3,13
2026-04-06,1000000111,1000000062,7,4
2026-04-06,1000000111,1000000063,8,3
2026-04-06,1000000111,1000000064,12,1
2026-04-06,1000000111,1000000065,3,14
2026-04-06,1000000111,1000000084,4,8
2026-04-06,1000000111,1000000085,3,15
2026-04-06,1000000111,1000000086,1,23
2026-04-06,1000000111,1000000087,5,5
2026-04-06,1000000111,1000000088,1,24
2026-04-06,1000000111,1000000090,4,9
2026-04-06,1000000111,1000000091,5,6
2026-04-06,1000000111,1000000092,4,10
2026-04-06,1000000111,1000000093,11,2
2026-04-06,1000000111,1000000094,4,11
2026-04-06,1000000111,1000000110,4,12
2026-04-06,1000000111,1000000112,2,19
2026-04-06,1000000111,1000000113,3,16
2026-04-06,1000000111,1000000121,1,25
2026-04-06,1000000111,1000000127,5,7
2026-04-06,1000000111,1000000144,3,17
2026-04-06,1000000112,1000000027,1,13
2026-04-06,1000000112,1000000035,1,14
2026-04-06,1000000112,1000000042,2,7
2026-04-06,1000000112,1000000043,3,4
2026-04-06,1000000112,1000000045,4,2
2026-04-06,1000000112,1000000063,1,15
2026-04-06,1000000112,1000000064,1,16
2026-04-06,1000000112,1000000065,1,17
2026-04-06,1000000112,1000000066,1,18
2026-04-06,1000000112,1000000083,1,19
2026-04-06,1000000112,1000000085,1,20
2026-04-06,1000000112,1000000086,1,21
2026-04-06,1000000112,1000000087,1,22
2026-04-06,1000000112,1000000088,2,8
2026-04-06,1000000112,1000000090,1,23
2026-04-06,1000000112,1000000091,2,9
2026-04-06,1000000112,1000000092,3,5
2026-04-06,1000000112,1000000093,2,10
2026-04-06,1000000112,1000000094,3,6
2026-04-06,1000000112,1000000108,2,11
2026-04-06,1000000112,1000000110,4,3
2026-04-06,1000000112,1000000111,2,12
2026-04-06,1000000112,1000000113,5,1
2026-04-06,1000000112,1000000121,1,24
2026-04-06,1000000112,1000000127,1,25
2026-04-06,1000000112,1000000144,1,26
2026-04-06,1000000113,1000000028,1,11
2026-04-06,1000000113,1000000033,1,12
2026-04-06,1000000113,1000000042,1,13
2026-04-06,1000000113,1000000043,2,8
2026-04-06,1000000113,1000000045,3,4
2026-04-06,1000000113,1000000062,1,14
2026-04-06,1000000113,1000000063,4,3
2026-04-06,1000000113,1000000064,9,1
2026-04-06,1000000113,1000000071,2,9
2026-04-06,1000000113,1000000083,1,15
2026-04-06,1000000113,1000000084,1,16
2026-04-06,1000000113,1000000085,1,17
2026-04-06,1000000113,1000000087,3,5
2026-04-06,1000000113,1000000088,1,18
2026-04-06,1000000113,1000000091,3,6
2026-04-06,1000000113,1000000092,1,19
2026-04-06,1000000113,1000000093,2,10
2026-04-06,1000000113,1000000094,1,20
2026-04-06,1000000113,1000000108,1,21
2026-04-06,1000000113,1000000111,3,7
2026-04-06,1000000113,1000000112,5,2
2026-04-06,1000000113,1000000121,1,22
2026-04-06,1000000113,1000000128,1,23
2026-04-06,1000000121,1000000028,1,24
2026-04-06,1000000121,1000000033,5,13
2026-04-06,1000000121,1000000035,14,5
2026-04-06,1000000121,1000000042,20,3
2026-04-06,1000000121,1000000043,20,4
2026-04-06,1000000121,1000000044,13,6
2026-04-06,1000000121,1000000045,21,2
2026-04-06,1000000121,1000000062,6,11
2026-04-06,1000000121,1000000063,11,7
2026-04-06,1000000121,1000000064,32,1
2026-04-06,1000000121,1000000065,5,14
2026-04-06,1000000121,1000000066,5,15
2026-04-06,1000000121,1000000069,8,8
2026-04-06,1000000121,1000000070,2,19
2026-04-06,1000000121,1000000083,7,9
2026-04-06,1000000121,1000000085,2,20
2026-04-06,1000000121,1000000087,6,12
2026-04-06,1000000121,1000000088,3,17
2026-04-06,1000000121,1000000089,2,21
2026-04-06,1000000121,1000000090,1,25
2026-04-06,1000000121,1000000093,1,26
2026-04-06,1000000121,1000000094,1,27
2026-04-06,1000000121,1000000111,1,28
2026-04-06,1000000121,1000000112,1,29
2026-04-06,1000000121,1000000113,1,30
2026-04-06,1000000121,1000000127,7,10
2026-04-06,1000000121,1000000128,4,16
2026-04-06,1000000121,1000000142,2,22
2026-04-06,1000000121,1000000143,3,18
2026-04-06,1000000121,1000000144,2,23
2026-04-06,1000000127,1000000033,4,17
2026-04-06,1000000127,1000000035,5,15
2026-04-06,1000000127,1000000042,21,7
2026-04-06,1000000127,1000000043,24,6
2026-04-06,1000000127,1000000044,26,5
2026-04-06,1000000127,1000000045,33,4
2026-04-06,1000000127,1000000062,62,3
2026-04-06,1000000127,1000000063,83,2
2026-04-06,1000000127,1000000064,135,1
2026-04-06,1000000127,1000000065,2,23
2026-04-06,1000000127,1000000066,6,13
2026-04-06,1000000127,1000000069,9,9
2026-04-06,1000000127,1000000071,4,18
2026-04-06,1000000127,1000000072,2,24
2026-04-06,1000000127,1000000083,11,8
2026-04-06,1000000127,1000000084,1,26
2026-04-06,1000000127,1000000085,1,27
2026-04-06,1000000127,1000000086,1,28
2026-04-06,1000000127,1000000087,3,20
2026-04-06,1000000127,1000000088,3,21
2026-04-06,1000000127,1000000089,1,29
2026-04-06,1000000127,1000000090,1,30
2026-04-06,1000000127,1000000091,4,19
2026-04-06,1000000127,1000000092,2,25
2026-04-06,1000000127,1000000093,7,10
2026-04-06,1000000127,1000000108,1,31
2026-04-06,1000000127,1000000111,5,16
2026-04-06,1000000127,1000000112,1,32
2026-04-06,1000000127,1000000121,7,11
2026-04-06,1000000127,1000000128,7,12
2026-04-06,1000000127,1000000142,6,14
2026-04-06,1000000127,1000000144,3,22
2026-04-06,1000000128,1000000027,2,15
2026-04-06,1000000128,1000000033,1,19
2026-04-06,1000000128,1000000035,2,16
2026-04-06,1000000128,1000000042,6,8
2026-04-06,1000000128,1000000043,8,4
2026-04-06,1000000128,1000000044,6,9
2026-04-06,1000000128,1000000045,14,2
2026-04-06,1000000128,1000000062,6,10
2026-04-06,1000000128,1000000063,8,5
2026-04-06,1000000128,1000000064,29,1
2026-04-06,1000000128,1000000065,7,6
2026-04-06,1000000128,1000000066,10,3
2026-04-06,1000000128,1000000069,3,13
2026-04-06,1000000128,1000000070,1,20
2026-04-06,1000000128,1000000071,1,21
2026-04-06,1000000128,1000000083,2,17
2026-04-06,1000000128,1000000084,1,22
2026-04-06,1000000128,1000000085,1,23
2026-04-06,1000000128,1000000086,1,24
2026-04-06,1000000128,1000000087,2,18
2026-04-06,1000000128,1000000088,1,25
2026-04-06,1000000128,1000000089,1,26
2026-04-06,1000000128,1000000090,1,27
2026-04-06,1000000128,1000000093,1,28
2026-04-06,1000000128,1000000110,1,29
2026-04-06,1000000128,1000000113,1,30
2026-04-06,1000000128,1000000121,4,12
2026-04-06,1000000128,1000000127,7,7
2026-04-06,1000000128,1000000142,3,14
2026-04-06,1000000128,1000000143,1,31
2026-04-06,1000000128,1000000144,5,11
2026-04-06,1000000142,1000000033,1,16
2026-04-06,1000000142,1000000035,1,17
2026-04-06,1000000142,1000000042,7,2
2026-04-06,1000000142,1000000043,3,7
2026-04-06,1000000142,1000000044,3,8
2026-04-06,1000000142,1000000045,6,3
2026-04-06,1000000142,1000000062,3,9
2026-04-06,1000000142,1000000063,2,11
2026-04-06,1000000142,1000000064,11,1
2026-04-06,1000000142,1000000065,2,12
2026-04-06,1000000142,1000000066,1,18
2026-04-06,1000000142,1000000069,2,13
2026-04-06,1000000142,1000000071,1,19
2026-04-06,1000000142,1000000083,1,20
2026-04-06,1000000142,1000000085,4,6
2026-04-06,1000000142,1000000087,1,21
2026-04-06,1000000142,1000000094,1,22
2026-04-06,1000000142,1000000108,1,23
2026-04-06,1000000142,1000000110,1,24
2026-04-06,1000000142,1000000121,2,14
2026-04-06,1000000142,1000000127,6,4
2026-04-06,1000000142,1000000128,3,10
2026-04-06,1000000142,1000000143,2,15
2026-04-06,1000000142,1000000144,5,5
2026-04-06,1000000143,1000000042,4,4
2026-04-06,1000000143,1000000043,7,2
2026-04-06,1000000143,1000000044,2,8
2026-04-06,1000000143,1000000045,5,3
2026-04-06,1000000143,1000000062,3,5
2026-04-06,1000000143,1000000063,1,12
2026-04-06,1000000143,1000000064,8,1
2026-04-06,1000000143,1000000065,3,6
2026-04-06,1000000143,1000000066,2,9
2026-04-06,1000000143,1000000069,1,13
2026-04-06,1000000143,1000000084,1,14
2026-04-06,1000000143,1000000086,1,15
2026-04-06,1000000143,1000000087,1,16
2026-04-06,1000000143,1000000094,1,17
2026-04-06,1000000143,1000000110,1,18
2026-04-06,1000000143,1000000121,3,7
2026-04-06,1000000143,1000000128,1,19
2026-04-06,1000000143,1000000142,2,10
2026-04-06,1000000143,1000000144,2,11
2026-04-06,1000000144,1000000027,1,23
2026-04-06,1000000144,1000000033,2,13
2026-04-06,1000000144,1000000035,1,24
2026-04-06,1000000144,1000000042,3,9
2026-04-06,1000000144,1000000043,4,6
2026-04-06,1000000144,1000000044,4,7
2026-04-06,1000000144,1000000045,4,8
2026-04-06,1000000144,1000000062,2,14
2026-04-06,1000000144,1000000063,2,15
2026-04-06,1000000144,1000000064,15,1
2026-04-06,1000000144,1000000065,3,10
2026-04-06,1000000144,1000000066,5,2
2026-04-06,1000000144,1000000069,5,3
2026-04-06,1000000144,1000000085,2,16
2026-04-06,1000000144,1000000086,1,25
2026-04-06,1000000144,1000000087,2,17
2026-04-06,1000000144,1000000088,1,26
2026-04-06,1000000144,1000000089,2,18
2026-04-06,1000000144,1000000090,1,27
2026-04-06,1000000144,1000000091,1,28
2026-04-06,1000000144,1000000093,2,19
2026-04-06,1000000144,1000000094,1,29
2026-04-06,1000000144,1000000095,2,20
2026-04-06,1000000144,1000000108,1,30
2026-04-06,1000000144,1000000111,3,11
2026-04-06,1000000144,1000000112,1,31
2026-04-06,1000000144,1000000121,2,21
2026-04-06,1000000144,1000000127,3,12
2026-04-06,1000000144,1000000128,5,4
2026-04-06,1000000144,1000000142,5,5
2026-04-06,1000000144,1000000143,2,22
2026-04-06,1000000153,1000000154,4,2
2026-04-06,1000000153,1000000156,18,1
2026-04-06,1000000154,1000000153,4,1
2026-04-06,1000000156,1000000153,18,1
2026-04-07,1000000027,1000000028,1,12
2026-04-07,1000000027,1000000033,2,7
2026-04-07,1000000027,1000000035,3,4
2026-04-07,1000000027,1000000042,5,1
2026-04-07,1000000027,1000000043,4,2
2026-04-07,1000000027,1000000044,2,8
2026-04-07,1000000027,1000000045,3,5
2026-04-07,1000000027,1000000062,1,13
2026-04-07,1000000027,1000000063,1,14
2026-04-07,1000000027,1000000064,3,6
2026-04-07,1000000027,1000000065,2,9
2026-04-07,1000000027,1000000066,1,15
2026-04-07,1000000027,1000000069,1,16
2026-04-07,1000000027,1000000070,2,10
2026-04-07,1000000027,1000000071,4,3
2026-04-07,1000000027,1000000083,1,17
2026-04-07,1000000027,1000000085,1,18
2026-04-07,1000000027,1000000110,1,19
2026-04-07,1000000027,1000000112,1,20
2026-04-07,1000000027,1000000128,2,11
2026-04-07,1000000027,1000000144,1,21
2026-04-07,1000000028,1000000027,1,8
2026-04-07,1000000028,1000000035,1,9
2026-04-07,1000000028,1000000042,2,2
2026-04-07,1000000028,1000000043,1,10
2026-04-07,1000000028,1000000044,2,3
2026-04-07,1000000028,1000000045,2,4
2026-04-07,1000000028,1000000063,1,11
2026-04-07,1000000028,1000000064,2,5
2026-04-07,1000000028,1000000069,2,6
2026-04-07,1000000028,1000000070,1,12
2026-04-07,1000000028,1000000071,3,1
2026-04-07,1000000028,1000000072,1,13
2026-04-07,1000000028,1000000083,2,7
2026-04-07,1000000028,1000000087,1,14
2026-04-07,1000000028,1000000113,1,15
2026-04-07,1000000028,1000000121,1,16
2026-04-07,1000000033,1000000027,2,10
2026-04-07,1000000033,1000000035,12,1
2026-04-07,1000000033,1000000042,5,6
2026-04-07,1000000033,1000000043,9,2
2026-04-07,1000000033,1000000044,2,11
2026-04-07,1000000033,1000000045,7,3
2026-04-07,1000000033,1000000062,1,14
2026-04-07,1000000033,1000000063,1,15
2026-04-07,1000000033,1000000064,6,5
2026-04-07,1000000033,1000000065,3,9
2026-04-07,1000000033,1000000066,1,16
2026-04-07,1000000033,1000000070,1,17
2026-04-07,1000000033,1000000071,1,18
2026-04-07,1000000033,1000000083,7,4
2026-04-07,1000000033,1000000085,1,19
2026-04-07,1000000033,1000000087,2,12
2026-04-07,1000000033,1000000113,1,20
2026-04-07,1000000033,1000000121,5,7
2026-04-07,1000000033,1000000127,4,8
2026-04-07,1000000033,1000000128,1,21
2026-04-07,1000000033,1000000142,1,22
2026-04-07,1000000033,1000000144,2,13
2026-04-07,1000000035,1000000027,3,16
2026-04-07,1000000035,1000000028,1,20
2026-04-07,1000000035,1000000033,12,6
2026-04-07,1000000035,1000000042,16,2
2026-04-07,1000000035,1000000043,13,4
2026-04-07,1000000035,1000000044,10,7
2026-04-07,1000000035,1000000045,13,5
2026-04-07,1000000035,1000000062,7,10
2026-04-07,1000000035,1000000063,6,11
2026-04-07,1000000035,1000000064,21,1
2026-04-07,1000000035,1000000065,5,12
2026-04-07,1000000035,1000000066,8,8
2026-04-07,1000000035,1000000069,3,17
2026-04-07,1000000035,1000000071,1,21
2026-04-07,1000000035,1000000083,8,9
2026-04-07,1000000035,1000000086,1,22
2026-04-07,1000000035,1000000087,2,18
2026-04-07,1000000035,1000000088,5,13
2026-04-07,1000000035,1000000092,1,23
2026-04-07,1000000035,1000000093,4,15
2026-04-07,1000000035,1000000094,1,24
2026-04-07,1000000035,1000000108,1,25
2026-04-07,1000000035,1000000111,1,26
2026-04-07,1000000035,1000000112,1,27
2026-04-07,1000000035,1000000121,14,3
2026-04-07,1000000035,1000000127,5,14
2026-04-07,1000000035,1000000128,2,19
2026-04-07,1000000035,1000000142,1,28
2026-04-07,1000000035,1000000144,1,29
2026-04-07,1000000042,1000000027,5,17
2026-04-07,1000000042,1000000028,2,25
2026-04-07,1000000042,1000000033,5,18
2026-04-07,1000000042,1000000035,16,9
2026-04-07,1000000042,1000000043,60,3
2026-04-07,1000000042,1000000044,34,4
2026-04-07,1000000042,1000000045,77,2
2026-04-07,1000000042,1000000062,20,8
2026-04-07,1000000042,1000000063,27,5
2026-04-07,1000000042,1000000064,84,1
2026-04-07,1000000042,1000000065,10,12
2026-04-07,1000000042,1000000066,9,13
2026-04-07,1000000042,1000000069,12,11
2026-04-07,1000000042,1000000070,1,31
2026-04-07,1000000042,1000000071,9,14
2026-04-07,1000000042,1000000072,2,26
2026-04-07,1000000042,1000000083,14,10
2026-04-07,1000000042,1000000084,2,27
2026-04-07,1000000042,1000000085,3,20
2026-04-07,1000000042,1000000086,3,21
2026-04-07,1000000042,1000000087,3,22
2026-04-07,1000000042,1000000088,2,28
2026-04-07,1000000042,1000000090,2,29
2026-04-07,1000000042,1000000094,3,23
2026-04-07,1000000042,1000000110,1,32
2026-04-07,1000000042,1000000111,1,33
2026-04-07,1000000042,1000000112,2,30
2026-04-07,1000000042,1000000113,1,34
2026-04-07,1000000042,1000000121,21,6
2026-04-07,1000000042,1000000127,21,7
2026-04-07,1000000042,1000000128,6,16
2026-04-07,1000000042,1000000142,7,15
2026-04-07,1000000042,1000000143,4,19
2026-04-07,1000000042,1000000144,3,24
2026-04-07,1000000043,1000000027,4,20
2026-04-07,1000000043,1000000028,1,32
2026-04-07,1000000043,1000000033,9,13
2026-04-07,1000000043,1000000035,13,11
2026-04-07,1000000043,1000000042,60,3
2026-04-07,1000000043,1000000044,51,4
2026-04-07,1000000043,1000000045,86,2
2026-04-07,1000000043,1000000062,17,9
2026-04-07,1000000043,1000000063,31,5
2026-04-07,1000000043,1000000064,97,1
2026-04-07,1000000043,1000000065,10,12
2026-04-07,1000000043,1000000066,17,10
2026-04-07,1000000043,1000000069,18,8
2026-04-07,1000000043,1000000070,5,19
2026-04-07,1000000043,1000000071,7,17
2026-04-07,1000000043,1000000072,1,33
2026-04-07,1000000043,1000000083,8,14
2026-04-07,1000000043,1000000084,1,34
2026-04-07,1000000043,1000000085,2,26
2026-04-07,1000000043,1000000086,2,27
2026-04-07,1000000043,1000000087,8,15
2026-04-07,1000000043,1000000088,4,21
2026-04-07,1000000043,1000000090,3,23
2026-04-07,1000000043,1000000091,2,28
2026-04-07,1000000043,1000000092,1,35
2026-04-07,1000000043,1000000093,2,29
2026-04-07,1000000043,1000000094,1,36
2026-04-07,1000000043,1000000111,2,30
2026-04-07,1000000043,1000000112,3,24
2026-04-07,1000000043,1000000113,2,31
2026-04-07,1000000043,1000000121,20,7
2026-04-07,1000000043,1000000127,24,6
2026-04-07,1000000043,1000000128,8,16
2026-04-07,1000000043,1000000142,3,25
2026-04-07,1000000043,1000000143,7,18
2026-04-07,1000000043,1000000144,4,22
2026-04-07,1000000044,1000000027,2,19
2026-04-07,1000000044,1000000028,2,20
2026-04-07,1000000044,1000000033,2,21
2026-04-07,1000000044,1000000035,10,11
2026-04-07,1000000044,1000000042,34,4
2026-04-07,1000000044,1000000043,51,3
2026-04-07,1000000044,1000000045,71,2
2026-04-07,1000000044,1000000062,20,7
2026-04-07,1000000044,1000000063,26,5
2026-04-07,1000000044,1000000064,82,1
2026-04-07,1000000044,1000000065,7,12
2026-04-07,1000000044,1000000066,13,9
2026-04-07,1000000044,1000000069,17,8
2026-04-07,1000000044,1000000070,2,22
2026-04-07,1000000044,1000000071,6,13
2026-04-07,1000000044,1000000072,3,16
2026-04-07,1000000044,1000000083,2,23
2026-04-07,1000000044,1000000086,1,26
2026-04-07,1000000044,1000000087,1,27
2026-04-07,1000000044,1000000092,1,28
2026-04-07,1000000044,1000000093,3,17
2026-04-07,1000000044,1000000094,1,29
2026-04-07,1000000044,1000000110,2,24
2026-04-07,1000000044,1000000111,1,30
2026-04-07,1000000044,1000000121,13,10
2026-04-07,1000000044,1000000127,26,6
2026-04-07,1000000044,1000000128,6,14
2026-04-07,1000000044,1000000142,3,18
2026-04-07,1000000044,1000000143,2,25
2026-04-07,1000000044,1000000144,4,15
2026-04-07,1000000045,1000000027,3,26
2026-04-07,1000000045,1000000028,2,33
2026-04-07,1000000045,1000000033,7,15
2026-04-07,1000000045,1000000035,13,12
2026-04-07,1000000045,1000000042,77,3
2026-04-07,1000000045,1000000043,86,2
2026-04-07,1000000045,1000000044,71,4
2026-04-07,1000000045,1000000062,36,6
2026-04-07,1000000045,1000000063,50,5
2026-04-07,1000000045,1000000064,159,1
2026-04-07,1000000045,1000000065,9,14
2026-04-07,1000000045,1000000066,16,10
2026-04-07,1000000045,1000000069,27,8
2026-04-07,1000000045,1000000070,5,17
2026-04-07,1000000045,1000000071,5,18
2026-04-07,1000000045,1000000072,3,27
2026-04-07,1000000045,1000000083,11,13
2026-04-07,1000000045,1000000084,1,36
2026-04-07,1000000045,1000000085,4,22
2026-04-07,1000000045,1000000086,3,28
2026-04-07,1000000045,1000000087,2,34
2026-04-07,1000000045,1000000088,5,19
2026-04-07,1000000045,1000000089,1,37
2026-04-07,1000000045,1000000090,1,38
2026-04-07,1000000045,1000000091,3,29
2026-04-07,1000000045,1000000092,2,35
2026-04-07,1000000045,1000000093,4,23
2026-04-07,1000000045,1000000094,3,30
2026-04-07,1000000045,1000000108,5,20
2026-04-07,1000000045,1000000110,1,39
2026-04-07,1000000045,1000000111,3,31
2026-04-07,1000000045,1000000112,4,24
2026-04-07,1000000045,1000000113,3,32
2026-04-07,1000000045,1000000121,21,9
2026-04-07,1000000045,1000000127,33,7
2026-04-07,1000000045,1000000128,14,11
2026-04-07,1000000045,1000000142,6,16
2026-04-07,1000000045,1000000143,5,21
2026-04-07,1000000045,1000000144,4,25
2026-04-07,1000000062,1000000027,1,26
2026-04-07,1000000062,1000000033,1,27
2026-04-07,1000000062,1000000035,7,10
2026-04-07,1000000062,1000000042,20,5
2026-04-07,1000000062,1000000043,17,7
2026-04-07,1000000062,1000000044,20,6
2026-04-07,1000000062,1000000045,36,4
2026-04-07,1000000062,1000000063,88,1
2026-04-07,1000000062,1000000064,39,3
2026-04-07,1000000062,1000000065,9,9
2026-04-07,1000000062,1000000066,4,16
2026-04-07,1000000062,1000000069,7,11
2026-04-07,1000000062,1000000070,1,28
2026-04-07,1000000062,1000000071,3,17
2026-04-07,1000000062,1000000072,1,29
2026-04-07,1000000062,1000000083,11,8
2026-04-07,1000000062,1000000084,5,15
2026-04-07,1000000062,1000000085,3,18
2026-04-07,1000000062,1000000086,1,30
2026-04-07,1000000062,1000000087,2,22
2026-04-07,1000000062,1000000088,3,19
2026-04-07,1000000062,1000000089,1,31
2026-04-07,1000000062,1000000090,1,32
2026-04-07,1000000062,1000000091,2,23
2026-04-07,1000000062,1000000092,1,33
2026-04-07,1000000062,1000000093,2,24
2026-04-07,1000000062,1000000094,1,34
2026-04-07,1000000062,1000000108,1,35
2026-04-07,1000000062,1000000111,7,12
2026-04-07,1000000062,1000000113,1,36
2026-04-07,1000000062,1000000121,6,13
2026-04-07,1000000062,1000000127,62,2
2026-04-07,1000000062,1000000128,6,14
2026-04-07,1000000062,1000000142,3,20
2026-04-07,1000000062,1000000143,3,21
2026-04-07,1000000062,1000000144,2,25
2026-04-07,1000000063,1000000027,1,29
2026-04-07,1000000063,1000000028,1,30
2026-04-07,1000000063,1000000033,1,31
2026-04-07,1000000063,1000000035,6,14
2026-04-07,1000000063,1000000042,27,6
2026-04-07,1000000063,1000000043,31,5
2026-04-07,1000000063,1000000044,26,7
2026-04-07,1000000063,1000000045,50,3
2026-04-07,1000000063,1000000062,88,1
2026-04-07,1000000063,1000000064,38,4
2026-04-07,1000000063,1000000065,4,15
2026-04-07,1000000063,1000000066,12,8
2026-04-07,1000000063,1000000069,10,10
2026-04-07,1000000063,1000000070,3,19
2026-04-07,1000000063,1000000071,2,23
2026-04-07,1000000063,1000000072,1,32
2026-04-07,1000000063,1000000083,7,13
2026-04-07,1000000063,1000000084,3,20
2026-04-07,1000000063,1000000085,4,16
2026-04-07,1000000063,1000000086,2,24
2026-04-07,1000000063,1000000087,4,17
2026-04-07,1000000063,1000000088,3,21
2026-04-07,1000000063,1000000089,1,33
2026-04-07,1000000063,1000000090,3,22
2026-04-07,1000000063,1000000091,1,34
2026-04-07,1000000063,1000000092,1,35
2026-04-07,1000000063,1000000093,2,25
2026-04-07,1000000063,1000000094,1,36
2026-04-07,1000000063,1000000108,1,37
2026-04-07,1000000063,1000000110,2,26
2026-04-07,1000000063,1000000111,8,11
2026-04-07,1000000063,1000000112,1,38
2026-04-07,1000000063,1000000113,4,18
2026-04-07,1000000063,1000000121,11,9
2026-04-07,1000000063,1000000127,83,2
2026-04-07,1000000063,1000000128,8,12
2026-04-07,1000000063,1000000142,2,27
2026-04-07,1000000063,1000000143,1,39
2026-04-07,1000000063,1000000144,2,28
2026-04-07,1000000064,1000000027,3,34
2026-04-07,1000000064,1000000028,2,37
2026-04-07,1000000064,1000000033,6,31
2026-04-07,1000000064,1000000035,21,14
2026-04-07,1000000064,1000000042,84,4
2026-04-07,1000000064,1000000043,97,3
2026-04-07,1000000064,1000000044,82,5
2026-04-07,1000000064,1000000045,159,1
2026-04-07,1000000064,1000000062,39,9
2026-04-07,1000000064,1000000063,38,10
2026-04-07,1000000064,1000000065,22,13
2026-04-07,1000000064,1000000066,40,8
2026-04-07,1000000064,1000000069,58,6
2026-04-07,1000000064,1000000070,4,32
2026-04-07,1000000064,1000000071,11,24
2026-04-07,1000000064,1000000072,3,35
2026-04-07,1000000064,1000000083,15,19
2026-04-07,1000000064,1000000084,10,27
2026-04-07,1000000064,1000000085,15,20
2026-04-07,1000000064,1000000086,11,25
2026-04-07,1000000064,1000000087,19,17
2026-04-07,1000000064,1000000088,20,16
2026-04-07,1000000064,1000000089,2,38
2026-04-07,1000000064,1000000090,14,22
2026-04-07,1000000064,1000000091,21,15
2026-04-07,1000000064,1000000092,16,18
2026-04-07,1000000064,1000000093,42,7
2026-04-07,1000000064,1000000094,8,29
2026-04-07,1000000064,1000000108,4,33
2026-04-07,1000000064,1000000110,3,36
2026-04-07,1000000064,1000000111,12,23
2026-04-07,1000000064,1000000112,1,39
2026-04-07,1000000064,1000000113,9,28
2026-04-07,1000000064,1000000121,32,11
2026-04-07,1000000064,1000000127,136,2
2026-04-07,1000000064,1000000128,29,12
2026-04-07,1000000064,1000000142,11,26
2026-04-07,1000000064,1000000143,8,30
2026-04-07,1000000064,1000000144,15,21
2026-04-07,1000000065,1000000027,2,17
2026-04-07,1000000065,1000000033,3,13
2026-04-07,1000000065,1000000035,5,9
2026-04-07,1000000065,1000000042,10,3
2026-04-07,1000000065,1000000043,10,4
2026-04-07,1000000065,1000000044,7,7
2026-04-07,1000000065,1000000045,9,5
2026-04-07,1000000065,1000000062,9,6
2026-04-07,1000000065,1000000063,4,11
2026-04-07,1000000065,1000000064,22,1
2026-04-07,1000000065,1000000066,13,2
2026-04-07,1000000065,1000000069,4,12
2026-04-07,1000000065,1000000071,1,22
2026-04-07,1000000065,1000000083,2,18
2026-04-07,1000000065,1000000084,1,23
2026-04-07,1000000065,1000000085,2,19
2026-04-07,1000000065,1000000087,1,24
2026-04-07,1000000065,1000000110,1,25
2026-04-07,1000000065,1000000111,3,14
2026-04-07,1000000065,1000000112,1,26
2026-04-07,1000000065,1000000121,5,10
2026-04-07,1000000065,1000000127,2,20
2026-04-07,1000000065,1000000128,7,8
2026-04-07,1000000065,1000000142,2,21
2026-04-07,1000000065,1000000143,3,15
2026-04-07,1000000065,1000000144,3,16
2026-04-07,1000000066,1000000027,1,20
2026-04-07,1000000066,1000000033,1,21
2026-04-07,1000000066,1000000035,8,10
2026-04-07,1000000066,1000000042,9,9
2026-04-07,1000000066,1000000043,17,2
2026-04-07,1000000066,1000000044,13,4
2026-04-07,1000000066,1000000045,16,3
2026-04-07,1000000066,1000000062,4,14
2026-04-07,1000000066,1000000063,12,6
2026-04-07,1000000066,1000000064,40,1
2026-04-07,1000000066,1000000065,13,5
2026-04-07,1000000066,1000000069,11,7
2026-04-07,1000000066,1000000070,4,15
2026-04-07,1000000066,1000000072,1,22
2026-04-07,1000000066,1000000083,1,23
2026-04-07,1000000066,1000000084,2,17
2026-04-07,1000000066,1000000087,4,16
2026-04-07,1000000066,1000000088,1,24
2026-04-07,1000000066,1000000090,1,25
2026-04-07,1000000066,1000000093,2,18
2026-04-07,1000000066,1000000112,1,26
2026-04-07,1000000066,1000000121,5,12
2026-04-07,1000000066,1000000127,6,11
2026-04-07,1000000066,1000000128,10,8
2026-04-07,1000000066,1000000142,1,27
2026-04-07,1000000066,1000000143,2,19
2026-04-07,1000000066,1000000144,5,13
2026-04-07,1000000069,1000000027,1,22
2026-04-07,1000000069,1000000028,2,16
2026-04-07,1000000069,1000000035,3,14
2026-04-07,1000000069,1000000042,12,5
2026-04-07,1000000069,1000000043,18,3
2026-04-07,1000000069,1000000044,17,4
2026-04-07,1000000069,1000000045,27,2
2026-04-07,1000000069,1000000062,7,10
2026-04-07,1000000069,1000000063,10,7
2026-04-07,1000000069,1000000064,58,1
2026-04-07,1000000069,1000000065,4,13
2026-04-07,1000000069,1000000066,11,6
2026-04-07,1000000069,1000000070,1,23
2026-04-07,1000000069,1000000071,2,17
2026-04-07,1000000069,1000000083,6,11
2026-04-07,1000000069,1000000085,1,24
2026-04-07,1000000069,1000000087,1,25
2026-04-07,1000000069,1000000089,1,26
2026-04-07,1000000069,1000000090,1,27
2026-04-07,1000000069,1000000091,2,18
2026-04-07,1000000069,1000000092,2,19
2026-04-07,1000000069,1000000093,2,20
2026-04-07,1000000069,1000000094,1,28
2026-04-07,1000000069,1000000121,8,9
2026-04-07,1000000069,1000000127,9,8
2026-04-07,1000000069,1000000128,3,15
2026-04-07,1000000069,1000000142,2,21
2026-04-07,1000000069,1000000143,1,29
2026-04-07,1000000069,1000000144,5,12
2026-04-07,1000000070,1000000027,2,8
2026-04-07,1000000070,1000000028,1,11
2026-04-07,1000000070,1000000033,1,12
2026-04-07,1000000070,1000000042,1,13
2026-04-07,1000000070,1000000043,5,1
2026-04-07,1000000070,1000000044,2,9
2026-04-07,1000000070,1000000045,5,2
2026-04-07,1000000070,1000000062,1,14
2026-04-07,1000000070,1000000063,3,6
2026-04-07,1000000070,1000000064,4,4
2026-04-07,1000000070,1000000066,4,5
2026-04-07,1000000070,1000000069,1,15
2026-04-07,1000000070,1000000071,5,3
2026-04-07,1000000070,1000000072,3,7
2026-04-07,1000000070,1000000083,1,16
2026-04-07,1000000070,1000000110,1,17
2026-04-07,1000000070,1000000121,2,10
2026-04-07,1000000070,1000000128,1,18
2026-04-07,1000000071,1000000027,4,7
2026-04-07,1000000071,1000000028,3,10
2026-04-07,1000000071,1000000033,1,16
2026-04-07,1000000071,1000000035,1,17
2026-04-07,1000000071,1000000042,9,2
2026-04-07,1000000071,1000000043,7,3
2026-04-07,1000000071,1000000044,6,4
2026-04-07,1000000071,1000000045,5,5
2026-04-07,1000000071,1000000062,3,11
2026-04-07,1000000071,1000000063,2,12
2026-04-07,1000000071,1000000064,11,1
2026-04-07,1000000071,1000000065,1,18
2026-04-07,1000000071,1000000069,2,13
2026-04-07,1000000071,1000000070,5,6
2026-04-07,1000000071,1000000072,2,14
2026-04-07,1000000071,1000000083,4,8
2026-04-07,1000000071,1000000087,1,19
2026-04-07,1000000071,1000000088,1,20
2026-04-07,1000000071,1000000113,2,15
2026-04-07,1000000071,1000000127,4,9
2026-04-07,1000000071,1000000128,1,21
2026-04-07,1000000071,1000000142,1,22
2026-04-07,1000000072,1000000028,1,8
2026-04-07,1000000072,1000000042,2,5
2026-04-07,1000000072,1000000043,1,9
2026-04-07,1000000072,1000000044,3,1
2026-04-07,1000000072,1000000045,3,2
2026-04-07,1000000072,1000000062,1,10
2026-04-07,1000000072,1000000063,1,11
2026-04-07,1000000072,1000000064,3,3
2026-04-07,1000000072,1000000066,1,12
2026-04-07,1000000072,1000000070,3,4
2026-04-07,1000000072,1000000071,2,6
2026-04-07,1000000072,1000000083,1,13
2026-04-07,1000000072,1000000127,2,7
2026-04-07,1000000083,1000000027,1,22
2026-04-07,1000000083,1000000028,2,13
2026-04-07,1000000083,1000000033,7,8
2026-04-07,1000000083,1000000035,8,6
2026-04-07,1000000083,1000000042,14,2
2026-04-07,1000000083,1000000043,8,7
2026-04-07,1000000083,1000000044,2,14
2026-04-07,1000000083,1000000045,11,3
2026-04-07,1000000083,1000000062,11,4
2026-04-07,1000000083,1000000063,7,9
2026-04-07,1000000083,1000000064,15,1
2026-04-07,1000000083,1000000065,2,15
2026-04-07,1000000083,1000000066,1,23
2026-04-07,1000000083,1000000069,6,11
2026-04-07,1000000083,1000000070,1,24
2026-04-07,1000000083,1000000071,4,12
2026-04-07,1000000083,1000000072,1,25
2026-04-07,1000000083,1000000087,2,16
2026-04-07,1000000083,1000000088,2,17
2026-04-07,1000000083,1000000089,1,26
2026-04-07,1000000083,1000000090,2,18
2026-04-07,1000000083,1000000091,1,27
2026-04-07,1000000083,1000000093,1,28
2026-04-07,1000000083,1000000094,2,19
2026-04-07,1000000083,1000000108,2,20
2026-04-07,1000000083,1000000110,1,29
2026-04-07,1000000083,1000000112,1,30
2026-04-07,1000000083,1000000113,1,31
2026-04-07,1000000083,1000000121,7,10
2026-04-07,1000000083,1000000127,11,5
2026-04-07,1000000083,1000000128,2,21
2026-04-07,1000000083,1000000142,1,32
2026-04-07,1000000084,1000000042,2,13
2026-04-07,1000000084,1000000043,1,17
2026-04-07,1000000084,1000000045,1,18
2026-04-07,1000000084,1000000062,5,6
2026-04-07,1000000084,1000000063,3,10
2026-04-07,1000000084,1000000064,10,3
2026-04-07,1000000084,1000000065,1,19
2026-04-07,1000000084,1000000066,2,14
2026-04-07,1000000084,1000000085,15,1
2026-04-07,1000000084,1000000086,4,8
2026-04-07,1000000084,1000000087,15,2
2026-04-07,1000000084,1000000088,6,5
2026-04-07,1000000084,1000000090,10,4
2026-04-07,1000000084,1000000091,2,15
2026-04-07,1000000084,1000000092,2,16
2026-04-07,1000000084,1000000093,5,7
2026-04-07,1000000084,1000000094,1,20
2026-04-07,1000000084,1000000108,3,11
2026-04-07,1000000084,1000000110,3,12
2026-04-07,1000000084,1000000111,4,9
2026-04-07,1000000084,1000000113,1,21
2026-04-07,1000000084,1000000127,1,22
2026-04-07,1000000084,1000000128,1,23
2026-04-07,1000000084,1000000143,1,24
2026-04-07,1000000085,1000000027,1,23
2026-04-07,1000000085,1000000033,1,24
2026-04-07,1000000085,1000000042,3,14
2026-04-07,1000000085,1000000043,2,17
2026-04-07,1000000085,1000000045,4,10
2026-04-07,1000000085,1000000062,3,15
2026-04-07,1000000085,1000000063,4,11
2026-04-07,1000000085,1000000064,15,1
2026-04-07,1000000085,1000000065,2,18
2026-04-07,1000000085,1000000069,1,25
2026-04-07,1000000085,1000000084,15,2
2026-04-07,1000000085,1000000086,8,6
2026-04-07,1000000085,1000000087,8,7
2026-04-07,1000000085,1000000088,9,4
2026-04-07,1000000085,1000000089,2,19
2026-04-07,1000000085,1000000090,12,3
2026-04-07,1000000085,1000000091,9,5
2026-04-07,1000000085,1000000092,7,8
2026-04-07,1000000085,1000000093,6,9
2026-04-07,1000000085,1000000094,2,20
2026-04-07,1000000085,1000000095,1,26
2026-04-07,1000000085,1000000108,4,12
2026-04-07,1000000085,1000000110,1,27
2026-04-07,1000000085,1000000111,3,16
2026-04-07,1000000085,1000000112,1,28
2026-04-07,1000000085,1000000113,1,29
2026-04-07,1000000085,1000000121,2,21
2026-04-07,1000000085,1000000127,1,30
2026-04-07,1000000085,1000000128,1,31
2026-04-07,1000000085,1000000142,4,13
2026-04-07,1000000085,1000000144,2,22
2026-04-07,1000000086,1000000035,1,16
2026-04-07,1000000086,1000000042,3,7
2026-04-07,1000000086,1000000043,2,11
2026-04-07,1000000086,1000000044,1,17
2026-04-07,1000000086,1000000045,3,8
2026-04-07,1000000086,1000000062,1,18
2026-04-07,1000000086,1000000063,2,12
2026-04-07,1000000086,1000000064,11,1
2026-04-07,1000000086,1000000084,4,6
2026-04-07,1000000086,1000000085,8,3
2026-04-07,1000000086,1000000087,5,4
2026-04-07,1000000086,1000000088,11,2
2026-04-07,1000000086,1000000089,3,9
2026-04-07,1000000086,1000000090,2,13
2026-04-07,1000000086,1000000091,5,5
2026-04-07,1000000086,1000000092,3,10
2026-04-07,1000000086,1000000093,2,14
2026-04-07,1000000086,1000000094,2,15
2026-04-07,1000000086,1000000108,1,19
2026-04-07,1000000086,1000000111,1,20
2026-04-07,1000000086,1000000112,1,21
2026-04-07,1000000086,1000000127,1,22
2026-04-07,1000000086,1000000128,1,23
2026-04-07,1000000086,1000000143,1,24
2026-04-07,1000000086,1000000144,1,25
2026-04-07,1000000087,1000000028,1,28
2026-04-07,1000000087,1000000033,2,19
2026-04-07,1000000087,1000000035,2,20
2026-04-07,1000000087,1000000042,3,16
2026-04-07,1000000087,1000000043,8,6
2026-04-07,1000000087,1000000044,1,29
2026-04-07,1000000087,1000000045,2,21
2026-04-07,1000000087,1000000062,2,22
2026-04-07,1000000087,1000000063,4,11
2026-04-07,1000000087,1000000064,19,1
2026-04-07,1000000087,1000000065,1,30
2026-04-07,1000000087,1000000066,4,12
2026-04-07,1000000087,1000000069,1,31
2026-04-07,1000000087,1000000071,1,32
2026-04-07,1000000087,1000000083,2,23
2026-04-07,1000000087,1000000084,15,2
2026-04-07,1000000087,1000000085,8,7
2026-04-07,1000000087,1000000086,5,9
2026-04-07,1000000087,1000000088,12,3
2026-04-07,1000000087,1000000089,2,24
2026-04-07,1000000087,1000000090,9,5
2026-04-07,1000000087,1000000091,12,4
2026-04-07,1000000087,1000000092,4,13
2026-04-07,1000000087,1000000093,4,14
2026-04-07,1000000087,1000000094,1,33
2026-04-07,1000000087,1000000108,4,15
2026-04-07,1000000087,1000000110,2,25
2026-04-07,1000000087,1000000111,5,10
2026-04-07,1000000087,1000000112,1,34
2026-04-07,1000000087,1000000113,3,17
2026-04-07,1000000087,1000000121,6,8
2026-04-07,1000000087,1000000127,3,18
2026-04-07,1000000087,1000000128,2,26
2026-04-07,1000000087,1000000142,1,35
2026-04-07,1000000087,1000000143,1,36
2026-04-07,1000000087,1000000144,2,27
2026-04-07,1000000088,1000000035,5,8
2026-04-07,1000000088,1000000042,2,18
2026-04-07,1000000088,1000000043,4,10
2026-04-07,1000000088,1000000045,5,9
2026-04-07,1000000088,1000000062,3,13
2026-04-07,1000000088,1000000063,3,14
2026-04-07,1000000088,1000000064,20,1
2026-04-07,1000000088,1000000066,1,21
2026-04-07,1000000088,1000000071,1,22
2026-04-07,1000000088,1000000083,2,19
2026-04-07,1000000088,1000000084,6,6
2026-04-07,1000000088,1000000085,9,4
2026-04-07,1000000088,1000000086,11,3
2026-04-07,1000000088,1000000087,12,2
2026-04-07,1000000088,1000000089,4,11
2026-04-07,1000000088,1000000090,4,12
2026-04-07,1000000088,1000000091,9,5
2026-04-07,1000000088,1000000092,6,7
2026-04-07,1000000088,1000000093,3,15
2026-04-07,1000000088,1000000094,1,23
2026-04-07,1000000088,1000000110,1,24
2026-04-07,1000000088,1000000111,1,25
2026-04-07,1000000088,1000000112,2,20
2026-04-07,1000000088,1000000113,1,26
2026-04-07,1000000088,1000000121,3,16
2026-04-07,1000000088,1000000127,3,17
2026-04-07,1000000088,1000000128,1,27
2026-04-07,1000000088,1000000144,1,28
2026-04-07,1000000089,1000000045,1,8
2026-04-07,1000000089,1000000062,1,9
2026-04-07,1000000089,1000000063,1,10
2026-04-07,1000000089,1000000064,2,3
2026-04-07,1000000089,1000000069,1,11
2026-04-07,1000000089,1000000083,1,12
2026-04-07,1000000089,1000000085,2,4
2026-04-07,1000000089,1000000086,3,2
2026-04-07,1000000089,1000000087,2,5
2026-04-07,1000000089,1000000088,4,1
2026-04-07,1000000089,1000000091,1,13
2026-04-07,1000000089,1000000121,2,6
2026-04-07,1000000089,1000000127,1,14
2026-04-07,1000000089,1000000128,1,15
2026-04-07,1000000089,1000000144,2,7
2026-04-07,1000000090,1000000042,2,14
2026-04-07,1000000090,1000000043,3,12
2026-04-07,1000000090,1000000045,1,17
2026-04-07,1000000090,1000000062,1,18
2026-04-07,1000000090,1000000063,3,13
2026-04-07,1000000090,1000000064,14,2
2026-04-07,1000000090,1000000066,1,19
2026-04-07,1000000090,1000000069,1,20
2026-04-07,1000000090,1000000083,2,15
2026-04-07,1000000090,1000000084,10,4
2026-04-07,1000000090,1000000085,12,3
2026-04-07,1000000090,1000000086,2,16
2026-04-07,1000000090,1000000087,9,6
2026-04-07,1000000090,1000000088,4,9
2026-04-07,1000000090,1000000091,20,1
2026-04-07,1000000090,1000000092,7,8
2026-04-07,1000000090,1000000093,10,5
2026-04-07,1000000090,1000000094,4,10
2026-04-07,1000000090,1000000095,1,21
2026-04-07,1000000090,1000000108,9,7
2026-04-07,1000000090,1000000111,4,11
2026-04-07,1000000090,1000000112,1,22
2026-04-07,1000000090,1000000121,1,23
2026-04-07,1000000090,1000000127,1,24
2026-04-07,1000000090,1000000128,1,25
2026-04-07,1000000090,1000000144,1,26
2026-04-07,1000000091,1000000043,2,15
2026-04-07,1000000091,1000000045,3,13
2026-04-07,1000000091,1000000062,2,16
2026-04-07,1000000091,1000000063,1,21
2026-04-07,1000000091,1000000064,21,1
2026-04-07,1000000091,1000000069,2,17
2026-04-07,1000000091,1000000083,1,22
2026-04-07,1000000091,1000000084,2,18
2026-04-07,1000000091,1000000085,9,5
2026-04-07,1000000091,1000000086,5,9
2026-04-07,1000000091,1000000087,12,3
2026-04-07,1000000091,1000000088,9,6
2026-04-07,1000000091,1000000089,1,23
2026-04-07,1000000091,1000000090,20,2
2026-04-07,1000000091,1000000092,12,4
2026-04-07,1000000091,1000000093,9,7
2026-04-07,1000000091,1000000094,6,8
2026-04-07,1000000091,1000000108,4,11
2026-04-07,1000000091,1000000110,2,19
2026-04-07,1000000091,1000000111,5,10
2026-04-07,1000000091,1000000112,2,20
2026-04-07,1000000091,1000000113,3,14
2026-04-07,1000000091,1000000127,4,12
2026-04-07,1000000091,1000000144,1,24
2026-04-07,1000000092,1000000035,1,16
2026-04-07,1000000092,1000000043,1,17
2026-04-07,1000000092,1000000044,1,18
2026-04-07,1000000092,1000000045,2,11
2026-04-07,1000000092,1000000062,1,19
2026-04-07,1000000092,1000000063,1,20
2026-04-07,1000000092,1000000064,16,1
2026-04-07,1000000092,1000000069,2,12
2026-04-07,1000000092,1000000084,2,13
2026-04-07,1000000092,1000000085,7,3
2026-04-07,1000000092,1000000086,3,9
2026-04-07,1000000092,1000000087,4,7
2026-04-07,1000000092,1000000088,6,5
2026-04-07,1000000092,1000000090,7,4
2026-04-07,1000000092,1000000091,12,2
2026-04-07,1000000092,1000000093,5,6
2026-04-07,1000000092,1000000108,2,14
2026-04-07,1000000092,1000000111,4,8
2026-04-07,1000000092,1000000112,3,10
2026-04-07,1000000092,1000000113,1,21
2026-04-07,1000000092,1000000127,2,15
2026-04-07,1000000093,1000000035,4,11
2026-04-07,1000000093,1000000043,2,16
2026-04-07,1000000093,1000000044,3,14
2026-04-07,1000000093,1000000045,4,12
2026-04-07,1000000093,1000000062,2,17
2026-04-07,1000000093,1000000063,2,18
2026-04-07,1000000093,1000000064,42,1
2026-04-07,1000000093,1000000066,2,19
2026-04-07,1000000093,1000000069,2,20
2026-04-07,1000000093,1000000083,1,25
2026-04-07,1000000093,1000000084,5,8
2026-04-07,1000000093,1000000085,6,7
2026-04-07,1000000093,1000000086,2,21
2026-04-07,1000000093,1000000087,4,13
2026-04-07,1000000093,1000000088,3,15
2026-04-07,1000000093,1000000090,10,4
2026-04-07,1000000093,1000000091,9,5
2026-04-07,1000000093,1000000092,5,9
2026-04-07,1000000093,1000000094,5,10
2026-04-07,1000000093,1000000108,13,2
2026-04-07,1000000093,1000000110,1,26
2026-04-07,1000000093,1000000111,11,3
2026-04-07,1000000093,1000000112,2,22
2026-04-07,1000000093,1000000113,2,23
2026-04-07,1000000093,1000000121,1,27
2026-04-07,1000000093,1000000127,7,6
2026-04-07,1000000093,1000000128,1,28
2026-04-07,1000000093,1000000144,2,24
2026-04-07,1000000094,1000000035,1,14
2026-04-07,1000000094,1000000042,3,8
2026-04-07,1000000094,1000000043,1,15
2026-04-07,1000000094,1000000044,1,16
2026-04-07,1000000094,1000000045,3,9
2026-04-07,1000000094,1000000062,1,17
2026-04-07,1000000094,1000000063,1,18
2026-04-07,1000000094,1000000064,8,1
2026-04-07,1000000094,1000000069,1,19
2026-04-07,1000000094,1000000083,2,11
2026-04-07,1000000094,1000000084,1,20
2026-04-07,1000000094,1000000085,2,12
2026-04-07,1000000094,1000000086,2,13
2026-04-07,1000000094,1000000087,1,21
2026-04-07,1000000094,1000000088,1,22
2026-04-07,1000000094,1000000090,4,4
2026-04-07,1000000094,1000000091,6,2
2026-04-07,1000000094,1000000093,5,3
2026-04-07,1000000094,1000000095,1,23
2026-04-07,1000000094,1000000108,4,5
2026-04-07,1000000094,1000000110,4,6
2026-04-07,1000000094,1000000111,4,7
2026-04-07,1000000094,1000000112,3,10
2026-04-07,1000000094,1000000113,1,24
2026-04-07,1000000094,1000000121,1,25
2026-04-07,1000000094,1000000142,1,26
2026-04-07,1000000094,1000000143,1,27
2026-04-07,1000000094,1000000144,1,28
2026-04-07,1000000095,1000000085,1,2
2026-04-07,1000000095,1000000090,1,3
2026-04-07,1000000095,1000000094,1,4
2026-04-07,1000000095,1000000144,2,1
2026-04-07,1000000108,1000000035,1,14
2026-04-07,1000000108,1000000045,5,3
2026-04-07,1000000108,1000000062,1,15
2026-04-07,1000000108,1000000063,1,16
2026-04-07,1000000108,1000000064,4,4
2026-04-07,1000000108,1000000083,2,10
2026-04-07,1000000108,1000000084,3,9
2026-04-07,1000000108,1000000085,4,5
2026-04-07,1000000108,1000000086,1,17
2026-04-07,1000000108,1000000087,4,6
2026-04-07,1000000108,1000000090,9,2
2026-04-07,1000000108,1000000091,4,7
2026-04-07,1000000108,1000000092,2,11
2026-04-07,1000000108,1000000093,13,1
2026-04-07,1000000108,1000000094,4,8
2026-04-07,1000000108,1000000110,2,12
2026-04-07,1000000108,1000000112,2,13
2026-04-07,1000000108,1000000113,1,18
2026-04-07,1000000108,1000000127,1,19
2026-04-07,1000000108,1000000142,1,20
2026-04-07,1000000108,1000000144,1,21
2026-04-07,1000000110,1000000027,1,11
2026-04-07,1000000110,1000000042,1,12
2026-04-07,1000000110,1000000044,2,6
2026-04-07,1000000110,1000000045,1,13
2026-04-07,1000000110,1000000063,2,7
2026-04-07,1000000110,1000000064,3,4
2026-04-07,1000000110,1000000065,1,14
2026-04-07,1000000110,1000000070,1,15
2026-04-07,1000000110,1000000083,1,16
2026-04-07,1000000110,1000000084,3,5
2026-04-07,1000000110,1000000085,1,17
2026-04-07,1000000110,1000000087,2,8
2026-04-07,1000000110,1000000088,1,18
2026-04-07,1000000110,1000000091,2,9
2026-04-07,1000000110,1000000093,1,19
2026-04-07,1000000110,1000000094,4,1
2026-04-07,1000000110,1000000108,2,10
2026-04-07,1000000110,1000000111,4,2
2026-04-07,1000000110,1000000112,4,3
2026-04-07,1000000110,1000000128,1,20
2026-04-07,1000000110,1000000142,1,21
2026-04-07,1000000110,1000000143,1,22
2026-04-07,1000000111,1000000035,1,20
2026-04-07,1000000111,1000000042,1,21
2026-04-07,1000000111,1000000043,2,18
2026-04-07,1000000111,1000000044,1,22
2026-04-07,1000000111,1000000045,3,13
2026-04-07,1000000111,1000000062,7,4
2026-04-07,1000000111,1000000063,8,3
2026-04-07,1000000111,1000000064,12,1
2026-04-07,1000000111,1000000065,3,14
2026-04-07,1000000111,1000000084,4,8
2026-04-07,1000000111,1000000085,3,15
2026-04-07,1000000111,1000000086,1,23
2026-04-07,1000000111,1000000087,5,5
2026-04-07,1000000111,1000000088,1,24
2026-04-07,1000000111,1000000090,4,9
2026-04-07,1000000111,1000000091,5,6
2026-04-07,1000000111,1000000092,4,10
2026-04-07,1000000111,1000000093,11,2
2026-04-07,1000000111,1000000094,4,11
2026-04-07,1000000111,1000000110,4,12
2026-04-07,1000000111,1000000112,2,19
2026-04-07,1000000111,1000000113,3,16
2026-04-07,1000000111,1000000121,1,25
2026-04-07,1000000111,1000000127,5,7
2026-04-07,1000000111,1000000144,3,17
2026-04-07,1000000112,1000000027,1,13
2026-04-07,1000000112,1000000035,1,14
2026-04-07,1000000112,1000000042,2,7
2026-04-07,1000000112,1000000043,3,4
2026-04-07,1000000112,1000000045,4,2
2026-04-07,1000000112,1000000063,1,15
2026-04-07,1000000112,1000000064,1,16
2026-04-07,1000000112,1000000065,1,17
2026-04-07,1000000112,1000000066,1,18
2026-04-07,1000000112,1000000083,1,19
2026-04-07,1000000112,1000000085,1,20
2026-04-07,1000000112,1000000086,1,21
2026-04-07,1000000112,1000000087,1,22
2026-04-07,1000000112,1000000088,2,8
2026-04-07,1000000112,1000000090,1,23
2026-04-07,1000000112,1000000091,2,9
2026-04-07,1000000112,1000000092,3,5
2026-04-07,1000000112,1000000093,2,10
2026-04-07,1000000112,1000000094,3,6
2026-04-07,1000000112,1000000108,2,11
2026-04-07,1000000112,1000000110,4,3
2026-04-07,1000000112,1000000111,2,12
2026-04-07,1000000112,1000000113,5,1
2026-04-07,1000000112,1000000121,1,24
2026-04-07,1000000112,1000000127,1,25
2026-04-07,1000000112,1000000144,1,26
2026-04-07,1000000113,1000000028,1,11
2026-04-07,1000000113,1000000033,1,12
2026-04-07,1000000113,1000000042,1,13
2026-04-07,1000000113,1000000043,2,8
2026-04-07,1000000113,1000000045,3,4
2026-04-07,1000000113,1000000062,1,14
2026-04-07,1000000113,1000000063,4,3
2026-04-07,1000000113,1000000064,9,1
2026-04-07,1000000113,1000000071,2,9
2026-04-07,1000000113,1000000083,1,15
2026-04-07,1000000113,1000000084,1,16
2026-04-07,1000000113,1000000085,1,17
2026-04-07,1000000113,1000000087,3,5
2026-04-07,1000000113,1000000088,1,18
2026-04-07,1000000113,1000000091,3,6
2026-04-07,1000000113,1000000092,1,19
2026-04-07,1000000113,1000000093,2,10
2026-04-07,1000000113,1000000094,1,20
2026-04-07,1000000113,1000000108,1,21
2026-04-07,1000000113,1000000111,3,7
2026-04-07,1000000113,1000000112,5,2
2026-04-07,1000000113,1000000121,1,22
2026-04-07,1000000113,1000000128,1,23
2026-04-07,1000000121,1000000028,1,24
2026-04-07,1000000121,1000000033,5,13
2026-04-07,1000000121,1000000035,14,5
2026-04-07,1000000121,1000000042,21,2
2026-04-07,1000000121,1000000043,20,4
2026-04-07,1000000121,1000000044,13,6
2026-04-07,1000000121,1000000045,21,3
2026-04-07,1000000121,1000000062,6,11
2026-04-07,1000000121,1000000063,11,7
2026-04-07,1000000121,1000000064,32,1
2026-04-07,1000000121,1000000065,5,14
2026-04-07,1000000121,1000000066,5,15
2026-04-07,1000000121,1000000069,8,8
2026-04-07,1000000121,1000000070,2,19
2026-04-07,1000000121,1000000083,7,9
2026-04-07,1000000121,1000000085,2,20
2026-04-07,1000000121,1000000087,6,12
2026-04-07,1000000121,1000000088,3,17
2026-04-07,1000000121,1000000089,2,21
2026-04-07,1000000121,1000000090,1,25
2026-04-07,1000000121,1000000093,1,26
2026-04-07,1000000121,1000000094,1,27
2026-04-07,1000000121,1000000111,1,28
2026-04-07,1000000121,1000000112,1,29
2026-04-07,1000000121,1000000113,1,30
2026-04-07,1000000121,1000000127,7,10
2026-04-07,1000000121,1000000128,4,16
2026-04-07,1000000121,1000000142,2,22
2026-04-07,1000000121,1000000143,3,18
2026-04-07,1000000121,1000000144,2,23
2026-04-07,1000000127,1000000033,4,17
2026-04-07,1000000127,1000000035,5,15
2026-04-07,1000000127,1000000042,21,7
2026-04-07,1000000127,1000000043,24,6
2026-04-07,1000000127,1000000044,26,5
2026-04-07,1000000127,1000000045,33,4
2026-04-07,1000000127,1000000062,62,3
2026-04-07,1000000127,1000000063,83,2
2026-04-07,1000000127,1000000064,136,1
2026-04-07,1000000127,1000000065,2,23
2026-04-07,1000000127,1000000066,6,13
2026-04-07,1000000127,1000000069,9,9
2026-04-07,1000000127,1000000071,4,18
2026-04-07,1000000127,1000000072,2,24
2026-04-07,1000000127,1000000083,11,8
2026-04-07,1000000127,1000000084,1,26
2026-04-07,1000000127,1000000085,1,27
2026-04-07,1000000127,1000000086,1,28
2026-04-07,1000000127,1000000087,3,20
2026-04-07,1000000127,1000000088,3,21
2026-04-07,1000000127,1000000089,1,29
2026-04-07,1000000127,1000000090,1,30
2026-04-07,1000000127,1000000091,4,19
2026-04-07,1000000127,1000000092,2,25
2026-04-07,1000000127,1000000093,7,10
2026-04-07,1000000127,1000000108,1,31
2026-04-07,1000000127,1000000111,5,16
2026-04-07,1000000127,1000000112,1,32
2026-04-07,1000000127,1000000121,7,11
2026-04-07,1000000127,1000000128,7,12
2026-04-07,1000000127,1000000142,6,14
2026-04-07,1000000127,1000000144,3,22
2026-04-07,1000000128,1000000027,2,15
2026-04-07,1000000128,1000000033,1,19
2026-04-07,1000000128,1000000035,2,16
2026-04-07,1000000128,1000000042,6,8
2026-04-07,1000000128,1000000043,8,4
2026-04-07,1000000128,1000000044,6,9
2026-04-07,1000000128,1000000045,14,2
2026-04-07,1000000128,1000000062,6,10
2026-04-07,1000000128,1000000063,8,5
2026-04-07,1000000128,1000000064,29,1
2026-04-07,1000000128,1000000065,7,6
2026-04-07,1000000128,1000000066,10,3
2026-04-07,1000000128,1000000069,3,13
2026-04-07,1000000128,1000000070,1,20
2026-04-07,1000000128,1000000071,1,21
2026-04-07,1000000128,1000000083,2,17
2026-04-07,1000000128,1000000084,1,22
2026-04-07,1000000128,1000000085,1,23
2026-04-07,1000000128,1000000086,1,24
2026-04-07,1000000128,1000000087,2,18
2026-04-07,1000000128,1000000088,1,25
2026-04-07,1000000128,1000000089,1,26
2026-04-07,1000000128,1000000090,1,27
2026-04-07,1000000128,1000000093,1,28
2026-04-07,1000000128,1000000110,1,29
2026-04-07,1000000128,1000000113,1,30
2026-04-07,1000000128,1000000121,4,12
2026-04-07,1000000128,1000000127,7,7
2026-04-07,1000000128,1000000142,3,14
2026-04-07,1000000128,1000000143,1,31
2026-04-07,1000000128,1000000144,5,11
2026-04-07,1000000142,1000000033,1,16
2026-04-07,1000000142,1000000035,1,17
2026-04-07,1000000142,1000000042,7,2
2026-04-07,1000000142,1000000043,3,7
2026-04-07,1000000142,1000000044,3,8
2026-04-07,1000000142,1000000045,6,3
2026-04-07,1000000142,1000000062,3,9
2026-04-07,1000000142,1000000063,2,11
2026-04-07,1000000142,1000000064,11,1
2026-04-07,1000000142,1000000065,2,12
2026-04-07,1000000142,1000000066,1,18
2026-04-07,1000000142,1000000069,2,13
2026-04-07,1000000142,1000000071,1,19
2026-04-07,1000000142,1000000083,1,20
2026-04-07,1000000142,1000000085,4,6
2026-04-07,1000000142,1000000087,1,21
2026-04-07,1000000142,1000000094,1,22
2026-04-07,1000000142,1000000108,1,23
2026-04-07,1000000142,1000000110,1,24
2026-04-07,1000000142,1000000121,2,14
2026-04-07,1000000142,1000000127,6,4
2026-04-07,1000000142,1000000128,3,10
2026-04-07,1000000142,1000000143,2,15
2026-04-07,1000000142,1000000144,5,5
2026-04-07,1000000143,1000000042,4,4
2026-04-07,1000000143,1000000043,7,2
2026-04-07,1000000143,1000000044,2,8
2026-04-07,1000000143,1000000045,5,3
2026-04-07,1000000143,1000000062,3,5
2026-04-07,1000000143,1000000063,1,12
2026-04-07,1000000143,1000000064,8,1
2026-04-07,1000000143,1000000065,3,6
2026-04-07,1000000143,1000000066,2,9
2026-04-07,1000000143,1000000069,1,13
2026-04-07,1000000143,1000000084,1,14
2026-04-07,1000000143,1000000086,1,15
2026-04-07,1000000143,1000000087,1,16
2026-04-07,1000000143,1000000094,1,17
2026-04-07,1000000143,1000000110,1,18
2026-04-07,1000000143,1000000121,3,7
2026-04-07,1000000143,1000000128,1,19
2026-04-07,1000000143,1000000142,2,10
2026-04-07,1000000143,1000000144,2,11
2026-04-07,1000000144,1000000027,1,23
2026-04-07,1000000144,1000000033,2,13
2026-04-07,1000000144,1000000035,1,24
2026-04-07,1000000144,1000000042,3,9
2026-04-07,1000000144,1000000043,4,6
2026-04-07,1000000144,1000000044,4,7
2026-04-07,1000000144,1000000045,4,8
2026-04-07,1000000144,1000000062,2,14
2026-04-07,1000000144,1000000063,2,15
2026-04-07,1000000144,1000000064,15,1
2026-04-07,1000000144,1000000065,3,10
2026-04-07,1000000144,1000000066,5,2
2026-04-07,1000000144,1000000069,5,3
2026-04-07,1000000144,1000000085,2,16
2026-04-07,1000000144,1000000086,1,25
2026-04-07,1000000144,1000000087,2,17
2026-04-07,1000000144,1000000088,1,26
2026-04-07,1000000144,1000000089,2,18
2026-04-07,1000000144,1000000090,1,27
2026-04-07,1000000144,1000000091,1,28
2026-04-07,1000000144,1000000093,2,19
2026-04-07,1000000144,1000000094,1,29
2026-04-07,1000000144,1000000095,2,20
2026-04-07,1000000144,1000000108,1,30
2026-04-07,1000000144,1000000111,3,11
2026-04-07,1000000144,1000000112,1,31
2026-04-07,1000000144,1000000121,2,21
2026-04-07,1000000144,1000000127,3,12
2026-04-07,1000000144,1000000128,5,4
2026-04-07,1000000144,1000000142,5,5
2026-04-07,1000000144,1000000143,2,22
2026-04-07,1000000153,1000000154,4,2
2026-04-07,1000000153,1000000156,18,1
2026-04-07,1000000154,1000000153,4,1
2026-04-07,1000000156,1000000153,18,1
2026-04-08,1000000027,1000000028,1,12
2026-04-08,1000000027,1000000033,2,7
2026-04-08,1000000027,1000000035,3,4
2026-04-08,1000000027,1000000042,5,1
2026-04-08,1000000027,1000000043,4,2
2026-04-08,1000000027,1000000044,2,8
2026-04-08,1000000027,1000000045,3,5
2026-04-08,1000000027,1000000062,1,13
2026-04-08,1000000027,1000000063,1,14
2026-04-08,1000000027,1000000064,3,6
2026-04-08,1000000027,1000000065,2,9
2026-04-08,1000000027,1000000066,1,15
2026-04-08,1000000027,1000000069,1,16
2026-04-08,1000000027,1000000070,2,10
2026-04-08,1000000027,1000000071,4,3
2026-04-08,1000000027,1000000083,1,17
2026-04-08,1000000027,1000000085,1,18
2026-04-08,1000000027,1000000110,1,19
2026-04-08,1000000027,1000000112,1,20
2026-04-08,1000000027,1000000128,2,11
2026-04-08,1000000027,1000000144,1,21
2026-04-08,1000000028,1000000027,1,8
2026-04-08,1000000028,1000000035,1,9
2026-04-08,1000000028,1000000042,2,2
2026-04-08,1000000028,1000000043,1,10
2026-04-08,1000000028,1000000044,2,3
2026-04-08,1000000028,1000000045,2,4
2026-04-08,1000000028,1000000063,1,11
2026-04-08,1000000028,1000000064,2,5
2026-04-08,1000000028,1000000069,2,6
2026-04-08,1000000028,1000000070,1,12
2026-04-08,1000000028,1000000071,3,1
2026-04-08,1000000028,1000000072,1,13
2026-04-08,1000000028,1000000083,2,7
2026-04-08,1000000028,1000000087,1,14
2026-04-08,1000000028,1000000113,1,15
2026-04-08,1000000028,1000000121,1,16
2026-04-08,1000000033,1000000027,2,10
2026-04-08,1000000033,1000000035,12,1
2026-04-08,1000000033,1000000042,5,6
2026-04-08,1000000033,1000000043,9,2
2026-04-08,1000000033,1000000044,2,11
2026-04-08,1000000033,1000000045,7,3
2026-04-08,1000000033,1000000062,1,14
2026-04-08,1000000033,1000000063,1,15
2026-04-08,1000000033,1000000064,6,5
2026-04-08,1000000033,1000000065,3,9
2026-04-08,1000000033,1000000066,1,16
2026-04-08,1000000033,1000000070,1,17
2026-04-08,1000000033,1000000071,1,18
2026-04-08,1000000033,1000000083,7,4
2026-04-08,1000000033,1000000085,1,19
2026-04-08,1000000033,1000000087,2,12
2026-04-08,1000000033,1000000113,1,20
2026-04-08,1000000033,1000000121,5,7
2026-04-08,1000000033,1000000127,4,8
2026-04-08,1000000033,1000000128,1,21
2026-04-08,1000000033,1000000142,1,22
2026-04-08,1000000033,1000000144,2,13
2026-04-08,1000000035,1000000027,3,16
2026-04-08,1000000035,1000000028,1,20
2026-04-08,1000000035,1000000033,12,6
2026-04-08,1000000035,1000000042,16,2
2026-04-08,1000000035,1000000043,13,4
2026-04-08,1000000035,1000000044,10,7
2026-04-08,1000000035,1000000045,13,5
2026-04-08,1000000035,1000000062,7,10
2026-04-08,1000000035,1000000063,6,11
2026-04-08,1000000035,1000000064,21,1
2026-04-08,1000000035,1000000065,5,12
2026-04-08,1000000035,1000000066,8,8
2026-04-08,1000000035,1000000069,3,17
2026-04-08,1000000035,1000000071,1,21
2026-04-08,1000000035,1000000083,8,9
2026-04-08,1000000035,1000000086,1,22
2026-04-08,1000000035,1000000087,2,18
2026-04-08,1000000035,1000000088,5,13
2026-04-08,1000000035,1000000092,1,23
2026-04-08,1000000035,1000000093,4,15
2026-04-08,1000000035,1000000094,1,24
2026-04-08,1000000035,1000000108,1,25
2026-04-08,1000000035,1000000111,1,26
2026-04-08,1000000035,1000000112,1,27
2026-04-08,1000000035,1000000121,14,3
2026-04-08,1000000035,1000000127,5,14
2026-04-08,1000000035,1000000128,2,19
2026-04-08,1000000035,1000000142,1,28
2026-04-08,1000000035,1000000144,1,29
2026-04-08,1000000042,1000000027,5,17
2026-04-08,1000000042,1000000028,2,25
2026-04-08,1000000042,1000000033,5,18
2026-04-08,1000000042,1000000035,16,9
2026-04-08,1000000042,1000000043,60,3
2026-04-08,1000000042,1000000044,33,4
2026-04-08,1000000042,1000000045,77,2
2026-04-08,1000000042,1000000062,20,7
2026-04-08,1000000042,1000000063,27,5
2026-04-08,1000000042,1000000064,84,1
2026-04-08,1000000042,1000000065,10,12
2026-04-08,1000000042,1000000066,9,13
2026-04-08,1000000042,1000000069,12,11
2026-04-08,1000000042,1000000070,1,31
2026-04-08,1000000042,1000000071,9,14
2026-04-08,1000000042,1000000072,2,26
2026-04-08,1000000042,1000000083,14,10
2026-04-08,1000000042,1000000084,2,27
2026-04-08,1000000042,1000000085,3,20
2026-04-08,1000000042,1000000086,3,21
2026-04-08,1000000042,1000000087,3,22
2026-04-08,1000000042,1000000088,2,28
2026-04-08,1000000042,1000000090,2,29
2026-04-08,1000000042,1000000094,3,23
2026-04-08,1000000042,1000000110,1,32
2026-04-08,1000000042,1000000111,1,33
2026-04-08,1000000042,1000000112,2,30
2026-04-08,1000000042,1000000113,1,34
2026-04-08,1000000042,1000000121,21,6
2026-04-08,1000000042,1000000127,20,8
2026-04-08,1000000042,1000000128,6,16
2026-04-08,1000000042,1000000142,7,15
2026-04-08,1000000042,1000000143,4,19
2026-04-08,1000000042,1000000144,3,24
2026-04-08,1000000043,1000000027,4,20
2026-04-08,1000000043,1000000028,1,32
2026-04-08,1000000043,1000000033,9,13
2026-04-08,1000000043,1000000035,13,11
2026-04-08,1000000043,1000000042,60,3
2026-04-08,1000000043,1000000044,51,4
2026-04-08,1000000043,1000000045,86,2
2026-04-08,1000000043,1000000062,17,9
2026-04-08,1000000043,1000000063,31,5
2026-04-08,1000000043,1000000064,97,1
2026-04-08,1000000043,1000000065,10,12
2026-04-08,1000000043,1000000066,17,10
2026-04-08,1000000043,1000000069,18,8
2026-04-08,1000000043,1000000070,5,19
2026-04-08,1000000043,1000000071,7,17
2026-04-08,1000000043,1000000072,1,33
2026-04-08,1000000043,1000000083,8,14
2026-04-08,1000000043,1000000084,1,34
2026-04-08,1000000043,1000000085,2,26
2026-04-08,1000000043,1000000086,2,27
2026-04-08,1000000043,1000000087,8,15
2026-04-08,1000000043,1000000088,4,21
2026-04-08,1000000043,1000000090,3,23
2026-04-08,1000000043,1000000091,2,28
2026-04-08,1000000043,1000000092,1,35
2026-04-08,1000000043,1000000093,2,29
2026-04-08,1000000043,1000000094,1,36
2026-04-08,1000000043,1000000111,2,30
2026-04-08,1000000043,1000000112,3,24
2026-04-08,1000000043,1000000113,2,31
2026-04-08,1000000043,1000000121,20,7
2026-04-08,1000000043,1000000127,24,6
2026-04-08,1000000043,1000000128,8,16
2026-04-08,1000000043,1000000142,3,25
2026-04-08,1000000043,1000000143,7,18
2026-04-08,1000000043,1000000144,4,22
2026-04-08,1000000044,1000000027,2,19
2026-04-08,1000000044,1000000028,2,20
2026-04-08,1000000044,1000000033,2,21
2026-04-08,1000000044,1000000035,10,11
2026-04-08,1000000044,1000000042,33,4
2026-04-08,1000000044,1000000043,51,3
2026-04-08,1000000044,1000000045,70,2
2026-04-08,1000000044,1000000062,19,7
2026-04-08,1000000044,1000000063,26,5
2026-04-08,1000000044,1000000064,82,1
2026-04-08,1000000044,1000000065,7,12
2026-04-08,1000000044,1000000066,13,9
2026-04-08,1000000044,1000000069,17,8
2026-04-08,1000000044,1000000070,2,22
2026-04-08,1000000044,1000000071,6,13
2026-04-08,1000000044,1000000072,3,16
2026-04-08,1000000044,1000000083,2,23
2026-04-08,1000000044,1000000086,1,26
2026-04-08,1000000044,1000000087,1,27
2026-04-08,1000000044,1000000092,1,28
2026-04-08,1000000044,1000000093,3,17
2026-04-08,1000000044,1000000094,1,29
2026-04-08,1000000044,1000000110,2,24
2026-04-08,1000000044,1000000111,1,30
2026-04-08,1000000044,1000000121,13,10
2026-04-08,1000000044,1000000127,25,6
2026-04-08,1000000044,1000000128,6,14
2026-04-08,1000000044,1000000142,3,18
2026-04-08,1000000044,1000000143,2,25
2026-04-08,1000000044,1000000144,4,15
2026-04-08,1000000045,1000000027,3,26
2026-04-08,1000000045,1000000028,2,33
2026-04-08,1000000045,1000000033,7,15
2026-04-08,1000000045,1000000035,13,12
2026-04-08,1000000045,1000000042,77,3
2026-04-08,1000000045,1000000043,86,2
2026-04-08,1000000045,1000000044,70,4
2026-04-08,1000000045,1000000062,35,6
2026-04-08,1000000045,1000000063,50,5
2026-04-08,1000000045,1000000064,159,1
2026-04-08,1000000045,1000000065,9,14
2026-04-08,1000000045,1000000066,16,10
2026-04-08,1000000045,1000000069,27,8
2026-04-08,1000000045,1000000070,4,21
2026-04-08,1000000045,1000000071,5,17
2026-04-08,1000000045,1000000072,3,27
2026-04-08,1000000045,1000000083,11,13
2026-04-08,1000000045,1000000084,1,36
2026-04-08,1000000045,1000000085,4,22
2026-04-08,1000000045,1000000086,3,28
2026-04-08,1000000045,1000000087,2,34
2026-04-08,1000000045,1000000088,5,18
2026-04-08,1000000045,1000000089,1,37
2026-04-08,1000000045,1000000090,1,38
2026-04-08,1000000045,1000000091,3,29
2026-04-08,1000000045,1000000092,2,35
2026-04-08,1000000045,1000000093,4,23
2026-04-08,1000000045,1000000094,3,30
2026-04-08,1000000045,1000000108,5,19
2026-04-08,1000000045,1000000110,1,39
2026-04-08,1000000045,1000000111,3,31
2026-04-08,1000000045,1000000112,4,24
2026-04-08,1000000045,1000000113,3,32
2026-04-08,1000000045,1000000121,21,9
2026-04-08,1000000045,1000000127,33,7
2026-04-08,1000000045,1000000128,14,11
2026-04-08,1000000045,1000000142,6,16
2026-04-08,1000000045,1000000143,5,20
2026-04-08,1000000045,1000000144,4,25
2026-04-08,1000000062,1000000027,1,26
2026-04-08,1000000062,1000000033,1,27
2026-04-08,1000000062,1000000035,7,10
2026-04-08,1000000062,1000000042,20,5
2026-04-08,1000000062,1000000043,17,7
2026-04-08,1000000062,1000000044,19,6
2026-04-08,1000000062,1000000045,35,4
2026-04-08,1000000062,1000000063,88,1
2026-04-08,1000000062,1000000064,39,3
2026-04-08,1000000062,1000000065,9,9
2026-04-08,1000000062,1000000066,4,16
2026-04-08,1000000062,1000000069,7,11
2026-04-08,1000000062,1000000070,1,28
2026-04-08,1000000062,1000000071,3,17
2026-04-08,1000000062,1000000072,1,29
2026-04-08,1000000062,1000000083,11,8
2026-04-08,1000000062,1000000084,5,15
2026-04-08,1000000062,1000000085,3,18
2026-04-08,1000000062,1000000086,1,30
2026-04-08,1000000062,1000000087,2,22
2026-04-08,1000000062,1000000088,3,19
2026-04-08,1000000062,1000000089,1,31
2026-04-08,1000000062,1000000090,1,32
2026-04-08,1000000062,1000000091,2,23
2026-04-08,1000000062,1000000092,1,33
2026-04-08,1000000062,1000000093,2,24
2026-04-08,1000000062,1000000094,1,34
2026-04-08,1000000062,1000000108,1,35
2026-04-08,1000000062,1000000111,7,12
2026-04-08,1000000062,1000000113,1,36
2026-04-08,1000000062,1000000121,6,13
2026-04-08,1000000062,1000000127,61,2
2026-04-08,1000000062,1000000128,6,14
2026-04-08,1000000062,1000000142,3,20
2026-04-08,1000000062,1000000143,3,21
2026-04-08,1000000062,1000000144,2,25
2026-04-08,1000000063,1000000027,1,29
2026-04-08,1000000063,1000000028,1,30
2026-04-08,1000000063,1000000033,1,31
2026-04-08,1000000063,1000000035,6,14
2026-04-08,1000000063,1000000042,27,6
2026-04-08,1000000063,1000000043,31,5
2026-04-08,1000000063,1000000044,26,7
2026-04-08,1000000063,1000000045,50,3
2026-04-08,1000000063,1000000062,88,1
2026-04-08,1000000063,1000000064,38,4
2026-04-08,1000000063,1000000065,4,15
2026-04-08,1000000063,1000000066,12,8
2026-04-08,1000000063,1000000069,10,10
2026-04-08,1000000063,1000000070,3,19
2026-04-08,1000000063,1000000071,2,23
2026-04-08,1000000063,1000000072,1,32
2026-04-08,1000000063,1000000083,7,13
2026-04-08,1000000063,1000000084,3,20
2026-04-08,1000000063,1000000085,4,16
2026-04-08,1000000063,1000000086,2,24
2026-04-08,1000000063,1000000087,4,17
2026-04-08,1000000063,1000000088,3,21
2026-04-08,1000000063,1000000089,1,33
2026-04-08,1000000063,1000000090,3,22
2026-04-08,1000000063,1000000091,1,34
2026-04-08,1000000063,1000000092,1,35
2026-04-08,1000000063,1000000093,2,25
2026-04-08,1000000063,1000000094,1,36
2026-04-08,1000000063,1000000108,1,37
2026-04-08,1000000063,1000000110,2,26
2026-04-08,1000000063,1000000111,8,11
2026-04-08,1000000063,1000000112,1,38
2026-04-08,1000000063,1000000113,4,18
2026-04-08,1000000063,1000000121,11,9
2026-04-08,1000000063,1000000127,84,2
2026-04-08,1000000063,1000000128,8,12
2026-04-08,1000000063,1000000142,2,27
2026-04-08,1000000063,1000000143,1,39
2026-04-08,1000000063,1000000144,2,28
2026-04-08,1000000064,1000000027,3,34
2026-04-08,1000000064,1000000028,2,37
2026-04-08,1000000064,1000000033,6,31
2026-04-08,1000000064,1000000035,21,14
2026-04-08,1000000064,1000000042,84,4
2026-04-08,1000000064,1000000043,97,3
2026-04-08,1000000064,1000000044,82,5
2026-04-08,1000000064,1000000045,159,1
2026-04-08,1000000064,1000000062,39,9
2026-04-08,1000000064,1000000063,38,10
2026-04-08,1000000064,1000000065,22,13
2026-04-08,1000000064,1000000066,40,8
2026-04-08,1000000064,1000000069,59,6
2026-04-08,1000000064,1000000070,4,33
2026-04-08,1000000064,1000000071,11,24
2026-04-08,1000000064,1000000072,3,35
2026-04-08,1000000064,1000000083,16,18
2026-04-08,1000000064,1000000084,10,27
2026-04-08,1000000064,1000000085,16,19
2026-04-08,1000000064,1000000086,11,25
2026-04-08,1000000064,1000000087,20,16
2026-04-08,1000000064,1000000088,20,17
2026-04-08,1000000064,1000000089,2,38
2026-04-08,1000000064,1000000090,14,22
2026-04-08,1000000064,1000000091,21,15
2026-04-08,1000000064,1000000092,16,20
2026-04-08,1000000064,1000000093,42,7
2026-04-08,1000000064,1000000094,7,30
2026-04-08,1000000064,1000000108,5,32
2026-04-08,1000000064,1000000110,3,36
2026-04-08,1000000064,1000000111,12,23
2026-04-08,1000000064,1000000112,1,39
2026-04-08,1000000064,1000000113,8,28
2026-04-08,1000000064,1000000121,32,11
2026-04-08,1000000064,1000000127,136,2
2026-04-08,1000000064,1000000128,29,12
2026-04-08,1000000064,1000000142,11,26
2026-04-08,1000000064,1000000143,8,29
2026-04-08,1000000064,1000000144,15,21
2026-04-08,1000000065,1000000027,2,17
2026-04-08,1000000065,1000000033,3,13
2026-04-08,1000000065,1000000035,5,9
2026-04-08,1000000065,1000000042,10,3
2026-04-08,1000000065,1000000043,10,4
2026-04-08,1000000065,1000000044,7,7
2026-04-08,1000000065,1000000045,9,5
2026-04-08,1000000065,1000000062,9,6
2026-04-08,1000000065,1000000063,4,11
2026-04-08,1000000065,1000000064,22,1
2026-04-08,1000000065,1000000066,13,2
2026-04-08,1000000065,1000000069,4,12
2026-04-08,1000000065,1000000071,1,22
2026-04-08,1000000065,1000000083,2,18
2026-04-08,1000000065,1000000084,1,23
2026-04-08,1000000065,1000000085,2,19
2026-04-08,1000000065,1000000087,1,24
2026-04-08,1000000065,1000000110,1,25
2026-04-08,1000000065,1000000111,3,14
2026-04-08,1000000065,1000000112,1,26
2026-04-08,1000000065,1000000121,5,10
2026-04-08,1000000065,1000000127,2,20
2026-04-08,1000000065,1000000128,7,8
2026-04-08,1000000065,1000000142,2,21
2026-04-08,1000000065,1000000143,3,15
2026-04-08,1000000065,1000000144,3,16
2026-04-08,1000000066,1000000027,1,20
2026-04-08,1000000066,1000000033,1,21
2026-04-08,1000000066,1000000035,8,10
2026-04-08,1000000066,1000000042,9,9
2026-04-08,1000000066,1000000043,17,2
2026-04-08,1000000066,1000000044,13,4
2026-04-08,1000000066,1000000045,16,3
2026-04-08,1000000066,1000000062,4,14
2026-04-08,1000000066,1000000063,12,6
2026-04-08,1000000066,1000000064,40,1
2026-04-08,1000000066,1000000065,13,5
2026-04-08,1000000066,1000000069,11,7
2026-04-08,1000000066,1000000070,4,15
2026-04-08,1000000066,1000000072,1,22
2026-04-08,1000000066,1000000083,1,23
2026-04-08,1000000066,1000000084,2,17
2026-04-08,1000000066,1000000087,4,16
2026-04-08,1000000066,1000000088,1,24
2026-04-08,1000000066,1000000090,1,25
2026-04-08,1000000066,1000000093,2,18
2026-04-08,1000000066,1000000112,1,26
2026-04-08,1000000066,1000000121,5,12
2026-04-08,1000000066,1000000127,6,11
2026-04-08,1000000066,1000000128,10,8
2026-04-08,1000000066,1000000142,1,27
2026-04-08,1000000066,1000000143,2,19
2026-04-08,1000000066,1000000144,5,13
2026-04-08,1000000069,1000000027,1,22
2026-04-08,1000000069,1000000028,2,16
2026-04-08,1000000069,1000000035,3,14
2026-04-08,1000000069,1000000042,12,5
2026-04-08,1000000069,1000000043,18,3
2026-04-08,1000000069,1000000044,17,4
2026-04-08,1000000069,1000000045,27,2
2026-04-08,1000000069,1000000062,7,10
2026-04-08,1000000069,1000000063,10,7
2026-04-08,1000000069,1000000064,59,1
2026-04-08,1000000069,1000000065,4,13
2026-04-08,1000000069,1000000066,11,6
2026-04-08,1000000069,1000000070,1,23
2026-04-08,1000000069,1000000071,2,17
2026-04-08,1000000069,1000000083,6,11
2026-04-08,1000000069,1000000085,1,24
2026-04-08,1000000069,1000000087,1,25
2026-04-08,1000000069,1000000089,1,26
2026-04-08,1000000069,1000000090,1,27
2026-04-08,1000000069,1000000091,2,18
2026-04-08,1000000069,1000000092,2,19
2026-04-08,1000000069,1000000093,2,20
2026-04-08,1000000069,1000000094,1,28
2026-04-08,1000000069,1000000121,8,9
2026-04-08,1000000069,1000000127,9,8
2026-04-08,1000000069,1000000128,3,15
2026-04-08,1000000069,1000000142,2,21
2026-04-08,1000000069,1000000143,1,29
2026-04-08,1000000069,1000000144,5,12
2026-04-08,1000000070,1000000027,2,8
2026-04-08,1000000070,1000000028,1,11
2026-04-08,1000000070,1000000033,1,12
2026-04-08,1000000070,1000000042,1,13
2026-04-08,1000000070,1000000043,5,1
2026-04-08,1000000070,1000000044,2,9
2026-04-08,1000000070,1000000045,4,3
2026-04-08,1000000070,1000000062,1,14
2026-04-08,1000000070,1000000063,3,6
2026-04-08,1000000070,1000000064,4,4
2026-04-08,1000000070,1000000066,4,5
2026-04-08,1000000070,1000000069,1,15
2026-04-08,1000000070,1000000071,5,2
2026-04-08,1000000070,1000000072,3,7
2026-04-08,1000000070,1000000083,1,16
2026-04-08,1000000070,1000000110,1,17
2026-04-08,1000000070,1000000121,2,10
2026-04-08,1000000070,1000000128,1,18
2026-04-08,1000000071,1000000027,4,7
2026-04-08,1000000071,1000000028,3,10
2026-04-08,1000000071,1000000033,1,16
2026-04-08,1000000071,1000000035,1,17
2026-04-08,1000000071,1000000042,9,2
2026-04-08,1000000071,1000000043,7,3
2026-04-08,1000000071,1000000044,6,4
2026-04-08,1000000071,1000000045,5,5
2026-04-08,1000000071,1000000062,3,11
2026-04-08,1000000071,1000000063,2,12
2026-04-08,1000000071,1000000064,11,1
2026-04-08,1000000071,1000000065,1,18
2026-04-08,1000000071,1000000069,2,13
2026-04-08,1000000071,1000000070,5,6
2026-04-08,1000000071,1000000072,2,14
2026-04-08,1000000071,1000000083,4,8
2026-04-08,1000000071,1000000087,1,19
2026-04-08,1000000071,1000000088,1,20
2026-04-08,1000000071,1000000113,2,15
2026-04-08,1000000071,1000000127,4,9
2026-04-08,1000000071,1000000128,1,21
2026-04-08,1000000071,1000000142,1,22
2026-04-08,1000000072,1000000028,1,8
2026-04-08,1000000072,1000000042,2,5
2026-04-08,1000000072,1000000043,1,9
2026-04-08,1000000072,1000000044,3,1
2026-04-08,1000000072,1000000045,3,2
2026-04-08,1000000072,1000000062,1,10
2026-04-08,1000000072,1000000063,1,11
2026-04-08,1000000072,1000000064,3,3
2026-04-08,1000000072,1000000066,1,12
2026-04-08,1000000072,1000000070,3,4
2026-04-08,1000000072,1000000071,2,6
2026-04-08,1000000072,1000000083,1,13
2026-04-08,1000000072,1000000127,2,7
2026-04-08,1000000083,1000000027,1,22
2026-04-08,1000000083,1000000028,2,14
2026-04-08,1000000083,1000000033,7,8
2026-04-08,1000000083,1000000035,8,6
2026-04-08,1000000083,1000000042,14,2
2026-04-08,1000000083,1000000043,8,7
2026-04-08,1000000083,1000000044,2,15
2026-04-08,1000000083,1000000045,11,3
2026-04-08,1000000083,1000000062,11,4
2026-04-08,1000000083,1000000063,7,9
2026-04-08,1000000083,1000000064,16,1
2026-04-08,1000000083,1000000065,2,16
2026-04-08,1000000083,1000000066,1,23
2026-04-08,1000000083,1000000069,6,11
2026-04-08,1000000083,1000000070,1,24
2026-04-08,1000000083,1000000071,4,12
2026-04-08,1000000083,1000000072,1,25
2026-04-08,1000000083,1000000085,1,26
2026-04-08,1000000083,1000000087,2,17
2026-04-08,1000000083,1000000088,2,18
2026-04-08,1000000083,1000000089,1,27
2026-04-08,1000000083,1000000090,2,19
2026-04-08,1000000083,1000000091,1,28
2026-04-08,1000000083,1000000093,1,29
2026-04-08,1000000083,1000000094,2,20
2026-04-08,1000000083,1000000108,3,13
2026-04-08,1000000083,1000000110,1,30
2026-04-08,1000000083,1000000112,1,31
2026-04-08,1000000083,1000000113,1,32
2026-04-08,1000000083,1000000121,7,10
2026-04-08,1000000083,1000000127,11,5
2026-04-08,1000000083,1000000128,2,21
2026-04-08,1000000083,1000000142,1,33
2026-04-08,1000000084,1000000042,2,13
2026-04-08,1000000084,1000000043,1,17
2026-04-08,1000000084,1000000045,1,18
2026-04-08,1000000084,1000000062,5,6
2026-04-08,1000000084,1000000063,3,11
2026-04-08,1000000084,1000000064,10,3
2026-04-08,1000000084,1000000065,1,19
2026-04-08,1000000084,1000000066,2,14
2026-04-08,1000000084,1000000085,15,1
2026-04-08,1000000084,1000000086,4,8
2026-04-08,1000000084,1000000087,15,2
2026-04-08,1000000084,1000000088,6,5
2026-04-08,1000000084,1000000090,10,4
2026-04-08,1000000084,1000000091,2,15
2026-04-08,1000000084,1000000092,2,16
2026-04-08,1000000084,1000000093,5,7
2026-04-08,1000000084,1000000094,1,20
2026-04-08,1000000084,1000000108,3,12
2026-04-08,1000000084,1000000110,4,9
2026-04-08,1000000084,1000000111,4,10
2026-04-08,1000000084,1000000113,1,21
2026-04-08,1000000084,1000000127,1,22
2026-04-08,1000000084,1000000128,1,23
2026-04-08,1000000084,1000000143,1,24
2026-04-08,1000000085,1000000027,1,23
2026-04-08,1000000085,1000000033,1,24
2026-04-08,1000000085,1000000042,3,14
2026-04-08,1000000085,1000000043,2,17
2026-04-08,1000000085,1000000045,4,11
2026-04-08,1000000085,1000000062,3,15
2026-04-08,1000000085,1000000063,4,12
2026-04-08,1000000085,1000000064,16,1
2026-04-08,1000000085,1000000065,2,18
2026-04-08,1000000085,1000000069,1,25
2026-04-08,1000000085,1000000083,1,26
2026-04-08,1000000085,1000000084,15,2
2026-04-08,1000000085,1000000086,8,6
2026-04-08,1000000085,1000000087,8,7
2026-04-08,1000000085,1000000088,9,4
2026-04-08,1000000085,1000000089,2,19
2026-04-08,1000000085,1000000090,12,3
2026-04-08,1000000085,1000000091,9,5
2026-04-08,1000000085,1000000092,7,8
2026-04-08,1000000085,1000000093,6,9
2026-04-08,1000000085,1000000094,2,20
2026-04-08,1000000085,1000000095,1,27
2026-04-08,1000000085,1000000108,5,10
2026-04-08,1000000085,1000000110,1,28
2026-04-08,1000000085,1000000111,3,16
2026-04-08,1000000085,1000000112,1,29
2026-04-08,1000000085,1000000113,1,30
2026-04-08,1000000085,1000000121,2,21
2026-04-08,1000000085,1000000127,1,31
2026-04-08,1000000085,1000000128,1,32
2026-04-08,1000000085,1000000142,4,13
2026-04-08,1000000085,1000000144,2,22
2026-04-08,1000000086,1000000035,1,16
2026-04-08,1000000086,1000000042,3,7
2026-04-08,1000000086,1000000043,2,11
2026-04-08,1000000086,1000000044,1,17
2026-04-08,1000000086,1000000045,3,8
2026-04-08,1000000086,1000000062,1,18
2026-04-08,1000000086,1000000063,2,12
2026-04-08,1000000086,1000000064,11,1
2026-04-08,1000000086,1000000084,4,6
2026-04-08,1000000086,1000000085,8,3
2026-04-08,1000000086,1000000087,5,4
2026-04-08,1000000086,1000000088,11,2
2026-04-08,1000000086,1000000089,3,9
2026-04-08,1000000086,1000000090,2,13
2026-04-08,1000000086,1000000091,5,5
2026-04-08,1000000086,1000000092,3,10
2026-04-08,1000000086,1000000093,2,14
2026-04-08,1000000086,1000000094,2,15
2026-04-08,1000000086,1000000108,1,19
2026-04-08,1000000086,1000000111,1,20
2026-04-08,1000000086,1000000112,1,21
2026-04-08,1000000086,1000000127,1,22
2026-04-08,1000000086,1000000128,1,23
2026-04-08,1000000086,1000000143,1,24
2026-04-08,1000000086,1000000144,1,25
2026-04-08,1000000087,1000000028,1,28
2026-04-08,1000000087,1000000033,2,19
2026-04-08,1000000087,1000000035,2,20
2026-04-08,1000000087,1000000042,3,16
2026-04-08,1000000087,1000000043,8,6
2026-04-08,1000000087,1000000044,1,29
2026-04-08,1000000087,1000000045,2,21
2026-04-08,1000000087,1000000062,2,22
2026-04-08,1000000087,1000000063,4,12
2026-04-08,1000000087,1000000064,20,1
2026-04-08,1000000087,1000000065,1,30
2026-04-08,1000000087,1000000066,4,13
2026-04-08,1000000087,1000000069,1,31
2026-04-08,1000000087,1000000071,1,32
2026-04-08,1000000087,1000000083,2,23
2026-04-08,1000000087,1000000084,15,2
2026-04-08,1000000087,1000000085,8,7
2026-04-08,1000000087,1000000086,5,9
2026-04-08,1000000087,1000000088,12,3
2026-04-08,1000000087,1000000089,2,24
2026-04-08,1000000087,1000000090,9,5
2026-04-08,1000000087,1000000091,12,4
2026-04-08,1000000087,1000000092,4,14
2026-04-08,1000000087,1000000093,5,10
2026-04-08,1000000087,1000000094,1,33
2026-04-08,1000000087,1000000108,4,15
2026-04-08,1000000087,1000000110,2,25
2026-04-08,1000000087,1000000111,5,11
2026-04-08,1000000087,1000000112,1,34
2026-04-08,1000000087,1000000113,3,17
2026-04-08,1000000087,1000000121,6,8
2026-04-08,1000000087,1000000127,3,18
2026-04-08,1000000087,1000000128,2,26
2026-04-08,1000000087,1000000142,1,35
2026-04-08,1000000087,1000000143,1,36
2026-04-08,1000000087,1000000144,2,27
2026-04-08,1000000088,1000000035,5,8
2026-04-08,1000000088,1000000042,2,18
2026-04-08,1000000088,1000000043,4,10
2026-04-08,1000000088,1000000045,5,9
2026-04-08,1000000088,1000000062,3,13
2026-04-08,1000000088,1000000063,3,14
2026-04-08,1000000088,1000000064,20,1
2026-04-08,1000000088,1000000066,1,21
2026-04-08,1000000088,1000000071,1,22
2026-04-08,1000000088,1000000083,2,19
2026-04-08,1000000088,1000000084,6,6
2026-04-08,1000000088,1000000085,9,4
2026-04-08,1000000088,1000000086,11,3
2026-04-08,1000000088,1000000087,12,2
2026-04-08,1000000088,1000000089,4,11
2026-04-08,1000000088,1000000090,4,12
2026-04-08,1000000088,1000000091,9,5
2026-04-08,1000000088,1000000092,6,7
2026-04-08,1000000088,1000000093,3,15
2026-04-08,1000000088,1000000094,1,23
2026-04-08,1000000088,1000000110,1,24
2026-04-08,1000000088,1000000111,1,25
2026-04-08,1000000088,1000000112,2,20
2026-04-08,1000000088,1000000113,1,26
2026-04-08,1000000088,1000000121,3,16
2026-04-08,1000000088,1000000127,3,17
2026-04-08,1000000088,1000000128,1,27
2026-04-08,1000000088,1000000144,1,28
2026-04-08,1000000089,1000000045,1,8
2026-04-08,1000000089,1000000062,1,9
2026-04-08,1000000089,1000000063,1,10
2026-04-08,1000000089,1000000064,2,3
2026-04-08,1000000089,1000000069,1,11
2026-04-08,1000000089,1000000083,1,12
2026-04-08,1000000089,1000000085,2,4
2026-04-08,1000000089,1000000086,3,2
2026-04-08,1000000089,1000000087,2,5
2026-04-08,1000000089,1000000088,4,1
2026-04-08,1000000089,1000000091,1,13
2026-04-08,1000000089,1000000121,2,6
2026-04-08,1000000089,1000000127,1,14
2026-04-08,1000000089,1000000128,1,15
2026-04-08,1000000089,1000000144,2,7
2026-04-08,1000000090,1000000042,2,14
2026-04-08,1000000090,1000000043,3,12
2026-04-08,1000000090,1000000045,1,17
2026-04-08,1000000090,1000000062,1,18
2026-04-08,1000000090,1000000063,3,13
2026-04-08,1000000090,1000000064,14,2
2026-04-08,1000000090,1000000066,1,19
2026-04-08,1000000090,1000000069,1,20
2026-04-08,1000000090,1000000083,2,15
2026-04-08,1000000090,1000000084,10,4
2026-04-08,1000000090,1000000085,12,3
2026-04-08,1000000090,1000000086,2,16
2026-04-08,1000000090,1000000087,9,6
2026-04-08,1000000090,1000000088,4,9
2026-04-08,1000000090,1000000091,20,1
2026-04-08,1000000090,1000000092,6,8
2026-04-08,1000000090,1000000093,10,5
2026-04-08,1000000090,1000000094,4,10
2026-04-08,1000000090,1000000095,1,21
2026-04-08,1000000090,1000000108,9,7
2026-04-08,1000000090,1000000111,4,11
2026-04-08,1000000090,1000000112,1,22
2026-04-08,1000000090,1000000121,1,23
2026-04-08,1000000090,1000000127,1,24
2026-04-08,1000000090,1000000128,1,25
2026-04-08,1000000090,1000000144,1,26
2026-04-08,1000000091,1000000043,2,15
2026-04-08,1000000091,1000000045,3,13
2026-04-08,1000000091,1000000062,2,16
2026-04-08,1000000091,1000000063,1,21
2026-04-08,1000000091,1000000064,21,1
2026-04-08,1000000091,1000000069,2,17
2026-04-08,1000000091,1000000083,1,22
2026-04-08,1000000091,1000000084,2,18
2026-04-08,1000000091,1000000085,9,5
2026-04-08,1000000091,1000000086,5,9
2026-04-08,1000000091,1000000087,12,3
2026-04-08,1000000091,1000000088,9,6
2026-04-08,1000000091,1000000089,1,23
2026-04-08,1000000091,1000000090,20,2
2026-04-08,1000000091,1000000092,12,4
2026-04-08,1000000091,1000000093,9,7
2026-04-08,1000000091,1000000094,6,8
2026-04-08,1000000091,1000000108,4,11
2026-04-08,1000000091,1000000110,2,19
2026-04-08,1000000091,1000000111,5,10
2026-04-08,1000000091,1000000112,2,20
2026-04-08,1000000091,1000000113,3,14
2026-04-08,1000000091,1000000127,4,12
2026-04-08,1000000091,1000000144,1,24
2026-04-08,1000000092,1000000035,1,16
2026-04-08,1000000092,1000000043,1,17
2026-04-08,1000000092,1000000044,1,18
2026-04-08,1000000092,1000000045,2,11
2026-04-08,1000000092,1000000062,1,19
2026-04-08,1000000092,1000000063,1,20
2026-04-08,1000000092,1000000064,16,1
2026-04-08,1000000092,1000000069,2,12
2026-04-08,1000000092,1000000084,2,13
2026-04-08,1000000092,1000000085,7,3
2026-04-08,1000000092,1000000086,3,9
2026-04-08,1000000092,1000000087,4,7
2026-04-08,1000000092,1000000088,6,4
2026-04-08,1000000092,1000000090,6,5
2026-04-08,1000000092,1000000091,12,2
2026-04-08,1000000092,1000000093,5,6
2026-04-08,1000000092,1000000108,2,14
2026-04-08,1000000092,1000000111,4,8
2026-04-08,1000000092,1000000112,3,10
2026-04-08,1000000092,1000000113,1,21
2026-04-08,1000000092,1000000127,2,15
2026-04-08,1000000093,1000000035,4,12
2026-04-08,1000000093,1000000043,2,16
2026-04-08,1000000093,1000000044,3,14
2026-04-08,1000000093,1000000045,4,13
2026-04-08,1000000093,1000000062,2,17
2026-04-08,1000000093,1000000063,2,18
2026-04-08,1000000093,1000000064,42,1
2026-04-08,1000000093,1000000066,2,19
2026-04-08,1000000093,1000000069,2,20
2026-04-08,1000000093,1000000083,1,25
2026-04-08,1000000093,1000000084,5,8
2026-04-08,1000000093,1000000085,6,7
2026-04-08,1000000093,1000000086,2,21
2026-04-08,1000000093,1000000087,5,9
2026-04-08,1000000093,1000000088,3,15
2026-04-08,1000000093,1000000090,10,4
2026-04-08,1000000093,1000000091,9,5
2026-04-08,1000000093,1000000092,5,10
2026-04-08,1000000093,1000000094,5,11
2026-04-08,1000000093,1000000108,13,2
2026-04-08,1000000093,1000000110,1,26
2026-04-08,1000000093,1000000111,11,3
2026-04-08,1000000093,1000000112,2,22
2026-04-08,1000000093,1000000113,2,23
2026-04-08,1000000093,1000000121,1,27
2026-04-08,1000000093,1000000127,7,6
2026-04-08,1000000093,1000000128,1,28
2026-04-08,1000000093,1000000144,2,24
2026-04-08,1000000094,1000000035,1,14
2026-04-08,1000000094,1000000042,3,8
2026-04-08,1000000094,1000000043,1,15
2026-04-08,1000000094,1000000044,1,16
2026-04-08,1000000094,1000000045,3,9
2026-04-08,1000000094,1000000062,1,17
2026-04-08,1000000094,1000000063,1,18
2026-04-08,1000000094,1000000064,7,1
2026-04-08,1000000094,1000000069,1,19
2026-04-08,1000000094,1000000083,2,11
2026-04-08,1000000094,1000000084,1,20
2026-04-08,1000000094,1000000085,2,12
2026-04-08,1000000094,1000000086,2,13
2026-04-08,1000000094,1000000087,1,21
2026-04-08,1000000094,1000000088,1,22
2026-04-08,1000000094,1000000090,4,4
2026-04-08,1000000094,1000000091,6,2
2026-04-08,1000000094,1000000093,5,3
2026-04-08,1000000094,1000000095,1,23
2026-04-08,1000000094,1000000108,4,5
2026-04-08,1000000094,1000000110,4,6
2026-04-08,1000000094,1000000111,4,7
2026-04-08,1000000094,1000000112,3,10
2026-04-08,1000000094,1000000113,1,24
2026-04-08,1000000094,1000000121,1,25
2026-04-08,1000000094,1000000142,1,26
2026-04-08,1000000094,1000000143,1,27
2026-04-08,1000000094,1000000144,1,28
2026-04-08,1000000095,1000000085,1,2
2026-04-08,1000000095,1000000090,1,3
2026-04-08,1000000095,1000000094,1,4
2026-04-08,1000000095,1000000144,2,1
2026-04-08,1000000108,1000000035,1,14
2026-04-08,1000000108,1000000045,5,3
2026-04-08,1000000108,1000000062,1,15
2026-04-08,1000000108,1000000063,1,16
2026-04-08,1000000108,1000000064,5,4
2026-04-08,1000000108,1000000083,3,9
2026-04-08,1000000108,1000000084,3,10
2026-04-08,1000000108,1000000085,5,5
2026-04-08,1000000108,1000000086,1,17
2026-04-08,1000000108,1000000087,4,6
2026-04-08,1000000108,1000000090,9,2
2026-04-08,1000000108,1000000091,4,7
2026-04-08,1000000108,1000000092,2,11
2026-04-08,1000000108,1000000093,13,1
2026-04-08,1000000108,1000000094,4,8
2026-04-08,1000000108,1000000110,2,12
2026-04-08,1000000108,1000000112,2,13
2026-04-08,1000000108,1000000113,1,18
2026-04-08,1000000108,1000000127,1,19
2026-04-08,1000000108,1000000142,1,20
2026-04-08,1000000108,1000000144,1,21
2026-04-08,1000000110,1000000027,1,11
2026-04-08,1000000110,1000000042,1,12
2026-04-08,1000000110,1000000044,2,6
2026-04-08,1000000110,1000000045,1,13
2026-04-08,1000000110,1000000063,2,7
2026-04-08,1000000110,1000000064,3,5
2026-04-08,1000000110,1000000065,1,14
2026-04-08,1000000110,1000000070,1,15
2026-04-08,1000000110,1000000083,1,16
2026-04-08,1000000110,1000000084,4,1
2026-04-08,1000000110,1000000085,1,17
2026-04-08,1000000110,1000000087,2,8
2026-04-08,1000000110,1000000088,1,18
2026-04-08,1000000110,1000000091,2,9
2026-04-08,1000000110,1000000093,1,19
2026-04-08,1000000110,1000000094,4,2
2026-04-08,1000000110,1000000108,2,10
2026-04-08,1000000110,1000000111,4,3
2026-04-08,1000000110,1000000112,4,4
2026-04-08,1000000110,1000000128,1,20
2026-04-08,1000000110,1000000142,1,21
2026-04-08,1000000110,1000000143,1,22
2026-04-08,1000000111,1000000035,1,20
2026-04-08,1000000111,1000000042,1,21
2026-04-08,1000000111,1000000043,2,18
2026-04-08,1000000111,1000000044,1,22
2026-04-08,1000000111,1000000045,3,13
2026-04-08,1000000111,1000000062,7,4
2026-04-08,1000000111,1000000063,8,3
2026-04-08,1000000111,1000000064,12,1
2026-04-08,1000000111,1000000065,3,14
2026-04-08,1000000111,1000000084,4,8
2026-04-08,1000000111,1000000085,3,15
2026-04-08,1000000111,1000000086,1,23
2026-04-08,1000000111,1000000087,5,5
2026-04-08,1000000111,1000000088,1,24
2026-04-08,1000000111,1000000090,4,9
2026-04-08,1000000111,1000000091,5,6
2026-04-08,1000000111,1000000092,4,10
2026-04-08,1000000111,1000000093,11,2
2026-04-08,1000000111,1000000094,4,11
2026-04-08,1000000111,1000000110,4,12
2026-04-08,1000000111,1000000112,2,19
2026-04-08,1000000111,1000000113,3,16
2026-04-08,1000000111,1000000121,1,25
2026-04-08,1000000111,1000000127,5,7
2026-04-08,1000000111,1000000144,3,17
2026-04-08,1000000112,1000000027,1,13
2026-04-08,1000000112,1000000035,1,14
2026-04-08,1000000112,1000000042,2,7
2026-04-08,1000000112,1000000043,3,4
2026-04-08,1000000112,1000000045,4,2
2026-04-08,1000000112,1000000063,1,15
2026-04-08,1000000112,1000000064,1,16
2026-04-08,1000000112,1000000065,1,17
2026-04-08,1000000112,1000000066,1,18
2026-04-08,1000000112,1000000083,1,19
2026-04-08,1000000112,1000000085,1,20
2026-04-08,1000000112,1000000086,1,21
2026-04-08,1000000112,1000000087,1,22
2026-04-08,1000000112,1000000088,2,8
2026-04-08,1000000112,1000000090,1,23
2026-04-08,1000000112,1000000091,2,9
2026-04-08,1000000112,1000000092,3,5
2026-04-08,1000000112,1000000093,2,10
2026-04-08,1000000112,1000000094,3,6
2026-04-08,1000000112,1000000108,2,11
2026-04-08,1000000112,1000000110,4,3
2026-04-08,1000000112,1000000111,2,12
2026-04-08,1000000112,1000000113,5,1
2026-04-08,1000000112,1000000121,1,24
2026-04-08,1000000112,1000000127,1,25
2026-04-08,1000000112,1000000144,1,26
2026-04-08,1000000113,1000000028,1,11
2026-04-08,1000000113,1000000033,1,12
2026-04-08,1000000113,1000000042,1,13
2026-04-08,1000000113,1000000043,2,8
2026-04-08,1000000113,1000000045,3,4
2026-04-08,1000000113,1000000062,1,14
2026-04-08,1000000113,1000000063,4,3
2026-04-08,1000000113,1000000064,8,1
2026-04-08,1000000113,1000000071,2,9
2026-04-08,1000000113,1000000083,1,15
2026-04-08,1000000113,1000000084,1,16
2026-04-08,1000000113,1000000085,1,17
2026-04-08,1000000113,1000000087,3,5
2026-04-08,1000000113,1000000088,1,18
2026-04-08,1000000113,1000000091,3,6
2026-04-08,1000000113,1000000092,1,19
2026-04-08,1000000113,1000000093,2,10
2026-04-08,1000000113,1000000094,1,20
2026-04-08,1000000113,1000000108,1,21
2026-04-08,1000000113,1000000111,3,7
2026-04-08,1000000113,1000000112,5,2
2026-04-08,1000000113,1000000121,1,22
2026-04-08,1000000113,1000000128,1,23
2026-04-08,1000000121,1000000028,1,24
2026-04-08,1000000121,1000000033,5,13
2026-04-08,1000000121,1000000035,14,5
2026-04-08,1000000121,1000000042,21,2
2026-04-08,1000000121,1000000043,20,4
2026-04-08,1000000121,1000000044,13,6
2026-04-08,1000000121,1000000045,21,3
2026-04-08,1000000121,1000000062,6,11
2026-04-08,1000000121,1000000063,11,7
2026-04-08,1000000121,1000000064,32,1
2026-04-08,1000000121,1000000065,5,14
2026-04-08,1000000121,1000000066,5,15
2026-04-08,1000000121,1000000069,8,8
2026-04-08,1000000121,1000000070,2,19
2026-04-08,1000000121,1000000083,7,9
2026-04-08,1000000121,1000000085,2,20
2026-04-08,1000000121,1000000087,6,12
2026-04-08,1000000121,1000000088,3,17
2026-04-08,1000000121,1000000089,2,21
2026-04-08,1000000121,1000000090,1,25
2026-04-08,1000000121,1000000093,1,26
2026-04-08,1000000121,1000000094,1,27
2026-04-08,1000000121,1000000111,1,28
2026-04-08,1000000121,1000000112,1,29
2026-04-08,1000000121,1000000113,1,30
2026-04-08,1000000121,1000000127,7,10
2026-04-08,1000000121,1000000128,4,16
2026-04-08,1000000121,1000000142,2,22
2026-04-08,1000000121,1000000143,3,18
2026-04-08,1000000121,1000000144,2,23
2026-04-08,1000000127,1000000033,4,17
2026-04-08,1000000127,1000000035,5,15
2026-04-08,1000000127,1000000042,20,7
2026-04-08,1000000127,1000000043,24,6
2026-04-08,1000000127,1000000044,25,5
2026-04-08,1000000127,1000000045,33,4
2026-04-08,1000000127,1000000062,61,3
2026-04-08,1000000127,1000000063,84,2
2026-04-08,1000000127,1000000064,136,1
2026-04-08,1000000127,1000000065,2,23
2026-04-08,1000000127,1000000066,6,13
2026-04-08,1000000127,1000000069,9,9
2026-04-08,1000000127,1000000071,4,18
2026-04-08,1000000127,1000000072,2,24
2026-04-08,1000000127,1000000083,11,8
2026-04-08,1000000127,1000000084,1,26
2026-04-08,1000000127,1000000085,1,27
2026-04-08,1000000127,1000000086,1,28
2026-04-08,1000000127,1000000087,3,20
2026-04-08,1000000127,1000000088,3,21
2026-04-08,1000000127,1000000089,1,29
2026-04-08,1000000127,1000000090,1,30
2026-04-08,1000000127,1000000091,4,19
2026-04-08,1000000127,1000000092,2,25
2026-04-08,1000000127,1000000093,7,10
2026-04-08,1000000127,1000000108,1,31
2026-04-08,1000000127,1000000111,5,16
2026-04-08,1000000127,1000000112,1,32
2026-04-08,1000000127,1000000121,7,11
2026-04-08,1000000127,1000000128,7,12
2026-04-08,1000000127,1000000142,6,14
2026-04-08,1000000127,1000000144,3,22
2026-04-08,1000000128,1000000027,2,15
2026-04-08,1000000128,1000000033,1,19
2026-04-08,1000000128,1000000035,2,16
2026-04-08,1000000128,1000000042,6,8
2026-04-08,1000000128,1000000043,8,4
2026-04-08,1000000128,1000000044,6,9
2026-04-08,1000000128,1000000045,14,2
2026-04-08,1000000128,1000000062,6,10
2026-04-08,1000000128,1000000063,8,5
2026-04-08,1000000128,1000000064,29,1
2026-04-08,1000000128,1000000065,7,6
2026-04-08,1000000128,1000000066,10,3
2026-04-08,1000000128,1000000069,3,13
2026-04-08,1000000128,1000000070,1,20
2026-04-08,1000000128,1000000071,1,21
2026-04-08,1000000128,1000000083,2,17
2026-04-08,1000000128,1000000084,1,22
2026-04-08,1000000128,1000000085,1,23
2026-04-08,1000000128,1000000086,1,24
2026-04-08,1000000128,1000000087,2,18
2026-04-08,1000000128,1000000088,1,25
2026-04-08,1000000128,1000000089,1,26
2026-04-08,1000000128,1000000090,1,27
2026-04-08,1000000128,1000000093,1,28
2026-04-08,1000000128,1000000110,1,29
2026-04-08,1000000128,1000000113,1,30
2026-04-08,1000000128,1000000121,4,12
2026-04-08,1000000128,1000000127,7,7
2026-04-08,1000000128,1000000142,3,14
2026-04-08,1000000128,1000000143,1,31
2026-04-08,1000000128,1000000144,5,11
2026-04-08,1000000142,1000000033,1,16
2026-04-08,1000000142,1000000035,1,17
2026-04-08,1000000142,1000000042,7,2
2026-04-08,1000000142,1000000043,3,7
2026-04-08,1000000142,1000000044,3,8
2026-04-08,1000000142,1000000045,6,3
2026-04-08,1000000142,1000000062,3,9
2026-04-08,1000000142,1000000063,2,11
2026-04-08,1000000142,1000000064,11,1
2026-04-08,1000000142,1000000065,2,12
2026-04-08,1000000142,1000000066,1,18
2026-04-08,1000000142,1000000069,2,13
2026-04-08,1000000142,1000000071,1,19
2026-04-08,1000000142,1000000083,1,20
2026-04-08,1000000142,1000000085,4,6
2026-04-08,1000000142,1000000087,1,21
2026-04-08,1000000142,1000000094,1,22
2026-04-08,1000000142,1000000108,1,23
2026-04-08,1000000142,1000000110,1,24
2026-04-08,1000000142,1000000121,2,14
2026-04-08,1000000142,1000000127,6,4
2026-04-08,1000000142,1000000128,3,10
2026-04-08,1000000142,1000000143,2,15
2026-04-08,1000000142,1000000144,5,5
2026-04-08,1000000143,1000000042,4,4
2026-04-08,1000000143,1000000043,7,2
2026-04-08,1000000143,1000000044,2,8
2026-04-08,1000000143,1000000045,5,3
2026-04-08,1000000143,1000000062,3,5
2026-04-08,1000000143,1000000063,1,12
2026-04-08,1000000143,1000000064,8,1
2026-04-08,1000000143,1000000065,3,6
2026-04-08,1000000143,1000000066,2,9
2026-04-08,1000000143,1000000069,1,13
2026-04-08,1000000143,1000000084,1,14
2026-04-08,1000000143,1000000086,1,15
2026-04-08,1000000143,1000000087,1,16
2026-04-08,1000000143,1000000094,1,17
2026-04-08,1000000143,1000000110,1,18
2026-04-08,1000000143,1000000121,3,7
2026-04-08,1000000143,1000000128,1,19
2026-04-08,1000000143,1000000142,2,10
2026-04-08,1000000143,1000000144,2,11
2026-04-08,1000000144,1000000027,1,23
2026-04-08,1000000144,1000000033,2,13
2026-04-08,1000000144,1000000035,1,24
2026-04-08,1000000144,1000000042,3,9
2026-04-08,1000000144,1000000043,4,6
2026-04-08,1000000144,1000000044,4,7
2026-04-08,1000000144,1000000045,4,8
2026-04-08,1000000144,1000000062,2,14
2026-04-08,1000000144,1000000063,2,15
2026-04-08,1000000144,1000000064,15,1
2026-04-08,1000000144,1000000065,3,10
2026-04-08,1000000144,1000000066,5,2
2026-04-08,1000000144,1000000069,5,3
2026-04-08,1000000144,1000000085,2,16
2026-04-08,1000000144,1000000086,1,25
2026-04-08,1000000144,1000000087,2,17
2026-04-08,1000000144,1000000088,1,26
2026-04-08,1000000144,1000000089,2,18
2026-04-08,1000000144,1000000090,1,27
2026-04-08,1000000144,1000000091,1,28
2026-04-08,1000000144,1000000093,2,19
2026-04-08,1000000144,1000000094,1,29
2026-04-08,1000000144,1000000095,2,20
2026-04-08,1000000144,1000000108,1,30
2026-04-08,1000000144,1000000111,3,11
2026-04-08,1000000144,1000000112,1,31
2026-04-08,1000000144,1000000121,2,21
2026-04-08,1000000144,1000000127,3,12
2026-04-08,1000000144,1000000128,5,4
2026-04-08,1000000144,1000000142,5,5
2026-04-08,1000000144,1000000143,2,22
2026-04-08,1000000153,1000000154,4,2
2026-04-08,1000000153,1000000156,18,1
2026-04-08,1000000154,1000000153,4,1
2026-04-08,1000000156,1000000153,18,1
2026-04-09,1000000027,1000000028,2,8
2026-04-09,1000000027,1000000033,2,9
2026-04-09,1000000027,1000000035,3,4
2026-04-09,1000000027,1000000042,6,1
2026-04-09,1000000027,1000000043,5,2
2026-04-09,1000000027,1000000044,2,10
2026-04-09,1000000027,1000000045,3,5
2026-04-09,1000000027,1000000062,1,13
2026-04-09,1000000027,1000000063,1,14
2026-04-09,1000000027,1000000064,3,6
2026-04-09,1000000027,1000000065,2,11
2026-04-09,1000000027,1000000066,1,15
2026-04-09,1000000027,1000000069,1,16
2026-04-09,1000000027,1000000070,3,7
2026-04-09,1000000027,1000000071,4,3
2026-04-09,1000000027,1000000083,1,17
2026-04-09,1000000027,1000000085,1,18
2026-04-09,1000000027,1000000110,1,19
2026-04-09,1000000027,1000000112,1,20
2026-04-09,1000000027,1000000128,2,12
2026-04-09,1000000027,1000000144,1,21
2026-04-09,1000000028,1000000027,2,3
2026-04-09,1000000028,1000000035,1,11
2026-04-09,1000000028,1000000042,3,1
2026-04-09,1000000028,1000000043,2,4
2026-04-09,1000000028,1000000044,2,5
2026-04-09,1000000028,1000000045,2,6
2026-04-09,1000000028,1000000063,1,12
2026-04-09,1000000028,1000000064,2,7
2026-04-09,1000000028,1000000069,2,8
2026-04-09,1000000028,1000000070,2,9
2026-04-09,1000000028,1000000071,3,2
2026-04-09,1000000028,1000000072,1,13
2026-04-09,1000000028,1000000083,2,10
2026-04-09,1000000028,1000000087,1,14
2026-04-09,1000000028,1000000113,1,15
2026-04-09,1000000028,1000000121,1,16
2026-04-09,1000000033,1000000027,2,10
2026-04-09,1000000033,1000000035,12,1
2026-04-09,1000000033,1000000042,5,6
2026-04-09,1000000033,1000000043,9,2
2026-04-09,1000000033,1000000044,2,11
2026-04-09,1000000033,1000000045,7,3
2026-04-09,1000000033,1000000062,1,14
2026-04-09,1000000033,1000000063,1,15
2026-04-09,1000000033,1000000064,6,5
2026-04-09,1000000033,1000000065,3,9
2026-04-09,1000000033,1000000066,1,16
2026-04-09,1000000033,1000000070,1,17
2026-04-09,1000000033,1000000071,1,18
2026-04-09,1000000033,1000000083,7,4
2026-04-09,1000000033,1000000085,1,19
2026-04-09,1000000033,1000000087,2,12
2026-04-09,1000000033,1000000113,1,20
2026-04-09,1000000033,1000000121,5,7
2026-04-09,1000000033,1000000127,4,8
2026-04-09,1000000033,1000000128,1,21
2026-04-09,1000000033,1000000142,1,22
2026-04-09,1000000033,1000000144,2,13
2026-04-09,1000000035,1000000027,3,16
2026-04-09,1000000035,1000000028,1,20
2026-04-09,1000000035,1000000033,12,6
2026-04-09,1000000035,1000000042,16,2
2026-04-09,1000000035,1000000043,13,4
2026-04-09,1000000035,1000000044,10,7
2026-04-09,1000000035,1000000045,13,5
2026-04-09,1000000035,1000000062,7,10
2026-04-09,1000000035,1000000063,6,11
2026-04-09,1000000035,1000000064,21,1
2026-04-09,1000000035,1000000065,5,12
2026-04-09,1000000035,1000000066,8,8
2026-04-09,1000000035,1000000069,3,17
2026-04-09,1000000035,1000000071,1,21
2026-04-09,1000000035,1000000083,8,9
2026-04-09,1000000035,1000000086,1,22
2026-04-09,1000000035,1000000087,2,18
2026-04-09,1000000035,1000000088,5,13
2026-04-09,1000000035,1000000092,1,23
2026-04-09,1000000035,1000000093,4,15
2026-04-09,1000000035,1000000094,1,24
2026-04-09,1000000035,1000000108,1,25
2026-04-09,1000000035,1000000111,1,26
2026-04-09,1000000035,1000000112,1,27
2026-04-09,1000000035,1000000121,14,3
2026-04-09,1000000035,1000000127,5,14
2026-04-09,1000000035,1000000128,2,19
2026-04-09,1000000035,1000000142,1,28
2026-04-09,1000000035,1000000144,1,29
2026-04-09,1000000042,1000000027,6,16
2026-04-09,1000000042,1000000028,3,20
2026-04-09,1000000042,1000000033,5,18
2026-04-09,1000000042,1000000035,16,9
2026-04-09,1000000042,1000000043,61,3
2026-04-09,1000000042,1000000044,33,4
2026-04-09,1000000042,1000000045,77,2
2026-04-09,1000000042,1000000062,21,6
2026-04-09,1000000042,1000000063,27,5
2026-04-09,1000000042,1000000064,83,1
2026-04-09,1000000042,1000000065,10,12
2026-04-09,1000000042,1000000066,8,14
2026-04-09,1000000042,1000000069,12,11
2026-04-09,1000000042,1000000070,2,26
2026-04-09,1000000042,1000000071,9,13
2026-04-09,1000000042,1000000072,2,27
2026-04-09,1000000042,1000000074,1,32
2026-04-09,1000000042,1000000083,14,10
2026-04-09,1000000042,1000000084,2,28
2026-04-09,1000000042,1000000085,3,21
2026-04-09,1000000042,1000000086,3,22
2026-04-09,1000000042,1000000087,3,23
2026-04-09,1000000042,1000000088,2,29
2026-04-09,1000000042,1000000090,2,30
2026-04-09,1000000042,1000000094,3,24
2026-04-09,1000000042,1000000110,1,33
2026-04-09,1000000042,1000000111,1,34
2026-04-09,1000000042,1000000112,2,31
2026-04-09,1000000042,1000000113,1,35
2026-04-09,1000000042,1000000121,21,7
2026-04-09,1000000042,1000000127,20,8
2026-04-09,1000000042,1000000128,6,17
2026-04-09,1000000042,1000000142,7,15
2026-04-09,1000000042,1000000143,4,19
2026-04-09,1000000042,1000000144,3,25
2026-04-09,1000000043,1000000027,5,20
2026-04-09,1000000043,1000000028,2,26
2026-04-09,1000000043,1000000033,9,13
2026-04-09,1000000043,1000000035,13,11
2026-04-09,1000000043,1000000042,61,3
2026-04-09,1000000043,1000000044,51,4
2026-04-09,1000000043,1000000045,86,2
2026-04-09,1000000043,1000000062,18,8
2026-04-09,1000000043,1000000063,31,5
2026-04-09,1000000043,1000000064,96,1
2026-04-09,1000000043,1000000065,10,12
2026-04-09,1000000043,1000000066,17,10
2026-04-09,1000000043,1000000069,18,9
2026-04-09,1000000043,1000000070,6,19
2026-04-09,1000000043,1000000071,7,17
2026-04-09,1000000043,1000000072,1,33
2026-04-09,1000000043,1000000074,1,34
2026-04-09,1000000043,1000000083,8,14
2026-04-09,1000000043,1000000084,1,35
2026-04-09,1000000043,1000000085,2,27
2026-04-09,1000000043,1000000086,2,28
2026-04-09,1000000043,1000000087,8,15
2026-04-09,1000000043,1000000088,4,21
2026-04-09,1000000043,1000000090,3,23
2026-04-09,1000000043,1000000091,2,29
2026-04-09,1000000043,1000000092,1,36
2026-04-09,1000000043,1000000093,2,30
2026-04-09,1000000043,1000000094,1,37
2026-04-09,1000000043,1000000111,2,31
2026-04-09,1000000043,1000000112,3,24
2026-04-09,1000000043,1000000113,2,32
2026-04-09,1000000043,1000000121,20,7
2026-04-09,1000000043,1000000127,24,6
2026-04-09,1000000043,1000000128,8,16
2026-04-09,1000000043,1000000142,3,25
2026-04-09,1000000043,1000000143,7,18
2026-04-09,1000000043,1000000144,4,22
2026-04-09,1000000044,1000000027,2,19
2026-04-09,1000000044,1000000028,2,20
2026-04-09,1000000044,1000000033,2,21
2026-04-09,1000000044,1000000035,10,11
2026-04-09,1000000044,1000000042,33,4
2026-04-09,1000000044,1000000043,51,3
2026-04-09,1000000044,1000000045,70,2
2026-04-09,1000000044,1000000062,19,7
2026-04-09,1000000044,1000000063,26,5
2026-04-09,1000000044,1000000064,82,1
2026-04-09,1000000044,1000000065,7,12
2026-04-09,1000000044,1000000066,13,9
2026-04-09,1000000044,1000000069,17,8
2026-04-09,1000000044,1000000070,2,22
2026-04-09,1000000044,1000000071,6,13
2026-04-09,1000000044,1000000072,3,16
2026-04-09,1000000044,1000000083,2,23
2026-04-09,1000000044,1000000086,1,26
2026-04-09,1000000044,1000000087,1,27
2026-04-09,1000000044,1000000092,1,28
2026-04-09,1000000044,1000000093,3,17
2026-04-09,1000000044,1000000094,1,29
2026-04-09,1000000044,1000000110,2,24
2026-04-09,1000000044,1000000111,1,30
2026-04-09,1000000044,1000000121,13,10
2026-04-09,1000000044,1000000127,25,6
2026-04-09,1000000044,1000000128,6,14
2026-04-09,1000000044,1000000142,3,18
2026-04-09,1000000044,1000000143,2,25
2026-04-09,1000000044,1000000144,4,15
2026-04-09,1000000045,1000000027,3,26
2026-04-09,1000000045,1000000028,2,33
2026-04-09,1000000045,1000000033,7,15
2026-04-09,1000000045,1000000035,13,12
2026-04-09,1000000045,1000000042,77,3
2026-04-09,1000000045,1000000043,86,2
2026-04-09,1000000045,1000000044,70,4
2026-04-09,1000000045,1000000062,35,6
2026-04-09,1000000045,1000000063,50,5
2026-04-09,1000000045,1000000064,159,1
2026-04-09,1000000045,1000000065,9,14
2026-04-09,1000000045,1000000066,16,10
2026-04-09,1000000045,1000000069,27,8
2026-04-09,1000000045,1000000070,4,21
2026-04-09,1000000045,1000000071,5,17
2026-04-09,1000000045,1000000072,3,27
2026-04-09,1000000045,1000000083,11,13
2026-04-09,1000000045,1000000084,1,36
2026-04-09,1000000045,1000000085,4,22
2026-04-09,1000000045,1000000086,3,28
2026-04-09,1000000045,1000000087,2,34
2026-04-09,1000000045,1000000088,5,18
2026-04-09,1000000045,1000000089,1,37
2026-04-09,1000000045,1000000090,1,38
2026-04-09,1000000045,1000000091,3,29
2026-04-09,1000000045,1000000092,2,35
2026-04-09,1000000045,1000000093,4,23
2026-04-09,1000000045,1000000094,3,30
2026-04-09,1000000045,1000000108,5,19
2026-04-09,1000000045,1000000110,1,39
2026-04-09,1000000045,1000000111,3,31
2026-04-09,1000000045,1000000112,4,24
2026-04-09,1000000045,1000000113,3,32
2026-04-09,1000000045,1000000121,21,9
2026-04-09,1000000045,1000000127,33,7
2026-04-09,1000000045,1000000128,14,11
2026-04-09,1000000045,1000000142,6,16
2026-04-09,1000000045,1000000143,5,20
2026-04-09,1000000045,1000000144,4,25
2026-04-09,1000000062,1000000027,1,26
2026-04-09,1000000062,1000000033,1,27
2026-04-09,1000000062,1000000035,7,10
2026-04-09,1000000062,1000000042,21,5
2026-04-09,1000000062,1000000043,18,7
2026-04-09,1000000062,1000000044,19,6
2026-04-09,1000000062,1000000045,35,4
2026-04-09,1000000062,1000000063,88,1
2026-04-09,1000000062,1000000064,39,3
2026-04-09,1000000062,1000000065,9,9
2026-04-09,1000000062,1000000066,4,16
2026-04-09,1000000062,1000000069,7,11
2026-04-09,1000000062,1000000070,1,28
2026-04-09,1000000062,1000000071,3,17
2026-04-09,1000000062,1000000072,1,29
2026-04-09,1000000062,1000000074,1,30
2026-04-09,1000000062,1000000083,11,8
2026-04-09,1000000062,1000000084,5,15
2026-04-09,1000000062,1000000085,3,18
2026-04-09,1000000062,1000000086,1,31
2026-04-09,1000000062,1000000087,2,22
2026-04-09,1000000062,1000000088,3,19
2026-04-09,1000000062,1000000089,1,32
2026-04-09,1000000062,1000000090,1,33
2026-04-09,1000000062,1000000091,2,23
2026-04-09,1000000062,1000000092,1,34
2026-04-09,1000000062,1000000093,2,24
2026-04-09,1000000062,1000000094,1,35
2026-04-09,1000000062,1000000108,1,36
2026-04-09,1000000062,1000000111,7,12
2026-04-09,1000000062,1000000113,1,37
2026-04-09,1000000062,1000000121,6,13
2026-04-09,1000000062,1000000127,61,2
2026-04-09,1000000062,1000000128,6,14
2026-04-09,1000000062,1000000142,3,20
2026-04-09,1000000062,1000000143,3,21
2026-04-09,1000000062,1000000144,2,25
2026-04-09,1000000063,1000000027,1,29
2026-04-09,1000000063,1000000028,1,30
2026-04-09,1000000063,1000000033,1,31
2026-04-09,1000000063,1000000035,6,14
2026-04-09,1000000063,1000000042,27,6
2026-04-09,1000000063,1000000043,31,5
2026-04-09,1000000063,1000000044,26,7
2026-04-09,1000000063,1000000045,50,3
2026-04-09,1000000063,1000000062,88,1
2026-04-09,1000000063,1000000064,38,4
2026-04-09,1000000063,1000000065,4,15
2026-04-09,1000000063,1000000066,12,8
2026-04-09,1000000063,1000000069,10,10
2026-04-09,1000000063,1000000070,3,19
2026-04-09,1000000063,1000000071,2,23
2026-04-09,1000000063,1000000072,1,32
2026-04-09,1000000063,1000000083,7,13
2026-04-09,1000000063,1000000084,3,20
2026-04-09,1000000063,1000000085,4,16
2026-04-09,1000000063,1000000086,2,24
2026-04-09,1000000063,1000000087,4,17
2026-04-09,1000000063,1000000088,3,21
2026-04-09,1000000063,1000000089,1,33
2026-04-09,1000000063,1000000090,3,22
2026-04-09,1000000063,1000000091,1,34
2026-04-09,1000000063,1000000092,1,35
2026-04-09,1000000063,1000000093,2,25
2026-04-09,1000000063,1000000094,1,36
2026-04-09,1000000063,1000000108,1,37
2026-04-09,1000000063,1000000110,2,26
2026-04-09,1000000063,1000000111,8,11
2026-04-09,1000000063,1000000112,1,38
2026-04-09,1000000063,1000000113,4,18
2026-04-09,1000000063,1000000121,11,9
2026-04-09,1000000063,1000000127,84,2
2026-04-09,1000000063,1000000128,8,12
2026-04-09,1000000063,1000000142,2,27
2026-04-09,1000000063,1000000143,1,39
2026-04-09,1000000063,1000000144,2,28
2026-04-09,1000000064,1000000027,3,34
2026-04-09,1000000064,1000000028,2,37
2026-04-09,1000000064,1000000033,6,31
2026-04-09,1000000064,1000000035,21,14
2026-04-09,1000000064,1000000042,83,4
2026-04-09,1000000064,1000000043,96,3
2026-04-09,1000000064,1000000044,82,5
2026-04-09,1000000064,1000000045,159,1
2026-04-09,1000000064,1000000062,39,9
2026-04-09,1000000064,1000000063,38,10
2026-04-09,1000000064,1000000065,22,13
2026-04-09,1000000064,1000000066,41,8
2026-04-09,1000000064,1000000069,59,6
2026-04-09,1000000064,1000000070,4,33
2026-04-09,1000000064,1000000071,11,24
2026-04-09,1000000064,1000000072,3,35
2026-04-09,1000000064,1000000083,16,18
2026-04-09,1000000064,1000000084,10,27
2026-04-09,1000000064,1000000085,16,19
2026-04-09,1000000064,1000000086,11,25
2026-04-09,1000000064,1000000087,20,16
2026-04-09,1000000064,1000000088,20,17
2026-04-09,1000000064,1000000089,2,38
2026-04-09,1000000064,1000000090,14,22
2026-04-09,1000000064,1000000091,21,15
2026-04-09,1000000064,1000000092,16,20
2026-04-09,1000000064,1000000093,42,7
2026-04-09,1000000064,1000000094,7,30
2026-04-09,1000000064,1000000108,5,32
2026-04-09,1000000064,1000000110,3,36
2026-04-09,1000000064,1000000111,12,23
2026-04-09,1000000064,1000000112,1,39
2026-04-09,1000000064,1000000113,8,28
2026-04-09,1000000064,1000000121,32,11
2026-04-09,1000000064,1000000127,136,2
2026-04-09,1000000064,1000000128,29,12
2026-04-09,1000000064,1000000142,11,26
2026-04-09,1000000064,1000000143,8,29
2026-04-09,1000000064,1000000144,15,21
2026-04-09,1000000065,1000000027,2,17
2026-04-09,1000000065,1000000033,3,13
2026-04-09,1000000065,1000000035,5,9
2026-04-09,1000000065,1000000042,10,3
2026-04-09,1000000065,1000000043,10,4
2026-04-09,1000000065,1000000044,7,7
2026-04-09,1000000065,1000000045,9,5
2026-04-09,1000000065,1000000062,9,6
2026-04-09,1000000065,1000000063,4,11
2026-04-09,1000000065,1000000064,22,1
2026-04-09,1000000065,1000000066,13,2
2026-04-09,1000000065,1000000069,4,12
2026-04-09,1000000065,1000000071,1,22
2026-04-09,1000000065,1000000083,2,18
2026-04-09,1000000065,1000000084,1,23
2026-04-09,1000000065,1000000085,2,19
2026-04-09,1000000065,1000000087,1,24
2026-04-09,1000000065,1000000110,1,25
2026-04-09,1000000065,1000000111,3,14
2026-04-09,1000000065,1000000112,1,26
2026-04-09,1000000065,1000000121,5,10
2026-04-09,1000000065,1000000127,2,20
2026-04-09,1000000065,1000000128,7,8
2026-04-09,1000000065,1000000142,2,21
2026-04-09,1000000065,1000000143,3,15
2026-04-09,1000000065,1000000144,3,16
2026-04-09,1000000066,1000000027,1,20
2026-04-09,1000000066,1000000033,1,21
2026-04-09,1000000066,1000000035,8,9
2026-04-09,1000000066,1000000042,8,10
2026-04-09,1000000066,1000000043,17,2
2026-04-09,1000000066,1000000044,13,4
2026-04-09,1000000066,1000000045,16,3
2026-04-09,1000000066,1000000062,4,14
2026-04-09,1000000066,1000000063,12,6
2026-04-09,1000000066,1000000064,41,1
2026-04-09,1000000066,1000000065,13,5
2026-04-09,1000000066,1000000069,11,7
2026-04-09,1000000066,1000000070,4,15
2026-04-09,1000000066,1000000072,1,22
2026-04-09,1000000066,1000000083,1,23
2026-04-09,1000000066,1000000084,2,17
2026-04-09,1000000066,1000000087,4,16
2026-04-09,1000000066,1000000088,1,24
2026-04-09,1000000066,1000000090,1,25
2026-04-09,1000000066,1000000093,2,18
2026-04-09,1000000066,1000000112,1,26
2026-04-09,1000000066,1000000121,5,12
2026-04-09,1000000066,1000000127,6,11
2026-04-09,1000000066,1000000128,10,8
2026-04-09,1000000066,1000000142,1,27
2026-04-09,1000000066,1000000143,2,19
2026-04-09,1000000066,1000000144,5,13
2026-04-09,1000000069,1000000027,1,22
2026-04-09,1000000069,1000000028,2,16
2026-04-09,1000000069,1000000035,3,14
2026-04-09,1000000069,1000000042,12,5
2026-04-09,1000000069,1000000043,18,3
2026-04-09,1000000069,1000000044,17,4
2026-04-09,1000000069,1000000045,27,2
2026-04-09,1000000069,1000000062,7,10
2026-04-09,1000000069,1000000063,10,7
2026-04-09,1000000069,1000000064,59,1
2026-04-09,1000000069,1000000065,4,13
2026-04-09,1000000069,1000000066,11,6
2026-04-09,1000000069,1000000070,1,23
2026-04-09,1000000069,1000000071,2,17
2026-04-09,1000000069,1000000083,6,11
2026-04-09,1000000069,1000000085,1,24
2026-04-09,1000000069,1000000087,1,25
2026-04-09,1000000069,1000000089,1,26
2026-04-09,1000000069,1000000090,1,27
2026-04-09,1000000069,1000000091,2,18
2026-04-09,1000000069,1000000092,2,19
2026-04-09,1000000069,1000000093,2,20
2026-04-09,1000000069,1000000094,1,28
2026-04-09,1000000069,1000000121,8,9
2026-04-09,1000000069,1000000127,9,8
2026-04-09,1000000069,1000000128,3,15
2026-04-09,1000000069,1000000142,2,21
2026-04-09,1000000069,1000000143,1,29
2026-04-09,1000000069,1000000144,5,12
2026-04-09,1000000070,1000000027,3,6
2026-04-09,1000000070,1000000028,2,9
2026-04-09,1000000070,1000000033,1,13
2026-04-09,1000000070,1000000042,2,10
2026-04-09,1000000070,1000000043,6,1
2026-04-09,1000000070,1000000044,2,11
2026-04-09,1000000070,1000000045,4,3
2026-04-09,1000000070,1000000062,1,14
2026-04-09,1000000070,1000000063,3,7
2026-04-09,1000000070,1000000064,4,4
2026-04-09,1000000070,1000000066,4,5
2026-04-09,1000000070,1000000069,1,15
2026-04-09,1000000070,1000000071,5,2
2026-04-09,1000000070,1000000072,3,8
2026-04-09,1000000070,1000000083,1,16
2026-04-09,1000000070,1000000110,1,17
2026-04-09,1000000070,1000000121,2,12
2026-04-09,1000000070,1000000128,1,18
2026-04-09,1000000071,1000000027,4,7
2026-04-09,1000000071,1000000028,3,10
2026-04-09,1000000071,1000000033,1,16
2026-04-09,1000000071,1000000035,1,17
2026-04-09,1000000071,1000000042,9,2
2026-04-09,1000000071,1000000043,7,3
2026-04-09,1000000071,1000000044,6,4
2026-04-09,1000000071,1000000045,5,5
2026-04-09,1000000071,1000000062,3,11
2026-04-09,1000000071,1000000063,2,12
2026-04-09,1000000071,1000000064,11,1
2026-04-09,1000000071,1000000065,1,18
2026-04-09,1000000071,1000000069,2,13
2026-04-09,1000000071,1000000070,5,6
2026-04-09,1000000071,1000000072,2,14
2026-04-09,1000000071,1000000083,4,8
2026-04-09,1000000071,1000000087,1,19
2026-04-09,1000000071,1000000088,1,20
2026-04-09,1000000071,1000000113,2,15
2026-04-09,1000000071,1000000127,4,9
2026-04-09,1000000071,1000000128,1,21
2026-04-09,1000000071,1000000142,1,22
2026-04-09,1000000072,1000000028,1,8
2026-04-09,1000000072,1000000042,2,5
2026-04-09,1000000072,1000000043,1,9
2026-04-09,1000000072,1000000044,3,1
2026-04-09,1000000072,1000000045,3,2
2026-04-09,1000000072,1000000062,1,10
2026-04-09,1000000072,1000000063,1,11
2026-04-09,1000000072,1000000064,3,3
2026-04-09,1000000072,1000000066,1,12
2026-04-09,1000000072,1000000070,3,4
2026-04-09,1000000072,1000000071,2,6
2026-04-09,1000000072,1000000083,1,13
2026-04-09,1000000072,1000000127,2,7
2026-04-09,1000000074,1000000042,1,1
2026-04-09,1000000074,1000000043,1,2
2026-04-09,1000000074,1000000062,1,3
2026-04-09,1000000083,1000000027,1,22
2026-04-09,1000000083,1000000028,2,14
2026-04-09,1000000083,1000000033,7,8
2026-04-09,1000000083,1000000035,8,6
2026-04-09,1000000083,1000000042,14,2
2026-04-09,1000000083,1000000043,8,7
2026-04-09,1000000083,1000000044,2,15
2026-04-09,1000000083,1000000045,11,3
2026-04-09,1000000083,1000000062,11,4
2026-04-09,1000000083,1000000063,7,9
2026-04-09,1000000083,1000000064,16,1
2026-04-09,1000000083,1000000065,2,16
2026-04-09,1000000083,1000000066,1,23
2026-04-09,1000000083,1000000069,6,11
2026-04-09,1000000083,1000000070,1,24
2026-04-09,1000000083,1000000071,4,12
2026-04-09,1000000083,1000000072,1,25
2026-04-09,1000000083,1000000085,1,26
2026-04-09,1000000083,1000000087,2,17
2026-04-09,1000000083,1000000088,2,18
2026-04-09,1000000083,1000000089,1,27
2026-04-09,1000000083,1000000090,2,19
2026-04-09,1000000083,1000000091,1,28
2026-04-09,1000000083,1000000093,1,29
2026-04-09,1000000083,1000000094,2,20
2026-04-09,1000000083,1000000108,3,13
2026-04-09,1000000083,1000000110,1,30
2026-04-09,1000000083,1000000112,1,31
2026-04-09,1000000083,1000000113,1,32
2026-04-09,1000000083,1000000121,7,10
2026-04-09,1000000083,1000000127,11,5
2026-04-09,1000000083,1000000128,2,21
2026-04-09,1000000083,1000000142,1,33
2026-04-09,1000000084,1000000042,2,13
2026-04-09,1000000084,1000000043,1,17
2026-04-09,1000000084,1000000045,1,18
2026-04-09,1000000084,1000000062,5,6
2026-04-09,1000000084,1000000063,3,11
2026-04-09,1000000084,1000000064,10,3
2026-04-09,1000000084,1000000065,1,19
2026-04-09,1000000084,1000000066,2,14
2026-04-09,1000000084,1000000085,15,1
2026-04-09,1000000084,1000000086,4,8
2026-04-09,1000000084,1000000087,15,2
2026-04-09,1000000084,1000000088,6,5
2026-04-09,1000000084,1000000090,10,4
2026-04-09,1000000084,1000000091,2,15
2026-04-09,1000000084,1000000092,2,16
2026-04-09,1000000084,1000000093,5,7
2026-04-09,1000000084,1000000094,1,20
2026-04-09,1000000084,1000000108,3,12
2026-04-09,1000000084,1000000110,4,9
2026-04-09,1000000084,1000000111,4,10
2026-04-09,1000000084,1000000113,1,21
2026-04-09,1000000084,1000000127,1,22
2026-04-09,1000000084,1000000128,1,23
2026-04-09,1000000084,1000000143,1,24
2026-04-09,1000000085,1000000027,1,23
2026-04-09,1000000085,1000000033,1,24
2026-04-09,1000000085,1000000042,3,14
2026-04-09,1000000085,1000000043,2,17
2026-04-09,1000000085,1000000045,4,11
2026-04-09,1000000085,1000000062,3,15
2026-04-09,1000000085,1000000063,4,12
2026-04-09,1000000085,1000000064,16,1
2026-04-09,1000000085,1000000065,2,18
2026-04-09,1000000085,1000000069,1,25
2026-04-09,1000000085,1000000083,1,26
2026-04-09,1000000085,1000000084,15,2
2026-04-09,1000000085,1000000086,8,6
2026-04-09,1000000085,1000000087,8,7
2026-04-09,1000000085,1000000088,9,4
2026-04-09,1000000085,1000000089,2,19
2026-04-09,1000000085,1000000090,12,3
2026-04-09,1000000085,1000000091,9,5
2026-04-09,1000000085,1000000092,7,8
2026-04-09,1000000085,1000000093,6,9
2026-04-09,1000000085,1000000094,2,20
2026-04-09,1000000085,1000000095,1,27
2026-04-09,1000000085,1000000108,5,10
2026-04-09,1000000085,1000000110,1,28
2026-04-09,1000000085,1000000111,3,16
2026-04-09,1000000085,1000000112,1,29
2026-04-09,1000000085,1000000113,1,30
2026-04-09,1000000085,1000000121,2,21
2026-04-09,1000000085,1000000127,1,31
2026-04-09,1000000085,1000000128,1,32
2026-04-09,1000000085,1000000142,4,13
2026-04-09,1000000085,1000000144,2,22
2026-04-09,1000000086,1000000035,1,16
2026-04-09,1000000086,1000000042,3,7
2026-04-09,1000000086,1000000043,2,11
2026-04-09,1000000086,1000000044,1,17
2026-04-09,1000000086,1000000045,3,8
2026-04-09,1000000086,1000000062,1,18
2026-04-09,1000000086,1000000063,2,12
2026-04-09,1000000086,1000000064,11,1
2026-04-09,1000000086,1000000084,4,6
2026-04-09,1000000086,1000000085,8,3
2026-04-09,1000000086,1000000087,5,4
2026-04-09,1000000086,1000000088,11,2
2026-04-09,1000000086,1000000089,3,9
2026-04-09,1000000086,1000000090,2,13
2026-04-09,1000000086,1000000091,5,5
2026-04-09,1000000086,1000000092,3,10
2026-04-09,1000000086,1000000093,2,14
2026-04-09,1000000086,1000000094,2,15
2026-04-09,1000000086,1000000108,1,19
2026-04-09,1000000086,1000000111,1,20
2026-04-09,1000000086,1000000112,1,21
2026-04-09,1000000086,1000000127,1,22
2026-04-09,1000000086,1000000128,1,23
2026-04-09,1000000086,1000000143,1,24
2026-04-09,1000000086,1000000144,1,25
2026-04-09,1000000087,1000000028,1,28
2026-04-09,1000000087,1000000033,2,19
2026-04-09,1000000087,1000000035,2,20
2026-04-09,1000000087,1000000042,3,16
2026-04-09,1000000087,1000000043,8,6
2026-04-09,1000000087,1000000044,1,29
2026-04-09,1000000087,1000000045,2,21
2026-04-09,1000000087,1000000062,2,22
2026-04-09,1000000087,1000000063,4,11
2026-04-09,1000000087,1000000064,20,1
2026-04-09,1000000087,1000000065,1,30
2026-04-09,1000000087,1000000066,4,12
2026-04-09,1000000087,1000000069,1,31
2026-04-09,1000000087,1000000071,1,32
2026-04-09,1000000087,1000000083,2,23
2026-04-09,1000000087,1000000084,15,2
2026-04-09,1000000087,1000000085,8,7
2026-04-09,1000000087,1000000086,5,9
2026-04-09,1000000087,1000000088,12,3
2026-04-09,1000000087,1000000089,2,24
2026-04-09,1000000087,1000000090,9,5
2026-04-09,1000000087,1000000091,11,4
2026-04-09,1000000087,1000000092,4,13
2026-04-09,1000000087,1000000093,4,14
2026-04-09,1000000087,1000000094,1,33
2026-04-09,1000000087,1000000108,4,15
2026-04-09,1000000087,1000000110,2,25
2026-04-09,1000000087,1000000111,5,10
2026-04-09,1000000087,1000000112,1,34
2026-04-09,1000000087,1000000113,3,17
2026-04-09,1000000087,1000000121,6,8
2026-04-09,1000000087,1000000127,3,18
2026-04-09,1000000087,1000000128,2,26
2026-04-09,1000000087,1000000142,1,35
2026-04-09,1000000087,1000000143,1,36
2026-04-09,1000000087,1000000144,2,27
2026-04-09,1000000088,1000000035,5,8
2026-04-09,1000000088,1000000042,2,17
2026-04-09,1000000088,1000000043,4,10
2026-04-09,1000000088,1000000045,5,9
2026-04-09,1000000088,1000000062,3,13
2026-04-09,1000000088,1000000063,3,14
2026-04-09,1000000088,1000000064,20,1
2026-04-09,1000000088,1000000066,1,22
2026-04-09,1000000088,1000000071,1,23
2026-04-09,1000000088,1000000083,2,18
2026-04-09,1000000088,1000000084,6,6
2026-04-09,1000000088,1000000085,9,4
2026-04-09,1000000088,1000000086,11,3
2026-04-09,1000000088,1000000087,12,2
2026-04-09,1000000088,1000000089,4,11
2026-04-09,1000000088,1000000090,4,12
2026-04-09,1000000088,1000000091,9,5
2026-04-09,1000000088,1000000092,6,7
2026-04-09,1000000088,1000000093,2,19
2026-04-09,1000000088,1000000094,1,24
2026-04-09,1000000088,1000000110,1,25
2026-04-09,1000000088,1000000111,2,20
2026-04-09,1000000088,1000000112,2,21
2026-04-09,1000000088,1000000113,1,26
2026-04-09,1000000088,1000000121,3,15
2026-04-09,1000000088,1000000127,3,16
2026-04-09,1000000088,1000000128,1,27
2026-04-09,1000000088,1000000144,1,28
2026-04-09,1000000089,1000000045,1,8
2026-04-09,1000000089,1000000062,1,9
2026-04-09,1000000089,1000000063,1,10
2026-04-09,1000000089,1000000064,2,3
2026-04-09,1000000089,1000000069,1,11
2026-04-09,1000000089,1000000083,1,12
2026-04-09,1000000089,1000000085,2,4
2026-04-09,1000000089,1000000086,3,2
2026-04-09,1000000089,1000000087,2,5
2026-04-09,1000000089,1000000088,4,1
2026-04-09,1000000089,1000000091,1,13
2026-04-09,1000000089,1000000121,2,6
2026-04-09,1000000089,1000000127,1,14
2026-04-09,1000000089,1000000128,1,15
2026-04-09,1000000089,1000000144,2,7
2026-04-09,1000000090,1000000042,2,14
2026-04-09,1000000090,1000000043,3,12
2026-04-09,1000000090,1000000045,1,17
2026-04-09,1000000090,1000000062,1,18
2026-04-09,1000000090,1000000063,3,13
2026-04-09,1000000090,1000000064,14,2
2026-04-09,1000000090,1000000066,1,19
2026-04-09,1000000090,1000000069,1,20
2026-04-09,1000000090,1000000083,2,15
2026-04-09,1000000090,1000000084,10,4
2026-04-09,1000000090,1000000085,12,3
2026-04-09,1000000090,1000000086,2,16
2026-04-09,1000000090,1000000087,9,6
2026-04-09,1000000090,1000000088,4,9
2026-04-09,1000000090,1000000091,20,1
2026-04-09,1000000090,1000000092,6,8
2026-04-09,1000000090,1000000093,10,5
2026-04-09,1000000090,1000000094,4,10
2026-04-09,1000000090,1000000095,1,21
2026-04-09,1000000090,1000000108,9,7
2026-04-09,1000000090,1000000111,4,11
2026-04-09,1000000090,1000000112,1,22
2026-04-09,1000000090,1000000121,1,23
2026-04-09,1000000090,1000000127,1,24
2026-04-09,1000000090,1000000128,1,25
2026-04-09,1000000090,1000000144,1,26
2026-04-09,1000000091,1000000043,2,15
2026-04-09,1000000091,1000000045,3,13
2026-04-09,1000000091,1000000062,2,16
2026-04-09,1000000091,1000000063,1,21
2026-04-09,1000000091,1000000064,21,1
2026-04-09,1000000091,1000000069,2,17
2026-04-09,1000000091,1000000083,1,22
2026-04-09,1000000091,1000000084,2,18
2026-04-09,1000000091,1000000085,9,5
2026-04-09,1000000091,1000000086,5,9
2026-04-09,1000000091,1000000087,11,4
2026-04-09,1000000091,1000000088,9,6
2026-04-09,1000000091,1000000089,1,23
2026-04-09,1000000091,1000000090,20,2
2026-04-09,1000000091,1000000092,12,3
2026-04-09,1000000091,1000000093,9,7
2026-04-09,1000000091,1000000094,6,8
2026-04-09,1000000091,1000000108,4,11
2026-04-09,1000000091,1000000110,2,19
2026-04-09,1000000091,1000000111,5,10
2026-04-09,1000000091,1000000112,2,20
2026-04-09,1000000091,1000000113,3,14
2026-04-09,1000000091,1000000127,4,12
2026-04-09,1000000091,1000000144,1,24
2026-04-09,1000000092,1000000035,1,16
2026-04-09,1000000092,1000000043,1,17
2026-04-09,1000000092,1000000044,1,18
2026-04-09,1000000092,1000000045,2,11
2026-04-09,1000000092,1000000062,1,19
2026-04-09,1000000092,1000000063,1,20
2026-04-09,1000000092,1000000064,16,1
2026-04-09,1000000092,1000000069,2,12
2026-04-09,1000000092,1000000084,2,13
2026-04-09,1000000092,1000000085,7,3
2026-04-09,1000000092,1000000086,3,9
2026-04-09,1000000092,1000000087,4,6
2026-04-09,1000000092,1000000088,6,4
2026-04-09,1000000092,1000000090,6,5
2026-04-09,1000000092,1000000091,12,2
2026-04-09,1000000092,1000000093,4,7
2026-04-09,1000000092,1000000108,2,14
2026-04-09,1000000092,1000000111,4,8
2026-04-09,1000000092,1000000112,3,10
2026-04-09,1000000092,1000000113,1,21
2026-04-09,1000000092,1000000127,2,15
2026-04-09,1000000093,1000000035,4,10
2026-04-09,1000000093,1000000043,2,15
2026-04-09,1000000093,1000000044,3,14
2026-04-09,1000000093,1000000045,4,11
2026-04-09,1000000093,1000000062,2,16
2026-04-09,1000000093,1000000063,2,17
2026-04-09,1000000093,1000000064,42,1
2026-04-09,1000000093,1000000066,2,18
2026-04-09,1000000093,1000000069,2,19
2026-04-09,1000000093,1000000083,1,25
2026-04-09,1000000093,1000000084,5,8
2026-04-09,1000000093,1000000085,6,7
2026-04-09,1000000093,1000000086,2,20
2026-04-09,1000000093,1000000087,4,12
2026-04-09,1000000093,1000000088,2,21
2026-04-09,1000000093,1000000090,10,4
2026-04-09,1000000093,1000000091,9,5
2026-04-09,1000000093,1000000092,4,13
2026-04-09,1000000093,1000000094,5,9
2026-04-09,1000000093,1000000108,13,2
2026-04-09,1000000093,1000000110,1,26
2026-04-09,1000000093,1000000111,11,3
2026-04-09,1000000093,1000000112,2,22
2026-04-09,1000000093,1000000113,2,23
2026-04-09,1000000093,1000000121,1,27
2026-04-09,1000000093,1000000127,7,6
2026-04-09,1000000093,1000000128,1,28
2026-04-09,1000000093,1000000144,2,24
2026-04-09,1000000094,1000000035,1,14
2026-04-09,1000000094,1000000042,3,8
2026-04-09,1000000094,1000000043,1,15
2026-04-09,1000000094,1000000044,1,16
2026-04-09,1000000094,1000000045,3,9
2026-04-09,1000000094,1000000062,1,17
2026-04-09,1000000094,1000000063,1,18
2026-04-09,1000000094,1000000064,7,1
2026-04-09,1000000094,1000000069,1,19
2026-04-09,1000000094,1000000083,2,11
2026-04-09,1000000094,1000000084,1,20
2026-04-09,1000000094,1000000085,2,12
2026-04-09,1000000094,1000000086,2,13
2026-04-09,1000000094,1000000087,1,21
2026-04-09,1000000094,1000000088,1,22
2026-04-09,1000000094,1000000090,4,4
2026-04-09,1000000094,1000000091,6,2
2026-04-09,1000000094,1000000093,5,3
2026-04-09,1000000094,1000000095,1,23
2026-04-09,1000000094,1000000108,4,5
2026-04-09,1000000094,1000000110,4,6
2026-04-09,1000000094,1000000111,4,7
2026-04-09,1000000094,1000000112,3,10
2026-04-09,1000000094,1000000113,1,24
2026-04-09,1000000094,1000000121,1,25
2026-04-09,1000000094,1000000142,1,26
2026-04-09,1000000094,1000000143,1,27
2026-04-09,1000000094,1000000144,1,28
2026-04-09,1000000095,1000000085,1,2
2026-04-09,1000000095,1000000090,1,3
2026-04-09,1000000095,1000000094,1,4
2026-04-09,1000000095,1000000144,2,1
2026-04-09,1000000108,1000000035,1,14
2026-04-09,1000000108,1000000045,5,3
2026-04-09,1000000108,1000000062,1,15
2026-04-09,1000000108,1000000063,1,16
2026-04-09,1000000108,1000000064,5,4
2026-04-09,1000000108,1000000083,3,9
2026-04-09,1000000108,1000000084,3,10
2026-04-09,1000000108,1000000085,5,5
2026-04-09,1000000108,1000000086,1,17
2026-04-09,1000000108,1000000087,4,6
2026-04-09,1000000108,1000000090,9,2
2026-04-09,1000000108,1000000091,4,7
2026-04-09,1000000108,1000000092,2,11
2026-04-09,1000000108,1000000093,13,1
2026-04-09,1000000108,1000000094,4,8
2026-04-09,1000000108,1000000110,2,12
2026-04-09,1000000108,1000000112,2,13
2026-04-09,1000000108,1000000113,1,18
2026-04-09,1000000108,1000000127,1,19
2026-04-09,1000000108,1000000142,1,20
2026-04-09,1000000108,1000000144,1,21
2026-04-09,1000000110,1000000027,1,11
2026-04-09,1000000110,1000000042,1,12
2026-04-09,1000000110,1000000044,2,6
2026-04-09,1000000110,1000000045,1,13
2026-04-09,1000000110,1000000063,2,7
2026-04-09,1000000110,1000000064,3,5
2026-04-09,1000000110,1000000065,1,14
2026-04-09,1000000110,1000000070,1,15
2026-04-09,1000000110,1000000083,1,16
2026-04-09,1000000110,1000000084,4,1
2026-04-09,1000000110,1000000085,1,17
2026-04-09,1000000110,1000000087,2,8
2026-04-09,1000000110,1000000088,1,18
2026-04-09,1000000110,1000000091,2,9
2026-04-09,1000000110,1000000093,1,19
2026-04-09,1000000110,1000000094,4,2
2026-04-09,1000000110,1000000108,2,10
2026-04-09,1000000110,1000000111,4,3
2026-04-09,1000000110,1000000112,4,4
2026-04-09,1000000110,1000000128,1,20
2026-04-09,1000000110,1000000142,1,21
2026-04-09,1000000110,1000000143,1,22
2026-04-09,1000000111,1000000035,1,21
2026-04-09,1000000111,1000000042,1,22
2026-04-09,1000000111,1000000043,2,18
2026-04-09,1000000111,1000000044,1,23
2026-04-09,1000000111,1000000045,3,13
2026-04-09,1000000111,1000000062,7,4
2026-04-09,1000000111,1000000063,8,3
2026-04-09,1000000111,1000000064,12,1
2026-04-09,1000000111,1000000065,3,14
2026-04-09,1000000111,1000000084,4,8
2026-04-09,1000000111,1000000085,3,15
2026-04-09,1000000111,1000000086,1,24
2026-04-09,1000000111,1000000087,5,5
2026-04-09,1000000111,1000000088,2,19
2026-04-09,1000000111,1000000090,4,9
2026-04-09,1000000111,1000000091,5,6
2026-04-09,1000000111,1000000092,4,10
2026-04-09,1000000111,1000000093,11,2
2026-04-09,1000000111,1000000094,4,11
2026-04-09,1000000111,1000000110,4,12
2026-04-09,1000000111,1000000112,2,20
2026-04-09,1000000111,1000000113,3,16
2026-04-09,1000000111,1000000121,1,25
2026-04-09,1000000111,1000000127,5,7
2026-04-09,1000000111,1000000144,3,17
2026-04-09,1000000112,1000000027,1,13
2026-04-09,1000000112,1000000035,1,14
2026-04-09,1000000112,1000000042,2,7
2026-04-09,1000000112,1000000043,3,4
2026-04-09,1000000112,1000000045,4,2
2026-04-09,1000000112,1000000063,1,15
2026-04-09,1000000112,1000000064,1,16
2026-04-09,1000000112,1000000065,1,17
2026-04-09,1000000112,1000000066,1,18
2026-04-09,1000000112,1000000083,1,19
2026-04-09,1000000112,1000000085,1,20
2026-04-09,1000000112,1000000086,1,21
2026-04-09,1000000112,1000000087,1,22
2026-04-09,1000000112,1000000088,2,8
2026-04-09,1000000112,1000000090,1,23
2026-04-09,1000000112,1000000091,2,9
2026-04-09,1000000112,1000000092,3,5
2026-04-09,1000000112,1000000093,2,10
2026-04-09,1000000112,1000000094,3,6
2026-04-09,1000000112,1000000108,2,11
2026-04-09,1000000112,1000000110,4,3
2026-04-09,1000000112,1000000111,2,12
2026-04-09,1000000112,1000000113,5,1
2026-04-09,1000000112,1000000121,1,24
2026-04-09,1000000112,1000000127,1,25
2026-04-09,1000000112,1000000144,1,26
2026-04-09,1000000113,1000000028,1,11
2026-04-09,1000000113,1000000033,1,12
2026-04-09,1000000113,1000000042,1,13
2026-04-09,1000000113,1000000043,2,8
2026-04-09,1000000113,1000000045,3,4
2026-04-09,1000000113,1000000062,1,14
2026-04-09,1000000113,1000000063,4,3
2026-04-09,1000000113,1000000064,8,1
2026-04-09,1000000113,1000000071,2,9
2026-04-09,1000000113,1000000083,1,15
2026-04-09,1000000113,1000000084,1,16
2026-04-09,1000000113,1000000085,1,17
2026-04-09,1000000113,1000000087,3,5
2026-04-09,1000000113,1000000088,1,18
2026-04-09,1000000113,1000000091,3,6
2026-04-09,1000000113,1000000092,1,19
2026-04-09,1000000113,1000000093,2,10
2026-04-09,1000000113,1000000094,1,20
2026-04-09,1000000113,1000000108,1,21
2026-04-09,1000000113,1000000111,3,7
2026-04-09,1000000113,1000000112,5,2
2026-04-09,1000000113,1000000121,1,22
2026-04-09,1000000113,1000000128,1,23
2026-04-09,1000000121,1000000028,1,24
2026-04-09,1000000121,1000000033,5,13
2026-04-09,1000000121,1000000035,14,5
2026-04-09,1000000121,1000000042,21,2
2026-04-09,1000000121,1000000043,20,4
2026-04-09,1000000121,1000000044,13,6
2026-04-09,1000000121,1000000045,21,3
2026-04-09,1000000121,1000000062,6,11
2026-04-09,1000000121,1000000063,11,7
2026-04-09,1000000121,1000000064,32,1
2026-04-09,1000000121,1000000065,5,14
2026-04-09,1000000121,1000000066,5,15
2026-04-09,1000000121,1000000069,8,8
2026-04-09,1000000121,1000000070,2,19
2026-04-09,1000000121,1000000083,7,9
2026-04-09,1000000121,1000000085,2,20
2026-04-09,1000000121,1000000087,6,12
2026-04-09,1000000121,1000000088,3,17
2026-04-09,1000000121,1000000089,2,21
2026-04-09,1000000121,1000000090,1,25
2026-04-09,1000000121,1000000093,1,26
2026-04-09,1000000121,1000000094,1,27
2026-04-09,1000000121,1000000111,1,28
2026-04-09,1000000121,1000000112,1,29
2026-04-09,1000000121,1000000113,1,30
2026-04-09,1000000121,1000000127,7,10
2026-04-09,1000000121,1000000128,4,16
2026-04-09,1000000121,1000000142,2,22
2026-04-09,1000000121,1000000143,3,18
2026-04-09,1000000121,1000000144,2,23
2026-04-09,1000000127,1000000033,4,17
2026-04-09,1000000127,1000000035,5,15
2026-04-09,1000000127,1000000042,20,7
2026-04-09,1000000127,1000000043,24,6
2026-04-09,1000000127,1000000044,25,5
2026-04-09,1000000127,1000000045,33,4
2026-04-09,1000000127,1000000062,61,3
2026-04-09,1000000127,1000000063,84,2
2026-04-09,1000000127,1000000064,136,1
2026-04-09,1000000127,1000000065,2,23
2026-04-09,1000000127,1000000066,6,13
2026-04-09,1000000127,1000000069,9,9
2026-04-09,1000000127,1000000071,4,18
2026-04-09,1000000127,1000000072,2,24
2026-04-09,1000000127,1000000083,11,8
2026-04-09,1000000127,1000000084,1,26
2026-04-09,1000000127,1000000085,1,27
2026-04-09,1000000127,1000000086,1,28
2026-04-09,1000000127,1000000087,3,20
2026-04-09,1000000127,1000000088,3,21
2026-04-09,1000000127,1000000089,1,29
2026-04-09,1000000127,1000000090,1,30
2026-04-09,1000000127,1000000091,4,19
2026-04-09,1000000127,1000000092,2,25
2026-04-09,1000000127,1000000093,7,10
2026-04-09,1000000127,1000000108,1,31
2026-04-09,1000000127,1000000111,5,16
2026-04-09,1000000127,1000000112,1,32
2026-04-09,1000000127,1000000121,7,11
2026-04-09,1000000127,1000000128,7,12
2026-04-09,1000000127,1000000142,6,14
2026-04-09,1000000127,1000000144,3,22
2026-04-09,1000000128,1000000027,2,15
2026-04-09,1000000128,1000000033,1,19
2026-04-09,1000000128,1000000035,2,16
2026-04-09,1000000128,1000000042,6,8
2026-04-09,1000000128,1000000043,8,4
2026-04-09,1000000128,1000000044,6,9
2026-04-09,1000000128,1000000045,14,2
2026-04-09,1000000128,1000000062,6,10
2026-04-09,1000000128,1000000063,8,5
2026-04-09,1000000128,1000000064,29,1
2026-04-09,1000000128,1000000065,7,6
2026-04-09,1000000128,1000000066,10,3
2026-04-09,1000000128,1000000069,3,13
2026-04-09,1000000128,1000000070,1,20
2026-04-09,1000000128,1000000071,1,21
2026-04-09,1000000128,1000000083,2,17
2026-04-09,1000000128,1000000084,1,22
2026-04-09,1000000128,1000000085,1,23
2026-04-09,1000000128,1000000086,1,24
2026-04-09,1000000128,1000000087,2,18
2026-04-09,1000000128,1000000088,1,25
2026-04-09,1000000128,1000000089,1,26
2026-04-09,1000000128,1000000090,1,27
2026-04-09,1000000128,1000000093,1,28
2026-04-09,1000000128,1000000110,1,29
2026-04-09,1000000128,1000000113,1,30
2026-04-09,1000000128,1000000121,4,12
2026-04-09,1000000128,1000000127,7,7
2026-04-09,1000000128,1000000142,3,14
2026-04-09,1000000128,1000000143,1,31
2026-04-09,1000000128,1000000144,5,11
2026-04-09,1000000142,1000000033,1,16
2026-04-09,1000000142,1000000035,1,17
2026-04-09,1000000142,1000000042,7,2
2026-04-09,1000000142,1000000043,3,7
2026-04-09,1000000142,1000000044,3,8
2026-04-09,1000000142,1000000045,6,3
2026-04-09,1000000142,1000000062,3,9
2026-04-09,1000000142,1000000063,2,11
2026-04-09,1000000142,1000000064,11,1
2026-04-09,1000000142,1000000065,2,12
2026-04-09,1000000142,1000000066,1,18
2026-04-09,1000000142,1000000069,2,13
2026-04-09,1000000142,1000000071,1,19
2026-04-09,1000000142,1000000083,1,20
2026-04-09,1000000142,1000000085,4,6
2026-04-09,1000000142,1000000087,1,21
2026-04-09,1000000142,1000000094,1,22
2026-04-09,1000000142,1000000108,1,23
2026-04-09,1000000142,1000000110,1,24
2026-04-09,1000000142,1000000121,2,14
2026-04-09,1000000142,1000000127,6,4
2026-04-09,1000000142,1000000128,3,10
2026-04-09,1000000142,1000000143,2,15
2026-04-09,1000000142,1000000144,5,5
2026-04-09,1000000143,1000000042,4,4
2026-04-09,1000000143,1000000043,7,2
2026-04-09,1000000143,1000000044,2,8
2026-04-09,1000000143,1000000045,5,3
2026-04-09,1000000143,1000000062,3,5
2026-04-09,1000000143,1000000063,1,12
2026-04-09,1000000143,1000000064,8,1
2026-04-09,1000000143,1000000065,3,6
2026-04-09,1000000143,1000000066,2,9
2026-04-09,1000000143,1000000069,1,13
2026-04-09,1000000143,1000000084,1,14
2026-04-09,1000000143,1000000086,1,15
2026-04-09,1000000143,1000000087,1,16
2026-04-09,1000000143,1000000094,1,17
2026-04-09,1000000143,1000000110,1,18
2026-04-09,1000000143,1000000121,3,7
2026-04-09,1000000143,1000000128,1,19
2026-04-09,1000000143,1000000142,2,10
2026-04-09,1000000143,1000000144,2,11
2026-04-09,1000000144,1000000027,1,23
2026-04-09,1000000144,1000000033,2,13
2026-04-09,1000000144,1000000035,1,24
2026-04-09,1000000144,1000000042,3,9
2026-04-09,1000000144,1000000043,4,6
2026-04-09,1000000144,1000000044,4,7
2026-04-09,1000000144,1000000045,4,8
2026-04-09,1000000144,1000000062,2,14
2026-04-09,1000000144,1000000063,2,15
2026-04-09,1000000144,1000000064,15,1
2026-04-09,1000000144,1000000065,3,10
2026-04-09,1000000144,1000000066,5,2
2026-04-09,1000000144,1000000069,5,3
2026-04-09,1000000144,1000000085,2,16
2026-04-09,1000000144,1000000086,1,25
2026-04-09,1000000144,1000000087,2,17
2026-04-09,1000000144,1000000088,1,26
2026-04-09,1000000144,1000000089,2,18
2026-04-09,1000000144,1000000090,1,27
2026-04-09,1000000144,1000000091,1,28
2026-04-09,1000000144,1000000093,2,19
2026-04-09,1000000144,1000000094,1,29
2026-04-09,1000000144,1000000095,2,20
2026-04-09,1000000144,1000000108,1,30
2026-04-09,1000000144,1000000111,3,11
2026-04-09,1000000144,1000000112,1,31
2026-04-09,1000000144,1000000121,2,21
2026-04-09,1000000144,1000000127,3,12
2026-04-09,1000000144,1000000128,5,4
2026-04-09,1000000144,1000000142,5,5
2026-04-09,1000000144,1000000143,2,22
2026-04-09,1000000153,1000000154,4,2
2026-04-09,1000000153,1000000156,18,1
2026-04-09,1000000154,1000000153,4,1
2026-04-09,1000000154,1000000156,1,2
2026-04-09,1000000156,1000000153,18,1
2026-04-09,1000000156,1000000154,1,2
2026-04-10,1000000027,1000000028,2,8
2026-04-10,1000000027,1000000033,2,9
2026-04-10,1000000027,1000000035,3,4
2026-04-10,1000000027,1000000042,6,1
2026-04-10,1000000027,1000000043,5,2
2026-04-10,1000000027,1000000044,2,10
2026-04-10,1000000027,1000000045,3,5
2026-04-10,1000000027,1000000062,1,13
2026-04-10,1000000027,1000000063,1,14
2026-04-10,1000000027,1000000064,3,6
2026-04-10,1000000027,1000000065,2,11
2026-04-10,1000000027,1000000066,1,15
2026-04-10,1000000027,1000000069,1,16
2026-04-10,1000000027,1000000070,3,7
2026-04-10,1000000027,1000000071,4,3
2026-04-10,1000000027,1000000083,1,17
2026-04-10,1000000027,1000000085,1,18
2026-04-10,1000000027,1000000110,1,19
2026-04-10,1000000027,1000000112,1,20
2026-04-10,1000000027,1000000128,2,12
2026-04-10,1000000027,1000000144,1,21
2026-04-10,1000000028,1000000027,2,3
2026-04-10,1000000028,1000000035,1,11
2026-04-10,1000000028,1000000042,3,1
2026-04-10,1000000028,1000000043,2,4
2026-04-10,1000000028,1000000044,2,5
2026-04-10,1000000028,1000000045,2,6
2026-04-10,1000000028,1000000063,1,12
2026-04-10,1000000028,1000000064,2,7
2026-04-10,1000000028,1000000069,2,8
2026-04-10,1000000028,1000000070,2,9
2026-04-10,1000000028,1000000071,3,2
2026-04-10,1000000028,1000000072,1,13
2026-04-10,1000000028,1000000083,2,10
2026-04-10,1000000028,1000000087,1,14
2026-04-10,1000000028,1000000113,1,15
2026-04-10,1000000028,1000000121,1,16
2026-04-10,1000000033,1000000027,2,10
2026-04-10,1000000033,1000000035,12,1
2026-04-10,1000000033,1000000042,5,6
2026-04-10,1000000033,1000000043,9,2
2026-04-10,1000000033,1000000044,2,11
2026-04-10,1000000033,1000000045,7,3
2026-04-10,1000000033,1000000062,1,14
2026-04-10,1000000033,1000000063,1,15
2026-04-10,1000000033,1000000064,6,5
2026-04-10,1000000033,1000000065,3,9
2026-04-10,1000000033,1000000066,1,16
2026-04-10,1000000033,1000000070,1,17
2026-04-10,1000000033,1000000071,1,18
2026-04-10,1000000033,1000000083,7,4
2026-04-10,1000000033,1000000085,1,19
2026-04-10,1000000033,1000000087,2,12
2026-04-10,1000000033,1000000113,1,20
2026-04-10,1000000033,1000000121,5,7
2026-04-10,1000000033,1000000127,4,8
2026-04-10,1000000033,1000000128,1,21
2026-04-10,1000000033,1000000142,1,22
2026-04-10,1000000033,1000000144,2,13
2026-04-10,1000000035,1000000027,3,16
2026-04-10,1000000035,1000000028,1,20
2026-04-10,1000000035,1000000033,12,6
2026-04-10,1000000035,1000000042,16,2
2026-04-10,1000000035,1000000043,13,4
2026-04-10,1000000035,1000000044,10,7
2026-04-10,1000000035,1000000045,13,5
2026-04-10,1000000035,1000000062,7,10
2026-04-10,1000000035,1000000063,6,11
2026-04-10,1000000035,1000000064,21,1
2026-04-10,1000000035,1000000065,5,12
2026-04-10,1000000035,1000000066,8,8
2026-04-10,1000000035,1000000069,3,17
2026-04-10,1000000035,1000000071,1,21
2026-04-10,1000000035,1000000083,8,9
2026-04-10,1000000035,1000000086,1,22
2026-04-10,1000000035,1000000087,2,18
2026-04-10,1000000035,1000000088,5,13
2026-04-10,1000000035,1000000092,1,23
2026-04-10,1000000035,1000000093,4,15
2026-04-10,1000000035,1000000094,1,24
2026-04-10,1000000035,1000000108,1,25
2026-04-10,1000000035,1000000111,1,26
2026-04-10,1000000035,1000000112,1,27
2026-04-10,1000000035,1000000121,14,3
2026-04-10,1000000035,1000000127,5,14
2026-04-10,1000000035,1000000128,2,19
2026-04-10,1000000035,1000000142,1,28
2026-04-10,1000000035,1000000144,1,29
2026-04-10,1000000042,1000000027,6,16
2026-04-10,1000000042,1000000028,3,20
2026-04-10,1000000042,1000000033,5,18
2026-04-10,1000000042,1000000035,16,9
2026-04-10,1000000042,1000000043,62,3
2026-04-10,1000000042,1000000044,34,4
2026-04-10,1000000042,1000000045,79,2
2026-04-10,1000000042,1000000062,21,6
2026-04-10,1000000042,1000000063,27,5
2026-04-10,1000000042,1000000064,83,1
2026-04-10,1000000042,1000000065,10,12
2026-04-10,1000000042,1000000066,8,14
2026-04-10,1000000042,1000000069,12,11
2026-04-10,1000000042,1000000070,2,26
2026-04-10,1000000042,1000000071,10,13
2026-04-10,1000000042,1000000072,2,27
2026-04-10,1000000042,1000000074,1,32
2026-04-10,1000000042,1000000083,15,10
2026-04-10,1000000042,1000000084,2,28
2026-04-10,1000000042,1000000085,3,21
2026-04-10,1000000042,1000000086,3,22
2026-04-10,1000000042,1000000087,3,23
2026-04-10,1000000042,1000000088,2,29
2026-04-10,1000000042,1000000090,2,30
2026-04-10,1000000042,1000000093,1,33
2026-04-10,1000000042,1000000094,3,24
2026-04-10,1000000042,1000000110,1,34
2026-04-10,1000000042,1000000111,1,35
2026-04-10,1000000042,1000000112,2,31
2026-04-10,1000000042,1000000113,1,36
2026-04-10,1000000042,1000000121,21,7
2026-04-10,1000000042,1000000127,20,8
2026-04-10,1000000042,1000000128,6,17
2026-04-10,1000000042,1000000142,7,15
2026-04-10,1000000042,1000000143,4,19
2026-04-10,1000000042,1000000144,3,25
2026-04-10,1000000043,1000000027,5,20
2026-04-10,1000000043,1000000028,2,26
2026-04-10,1000000043,1000000033,9,13
2026-04-10,1000000043,1000000035,13,11
2026-04-10,1000000043,1000000042,62,3
2026-04-10,1000000043,1000000044,52,4
2026-04-10,1000000043,1000000045,87,2
2026-04-10,1000000043,1000000062,18,8
2026-04-10,1000000043,1000000063,31,5
2026-04-10,1000000043,1000000064,97,1
2026-04-10,1000000043,1000000065,10,12
2026-04-10,1000000043,1000000066,17,10
2026-04-10,1000000043,1000000069,18,9
2026-04-10,1000000043,1000000070,6,19
2026-04-10,1000000043,1000000071,7,17
2026-04-10,1000000043,1000000072,1,33
2026-04-10,1000000043,1000000074,1,34
2026-04-10,1000000043,1000000083,8,14
2026-04-10,1000000043,1000000084,1,35
2026-04-10,1000000043,1000000085,2,27
2026-04-10,1000000043,1000000086,2,28
2026-04-10,1000000043,1000000087,8,15
2026-04-10,1000000043,1000000088,4,21
2026-04-10,1000000043,1000000090,3,23
2026-04-10,1000000043,1000000091,2,29
2026-04-10,1000000043,1000000092,1,36
2026-04-10,1000000043,1000000093,2,30
2026-04-10,1000000043,1000000094,1,37
2026-04-10,1000000043,1000000111,2,31
2026-04-10,1000000043,1000000112,3,24
2026-04-10,1000000043,1000000113,2,32
2026-04-10,1000000043,1000000121,20,7
2026-04-10,1000000043,1000000127,24,6
2026-04-10,1000000043,1000000128,8,16
2026-04-10,1000000043,1000000142,3,25
2026-04-10,1000000043,1000000143,7,18
2026-04-10,1000000043,1000000144,4,22
2026-04-10,1000000044,1000000027,2,19
2026-04-10,1000000044,1000000028,2,20
2026-04-10,1000000044,1000000033,2,21
2026-04-10,1000000044,1000000035,10,11
2026-04-10,1000000044,1000000042,34,4
2026-04-10,1000000044,1000000043,52,3
2026-04-10,1000000044,1000000045,71,2
2026-04-10,1000000044,1000000062,19,7
2026-04-10,1000000044,1000000063,26,5
2026-04-10,1000000044,1000000064,80,1
2026-04-10,1000000044,1000000065,7,12
2026-04-10,1000000044,1000000066,13,9
2026-04-10,1000000044,1000000069,17,8
2026-04-10,1000000044,1000000070,2,22
2026-04-10,1000000044,1000000071,6,13
2026-04-10,1000000044,1000000072,3,16
2026-04-10,1000000044,1000000083,2,23
2026-04-10,1000000044,1000000086,1,26
2026-04-10,1000000044,1000000087,1,27
2026-04-10,1000000044,1000000092,1,28
2026-04-10,1000000044,1000000093,3,17
2026-04-10,1000000044,1000000094,1,29
2026-04-10,1000000044,1000000110,2,24
2026-04-10,1000000044,1000000111,1,30
2026-04-10,1000000044,1000000121,13,10
2026-04-10,1000000044,1000000127,25,6
2026-04-10,1000000044,1000000128,6,14
2026-04-10,1000000044,1000000142,3,18
2026-04-10,1000000044,1000000143,2,25
2026-04-10,1000000044,1000000144,4,15
2026-04-10,1000000045,1000000027,3,26
2026-04-10,1000000045,1000000028,2,33
2026-04-10,1000000045,1000000033,7,15
2026-04-10,1000000045,1000000035,13,12
2026-04-10,1000000045,1000000042,79,3
2026-04-10,1000000045,1000000043,87,2
2026-04-10,1000000045,1000000044,71,4
2026-04-10,1000000045,1000000062,35,6
2026-04-10,1000000045,1000000063,50,5
2026-04-10,1000000045,1000000064,159,1
2026-04-10,1000000045,1000000065,9,14
2026-04-10,1000000045,1000000066,16,10
2026-04-10,1000000045,1000000069,27,8
2026-04-10,1000000045,1000000070,4,22
2026-04-10,1000000045,1000000071,5,17
2026-04-10,1000000045,1000000072,3,27
2026-04-10,1000000045,1000000083,12,13
2026-04-10,1000000045,1000000084,1,36
2026-04-10,1000000045,1000000085,4,23
2026-04-10,1000000045,1000000086,3,28
2026-04-10,1000000045,1000000087,2,34
2026-04-10,1000000045,1000000088,5,18
2026-04-10,1000000045,1000000089,1,37
2026-04-10,1000000045,1000000090,1,38
2026-04-10,1000000045,1000000091,3,29
2026-04-10,1000000045,1000000092,2,35
2026-04-10,1000000045,1000000093,5,19
2026-04-10,1000000045,1000000094,3,30
2026-04-10,1000000045,1000000108,5,20
2026-04-10,1000000045,1000000110,1,39
2026-04-10,1000000045,1000000111,3,31
2026-04-10,1000000045,1000000112,4,24
2026-04-10,1000000045,1000000113,3,32
2026-04-10,1000000045,1000000121,21,9
2026-04-10,1000000045,1000000127,33,7
2026-04-10,1000000045,1000000128,14,11
2026-04-10,1000000045,1000000142,6,16
2026-04-10,1000000045,1000000143,5,21
2026-04-10,1000000045,1000000144,4,25
2026-04-10,1000000062,1000000027,1,26
2026-04-10,1000000062,1000000033,1,27
2026-04-10,1000000062,1000000035,7,10
2026-04-10,1000000062,1000000042,21,5
2026-04-10,1000000062,1000000043,18,7
2026-04-10,1000000062,1000000044,19,6
2026-04-10,1000000062,1000000045,35,4
2026-04-10,1000000062,1000000063,88,1
2026-04-10,1000000062,1000000064,39,3
2026-04-10,1000000062,1000000065,9,9
2026-04-10,1000000062,1000000066,4,16
2026-04-10,1000000062,1000000069,7,11
2026-04-10,1000000062,1000000070,1,28
2026-04-10,1000000062,1000000071,3,17
2026-04-10,1000000062,1000000072,1,29
2026-04-10,1000000062,1000000074,1,30
2026-04-10,1000000062,1000000083,11,8
2026-04-10,1000000062,1000000084,5,15
2026-04-10,1000000062,1000000085,3,18
2026-04-10,1000000062,1000000086,1,31
2026-04-10,1000000062,1000000087,2,22
2026-04-10,1000000062,1000000088,3,19
2026-04-10,1000000062,1000000089,1,32
2026-04-10,1000000062,1000000090,1,33
2026-04-10,1000000062,1000000091,2,23
2026-04-10,1000000062,1000000092,1,34
2026-04-10,1000000062,1000000093,2,24
2026-04-10,1000000062,1000000094,1,35
2026-04-10,1000000062,1000000108,1,36
2026-04-10,1000000062,1000000111,7,12
2026-04-10,1000000062,1000000113,1,37
2026-04-10,1000000062,1000000121,6,13
2026-04-10,1000000062,1000000127,61,2
2026-04-10,1000000062,1000000128,6,14
2026-04-10,1000000062,1000000142,3,20
2026-04-10,1000000062,1000000143,3,21
2026-04-10,1000000062,1000000144,2,25
2026-04-10,1000000063,1000000027,1,29
2026-04-10,1000000063,1000000028,1,30
2026-04-10,1000000063,1000000033,1,31
2026-04-10,1000000063,1000000035,6,14
2026-04-10,1000000063,1000000042,27,6
2026-04-10,1000000063,1000000043,31,5
2026-04-10,1000000063,1000000044,26,7
2026-04-10,1000000063,1000000045,50,3
2026-04-10,1000000063,1000000062,88,1
2026-04-10,1000000063,1000000064,39,4
2026-04-10,1000000063,1000000065,4,15
2026-04-10,1000000063,1000000066,12,8
2026-04-10,1000000063,1000000069,10,10
2026-04-10,1000000063,1000000070,3,19
2026-04-10,1000000063,1000000071,2,23
2026-04-10,1000000063,1000000072,1,32
2026-04-10,1000000063,1000000083,7,13
2026-04-10,1000000063,1000000084,3,20
2026-04-10,1000000063,1000000085,4,16
2026-04-10,1000000063,1000000086,2,24
2026-04-10,1000000063,1000000087,4,17
2026-04-10,1000000063,1000000088,3,21
2026-04-10,1000000063,1000000089,1,33
2026-04-10,1000000063,1000000090,3,22
2026-04-10,1000000063,1000000091,1,34
2026-04-10,1000000063,1000000092,1,35
2026-04-10,1000000063,1000000093,2,25
2026-04-10,1000000063,1000000094,1,36
2026-04-10,1000000063,1000000108,1,37
2026-04-10,1000000063,1000000110,2,26
2026-04-10,1000000063,1000000111,8,11
2026-04-10,1000000063,1000000112,1,38
2026-04-10,1000000063,1000000113,4,18
2026-04-10,1000000063,1000000121,11,9
2026-04-10,1000000063,1000000127,85,2
2026-04-10,1000000063,1000000128,8,12
2026-04-10,1000000063,1000000142,2,27
2026-04-10,1000000063,1000000143,1,39
2026-04-10,1000000063,1000000144,2,28
2026-04-10,1000000064,1000000027,3,34
2026-04-10,1000000064,1000000028,2,37
2026-04-10,1000000064,1000000033,6,31
2026-04-10,1000000064,1000000035,21,15
2026-04-10,1000000064,1000000042,83,4
2026-04-10,1000000064,1000000043,97,3
2026-04-10,1000000064,1000000044,80,5
2026-04-10,1000000064,1000000045,159,1
2026-04-10,1000000064,1000000062,39,9
2026-04-10,1000000064,1000000063,39,10
2026-04-10,1000000064,1000000065,22,13
2026-04-10,1000000064,1000000066,41,8
2026-04-10,1000000064,1000000069,59,6
2026-04-10,1000000064,1000000070,4,33
2026-04-10,1000000064,1000000071,11,24
2026-04-10,1000000064,1000000072,3,35
2026-04-10,1000000064,1000000074,1,39
2026-04-10,1000000064,1000000083,16,18
2026-04-10,1000000064,1000000084,10,27
2026-04-10,1000000064,1000000085,16,19
2026-04-10,1000000064,1000000086,11,25
2026-04-10,1000000064,1000000087,20,16
2026-04-10,1000000064,1000000088,20,17
2026-04-10,1000000064,1000000089,2,38
2026-04-10,1000000064,1000000090,14,22
2026-04-10,1000000064,1000000091,22,14
2026-04-10,1000000064,1000000092,16,20
2026-04-10,1000000064,1000000093,42,7
2026-04-10,1000000064,1000000094,7,30
2026-04-10,1000000064,1000000108,5,32
2026-04-10,1000000064,1000000110,3,36
2026-04-10,1000000064,1000000111,12,23
2026-04-10,1000000064,1000000112,1,40
2026-04-10,1000000064,1000000113,8,28
2026-04-10,1000000064,1000000121,32,11
2026-04-10,1000000064,1000000127,136,2
2026-04-10,1000000064,1000000128,29,12
2026-04-10,1000000064,1000000142,11,26
2026-04-10,1000000064,1000000143,8,29
2026-04-10,1000000064,1000000144,15,21
2026-04-10,1000000065,1000000027,2,17
2026-04-10,1000000065,1000000033,3,13
2026-04-10,1000000065,1000000035,5,9
2026-04-10,1000000065,1000000042,10,3
2026-04-10,1000000065,1000000043,10,4
2026-04-10,1000000065,1000000044,7,7
2026-04-10,1000000065,1000000045,9,5
2026-04-10,1000000065,1000000062,9,6
2026-04-10,1000000065,1000000063,4,11
2026-04-10,1000000065,1000000064,22,1
2026-04-10,1000000065,1000000066,13,2
2026-04-10,1000000065,1000000069,4,12
2026-04-10,1000000065,1000000071,1,22
2026-04-10,1000000065,1000000083,2,18
2026-04-10,1000000065,1000000084,1,23
2026-04-10,1000000065,1000000085,2,19
2026-04-10,1000000065,1000000087,1,24
2026-04-10,1000000065,1000000110,1,25
2026-04-10,1000000065,1000000111,3,14
2026-04-10,1000000065,1000000112,1,26
2026-04-10,1000000065,1000000121,5,10
2026-04-10,1000000065,1000000127,2,20
2026-04-10,1000000065,1000000128,7,8
2026-04-10,1000000065,1000000142,2,21
2026-04-10,1000000065,1000000143,3,15
2026-04-10,1000000065,1000000144,3,16
2026-04-10,1000000066,1000000027,1,20
2026-04-10,1000000066,1000000033,1,21
2026-04-10,1000000066,1000000035,8,9
2026-04-10,1000000066,1000000042,8,10
2026-04-10,1000000066,1000000043,17,2
2026-04-10,1000000066,1000000044,13,4
2026-04-10,1000000066,1000000045,16,3
2026-04-10,1000000066,1000000062,4,14
2026-04-10,1000000066,1000000063,12,6
2026-04-10,1000000066,1000000064,41,1
2026-04-10,1000000066,1000000065,13,5
2026-04-10,1000000066,1000000069,10,7
2026-04-10,1000000066,1000000070,4,15
2026-04-10,1000000066,1000000072,1,22
2026-04-10,1000000066,1000000083,1,23
2026-04-10,1000000066,1000000084,2,17
2026-04-10,1000000066,1000000087,4,16
2026-04-10,1000000066,1000000088,1,24
2026-04-10,1000000066,1000000090,1,25
2026-04-10,1000000066,1000000093,2,18
2026-04-10,1000000066,1000000112,1,26
2026-04-10,1000000066,1000000121,5,12
2026-04-10,1000000066,1000000127,6,11
2026-04-10,1000000066,1000000128,10,8
2026-04-10,1000000066,1000000142,1,27
2026-04-10,1000000066,1000000143,2,19
2026-04-10,1000000066,1000000144,5,13
2026-04-10,1000000069,1000000027,1,22
2026-04-10,1000000069,1000000028,2,16
2026-04-10,1000000069,1000000035,3,14
2026-04-10,1000000069,1000000042,12,5
2026-04-10,1000000069,1000000043,18,3
2026-04-10,1000000069,1000000044,17,4
2026-04-10,1000000069,1000000045,27,2
2026-04-10,1000000069,1000000062,7,10
2026-04-10,1000000069,1000000063,10,6
2026-04-10,1000000069,1000000064,59,1
2026-04-10,1000000069,1000000065,4,13
2026-04-10,1000000069,1000000066,10,7
2026-04-10,1000000069,1000000070,1,23
2026-04-10,1000000069,1000000071,2,17
2026-04-10,1000000069,1000000083,6,11
2026-04-10,1000000069,1000000085,1,24
2026-04-10,1000000069,1000000087,1,25
2026-04-10,1000000069,1000000089,1,26
2026-04-10,1000000069,1000000090,1,27
2026-04-10,1000000069,1000000091,2,18
2026-04-10,1000000069,1000000092,2,19
2026-04-10,1000000069,1000000093,2,20
2026-04-10,1000000069,1000000094,1,28
2026-04-10,1000000069,1000000121,8,9
2026-04-10,1000000069,1000000127,9,8
2026-04-10,1000000069,1000000128,3,15
2026-04-10,1000000069,1000000142,2,21
2026-04-10,1000000069,1000000143,1,29
2026-04-10,1000000069,1000000144,5,12
2026-04-10,1000000070,1000000027,3,6
2026-04-10,1000000070,1000000028,2,9
2026-04-10,1000000070,1000000033,1,13
2026-04-10,1000000070,1000000042,2,10
2026-04-10,1000000070,1000000043,6,1
2026-04-10,1000000070,1000000044,2,11
2026-04-10,1000000070,1000000045,4,3
2026-04-10,1000000070,1000000062,1,14
2026-04-10,1000000070,1000000063,3,7
2026-04-10,1000000070,1000000064,4,4
2026-04-10,1000000070,1000000066,4,5
2026-04-10,1000000070,1000000069,1,15
2026-04-10,1000000070,1000000071,5,2
2026-04-10,1000000070,1000000072,3,8
2026-04-10,1000000070,1000000083,1,16
2026-04-10,1000000070,1000000110,1,17
2026-04-10,1000000070,1000000121,2,12
2026-04-10,1000000070,1000000128,1,18
2026-04-10,1000000071,1000000027,4,7
2026-04-10,1000000071,1000000028,3,10
2026-04-10,1000000071,1000000033,1,16
2026-04-10,1000000071,1000000035,1,17
2026-04-10,1000000071,1000000042,10,2
2026-04-10,1000000071,1000000043,7,3
2026-04-10,1000000071,1000000044,6,4
2026-04-10,1000000071,1000000045,5,5
2026-04-10,1000000071,1000000062,3,11
2026-04-10,1000000071,1000000063,2,12
2026-04-10,1000000071,1000000064,11,1
2026-04-10,1000000071,1000000065,1,18
2026-04-10,1000000071,1000000069,2,13
2026-04-10,1000000071,1000000070,5,6
2026-04-10,1000000071,1000000072,2,14
2026-04-10,1000000071,1000000083,4,8
2026-04-10,1000000071,1000000087,1,19
2026-04-10,1000000071,1000000088,1,20
2026-04-10,1000000071,1000000113,2,15
2026-04-10,1000000071,1000000127,4,9
2026-04-10,1000000071,1000000128,1,21
2026-04-10,1000000071,1000000142,1,22
2026-04-10,1000000072,1000000028,1,8
2026-04-10,1000000072,1000000042,2,5
2026-04-10,1000000072,1000000043,1,9
2026-04-10,1000000072,1000000044,3,1
2026-04-10,1000000072,1000000045,3,2
2026-04-10,1000000072,1000000062,1,10
2026-04-10,1000000072,1000000063,1,11
2026-04-10,1000000072,1000000064,3,3
2026-04-10,1000000072,1000000066,1,12
2026-04-10,1000000072,1000000070,3,4
2026-04-10,1000000072,1000000071,2,6
2026-04-10,1000000072,1000000083,1,13
2026-04-10,1000000072,1000000127,2,7
2026-04-10,1000000074,1000000042,1,1
2026-04-10,1000000074,1000000043,1,2
2026-04-10,1000000074,1000000062,1,3
2026-04-10,1000000074,1000000064,1,4
2026-04-10,1000000074,1000000091,1,5
2026-04-10,1000000083,1000000027,1,23
2026-04-10,1000000083,1000000028,2,14
2026-04-10,1000000083,1000000033,7,8
2026-04-10,1000000083,1000000035,8,6
2026-04-10,1000000083,1000000042,15,2
2026-04-10,1000000083,1000000043,8,7
2026-04-10,1000000083,1000000044,2,15
2026-04-10,1000000083,1000000045,12,3
2026-04-10,1000000083,1000000062,11,4
2026-04-10,1000000083,1000000063,7,9
2026-04-10,1000000083,1000000064,16,1
2026-04-10,1000000083,1000000065,2,16
2026-04-10,1000000083,1000000066,1,24
2026-04-10,1000000083,1000000069,6,11
2026-04-10,1000000083,1000000070,1,25
2026-04-10,1000000083,1000000071,4,12
2026-04-10,1000000083,1000000072,1,26
2026-04-10,1000000083,1000000085,1,27
2026-04-10,1000000083,1000000087,2,17
2026-04-10,1000000083,1000000088,2,18
2026-04-10,1000000083,1000000089,1,28
2026-04-10,1000000083,1000000090,2,19
2026-04-10,1000000083,1000000091,1,29
2026-04-10,1000000083,1000000093,2,20
2026-04-10,1000000083,1000000094,2,21
2026-04-10,1000000083,1000000108,3,13
2026-04-10,1000000083,1000000110,1,30
2026-04-10,1000000083,1000000112,1,31
2026-04-10,1000000083,1000000113,1,32
2026-04-10,1000000083,1000000121,7,10
2026-04-10,1000000083,1000000127,11,5
2026-04-10,1000000083,1000000128,2,22
2026-04-10,1000000083,1000000142,1,33
2026-04-10,1000000084,1000000042,2,13
2026-04-10,1000000084,1000000043,1,17
2026-04-10,1000000084,1000000045,1,18
2026-04-10,1000000084,1000000062,5,6
2026-04-10,1000000084,1000000063,3,11
2026-04-10,1000000084,1000000064,10,3
2026-04-10,1000000084,1000000065,1,19
2026-04-10,1000000084,1000000066,2,14
2026-04-10,1000000084,1000000085,15,1
2026-04-10,1000000084,1000000086,4,8
2026-04-10,1000000084,1000000087,15,2
2026-04-10,1000000084,1000000088,6,5
2026-04-10,1000000084,1000000090,10,4
2026-04-10,1000000084,1000000091,2,15
2026-04-10,1000000084,1000000092,2,16
2026-04-10,1000000084,1000000093,5,7
2026-04-10,1000000084,1000000094,1,20
2026-04-10,1000000084,1000000108,3,12
2026-04-10,1000000084,1000000110,4,9
2026-04-10,1000000084,1000000111,4,10
2026-04-10,1000000084,1000000113,1,21
2026-04-10,1000000084,1000000127,1,22
2026-04-10,1000000084,1000000128,1,23
2026-04-10,1000000084,1000000142,1,24
2026-04-10,1000000084,1000000143,1,25
2026-04-10,1000000085,1000000027,1,23
2026-04-10,1000000085,1000000033,1,24
2026-04-10,1000000085,1000000042,3,14
2026-04-10,1000000085,1000000043,2,17
2026-04-10,1000000085,1000000045,4,12
2026-04-10,1000000085,1000000062,3,15
2026-04-10,1000000085,1000000063,4,13
2026-04-10,1000000085,1000000064,16,1
2026-04-10,1000000085,1000000065,2,18
2026-04-10,1000000085,1000000069,1,25
2026-04-10,1000000085,1000000083,1,26
2026-04-10,1000000085,1000000084,15,2
2026-04-10,1000000085,1000000086,8,6
2026-04-10,1000000085,1000000087,8,7
2026-04-10,1000000085,1000000088,9,4
2026-04-10,1000000085,1000000089,2,19
2026-04-10,1000000085,1000000090,12,3
2026-04-10,1000000085,1000000091,9,5
2026-04-10,1000000085,1000000092,7,8
2026-04-10,1000000085,1000000093,6,9
2026-04-10,1000000085,1000000094,2,20
2026-04-10,1000000085,1000000095,1,27
2026-04-10,1000000085,1000000108,5,10
2026-04-10,1000000085,1000000110,1,28
2026-04-10,1000000085,1000000111,3,16
2026-04-10,1000000085,1000000112,1,29
2026-04-10,1000000085,1000000113,1,30
2026-04-10,1000000085,1000000121,2,21
2026-04-10,1000000085,1000000127,1,31
2026-04-10,1000000085,1000000128,1,32
2026-04-10,1000000085,1000000142,5,11
2026-04-10,1000000085,1000000144,2,22
2026-04-10,1000000086,1000000035,1,16
2026-04-10,1000000086,1000000042,3,7
2026-04-10,1000000086,1000000043,2,11
2026-04-10,1000000086,1000000044,1,17
2026-04-10,1000000086,1000000045,3,8
2026-04-10,1000000086,1000000062,1,18
2026-04-10,1000000086,1000000063,2,12
2026-04-10,1000000086,1000000064,11,1
2026-04-10,1000000086,1000000084,4,6
2026-04-10,1000000086,1000000085,8,3
2026-04-10,1000000086,1000000087,5,4
2026-04-10,1000000086,1000000088,11,2
2026-04-10,1000000086,1000000089,3,9
2026-04-10,1000000086,1000000090,2,13
2026-04-10,1000000086,1000000091,5,5
2026-04-10,1000000086,1000000092,3,10
2026-04-10,1000000086,1000000093,2,14
2026-04-10,1000000086,1000000094,2,15
2026-04-10,1000000086,1000000108,1,19
2026-04-10,1000000086,1000000111,1,20
2026-04-10,1000000086,1000000112,1,21
2026-04-10,1000000086,1000000127,1,22
2026-04-10,1000000086,1000000128,1,23
2026-04-10,1000000086,1000000143,1,24
2026-04-10,1000000086,1000000144,1,25
2026-04-10,1000000087,1000000028,1,28
2026-04-10,1000000087,1000000033,2,19
2026-04-10,1000000087,1000000035,2,20
2026-04-10,1000000087,1000000042,3,16
2026-04-10,1000000087,1000000043,8,6
2026-04-10,1000000087,1000000044,1,29
2026-04-10,1000000087,1000000045,2,21
2026-04-10,1000000087,1000000062,2,22
2026-04-10,1000000087,1000000063,4,11
2026-04-10,1000000087,1000000064,20,1
2026-04-10,1000000087,1000000065,1,30
2026-04-10,1000000087,1000000066,4,12
2026-04-10,1000000087,1000000069,1,31
2026-04-10,1000000087,1000000071,1,32
2026-04-10,1000000087,1000000083,2,23
2026-04-10,1000000087,1000000084,15,2
2026-04-10,1000000087,1000000085,8,7
2026-04-10,1000000087,1000000086,5,9
2026-04-10,1000000087,1000000088,12,3
2026-04-10,1000000087,1000000089,2,24
2026-04-10,1000000087,1000000090,9,5
2026-04-10,1000000087,1000000091,11,4
2026-04-10,1000000087,1000000092,4,13
2026-04-10,1000000087,1000000093,4,14
2026-04-10,1000000087,1000000094,1,33
2026-04-10,1000000087,1000000108,4,15
2026-04-10,1000000087,1000000110,2,25
2026-04-10,1000000087,1000000111,5,10
2026-04-10,1000000087,1000000112,1,34
2026-04-10,1000000087,1000000113,3,17
2026-04-10,1000000087,1000000121,6,8
2026-04-10,1000000087,1000000127,3,18
2026-04-10,1000000087,1000000128,2,26
2026-04-10,1000000087,1000000142,1,35
2026-04-10,1000000087,1000000143,1,36
2026-04-10,1000000087,1000000144,2,27
2026-04-10,1000000088,1000000035,5,8
2026-04-10,1000000088,1000000042,2,17
2026-04-10,1000000088,1000000043,4,10
2026-04-10,1000000088,1000000045,5,9
2026-04-10,1000000088,1000000062,3,13
2026-04-10,1000000088,1000000063,3,14
2026-04-10,1000000088,1000000064,20,1
2026-04-10,1000000088,1000000066,1,22
2026-04-10,1000000088,1000000071,1,23
2026-04-10,1000000088,1000000083,2,18
2026-04-10,1000000088,1000000084,6,6
2026-04-10,1000000088,1000000085,9,4
2026-04-10,1000000088,1000000086,11,3
2026-04-10,1000000088,1000000087,12,2
2026-04-10,1000000088,1000000089,4,11
2026-04-10,1000000088,1000000090,4,12
2026-04-10,1000000088,1000000091,9,5
2026-04-10,1000000088,1000000092,6,7
2026-04-10,1000000088,1000000093,2,19
2026-04-10,1000000088,1000000094,1,24
2026-04-10,1000000088,1000000110,1,25
2026-04-10,1000000088,1000000111,2,20
2026-04-10,1000000088,1000000112,2,21
2026-04-10,1000000088,1000000113,1,26
2026-04-10,1000000088,1000000121,3,15
2026-04-10,1000000088,1000000127,3,16
2026-04-10,1000000088,1000000128,1,27
2026-04-10,1000000088,1000000144,1,28
2026-04-10,1000000089,1000000045,1,8
2026-04-10,1000000089,1000000062,1,9
2026-04-10,1000000089,1000000063,1,10
2026-04-10,1000000089,1000000064,2,3
2026-04-10,1000000089,1000000069,1,11
2026-04-10,1000000089,1000000083,1,12
2026-04-10,1000000089,1000000085,2,4
2026-04-10,1000000089,1000000086,3,2
2026-04-10,1000000089,1000000087,2,5
2026-04-10,1000000089,1000000088,4,1
2026-04-10,1000000089,1000000091,1,13
2026-04-10,1000000089,1000000121,2,6
2026-04-10,1000000089,1000000127,1,14
2026-04-10,1000000089,1000000128,1,15
2026-04-10,1000000089,1000000144,2,7
2026-04-10,1000000090,1000000042,2,14
2026-04-10,1000000090,1000000043,3,12
2026-04-10,1000000090,1000000045,1,17
2026-04-10,1000000090,1000000062,1,18
2026-04-10,1000000090,1000000063,3,13
2026-04-10,1000000090,1000000064,14,2
2026-04-10,1000000090,1000000066,1,19
2026-04-10,1000000090,1000000069,1,20
2026-04-10,1000000090,1000000083,2,15
2026-04-10,1000000090,1000000084,10,4
2026-04-10,1000000090,1000000085,12,3
2026-04-10,1000000090,1000000086,2,16
2026-04-10,1000000090,1000000087,9,6
2026-04-10,1000000090,1000000088,4,9
2026-04-10,1000000090,1000000091,20,1
2026-04-10,1000000090,1000000092,6,8
2026-04-10,1000000090,1000000093,10,5
2026-04-10,1000000090,1000000094,4,10
2026-04-10,1000000090,1000000095,1,21
2026-04-10,1000000090,1000000108,9,7
2026-04-10,1000000090,1000000111,4,11
2026-04-10,1000000090,1000000112,1,22
2026-04-10,1000000090,1000000121,1,23
2026-04-10,1000000090,1000000127,1,24
2026-04-10,1000000090,1000000128,1,25
2026-04-10,1000000090,1000000144,1,26
2026-04-10,1000000091,1000000043,2,15
2026-04-10,1000000091,1000000045,3,13
2026-04-10,1000000091,1000000062,2,16
2026-04-10,1000000091,1000000063,1,21
2026-04-10,1000000091,1000000064,22,1
2026-04-10,1000000091,1000000069,2,17
2026-04-10,1000000091,1000000074,1,22
2026-04-10,1000000091,1000000083,1,23
2026-04-10,1000000091,1000000084,2,18
2026-04-10,1000000091,1000000085,9,5
2026-04-10,1000000091,1000000086,5,9
2026-04-10,1000000091,1000000087,11,4
2026-04-10,1000000091,1000000088,9,6
2026-04-10,1000000091,1000000089,1,24
2026-04-10,1000000091,1000000090,20,2
2026-04-10,1000000091,1000000092,12,3
2026-04-10,1000000091,1000000093,9,7
2026-04-10,1000000091,1000000094,6,8
2026-04-10,1000000091,1000000108,4,11
2026-04-10,1000000091,1000000110,2,19
2026-04-10,1000000091,1000000111,5,10
2026-04-10,1000000091,1000000112,2,20
2026-04-10,1000000091,1000000113,3,14
2026-04-10,1000000091,1000000127,4,12
2026-04-10,1000000091,1000000144,1,25
2026-04-10,1000000092,1000000035,1,16
2026-04-10,1000000092,1000000043,1,17
2026-04-10,1000000092,1000000044,1,18
2026-04-10,1000000092,1000000045,2,11
2026-04-10,1000000092,1000000062,1,19
2026-04-10,1000000092,1000000063,1,20
2026-04-10,1000000092,1000000064,16,1
2026-04-10,1000000092,1000000069,2,12
2026-04-10,1000000092,1000000084,2,13
2026-04-10,1000000092,1000000085,7,3
2026-04-10,1000000092,1000000086,3,9
2026-04-10,1000000092,1000000087,4,6
2026-04-10,1000000092,1000000088,6,4
2026-04-10,1000000092,1000000090,6,5
2026-04-10,1000000092,1000000091,12,2
2026-04-10,1000000092,1000000093,4,7
2026-04-10,1000000092,1000000108,2,14
2026-04-10,1000000092,1000000111,4,8
2026-04-10,1000000092,1000000112,3,10
2026-04-10,1000000092,1000000113,1,21
2026-04-10,1000000092,1000000127,2,15
2026-04-10,1000000093,1000000035,4,11
2026-04-10,1000000093,1000000042,1,26
2026-04-10,1000000093,1000000043,2,15
2026-04-10,1000000093,1000000044,3,14
2026-04-10,1000000093,1000000045,5,8
2026-04-10,1000000093,1000000062,2,16
2026-04-10,1000000093,1000000063,2,17
2026-04-10,1000000093,1000000064,42,1
2026-04-10,1000000093,1000000066,2,18
2026-04-10,1000000093,1000000069,2,19
2026-04-10,1000000093,1000000083,2,20
2026-04-10,1000000093,1000000084,5,9
2026-04-10,1000000093,1000000085,6,7
2026-04-10,1000000093,1000000086,2,21
2026-04-10,1000000093,1000000087,4,12
2026-04-10,1000000093,1000000088,2,22
2026-04-10,1000000093,1000000090,10,4
2026-04-10,1000000093,1000000091,9,5
2026-04-10,1000000093,1000000092,4,13
2026-04-10,1000000093,1000000094,5,10
2026-04-10,1000000093,1000000108,13,2
2026-04-10,1000000093,1000000110,1,27
2026-04-10,1000000093,1000000111,11,3
2026-04-10,1000000093,1000000112,2,23
2026-04-10,1000000093,1000000113,2,24
2026-04-10,1000000093,1000000121,1,28
2026-04-10,1000000093,1000000127,7,6
2026-04-10,1000000093,1000000128,1,29
2026-04-10,1000000093,1000000144,2,25
2026-04-10,1000000094,1000000035,1,14
2026-04-10,1000000094,1000000042,3,8
2026-04-10,1000000094,1000000043,1,15
2026-04-10,1000000094,1000000044,1,16
2026-04-10,1000000094,1000000045,3,9
2026-04-10,1000000094,1000000062,1,17
2026-04-10,1000000094,1000000063,1,18
2026-04-10,1000000094,1000000064,7,1
2026-04-10,1000000094,1000000069,1,19
2026-04-10,1000000094,1000000083,2,11
2026-04-10,1000000094,1000000084,1,20
2026-04-10,1000000094,1000000085,2,12
2026-04-10,1000000094,1000000086,2,13
2026-04-10,1000000094,1000000087,1,21
2026-04-10,1000000094,1000000088,1,22
2026-04-10,1000000094,1000000090,4,4
2026-04-10,1000000094,1000000091,6,2
2026-04-10,1000000094,1000000093,5,3
2026-04-10,1000000094,1000000095,1,23
2026-04-10,1000000094,1000000108,4,5
2026-04-10,1000000094,1000000110,4,6
2026-04-10,1000000094,1000000111,4,7
2026-04-10,1000000094,1000000112,3,10
2026-04-10,1000000094,1000000113,1,24
2026-04-10,1000000094,1000000121,1,25
2026-04-10,1000000094,1000000142,1,26
2026-04-10,1000000094,1000000143,1,27
2026-04-10,1000000094,1000000144,1,28
2026-04-10,1000000095,1000000085,1,2
2026-04-10,1000000095,1000000090,1,3
2026-04-10,1000000095,1000000094,1,4
2026-04-10,1000000095,1000000144,2,1
2026-04-10,1000000108,1000000035,1,14
2026-04-10,1000000108,1000000045,5,3
2026-04-10,1000000108,1000000062,1,15
2026-04-10,1000000108,1000000063,1,16
2026-04-10,1000000108,1000000064,5,4
2026-04-10,1000000108,1000000083,3,9
2026-04-10,1000000108,1000000084,3,10
2026-04-10,1000000108,1000000085,5,5
2026-04-10,1000000108,1000000086,1,17
2026-04-10,1000000108,1000000087,4,6
2026-04-10,1000000108,1000000090,9,2
2026-04-10,1000000108,1000000091,4,7
2026-04-10,1000000108,1000000092,2,11
2026-04-10,1000000108,1000000093,13,1
2026-04-10,1000000108,1000000094,4,8
2026-04-10,1000000108,1000000110,2,12
2026-04-10,1000000108,1000000112,2,13
2026-04-10,1000000108,1000000113,1,18
2026-04-10,1000000108,1000000127,1,19
2026-04-10,1000000108,1000000142,1,20
2026-04-10,1000000108,1000000144,1,21
2026-04-10,1000000110,1000000027,1,11
2026-04-10,1000000110,1000000042,1,12
2026-04-10,1000000110,1000000044,2,6
2026-04-10,1000000110,1000000045,1,13
2026-04-10,1000000110,1000000063,2,7
2026-04-10,1000000110,1000000064,3,5
2026-04-10,1000000110,1000000065,1,14
2026-04-10,1000000110,1000000070,1,15
2026-04-10,1000000110,1000000083,1,16
2026-04-10,1000000110,1000000084,4,1
2026-04-10,1000000110,1000000085,1,17
2026-04-10,1000000110,1000000087,2,8
2026-04-10,1000000110,1000000088,1,18
2026-04-10,1000000110,1000000091,2,9
2026-04-10,1000000110,1000000093,1,19
2026-04-10,1000000110,1000000094,4,2
2026-04-10,1000000110,1000000108,2,10
2026-04-10,1000000110,1000000111,4,3
2026-04-10,1000000110,1000000112,4,4
2026-04-10,1000000110,1000000128,1,20
2026-04-10,1000000110,1000000142,1,21
2026-04-10,1000000110,1000000143,1,22
2026-04-10,1000000111,1000000035,1,21
2026-04-10,1000000111,1000000042,1,22
2026-04-10,1000000111,1000000043,2,18
2026-04-10,1000000111,1000000044,1,23
2026-04-10,1000000111,1000000045,3,13
2026-04-10,1000000111,1000000062,7,4
2026-04-10,1000000111,1000000063,8,3
2026-04-10,1000000111,1000000064,12,1
2026-04-10,1000000111,1000000065,3,14
2026-04-10,1000000111,1000000084,4,8
2026-04-10,1000000111,1000000085,3,15
2026-04-10,1000000111,1000000086,1,24
2026-04-10,1000000111,1000000087,5,5
2026-04-10,1000000111,1000000088,2,19
2026-04-10,1000000111,1000000090,4,9
2026-04-10,1000000111,1000000091,5,6
2026-04-10,1000000111,1000000092,4,10
2026-04-10,1000000111,1000000093,11,2
2026-04-10,1000000111,1000000094,4,11
2026-04-10,1000000111,1000000110,4,12
2026-04-10,1000000111,1000000112,2,20
2026-04-10,1000000111,1000000113,3,16
2026-04-10,1000000111,1000000121,1,25
2026-04-10,1000000111,1000000127,5,7
2026-04-10,1000000111,1000000144,3,17
2026-04-10,1000000112,1000000027,1,13
2026-04-10,1000000112,1000000035,1,14
2026-04-10,1000000112,1000000042,2,7
2026-04-10,1000000112,1000000043,3,4
2026-04-10,1000000112,1000000045,4,2
2026-04-10,1000000112,1000000063,1,15
2026-04-10,1000000112,1000000064,1,16
2026-04-10,1000000112,1000000065,1,17
2026-04-10,1000000112,1000000066,1,18
2026-04-10,1000000112,1000000083,1,19
2026-04-10,1000000112,1000000085,1,20
2026-04-10,1000000112,1000000086,1,21
2026-04-10,1000000112,1000000087,1,22
2026-04-10,1000000112,1000000088,2,8
2026-04-10,1000000112,1000000090,1,23
2026-04-10,1000000112,1000000091,2,9
2026-04-10,1000000112,1000000092,3,5
2026-04-10,1000000112,1000000093,2,10
2026-04-10,1000000112,1000000094,3,6
2026-04-10,1000000112,1000000108,2,11
2026-04-10,1000000112,1000000110,4,3
2026-04-10,1000000112,1000000111,2,12
2026-04-10,1000000112,1000000113,5,1
2026-04-10,1000000112,1000000121,1,24
2026-04-10,1000000112,1000000127,1,25
2026-04-10,1000000112,1000000144,1,26
2026-04-10,1000000113,1000000028,1,11
2026-04-10,1000000113,1000000033,1,12
2026-04-10,1000000113,1000000042,1,13
2026-04-10,1000000113,1000000043,2,8
2026-04-10,1000000113,1000000045,3,4
2026-04-10,1000000113,1000000062,1,14
2026-04-10,1000000113,1000000063,4,3
2026-04-10,1000000113,1000000064,8,1
2026-04-10,1000000113,1000000071,2,9
2026-04-10,1000000113,1000000083,1,15
2026-04-10,1000000113,1000000084,1,16
2026-04-10,1000000113,1000000085,1,17
2026-04-10,1000000113,1000000087,3,5
2026-04-10,1000000113,1000000088,1,18
2026-04-10,1000000113,1000000091,3,6
2026-04-10,1000000113,1000000092,1,19
2026-04-10,1000000113,1000000093,2,10
2026-04-10,1000000113,1000000094,1,20
2026-04-10,1000000113,1000000108,1,21
2026-04-10,1000000113,1000000111,3,7
2026-04-10,1000000113,1000000112,5,2
2026-04-10,1000000113,1000000121,1,22
2026-04-10,1000000113,1000000128,1,23
2026-04-10,1000000121,1000000028,1,24
2026-04-10,1000000121,1000000033,5,13
2026-04-10,1000000121,1000000035,14,5
2026-04-10,1000000121,1000000042,21,2
2026-04-10,1000000121,1000000043,20,4
2026-04-10,1000000121,1000000044,13,6
2026-04-10,1000000121,1000000045,21,3
2026-04-10,1000000121,1000000062,6,11
2026-04-10,1000000121,1000000063,11,7
2026-04-10,1000000121,1000000064,32,1
2026-04-10,1000000121,1000000065,5,14
2026-04-10,1000000121,1000000066,5,15
2026-04-10,1000000121,1000000069,8,8
2026-04-10,1000000121,1000000070,2,19
2026-04-10,1000000121,1000000083,7,9
2026-04-10,1000000121,1000000085,2,20
2026-04-10,1000000121,1000000087,6,12
2026-04-10,1000000121,1000000088,3,17
2026-04-10,1000000121,1000000089,2,21
2026-04-10,1000000121,1000000090,1,25
2026-04-10,1000000121,1000000093,1,26
2026-04-10,1000000121,1000000094,1,27
2026-04-10,1000000121,1000000111,1,28
2026-04-10,1000000121,1000000112,1,29
2026-04-10,1000000121,1000000113,1,30
2026-04-10,1000000121,1000000127,7,10
2026-04-10,1000000121,1000000128,4,16
2026-04-10,1000000121,1000000142,2,22
2026-04-10,1000000121,1000000143,3,18
2026-04-10,1000000121,1000000144,2,23
2026-04-10,1000000127,1000000033,4,17
2026-04-10,1000000127,1000000035,5,15
2026-04-10,1000000127,1000000042,20,7
2026-04-10,1000000127,1000000043,24,6
2026-04-10,1000000127,1000000044,25,5
2026-04-10,1000000127,1000000045,33,4
2026-04-10,1000000127,1000000062,61,3
2026-04-10,1000000127,1000000063,85,2
2026-04-10,1000000127,1000000064,136,1
2026-04-10,1000000127,1000000065,2,23
2026-04-10,1000000127,1000000066,6,13
2026-04-10,1000000127,1000000069,9,9
2026-04-10,1000000127,1000000071,4,18
2026-04-10,1000000127,1000000072,2,24
2026-04-10,1000000127,1000000083,11,8
2026-04-10,1000000127,1000000084,1,26
2026-04-10,1000000127,1000000085,1,27
2026-04-10,1000000127,1000000086,1,28
2026-04-10,1000000127,1000000087,3,20
2026-04-10,1000000127,1000000088,3,21
2026-04-10,1000000127,1000000089,1,29
2026-04-10,1000000127,1000000090,1,30
2026-04-10,1000000127,1000000091,4,19
2026-04-10,1000000127,1000000092,2,25
2026-04-10,1000000127,1000000093,7,10
2026-04-10,1000000127,1000000108,1,31
2026-04-10,1000000127,1000000111,5,16
2026-04-10,1000000127,1000000112,1,32
2026-04-10,1000000127,1000000121,7,11
2026-04-10,1000000127,1000000128,7,12
2026-04-10,1000000127,1000000142,6,14
2026-04-10,1000000127,1000000144,3,22
2026-04-10,1000000128,1000000027,2,15
2026-04-10,1000000128,1000000033,1,19
2026-04-10,1000000128,1000000035,2,16
2026-04-10,1000000128,1000000042,6,8
2026-04-10,1000000128,1000000043,8,4
2026-04-10,1000000128,1000000044,6,9
2026-04-10,1000000128,1000000045,14,2
2026-04-10,1000000128,1000000062,6,10
2026-04-10,1000000128,1000000063,8,5
2026-04-10,1000000128,1000000064,29,1
2026-04-10,1000000128,1000000065,7,6
2026-04-10,1000000128,1000000066,10,3
2026-04-10,1000000128,1000000069,3,13
2026-04-10,1000000128,1000000070,1,20
2026-04-10,1000000128,1000000071,1,21
2026-04-10,1000000128,1000000083,2,17
2026-04-10,1000000128,1000000084,1,22
2026-04-10,1000000128,1000000085,1,23
2026-04-10,1000000128,1000000086,1,24
2026-04-10,1000000128,1000000087,2,18
2026-04-10,1000000128,1000000088,1,25
2026-04-10,1000000128,1000000089,1,26
2026-04-10,1000000128,1000000090,1,27
2026-04-10,1000000128,1000000093,1,28
2026-04-10,1000000128,1000000110,1,29
2026-04-10,1000000128,1000000113,1,30
2026-04-10,1000000128,1000000121,4,12
2026-04-10,1000000128,1000000127,7,7
2026-04-10,1000000128,1000000142,3,14
2026-04-10,1000000128,1000000143,1,31
2026-04-10,1000000128,1000000144,5,11
2026-04-10,1000000142,1000000033,1,16
2026-04-10,1000000142,1000000035,1,17
2026-04-10,1000000142,1000000042,7,2
2026-04-10,1000000142,1000000043,3,7
2026-04-10,1000000142,1000000044,3,8
2026-04-10,1000000142,1000000045,6,3
2026-04-10,1000000142,1000000062,3,9
2026-04-10,1000000142,1000000063,2,11
2026-04-10,1000000142,1000000064,11,1
2026-04-10,1000000142,1000000065,2,12
2026-04-10,1000000142,1000000066,1,18
2026-04-10,1000000142,1000000069,2,13
2026-04-10,1000000142,1000000071,1,19
2026-04-10,1000000142,1000000083,1,20
2026-04-10,1000000142,1000000084,1,21
2026-04-10,1000000142,1000000085,5,5
2026-04-10,1000000142,1000000087,1,22
2026-04-10,1000000142,1000000094,1,23
2026-04-10,1000000142,1000000108,1,24
2026-04-10,1000000142,1000000110,1,25
2026-04-10,1000000142,1000000121,2,14
2026-04-10,1000000142,1000000127,6,4
2026-04-10,1000000142,1000000128,3,10
2026-04-10,1000000142,1000000143,2,15
2026-04-10,1000000142,1000000144,5,6
2026-04-10,1000000143,1000000042,4,4
2026-04-10,1000000143,1000000043,7,2
2026-04-10,1000000143,1000000044,2,8
2026-04-10,1000000143,1000000045,5,3
2026-04-10,1000000143,1000000062,3,5
2026-04-10,1000000143,1000000063,1,12
2026-04-10,1000000143,1000000064,8,1
2026-04-10,1000000143,1000000065,3,6
2026-04-10,1000000143,1000000066,2,9
2026-04-10,1000000143,1000000069,1,13
2026-04-10,1000000143,1000000084,1,14
2026-04-10,1000000143,1000000086,1,15
2026-04-10,1000000143,1000000087,1,16
2026-04-10,1000000143,1000000094,1,17
2026-04-10,1000000143,1000000110,1,18
2026-04-10,1000000143,1000000121,3,7
2026-04-10,1000000143,1000000128,1,19
2026-04-10,1000000143,1000000142,2,10
2026-04-10,1000000143,1000000144,2,11
2026-04-10,1000000144,1000000027,1,23
2026-04-10,1000000144,1000000033,2,13
2026-04-10,1000000144,1000000035,1,24
2026-04-10,1000000144,1000000042,3,9
2026-04-10,1000000144,1000000043,4,6
2026-04-10,1000000144,1000000044,4,7
2026-04-10,1000000144,1000000045,4,8
2026-04-10,1000000144,1000000062,2,14
2026-04-10,1000000144,1000000063,2,15
2026-04-10,1000000144,1000000064,15,1
2026-04-10,1000000144,1000000065,3,10
2026-04-10,1000000144,1000000066,5,2
2026-04-10,1000000144,1000000069,5,3
2026-04-10,1000000144,1000000085,2,16
2026-04-10,1000000144,1000000086,1,25
2026-04-10,1000000144,1000000087,2,17
2026-04-10,1000000144,1000000088,1,26
2026-04-10,1000000144,1000000089,2,18
2026-04-10,1000000144,1000000090,1,27
2026-04-10,1000000144,1000000091,1,28
2026-04-10,1000000144,1000000093,2,19
2026-04-10,1000000144,1000000094,1,29
2026-04-10,1000000144,1000000095,2,20
2026-04-10,1000000144,1000000108,1,30
2026-04-10,1000000144,1000000111,3,11
2026-04-10,1000000144,1000000112,1,31
2026-04-10,1000000144,1000000121,2,21
2026-04-10,1000000144,1000000127,3,12
2026-04-10,1000000144,1000000128,5,4
2026-04-10,1000000144,1000000142,5,5
2026-04-10,1000000144,1000000143,2,22
2026-04-10,1000000153,1000000154,4,2
2026-04-10,1000000153,1000000156,18,1
2026-04-10,1000000154,1000000153,4,1
2026-04-10,1000000154,1000000156,1,2
2026-04-10,1000000156,1000000153,18,1
2026-04-10,1000000156,1000000154,1,2
2026-04-11,1000000027,1000000028,2,8
2026-04-11,1000000027,1000000033,2,9
2026-04-11,1000000027,1000000035,3,4
2026-04-11,1000000027,1000000042,6,1
2026-04-11,1000000027,1000000043,5,2
2026-04-11,1000000027,1000000044,2,10
2026-04-11,1000000027,1000000045,3,5
2026-04-11,1000000027,1000000062,1,13
2026-04-11,1000000027,1000000063,1,14
2026-04-11,1000000027,1000000064,3,6
2026-04-11,1000000027,1000000065,2,11
2026-04-11,1000000027,1000000066,1,15
2026-04-11,1000000027,1000000069,1,16
2026-04-11,1000000027,1000000070,3,7
2026-04-11,1000000027,1000000071,4,3
2026-04-11,1000000027,1000000083,1,17
2026-04-11,1000000027,1000000085,1,18
2026-04-11,1000000027,1000000110,1,19
2026-04-11,1000000027,1000000112,1,20
2026-04-11,1000000027,1000000128,2,12
2026-04-11,1000000027,1000000144,1,21
2026-04-11,1000000028,1000000027,2,3
2026-04-11,1000000028,1000000035,1,11
2026-04-11,1000000028,1000000042,3,1
2026-04-11,1000000028,1000000043,2,4
2026-04-11,1000000028,1000000044,2,5
2026-04-11,1000000028,1000000045,2,6
2026-04-11,1000000028,1000000063,1,12
2026-04-11,1000000028,1000000064,2,7
2026-04-11,1000000028,1000000069,2,8
2026-04-11,1000000028,1000000070,2,9
2026-04-11,1000000028,1000000071,3,2
2026-04-11,1000000028,1000000072,1,13
2026-04-11,1000000028,1000000083,2,10
2026-04-11,1000000028,1000000087,1,14
2026-04-11,1000000028,1000000113,1,15
2026-04-11,1000000028,1000000121,1,16
2026-04-11,1000000033,1000000027,2,10
2026-04-11,1000000033,1000000035,12,1
2026-04-11,1000000033,1000000042,5,6
2026-04-11,1000000033,1000000043,9,2
2026-04-11,1000000033,1000000044,2,11
2026-04-11,1000000033,1000000045,7,3
2026-04-11,1000000033,1000000062,1,14
2026-04-11,1000000033,1000000063,1,15
2026-04-11,1000000033,1000000064,6,5
2026-04-11,1000000033,1000000065,3,9
2026-04-11,1000000033,1000000066,1,16
2026-04-11,1000000033,1000000070,1,17
2026-04-11,1000000033,1000000071,1,18
2026-04-11,1000000033,1000000083,7,4
2026-04-11,1000000033,1000000085,1,19
2026-04-11,1000000033,1000000087,2,12
2026-04-11,1000000033,1000000113,1,20
2026-04-11,1000000033,1000000121,5,7
2026-04-11,1000000033,1000000127,4,8
2026-04-11,1000000033,1000000128,1,21
2026-04-11,1000000033,1000000142,1,22
2026-04-11,1000000033,1000000144,2,13
2026-04-11,1000000035,1000000027,3,16
2026-04-11,1000000035,1000000028,1,20
2026-04-11,1000000035,1000000033,12,6
2026-04-11,1000000035,1000000042,16,2
2026-04-11,1000000035,1000000043,13,4
2026-04-11,1000000035,1000000044,10,7
2026-04-11,1000000035,1000000045,13,5
2026-04-11,1000000035,1000000062,7,10
2026-04-11,1000000035,1000000063,6,11
2026-04-11,1000000035,1000000064,21,1
2026-04-11,1000000035,1000000065,5,12
2026-04-11,1000000035,1000000066,8,8
2026-04-11,1000000035,1000000069,3,17
2026-04-11,1000000035,1000000071,1,21
2026-04-11,1000000035,1000000083,8,9
2026-04-11,1000000035,1000000086,1,22
2026-04-11,1000000035,1000000087,2,18
2026-04-11,1000000035,1000000088,5,13
2026-04-11,1000000035,1000000092,1,23
2026-04-11,1000000035,1000000093,4,15
2026-04-11,1000000035,1000000094,1,24
2026-04-11,1000000035,1000000108,1,25
2026-04-11,1000000035,1000000111,1,26
2026-04-11,1000000035,1000000112,1,27
2026-04-11,1000000035,1000000121,14,3
2026-04-11,1000000035,1000000127,5,14
2026-04-11,1000000035,1000000128,2,19
2026-04-11,1000000035,1000000142,1,28
2026-04-11,1000000035,1000000144,1,29
2026-04-11,1000000042,1000000027,6,16
2026-04-11,1000000042,1000000028,3,20
2026-04-11,1000000042,1000000033,5,18
2026-04-11,1000000042,1000000035,16,9
2026-04-11,1000000042,1000000043,63,3
2026-04-11,1000000042,1000000044,34,4
2026-04-11,1000000042,1000000045,79,2
2026-04-11,1000000042,1000000062,22,6
2026-04-11,1000000042,1000000063,27,5
2026-04-11,1000000042,1000000064,83,1
2026-04-11,1000000042,1000000065,10,12
2026-04-11,1000000042,1000000066,8,14
2026-04-11,1000000042,1000000069,11,11
2026-04-11,1000000042,1000000070,2,26
2026-04-11,1000000042,1000000071,10,13
2026-04-11,1000000042,1000000072,2,27
2026-04-11,1000000042,1000000074,1,32
2026-04-11,1000000042,1000000083,16,10
2026-04-11,1000000042,1000000084,2,28
2026-04-11,1000000042,1000000085,3,21
2026-04-11,1000000042,1000000086,3,22
2026-04-11,1000000042,1000000087,3,23
2026-04-11,1000000042,1000000088,2,29
2026-04-11,1000000042,1000000090,2,30
2026-04-11,1000000042,1000000093,1,33
2026-04-11,1000000042,1000000094,3,24
2026-04-11,1000000042,1000000110,1,34
2026-04-11,1000000042,1000000111,1,35
2026-04-11,1000000042,1000000112,2,31
2026-04-11,1000000042,1000000113,1,36
2026-04-11,1000000042,1000000121,21,7
2026-04-11,1000000042,1000000127,20,8
2026-04-11,1000000042,1000000128,6,17
2026-04-11,1000000042,1000000142,7,15
2026-04-11,1000000042,1000000143,4,19
2026-04-11,1000000042,1000000144,3,25
2026-04-11,1000000043,1000000027,5,20
2026-04-11,1000000043,1000000028,2,26
2026-04-11,1000000043,1000000033,9,13
2026-04-11,1000000043,1000000035,13,11
2026-04-11,1000000043,1000000042,63,3
2026-04-11,1000000043,1000000044,52,4
2026-04-11,1000000043,1000000045,87,2
2026-04-11,1000000043,1000000062,19,8
2026-04-11,1000000043,1000000063,31,5
2026-04-11,1000000043,1000000064,97,1
2026-04-11,1000000043,1000000065,10,12
2026-04-11,1000000043,1000000066,17,10
2026-04-11,1000000043,1000000069,18,9
2026-04-11,1000000043,1000000070,6,19
2026-04-11,1000000043,1000000071,7,17
2026-04-11,1000000043,1000000072,1,33
2026-04-11,1000000043,1000000074,1,34
2026-04-11,1000000043,1000000083,9,14
2026-04-11,1000000043,1000000084,1,35
2026-04-11,1000000043,1000000085,2,27
2026-04-11,1000000043,1000000086,2,28
2026-04-11,1000000043,1000000087,8,15
2026-04-11,1000000043,1000000088,4,21
2026-04-11,1000000043,1000000090,3,23
2026-04-11,1000000043,1000000091,2,29
2026-04-11,1000000043,1000000092,1,36
2026-04-11,1000000043,1000000093,2,30
2026-04-11,1000000043,1000000094,1,37
2026-04-11,1000000043,1000000111,2,31
2026-04-11,1000000043,1000000112,3,24
2026-04-11,1000000043,1000000113,2,32
2026-04-11,1000000043,1000000121,20,7
2026-04-11,1000000043,1000000127,24,6
2026-04-11,1000000043,1000000128,8,16
2026-04-11,1000000043,1000000142,3,25
2026-04-11,1000000043,1000000143,7,18
2026-04-11,1000000043,1000000144,4,22
2026-04-11,1000000044,1000000027,2,19
2026-04-11,1000000044,1000000028,2,20
2026-04-11,1000000044,1000000033,2,21
2026-04-11,1000000044,1000000035,10,11
2026-04-11,1000000044,1000000042,34,4
2026-04-11,1000000044,1000000043,52,3
2026-04-11,1000000044,1000000045,71,2
2026-04-11,1000000044,1000000062,19,7
2026-04-11,1000000044,1000000063,26,5
2026-04-11,1000000044,1000000064,80,1
2026-04-11,1000000044,1000000065,7,12
2026-04-11,1000000044,1000000066,13,9
2026-04-11,1000000044,1000000069,17,8
2026-04-11,1000000044,1000000070,2,22
2026-04-11,1000000044,1000000071,6,13
2026-04-11,1000000044,1000000072,3,16
2026-04-11,1000000044,1000000083,2,23
2026-04-11,1000000044,1000000086,1,26
2026-04-11,1000000044,1000000087,1,27
2026-04-11,1000000044,1000000092,1,28
2026-04-11,1000000044,1000000093,3,17
2026-04-11,1000000044,1000000094,1,29
2026-04-11,1000000044,1000000110,2,24
2026-04-11,1000000044,1000000111,1,30
2026-04-11,1000000044,1000000121,13,10
2026-04-11,1000000044,1000000127,25,6
2026-04-11,1000000044,1000000128,6,14
2026-04-11,1000000044,1000000142,3,18
2026-04-11,1000000044,1000000143,2,25
2026-04-11,1000000044,1000000144,4,15
2026-04-11,1000000045,1000000027,3,26
2026-04-11,1000000045,1000000028,2,33
2026-04-11,1000000045,1000000033,7,15
2026-04-11,1000000045,1000000035,13,12
2026-04-11,1000000045,1000000042,79,3
2026-04-11,1000000045,1000000043,87,2
2026-04-11,1000000045,1000000044,71,4
2026-04-11,1000000045,1000000062,35,6
2026-04-11,1000000045,1000000063,50,5
2026-04-11,1000000045,1000000064,159,1
2026-04-11,1000000045,1000000065,9,14
2026-04-11,1000000045,1000000066,16,10
2026-04-11,1000000045,1000000069,27,8
2026-04-11,1000000045,1000000070,4,22
2026-04-11,1000000045,1000000071,5,17
2026-04-11,1000000045,1000000072,3,27
2026-04-11,1000000045,1000000083,12,13
2026-04-11,1000000045,1000000084,1,36
2026-04-11,1000000045,1000000085,4,23
2026-04-11,1000000045,1000000086,3,28
2026-04-11,1000000045,1000000087,2,34
2026-04-11,1000000045,1000000088,5,18
2026-04-11,1000000045,1000000089,1,37
2026-04-11,1000000045,1000000090,1,38
2026-04-11,1000000045,1000000091,3,29
2026-04-11,1000000045,1000000092,2,35
2026-04-11,1000000045,1000000093,5,19
2026-04-11,1000000045,1000000094,3,30
2026-04-11,1000000045,1000000108,5,20
2026-04-11,1000000045,1000000110,1,39
2026-04-11,1000000045,1000000111,3,31
2026-04-11,1000000045,1000000112,4,24
2026-04-11,1000000045,1000000113,3,32
2026-04-11,1000000045,1000000121,21,9
2026-04-11,1000000045,1000000127,33,7
2026-04-11,1000000045,1000000128,14,11
2026-04-11,1000000045,1000000142,6,16
2026-04-11,1000000045,1000000143,5,21
2026-04-11,1000000045,1000000144,4,25
2026-04-11,1000000062,1000000027,1,26
2026-04-11,1000000062,1000000033,1,27
2026-04-11,1000000062,1000000035,7,10
2026-04-11,1000000062,1000000042,22,5
2026-04-11,1000000062,1000000043,19,6
2026-04-11,1000000062,1000000044,19,7
2026-04-11,1000000062,1000000045,35,4
2026-04-11,1000000062,1000000063,88,1
2026-04-11,1000000062,1000000064,40,3
2026-04-11,1000000062,1000000065,9,9
2026-04-11,1000000062,1000000066,4,16
2026-04-11,1000000062,1000000069,7,11
2026-04-11,1000000062,1000000070,1,28
2026-04-11,1000000062,1000000071,3,17
2026-04-11,1000000062,1000000072,1,29
2026-04-11,1000000062,1000000074,1,30
2026-04-11,1000000062,1000000083,12,8
2026-04-11,1000000062,1000000084,5,15
2026-04-11,1000000062,1000000085,3,18
2026-04-11,1000000062,1000000086,1,31
2026-04-11,1000000062,1000000087,2,22
2026-04-11,1000000062,1000000088,3,19
2026-04-11,1000000062,1000000089,1,32
2026-04-11,1000000062,1000000090,1,33
2026-04-11,1000000062,1000000091,2,23
2026-04-11,1000000062,1000000092,1,34
2026-04-11,1000000062,1000000093,2,24
2026-04-11,1000000062,1000000094,1,35
2026-04-11,1000000062,1000000108,1,36
2026-04-11,1000000062,1000000111,7,12
2026-04-11,1000000062,1000000113,1,37
2026-04-11,1000000062,1000000121,6,13
2026-04-11,1000000062,1000000127,61,2
2026-04-11,1000000062,1000000128,6,14
2026-04-11,1000000062,1000000142,3,20
2026-04-11,1000000062,1000000143,3,21
2026-04-11,1000000062,1000000144,2,25
2026-04-11,1000000063,1000000027,1,29
2026-04-11,1000000063,1000000028,1,30
2026-04-11,1000000063,1000000033,1,31
2026-04-11,1000000063,1000000035,6,14
2026-04-11,1000000063,1000000042,27,6
2026-04-11,1000000063,1000000043,31,5
2026-04-11,1000000063,1000000044,26,7
2026-04-11,1000000063,1000000045,50,3
2026-04-11,1000000063,1000000062,88,1
2026-04-11,1000000063,1000000064,39,4
2026-04-11,1000000063,1000000065,4,15
2026-04-11,1000000063,1000000066,12,8
2026-04-11,1000000063,1000000069,10,10
2026-04-11,1000000063,1000000070,3,19
2026-04-11,1000000063,1000000071,2,23
2026-04-11,1000000063,1000000072,1,32
2026-04-11,1000000063,1000000083,7,13
2026-04-11,1000000063,1000000084,3,20
2026-04-11,1000000063,1000000085,4,16
2026-04-11,1000000063,1000000086,2,24
2026-04-11,1000000063,1000000087,4,17
2026-04-11,1000000063,1000000088,3,21
2026-04-11,1000000063,1000000089,1,33
2026-04-11,1000000063,1000000090,3,22
2026-04-11,1000000063,1000000091,1,34
2026-04-11,1000000063,1000000092,1,35
2026-04-11,1000000063,1000000093,2,25
2026-04-11,1000000063,1000000094,1,36
2026-04-11,1000000063,1000000108,1,37
2026-04-11,1000000063,1000000110,2,26
2026-04-11,1000000063,1000000111,8,11
2026-04-11,1000000063,1000000112,1,38
2026-04-11,1000000063,1000000113,4,18
2026-04-11,1000000063,1000000121,11,9
2026-04-11,1000000063,1000000127,85,2
2026-04-11,1000000063,1000000128,8,12
2026-04-11,1000000063,1000000142,2,27
2026-04-11,1000000063,1000000143,1,39
2026-04-11,1000000063,1000000144,2,28
2026-04-11,1000000064,1000000027,3,34
2026-04-11,1000000064,1000000028,2,37
2026-04-11,1000000064,1000000033,6,31
2026-04-11,1000000064,1000000035,21,15
2026-04-11,1000000064,1000000042,83,4
2026-04-11,1000000064,1000000043,97,3
2026-04-11,1000000064,1000000044,80,5
2026-04-11,1000000064,1000000045,159,1
2026-04-11,1000000064,1000000062,40,9
2026-04-11,1000000064,1000000063,39,10
2026-04-11,1000000064,1000000065,22,13
2026-04-11,1000000064,1000000066,41,8
2026-04-11,1000000064,1000000069,58,6
2026-04-11,1000000064,1000000070,4,33
2026-04-11,1000000064,1000000071,11,24
2026-04-11,1000000064,1000000072,3,35
2026-04-11,1000000064,1000000074,1,39
2026-04-11,1000000064,1000000083,17,18
2026-04-11,1000000064,1000000084,10,27
2026-04-11,1000000064,1000000085,16,19
2026-04-11,1000000064,1000000086,11,25
2026-04-11,1000000064,1000000087,20,16
2026-04-11,1000000064,1000000088,20,17
2026-04-11,1000000064,1000000089,2,38
2026-04-11,1000000064,1000000090,14,22
2026-04-11,1000000064,1000000091,22,14
2026-04-11,1000000064,1000000092,16,20
2026-04-11,1000000064,1000000093,42,7
2026-04-11,1000000064,1000000094,7,30
2026-04-11,1000000064,1000000108,5,32
2026-04-11,1000000064,1000000110,3,36
2026-04-11,1000000064,1000000111,12,23
2026-04-11,1000000064,1000000112,1,40
2026-04-11,1000000064,1000000113,8,28
2026-04-11,1000000064,1000000121,32,11
2026-04-11,1000000064,1000000127,136,2
2026-04-11,1000000064,1000000128,29,12
2026-04-11,1000000064,1000000142,11,26
2026-04-11,1000000064,1000000143,8,29
2026-04-11,1000000064,1000000144,15,21
2026-04-11,1000000065,1000000027,2,17
2026-04-11,1000000065,1000000033,3,13
2026-04-11,1000000065,1000000035,5,9
2026-04-11,1000000065,1000000042,10,3
2026-04-11,1000000065,1000000043,10,4
2026-04-11,1000000065,1000000044,7,7
2026-04-11,1000000065,1000000045,9,5
2026-04-11,1000000065,1000000062,9,6
2026-04-11,1000000065,1000000063,4,11
2026-04-11,1000000065,1000000064,22,1
2026-04-11,1000000065,1000000066,13,2
2026-04-11,1000000065,1000000069,4,12
2026-04-11,1000000065,1000000071,1,22
2026-04-11,1000000065,1000000083,2,18
2026-04-11,1000000065,1000000084,1,23
2026-04-11,1000000065,1000000085,2,19
2026-04-11,1000000065,1000000087,1,24
2026-04-11,1000000065,1000000110,1,25
2026-04-11,1000000065,1000000111,3,14
2026-04-11,1000000065,1000000112,1,26
2026-04-11,1000000065,1000000121,5,10
2026-04-11,1000000065,1000000127,2,20
2026-04-11,1000000065,1000000128,7,8
2026-04-11,1000000065,1000000142,2,21
2026-04-11,1000000065,1000000143,3,15
2026-04-11,1000000065,1000000144,3,16
2026-04-11,1000000066,1000000027,1,20
2026-04-11,1000000066,1000000033,1,21
2026-04-11,1000000066,1000000035,8,9
2026-04-11,1000000066,1000000042,8,10
2026-04-11,1000000066,1000000043,17,2
2026-04-11,1000000066,1000000044,13,4
2026-04-11,1000000066,1000000045,16,3
2026-04-11,1000000066,1000000062,4,14
2026-04-11,1000000066,1000000063,12,6
2026-04-11,1000000066,1000000064,41,1
2026-04-11,1000000066,1000000065,13,5
2026-04-11,1000000066,1000000069,10,7
2026-04-11,1000000066,1000000070,4,15
2026-04-11,1000000066,1000000072,1,22
2026-04-11,1000000066,1000000083,1,23
2026-04-11,1000000066,1000000084,2,17
2026-04-11,1000000066,1000000087,4,16
2026-04-11,1000000066,1000000088,1,24
2026-04-11,1000000066,1000000090,1,25
2026-04-11,1000000066,1000000093,2,18
2026-04-11,1000000066,1000000112,1,26
2026-04-11,1000000066,1000000121,5,12
2026-04-11,1000000066,1000000127,6,11
2026-04-11,1000000066,1000000128,10,8
2026-04-11,1000000066,1000000142,1,27
2026-04-11,1000000066,1000000143,2,19
2026-04-11,1000000066,1000000144,5,13
2026-04-11,1000000069,1000000027,1,22
2026-04-11,1000000069,1000000028,2,16
2026-04-11,1000000069,1000000035,3,14
2026-04-11,1000000069,1000000042,11,5
2026-04-11,1000000069,1000000043,18,3
2026-04-11,1000000069,1000000044,17,4
2026-04-11,1000000069,1000000045,27,2
2026-04-11,1000000069,1000000062,7,10
2026-04-11,1000000069,1000000063,10,6
2026-04-11,1000000069,1000000064,58,1
2026-04-11,1000000069,1000000065,4,13
2026-04-11,1000000069,1000000066,10,7
2026-04-11,1000000069,1000000070,1,23
2026-04-11,1000000069,1000000071,2,17
2026-04-11,1000000069,1000000083,6,11
2026-04-11,1000000069,1000000085,1,24
2026-04-11,1000000069,1000000087,1,25
2026-04-11,1000000069,1000000089,1,26
2026-04-11,1000000069,1000000090,1,27
2026-04-11,1000000069,1000000091,2,18
2026-04-11,1000000069,1000000092,2,19
2026-04-11,1000000069,1000000093,2,20
2026-04-11,1000000069,1000000094,1,28
2026-04-11,1000000069,1000000121,8,9
2026-04-11,1000000069,1000000127,9,8
2026-04-11,1000000069,1000000128,3,15
2026-04-11,1000000069,1000000142,2,21
2026-04-11,1000000069,1000000143,1,29
2026-04-11,1000000069,1000000144,5,12
2026-04-11,1000000070,1000000027,3,6
2026-04-11,1000000070,1000000028,2,9
2026-04-11,1000000070,1000000033,1,13
2026-04-11,1000000070,1000000042,2,10
2026-04-11,1000000070,1000000043,6,1
2026-04-11,1000000070,1000000044,2,11
2026-04-11,1000000070,1000000045,4,3
2026-04-11,1000000070,1000000062,1,14
2026-04-11,1000000070,1000000063,3,7
2026-04-11,1000000070,1000000064,4,4
2026-04-11,1000000070,1000000066,4,5
2026-04-11,1000000070,1000000069,1,15
2026-04-11,1000000070,1000000071,5,2
2026-04-11,1000000070,1000000072,3,8
2026-04-11,1000000070,1000000083,1,16
2026-04-11,1000000070,1000000110,1,17
2026-04-11,1000000070,1000000121,2,12
2026-04-11,1000000070,1000000128,1,18
2026-04-11,1000000071,1000000027,4,7
2026-04-11,1000000071,1000000028,3,10
2026-04-11,1000000071,1000000033,1,16
2026-04-11,1000000071,1000000035,1,17
2026-04-11,1000000071,1000000042,10,2
2026-04-11,1000000071,1000000043,7,3
2026-04-11,1000000071,1000000044,6,4
2026-04-11,1000000071,1000000045,5,5
2026-04-11,1000000071,1000000062,3,11
2026-04-11,1000000071,1000000063,2,12
2026-04-11,1000000071,1000000064,11,1
2026-04-11,1000000071,1000000065,1,18
2026-04-11,1000000071,1000000069,2,13
2026-04-11,1000000071,1000000070,5,6
2026-04-11,1000000071,1000000072,2,14
2026-04-11,1000000071,1000000083,4,8
2026-04-11,1000000071,1000000087,1,19
2026-04-11,1000000071,1000000088,1,20
2026-04-11,1000000071,1000000113,2,15
2026-04-11,1000000071,1000000127,4,9
2026-04-11,1000000071,1000000128,1,21
2026-04-11,1000000071,1000000142,1,22
2026-04-11,1000000072,1000000028,1,8
2026-04-11,1000000072,1000000042,2,5
2026-04-11,1000000072,1000000043,1,9
2026-04-11,1000000072,1000000044,3,1
2026-04-11,1000000072,1000000045,3,2
2026-04-11,1000000072,1000000062,1,10
2026-04-11,1000000072,1000000063,1,11
2026-04-11,1000000072,1000000064,3,3
2026-04-11,1000000072,1000000066,1,12
2026-04-11,1000000072,1000000070,3,4
2026-04-11,1000000072,1000000071,2,6
2026-04-11,1000000072,1000000083,1,13
2026-04-11,1000000072,1000000127,2,7
2026-04-11,1000000074,1000000042,1,1
2026-04-11,1000000074,1000000043,1,2
2026-04-11,1000000074,1000000062,1,3
2026-04-11,1000000074,1000000064,1,4
2026-04-11,1000000074,1000000091,1,5
2026-04-11,1000000083,1000000027,1,23
2026-04-11,1000000083,1000000028,2,14
2026-04-11,1000000083,1000000033,7,8
2026-04-11,1000000083,1000000035,8,7
2026-04-11,1000000083,1000000042,16,2
2026-04-11,1000000083,1000000043,9,6
2026-04-11,1000000083,1000000044,2,15
2026-04-11,1000000083,1000000045,12,3
2026-04-11,1000000083,1000000062,12,4
2026-04-11,1000000083,1000000063,7,9
2026-04-11,1000000083,1000000064,17,1
2026-04-11,1000000083,1000000065,2,16
2026-04-11,1000000083,1000000066,1,24
2026-04-11,1000000083,1000000069,6,11
2026-04-11,1000000083,1000000070,1,25
2026-04-11,1000000083,1000000071,4,12
2026-04-11,1000000083,1000000072,1,26
2026-04-11,1000000083,1000000085,1,27
2026-04-11,1000000083,1000000087,2,17
2026-04-11,1000000083,1000000088,2,18
2026-04-11,1000000083,1000000089,1,28
2026-04-11,1000000083,1000000090,2,19
2026-04-11,1000000083,1000000091,1,29
2026-04-11,1000000083,1000000093,2,20
2026-04-11,1000000083,1000000094,2,21
2026-04-11,1000000083,1000000108,3,13
2026-04-11,1000000083,1000000110,1,30
2026-04-11,1000000083,1000000112,1,31
2026-04-11,1000000083,1000000113,1,32
2026-04-11,1000000083,1000000121,7,10
2026-04-11,1000000083,1000000127,11,5
2026-04-11,1000000083,1000000128,2,22
2026-04-11,1000000083,1000000142,1,33
2026-04-11,1000000084,1000000042,2,13
2026-04-11,1000000084,1000000043,1,17
2026-04-11,1000000084,1000000045,1,18
2026-04-11,1000000084,1000000062,5,6
2026-04-11,1000000084,1000000063,3,11
2026-04-11,1000000084,1000000064,10,3
2026-04-11,1000000084,1000000065,1,19
2026-04-11,1000000084,1000000066,2,14
2026-04-11,1000000084,1000000085,15,1
2026-04-11,1000000084,1000000086,4,8
2026-04-11,1000000084,1000000087,15,2
2026-04-11,1000000084,1000000088,6,5
2026-04-11,1000000084,1000000090,10,4
2026-04-11,1000000084,1000000091,2,15
2026-04-11,1000000084,1000000092,2,16
2026-04-11,1000000084,1000000093,5,7
2026-04-11,1000000084,1000000094,1,20
2026-04-11,1000000084,1000000108,3,12
2026-04-11,1000000084,1000000110,4,9
2026-04-11,1000000084,1000000111,4,10
2026-04-11,1000000084,1000000113,1,21
2026-04-11,1000000084,1000000127,1,22
2026-04-11,1000000084,1000000128,1,23
2026-04-11,1000000084,1000000142,1,24
2026-04-11,1000000084,1000000143,1,25
2026-04-11,1000000085,1000000027,1,23
2026-04-11,1000000085,1000000033,1,24
2026-04-11,1000000085,1000000042,3,14
2026-04-11,1000000085,1000000043,2,17
2026-04-11,1000000085,1000000045,4,12
2026-04-11,1000000085,1000000062,3,15
2026-04-11,1000000085,1000000063,4,13
2026-04-11,1000000085,1000000064,16,1
2026-04-11,1000000085,1000000065,2,18
2026-04-11,1000000085,1000000069,1,25
2026-04-11,1000000085,1000000083,1,26
2026-04-11,1000000085,1000000084,15,2
2026-04-11,1000000085,1000000086,8,6
2026-04-11,1000000085,1000000087,8,7
2026-04-11,1000000085,1000000088,9,4
2026-04-11,1000000085,1000000089,2,19
2026-04-11,1000000085,1000000090,12,3
2026-04-11,1000000085,1000000091,9,5
2026-04-11,1000000085,1000000092,7,8
2026-04-11,1000000085,1000000093,6,9
2026-04-11,1000000085,1000000094,2,20
2026-04-11,1000000085,1000000095,1,27
2026-04-11,1000000085,1000000108,5,10
2026-04-11,1000000085,1000000110,1,28
2026-04-11,1000000085,1000000111,3,16
2026-04-11,1000000085,1000000112,1,29
2026-04-11,1000000085,1000000113,1,30
2026-04-11,1000000085,1000000121,2,21
2026-04-11,1000000085,1000000127,1,31
2026-04-11,1000000085,1000000128,1,32
2026-04-11,1000000085,1000000142,5,11
2026-04-11,1000000085,1000000144,2,22
2026-04-11,1000000086,1000000035,1,15
2026-04-11,1000000086,1000000042,3,7
2026-04-11,1000000086,1000000043,2,11
2026-04-11,1000000086,1000000044,1,16
2026-04-11,1000000086,1000000045,3,8
2026-04-11,1000000086,1000000062,1,17
2026-04-11,1000000086,1000000063,2,12
2026-04-11,1000000086,1000000064,11,1
2026-04-11,1000000086,1000000084,4,6
2026-04-11,1000000086,1000000085,8,3
2026-04-11,1000000086,1000000087,5,4
2026-04-11,1000000086,1000000088,11,2
2026-04-11,1000000086,1000000089,3,9
2026-04-11,1000000086,1000000090,2,13
2026-04-11,1000000086,1000000091,5,5
2026-04-11,1000000086,1000000092,3,10
2026-04-11,1000000086,1000000093,1,18
2026-04-11,1000000086,1000000094,2,14
2026-04-11,1000000086,1000000108,1,19
2026-04-11,1000000086,1000000111,1,20
2026-04-11,1000000086,1000000112,1,21
2026-04-11,1000000086,1000000127,1,22
2026-04-11,1000000086,1000000128,1,23
2026-04-11,1000000086,1000000143,1,24
2026-04-11,1000000086,1000000144,1,25
2026-04-11,1000000087,1000000028,1,28
2026-04-11,1000000087,1000000033,2,19
2026-04-11,1000000087,1000000035,2,20
2026-04-11,1000000087,1000000042,3,16
2026-04-11,1000000087,1000000043,8,6
2026-04-11,1000000087,1000000044,1,29
2026-04-11,1000000087,1000000045,2,21
2026-04-11,1000000087,1000000062,2,22
2026-04-11,1000000087,1000000063,4,11
2026-04-11,1000000087,1000000064,20,1
2026-04-11,1000000087,1000000065,1,30
2026-04-11,1000000087,1000000066,4,12
2026-04-11,1000000087,1000000069,1,31
2026-04-11,1000000087,1000000071,1,32
2026-04-11,1000000087,1000000083,2,23
2026-04-11,1000000087,1000000084,15,2
2026-04-11,1000000087,1000000085,8,7
2026-04-11,1000000087,1000000086,5,9
2026-04-11,1000000087,1000000088,12,3
2026-04-11,1000000087,1000000089,2,24
2026-04-11,1000000087,1000000090,9,5
2026-04-11,1000000087,1000000091,11,4
2026-04-11,1000000087,1000000092,4,13
2026-04-11,1000000087,1000000093,4,14
2026-04-11,1000000087,1000000094,1,33
2026-04-11,1000000087,1000000108,4,15
2026-04-11,1000000087,1000000110,2,25
2026-04-11,1000000087,1000000111,5,10
2026-04-11,1000000087,1000000112,1,34
2026-04-11,1000000087,1000000113,3,17
2026-04-11,1000000087,1000000121,6,8
2026-04-11,1000000087,1000000127,3,18
2026-04-11,1000000087,1000000128,2,26
2026-04-11,1000000087,1000000142,1,35
2026-04-11,1000000087,1000000143,1,36
2026-04-11,1000000087,1000000144,2,27
2026-04-11,1000000088,1000000035,5,8
2026-04-11,1000000088,1000000042,2,17
2026-04-11,1000000088,1000000043,4,10
2026-04-11,1000000088,1000000045,5,9
2026-04-11,1000000088,1000000062,3,13
2026-04-11,1000000088,1000000063,3,14
2026-04-11,1000000088,1000000064,20,1
2026-04-11,1000000088,1000000066,1,22
2026-04-11,1000000088,1000000071,1,23
2026-04-11,1000000088,1000000083,2,18
2026-04-11,1000000088,1000000084,6,6
2026-04-11,1000000088,1000000085,9,4
2026-04-11,1000000088,1000000086,11,3
2026-04-11,1000000088,1000000087,12,2
2026-04-11,1000000088,1000000089,4,11
2026-04-11,1000000088,1000000090,4,12
2026-04-11,1000000088,1000000091,9,5
2026-04-11,1000000088,1000000092,6,7
2026-04-11,1000000088,1000000093,2,19
2026-04-11,1000000088,1000000094,1,24
2026-04-11,1000000088,1000000110,1,25
2026-04-11,1000000088,1000000111,2,20
2026-04-11,1000000088,1000000112,2,21
2026-04-11,1000000088,1000000113,1,26
2026-04-11,1000000088,1000000121,3,15
2026-04-11,1000000088,1000000127,3,16
2026-04-11,1000000088,1000000128,1,27
2026-04-11,1000000088,1000000144,1,28
2026-04-11,1000000089,1000000045,1,8
2026-04-11,1000000089,1000000062,1,9
2026-04-11,1000000089,1000000063,1,10
2026-04-11,1000000089,1000000064,2,3
2026-04-11,1000000089,1000000069,1,11
2026-04-11,1000000089,1000000083,1,12
2026-04-11,1000000089,1000000085,2,4
2026-04-11,1000000089,1000000086,3,2
2026-04-11,1000000089,1000000087,2,5
2026-04-11,1000000089,1000000088,4,1
2026-04-11,1000000089,1000000091,1,13
2026-04-11,1000000089,1000000121,2,6
2026-04-11,1000000089,1000000127,1,14
2026-04-11,1000000089,1000000128,1,15
2026-04-11,1000000089,1000000144,2,7
2026-04-11,1000000090,1000000042,2,14
2026-04-11,1000000090,1000000043,3,12
2026-04-11,1000000090,1000000045,1,17
2026-04-11,1000000090,1000000062,1,18
2026-04-11,1000000090,1000000063,3,13
2026-04-11,1000000090,1000000064,14,2
2026-04-11,1000000090,1000000066,1,19
2026-04-11,1000000090,1000000069,1,20
2026-04-11,1000000090,1000000083,2,15
2026-04-11,1000000090,1000000084,10,4
2026-04-11,1000000090,1000000085,12,3
2026-04-11,1000000090,1000000086,2,16
2026-04-11,1000000090,1000000087,9,6
2026-04-11,1000000090,1000000088,4,9
2026-04-11,1000000090,1000000091,20,1
2026-04-11,1000000090,1000000092,6,8
2026-04-11,1000000090,1000000093,10,5
2026-04-11,1000000090,1000000094,4,10
2026-04-11,1000000090,1000000095,1,21
2026-04-11,1000000090,1000000108,9,7
2026-04-11,1000000090,1000000111,4,11
2026-04-11,1000000090,1000000112,1,22
2026-04-11,1000000090,1000000121,1,23
2026-04-11,1000000090,1000000127,1,24
2026-04-11,1000000090,1000000128,1,25
2026-04-11,1000000090,1000000144,1,26
2026-04-11,1000000091,1000000043,2,15
2026-04-11,1000000091,1000000045,3,13
2026-04-11,1000000091,1000000062,2,16
2026-04-11,1000000091,1000000063,1,21
2026-04-11,1000000091,1000000064,22,1
2026-04-11,1000000091,1000000069,2,17
2026-04-11,1000000091,1000000074,1,22
2026-04-11,1000000091,1000000083,1,23
2026-04-11,1000000091,1000000084,2,18
2026-04-11,1000000091,1000000085,9,5
2026-04-11,1000000091,1000000086,5,9
2026-04-11,1000000091,1000000087,11,4
2026-04-11,1000000091,1000000088,9,6
2026-04-11,1000000091,1000000089,1,24
2026-04-11,1000000091,1000000090,20,2
2026-04-11,1000000091,1000000092,12,3
2026-04-11,1000000091,1000000093,9,7
2026-04-11,1000000091,1000000094,6,8
2026-04-11,1000000091,1000000108,4,11
2026-04-11,1000000091,1000000110,2,19
2026-04-11,1000000091,1000000111,5,10
2026-04-11,1000000091,1000000112,2,20
2026-04-11,1000000091,1000000113,3,14
2026-04-11,1000000091,1000000127,4,12
2026-04-11,1000000091,1000000144,1,25
2026-04-11,1000000092,1000000035,1,16
2026-04-11,1000000092,1000000043,1,17
2026-04-11,1000000092,1000000044,1,18
2026-04-11,1000000092,1000000045,2,11
2026-04-11,1000000092,1000000062,1,19
2026-04-11,1000000092,1000000063,1,20
2026-04-11,1000000092,1000000064,16,1
2026-04-11,1000000092,1000000069,2,12
2026-04-11,1000000092,1000000084,2,13
2026-04-11,1000000092,1000000085,7,3
2026-04-11,1000000092,1000000086,3,9
2026-04-11,1000000092,1000000087,4,6
2026-04-11,1000000092,1000000088,6,4
2026-04-11,1000000092,1000000090,6,5
2026-04-11,1000000092,1000000091,12,2
2026-04-11,1000000092,1000000093,4,7
2026-04-11,1000000092,1000000108,2,14
2026-04-11,1000000092,1000000111,4,8
2026-04-11,1000000092,1000000112,3,10
2026-04-11,1000000092,1000000113,1,21
2026-04-11,1000000092,1000000127,2,15
2026-04-11,1000000093,1000000035,4,11
2026-04-11,1000000093,1000000042,1,25
2026-04-11,1000000093,1000000043,2,15
2026-04-11,1000000093,1000000044,3,14
2026-04-11,1000000093,1000000045,5,8
2026-04-11,1000000093,1000000062,2,16
2026-04-11,1000000093,1000000063,2,17
2026-04-11,1000000093,1000000064,42,1
2026-04-11,1000000093,1000000066,2,18
2026-04-11,1000000093,1000000069,2,19
2026-04-11,1000000093,1000000083,2,20
2026-04-11,1000000093,1000000084,5,9
2026-04-11,1000000093,1000000085,6,7
2026-04-11,1000000093,1000000086,1,26
2026-04-11,1000000093,1000000087,4,12
2026-04-11,1000000093,1000000088,2,21
2026-04-11,1000000093,1000000090,10,4
2026-04-11,1000000093,1000000091,9,5
2026-04-11,1000000093,1000000092,4,13
2026-04-11,1000000093,1000000094,5,10
2026-04-11,1000000093,1000000108,13,2
2026-04-11,1000000093,1000000110,1,27
2026-04-11,1000000093,1000000111,11,3
2026-04-11,1000000093,1000000112,2,22
2026-04-11,1000000093,1000000113,2,23
2026-04-11,1000000093,1000000121,1,28
2026-04-11,1000000093,1000000127,7,6
2026-04-11,1000000093,1000000128,1,29
2026-04-11,1000000093,1000000144,2,24
2026-04-11,1000000094,1000000035,1,14
2026-04-11,1000000094,1000000042,3,8
2026-04-11,1000000094,1000000043,1,15
2026-04-11,1000000094,1000000044,1,16
2026-04-11,1000000094,1000000045,3,9
2026-04-11,1000000094,1000000062,1,17
2026-04-11,1000000094,1000000063,1,18
2026-04-11,1000000094,1000000064,7,1
2026-04-11,1000000094,1000000069,1,19
2026-04-11,1000000094,1000000083,2,11
2026-04-11,1000000094,1000000084,1,20
2026-04-11,1000000094,1000000085,2,12
2026-04-11,1000000094,1000000086,2,13
2026-04-11,1000000094,1000000087,1,21
2026-04-11,1000000094,1000000088,1,22
2026-04-11,1000000094,1000000090,4,4
2026-04-11,1000000094,1000000091,6,2
2026-04-11,1000000094,1000000093,5,3
2026-04-11,1000000094,1000000095,1,23
2026-04-11,1000000094,1000000108,4,5
2026-04-11,1000000094,1000000110,4,6
2026-04-11,1000000094,1000000111,4,7
2026-04-11,1000000094,1000000112,3,10
2026-04-11,1000000094,1000000113,1,24
2026-04-11,1000000094,1000000121,1,25
2026-04-11,1000000094,1000000142,1,26
2026-04-11,1000000094,1000000143,1,27
2026-04-11,1000000094,1000000144,1,28
2026-04-11,1000000095,1000000085,1,2
2026-04-11,1000000095,1000000090,1,3
2026-04-11,1000000095,1000000094,1,4
2026-04-11,1000000095,1000000144,2,1
2026-04-11,1000000108,1000000035,1,14
2026-04-11,1000000108,1000000045,5,3
2026-04-11,1000000108,1000000062,1,15
2026-04-11,1000000108,1000000063,1,16
2026-04-11,1000000108,1000000064,5,4
2026-04-11,1000000108,1000000083,3,9
2026-04-11,1000000108,1000000084,3,10
2026-04-11,1000000108,1000000085,5,5
2026-04-11,1000000108,1000000086,1,17
2026-04-11,1000000108,1000000087,4,6
2026-04-11,1000000108,1000000090,9,2
2026-04-11,1000000108,1000000091,4,7
2026-04-11,1000000108,1000000092,2,11
2026-04-11,1000000108,1000000093,13,1
2026-04-11,1000000108,1000000094,4,8
2026-04-11,1000000108,1000000110,2,12
2026-04-11,1000000108,1000000112,2,13
2026-04-11,1000000108,1000000113,1,18
2026-04-11,1000000108,1000000127,1,19
2026-04-11,1000000108,1000000142,1,20
2026-04-11,1000000108,1000000144,1,21
2026-04-11,1000000110,1000000027,1,11
2026-04-11,1000000110,1000000042,1,12
2026-04-11,1000000110,1000000044,2,6
2026-04-11,1000000110,1000000045,1,13
2026-04-11,1000000110,1000000063,2,7
2026-04-11,1000000110,1000000064,3,5
2026-04-11,1000000110,1000000065,1,14
2026-04-11,1000000110,1000000070,1,15
2026-04-11,1000000110,1000000083,1,16
2026-04-11,1000000110,1000000084,4,1
2026-04-11,1000000110,1000000085,1,17
2026-04-11,1000000110,1000000087,2,8
2026-04-11,1000000110,1000000088,1,18
2026-04-11,1000000110,1000000091,2,9
2026-04-11,1000000110,1000000093,1,19
2026-04-11,1000000110,1000000094,4,2
2026-04-11,1000000110,1000000108,2,10
2026-04-11,1000000110,1000000111,4,3
2026-04-11,1000000110,1000000112,4,4
2026-04-11,1000000110,1000000128,1,20
2026-04-11,1000000110,1000000142,1,21
2026-04-11,1000000110,1000000143,1,22
2026-04-11,1000000111,1000000035,1,21
2026-04-11,1000000111,1000000042,1,22
2026-04-11,1000000111,1000000043,2,18
2026-04-11,1000000111,1000000044,1,23
2026-04-11,1000000111,1000000045,3,13
2026-04-11,1000000111,1000000062,7,4
2026-04-11,1000000111,1000000063,8,3
2026-04-11,1000000111,1000000064,12,1
2026-04-11,1000000111,1000000065,3,14
2026-04-11,1000000111,1000000084,4,8
2026-04-11,1000000111,1000000085,3,15
2026-04-11,1000000111,1000000086,1,24
2026-04-11,1000000111,1000000087,5,5
2026-04-11,1000000111,1000000088,2,19
2026-04-11,1000000111,1000000090,4,9
2026-04-11,1000000111,1000000091,5,6
2026-04-11,1000000111,1000000092,4,10
2026-04-11,1000000111,1000000093,11,2
2026-04-11,1000000111,1000000094,4,11
2026-04-11,1000000111,1000000110,4,12
2026-04-11,1000000111,1000000112,2,20
2026-04-11,1000000111,1000000113,3,16
2026-04-11,1000000111,1000000121,1,25
2026-04-11,1000000111,1000000127,5,7
2026-04-11,1000000111,1000000144,3,17
2026-04-11,1000000112,1000000027,1,13
2026-04-11,1000000112,1000000035,1,14
2026-04-11,1000000112,1000000042,2,7
2026-04-11,1000000112,1000000043,3,4
2026-04-11,1000000112,1000000045,4,2
2026-04-11,1000000112,1000000063,1,15
2026-04-11,1000000112,1000000064,1,16
2026-04-11,1000000112,1000000065,1,17
2026-04-11,1000000112,1000000066,1,18
2026-04-11,1000000112,1000000083,1,19
2026-04-11,1000000112,1000000085,1,20
2026-04-11,1000000112,1000000086,1,21
2026-04-11,1000000112,1000000087,1,22
2026-04-11,1000000112,1000000088,2,8
2026-04-11,1000000112,1000000090,1,23
2026-04-11,1000000112,1000000091,2,9
2026-04-11,1000000112,1000000092,3,5
2026-04-11,1000000112,1000000093,2,10
2026-04-11,1000000112,1000000094,3,6
2026-04-11,1000000112,1000000108,2,11
2026-04-11,1000000112,1000000110,4,3
2026-04-11,1000000112,1000000111,2,12
2026-04-11,1000000112,1000000113,5,1
2026-04-11,1000000112,1000000121,1,24
2026-04-11,1000000112,1000000127,1,25
2026-04-11,1000000112,1000000144,1,26
2026-04-11,1000000113,1000000028,1,11
2026-04-11,1000000113,1000000033,1,12
2026-04-11,1000000113,1000000042,1,13
2026-04-11,1000000113,1000000043,2,8
2026-04-11,1000000113,1000000045,3,4
2026-04-11,1000000113,1000000062,1,14
2026-04-11,1000000113,1000000063,4,3
2026-04-11,1000000113,1000000064,8,1
2026-04-11,1000000113,1000000071,2,9
2026-04-11,1000000113,1000000083,1,15
2026-04-11,1000000113,1000000084,1,16
2026-04-11,1000000113,1000000085,1,17
2026-04-11,1000000113,1000000087,3,5
2026-04-11,1000000113,1000000088,1,18
2026-04-11,1000000113,1000000091,3,6
2026-04-11,1000000113,1000000092,1,19
2026-04-11,1000000113,1000000093,2,10
2026-04-11,1000000113,1000000094,1,20
2026-04-11,1000000113,1000000108,1,21
2026-04-11,1000000113,1000000111,3,7
2026-04-11,1000000113,1000000112,5,2
2026-04-11,1000000113,1000000121,1,22
2026-04-11,1000000113,1000000128,1,23
2026-04-11,1000000121,1000000028,1,24
2026-04-11,1000000121,1000000033,5,13
2026-04-11,1000000121,1000000035,14,5
2026-04-11,1000000121,1000000042,21,2
2026-04-11,1000000121,1000000043,20,4
2026-04-11,1000000121,1000000044,13,6
2026-04-11,1000000121,1000000045,21,3
2026-04-11,1000000121,1000000062,6,11
2026-04-11,1000000121,1000000063,11,7
2026-04-11,1000000121,1000000064,32,1
2026-04-11,1000000121,1000000065,5,14
2026-04-11,1000000121,1000000066,5,15
2026-04-11,1000000121,1000000069,8,8
2026-04-11,1000000121,1000000070,2,19
2026-04-11,1000000121,1000000083,7,9
2026-04-11,1000000121,1000000085,2,20
2026-04-11,1000000121,1000000087,6,12
2026-04-11,1000000121,1000000088,3,17
2026-04-11,1000000121,1000000089,2,21
2026-04-11,1000000121,1000000090,1,25
2026-04-11,1000000121,1000000093,1,26
2026-04-11,1000000121,1000000094,1,27
2026-04-11,1000000121,1000000111,1,28
2026-04-11,1000000121,1000000112,1,29
2026-04-11,1000000121,1000000113,1,30
2026-04-11,1000000121,1000000127,7,10
2026-04-11,1000000121,1000000128,4,16
2026-04-11,1000000121,1000000142,2,22
2026-04-11,1000000121,1000000143,3,18
2026-04-11,1000000121,1000000144,2,23
2026-04-11,1000000127,1000000033,4,17
2026-04-11,1000000127,1000000035,5,15
2026-04-11,1000000127,1000000042,20,7
2026-04-11,1000000127,1000000043,24,6
2026-04-11,1000000127,1000000044,25,5
2026-04-11,1000000127,1000000045,33,4
2026-04-11,1000000127,1000000062,61,3
2026-04-11,1000000127,1000000063,85,2
2026-04-11,1000000127,1000000064,136,1
2026-04-11,1000000127,1000000065,2,23
2026-04-11,1000000127,1000000066,6,13
2026-04-11,1000000127,1000000069,9,9
2026-04-11,1000000127,1000000071,4,18
2026-04-11,1000000127,1000000072,2,24
2026-04-11,1000000127,1000000083,11,8
2026-04-11,1000000127,1000000084,1,26
2026-04-11,1000000127,1000000085,1,27
2026-04-11,1000000127,1000000086,1,28
2026-04-11,1000000127,1000000087,3,20
2026-04-11,1000000127,1000000088,3,21
2026-04-11,1000000127,1000000089,1,29
2026-04-11,1000000127,1000000090,1,30
2026-04-11,1000000127,1000000091,4,19
2026-04-11,1000000127,1000000092,2,25
2026-04-11,1000000127,1000000093,7,10
2026-04-11,1000000127,1000000108,1,31
2026-04-11,1000000127,1000000111,5,16
2026-04-11,1000000127,1000000112,1,32
2026-04-11,1000000127,1000000121,7,11
2026-04-11,1000000127,1000000128,7,12
2026-04-11,1000000127,1000000142,6,14
2026-04-11,1000000127,1000000144,3,22
2026-04-11,1000000128,1000000027,2,15
2026-04-11,1000000128,1000000033,1,19
2026-04-11,1000000128,1000000035,2,16
2026-04-11,1000000128,1000000042,6,8
2026-04-11,1000000128,1000000043,8,4
2026-04-11,1000000128,1000000044,6,9
2026-04-11,1000000128,1000000045,14,2
2026-04-11,1000000128,1000000062,6,10
2026-04-11,1000000128,1000000063,8,5
2026-04-11,1000000128,1000000064,29,1
2026-04-11,1000000128,1000000065,7,6
2026-04-11,1000000128,1000000066,10,3
2026-04-11,1000000128,1000000069,3,13
2026-04-11,1000000128,1000000070,1,20
2026-04-11,1000000128,1000000071,1,21
2026-04-11,1000000128,1000000083,2,17
2026-04-11,1000000128,1000000084,1,22
2026-04-11,1000000128,1000000085,1,23
2026-04-11,1000000128,1000000086,1,24
2026-04-11,1000000128,1000000087,2,18
2026-04-11,1000000128,1000000088,1,25
2026-04-11,1000000128,1000000089,1,26
2026-04-11,1000000128,1000000090,1,27
2026-04-11,1000000128,1000000093,1,28
2026-04-11,1000000128,1000000110,1,29
2026-04-11,1000000128,1000000113,1,30
2026-04-11,1000000128,1000000121,4,12
2026-04-11,1000000128,1000000127,7,7
2026-04-11,1000000128,1000000142,3,14
2026-04-11,1000000128,1000000143,1,31
2026-04-11,1000000128,1000000144,5,11
2026-04-11,1000000142,1000000033,1,16
2026-04-11,1000000142,1000000035,1,17
2026-04-11,1000000142,1000000042,7,2
2026-04-11,1000000142,1000000043,3,7
2026-04-11,1000000142,1000000044,3,8
2026-04-11,1000000142,1000000045,6,3
2026-04-11,1000000142,1000000062,3,9
2026-04-11,1000000142,1000000063,2,11
2026-04-11,1000000142,1000000064,11,1
2026-04-11,1000000142,1000000065,2,12
2026-04-11,1000000142,1000000066,1,18
2026-04-11,1000000142,1000000069,2,13
2026-04-11,1000000142,1000000071,1,19
2026-04-11,1000000142,1000000083,1,20
2026-04-11,1000000142,1000000084,1,21
2026-04-11,1000000142,1000000085,5,5
2026-04-11,1000000142,1000000087,1,22
2026-04-11,1000000142,1000000094,1,23
2026-04-11,1000000142,1000000108,1,24
2026-04-11,1000000142,1000000110,1,25
2026-04-11,1000000142,1000000121,2,14
2026-04-11,1000000142,1000000127,6,4
2026-04-11,1000000142,1000000128,3,10
2026-04-11,1000000142,1000000143,2,15
2026-04-11,1000000142,1000000144,5,6
2026-04-11,1000000143,1000000042,4,4
2026-04-11,1000000143,1000000043,7,2
2026-04-11,1000000143,1000000044,2,8
2026-04-11,1000000143,1000000045,5,3
2026-04-11,1000000143,1000000062,3,5
2026-04-11,1000000143,1000000063,1,12
2026-04-11,1000000143,1000000064,8,1
2026-04-11,1000000143,1000000065,3,6
2026-04-11,1000000143,1000000066,2,9
2026-04-11,1000000143,1000000069,1,13
2026-04-11,1000000143,1000000084,1,14
2026-04-11,1000000143,1000000086,1,15
2026-04-11,1000000143,1000000087,1,16
2026-04-11,1000000143,1000000094,1,17
2026-04-11,1000000143,1000000110,1,18
2026-04-11,1000000143,1000000121,3,7
2026-04-11,1000000143,1000000128,1,19
2026-04-11,1000000143,1000000142,2,10
2026-04-11,1000000143,1000000144,2,11
2026-04-11,1000000144,1000000027,1,23
2026-04-11,1000000144,1000000033,2,13
2026-04-11,1000000144,1000000035,1,24
2026-04-11,1000000144,1000000042,3,9
2026-04-11,1000000144,1000000043,4,6
2026-04-11,1000000144,1000000044,4,7
2026-04-11,1000000144,1000000045,4,8
2026-04-11,1000000144,1000000062,2,14
2026-04-11,1000000144,1000000063,2,15
2026-04-11,1000000144,1000000064,15,1
2026-04-11,1000000144,1000000065,3,10
2026-04-11,1000000144,1000000066,5,2
2026-04-11,1000000144,1000000069,5,3
2026-04-11,1000000144,1000000085,2,16
2026-04-11,1000000144,1000000086,1,25
2026-04-11,1000000144,1000000087,2,17
2026-04-11,1000000144,1000000088,1,26
2026-04-11,1000000144,1000000089,2,18
2026-04-11,1000000144,1000000090,1,27
2026-04-11,1000000144,1000000091,1,28
2026-04-11,1000000144,1000000093,2,19
2026-04-11,1000000144,1000000094,1,29
2026-04-11,1000000144,1000000095,2,20
2026-04-11,1000000144,1000000108,1,30
2026-04-11,1000000144,1000000111,3,11
2026-04-11,1000000144,1000000112,1,31
2026-04-11,1000000144,1000000121,2,21
2026-04-11,1000000144,1000000127,3,12
2026-04-11,1000000144,1000000128,5,4
2026-04-11,1000000144,1000000142,5,5
2026-04-11,1000000144,1000000143,2,22
2026-04-11,1000000153,1000000154,4,2
2026-04-11,1000000153,1000000156,18,1
2026-04-11,1000000154,1000000153,4,1
2026-04-11,1000000154,1000000156,1,2
2026-04-11,1000000156,1000000153,18,1
2026-04-11,1000000156,1000000154,1,2
2026-04-12,1000000027,1000000028,2,8
2026-04-12,1000000027,1000000033,2,9
2026-04-12,1000000027,1000000035,3,4
2026-04-12,1000000027,1000000042,6,1
2026-04-12,1000000027,1000000043,5,2
2026-04-12,1000000027,1000000044,2,10
2026-04-12,1000000027,1000000045,3,5
2026-04-12,1000000027,1000000062,1,13
2026-04-12,1000000027,1000000063,1,14
2026-04-12,1000000027,1000000064,3,6
2026-04-12,1000000027,1000000065,2,11
2026-04-12,1000000027,1000000066,1,15
2026-04-12,1000000027,1000000069,1,16
2026-04-12,1000000027,1000000070,3,7
2026-04-12,1000000027,1000000071,4,3
2026-04-12,1000000027,1000000083,1,17
2026-04-12,1000000027,1000000085,1,18
2026-04-12,1000000027,1000000110,1,19
2026-04-12,1000000027,1000000112,1,20
2026-04-12,1000000027,1000000128,2,12
2026-04-12,1000000027,1000000144,1,21
2026-04-12,1000000028,1000000027,2,3
2026-04-12,1000000028,1000000035,1,11
2026-04-12,1000000028,1000000042,3,1
2026-04-12,1000000028,1000000043,2,4
2026-04-12,1000000028,1000000044,2,5
2026-04-12,1000000028,1000000045,2,6
2026-04-12,1000000028,1000000063,1,12
2026-04-12,1000000028,1000000064,2,7
2026-04-12,1000000028,1000000069,2,8
2026-04-12,1000000028,1000000070,2,9
2026-04-12,1000000028,1000000071,3,2
2026-04-12,1000000028,1000000072,1,13
2026-04-12,1000000028,1000000083,2,10
2026-04-12,1000000028,1000000087,1,14
2026-04-12,1000000028,1000000113,1,15
2026-04-12,1000000028,1000000121,1,16
2026-04-12,1000000033,1000000027,2,10
2026-04-12,1000000033,1000000035,12,1
2026-04-12,1000000033,1000000042,5,6
2026-04-12,1000000033,1000000043,9,2
2026-04-12,1000000033,1000000044,2,11
2026-04-12,1000000033,1000000045,7,3
2026-04-12,1000000033,1000000062,1,14
2026-04-12,1000000033,1000000063,1,15
2026-04-12,1000000033,1000000064,6,5
2026-04-12,1000000033,1000000065,3,9
2026-04-12,1000000033,1000000066,1,16
2026-04-12,1000000033,1000000070,1,17
2026-04-12,1000000033,1000000071,1,18
2026-04-12,1000000033,1000000083,7,4
2026-04-12,1000000033,1000000085,1,19
2026-04-12,1000000033,1000000087,2,12
2026-04-12,1000000033,1000000113,1,20
2026-04-12,1000000033,1000000121,5,7
2026-04-12,1000000033,1000000127,4,8
2026-04-12,1000000033,1000000128,1,21
2026-04-12,1000000033,1000000142,1,22
2026-04-12,1000000033,1000000144,2,13
2026-04-12,1000000035,1000000027,3,16
2026-04-12,1000000035,1000000028,1,20
2026-04-12,1000000035,1000000033,12,6
2026-04-12,1000000035,1000000042,16,2
2026-04-12,1000000035,1000000043,13,4
2026-04-12,1000000035,1000000044,10,7
2026-04-12,1000000035,1000000045,13,5
2026-04-12,1000000035,1000000062,7,10
2026-04-12,1000000035,1000000063,6,11
2026-04-12,1000000035,1000000064,21,1
2026-04-12,1000000035,1000000065,5,12
2026-04-12,1000000035,1000000066,8,8
2026-04-12,1000000035,1000000069,3,17
2026-04-12,1000000035,1000000071,1,21
2026-04-12,1000000035,1000000083,8,9
2026-04-12,1000000035,1000000086,1,22
2026-04-12,1000000035,1000000087,2,18
2026-04-12,1000000035,1000000088,5,13
2026-04-12,1000000035,1000000092,1,23
2026-04-12,1000000035,1000000093,4,15
2026-04-12,1000000035,1000000094,1,24
2026-04-12,1000000035,1000000108,1,25
2026-04-12,1000000035,1000000111,1,26
2026-04-12,1000000035,1000000112,1,27
2026-04-12,1000000035,1000000121,14,3
2026-04-12,1000000035,1000000127,5,14
2026-04-12,1000000035,1000000128,2,19
2026-04-12,1000000035,1000000142,1,28
2026-04-12,1000000035,1000000144,1,29
2026-04-12,1000000042,1000000027,6,16
2026-04-12,1000000042,1000000028,3,20
2026-04-12,1000000042,1000000033,5,18
2026-04-12,1000000042,1000000035,16,9
2026-04-12,1000000042,1000000043,63,3
2026-04-12,1000000042,1000000044,33,4
2026-04-12,1000000042,1000000045,78,2
2026-04-12,1000000042,1000000062,22,6
2026-04-12,1000000042,1000000063,26,5
2026-04-12,1000000042,1000000064,83,1
2026-04-12,1000000042,1000000065,10,12
2026-04-12,1000000042,1000000066,8,14
2026-04-12,1000000042,1000000069,11,11
2026-04-12,1000000042,1000000070,2,26
2026-04-12,1000000042,1000000071,10,13
2026-04-12,1000000042,1000000072,2,27
2026-04-12,1000000042,1000000074,1,32
2026-04-12,1000000042,1000000083,16,10
2026-04-12,1000000042,1000000084,2,28
2026-04-12,1000000042,1000000085,3,21
2026-04-12,1000000042,1000000086,3,22
2026-04-12,1000000042,1000000087,3,23
2026-04-12,1000000042,1000000088,2,29
2026-04-12,1000000042,1000000090,2,30
2026-04-12,1000000042,1000000093,1,33
2026-04-12,1000000042,1000000094,3,24
2026-04-12,1000000042,1000000110,1,34
2026-04-12,1000000042,1000000111,1,35
2026-04-12,1000000042,1000000112,2,31
2026-04-12,1000000042,1000000113,1,36
2026-04-12,1000000042,1000000121,21,7
2026-04-12,1000000042,1000000127,20,8
2026-04-12,1000000042,1000000128,6,17
2026-04-12,1000000042,1000000142,7,15
2026-04-12,1000000042,1000000143,4,19
2026-04-12,1000000042,1000000144,3,25
2026-04-12,1000000043,1000000027,5,20
2026-04-12,1000000043,1000000028,2,26
2026-04-12,1000000043,1000000033,9,13
2026-04-12,1000000043,1000000035,13,11
2026-04-12,1000000043,1000000042,63,3
2026-04-12,1000000043,1000000044,53,4
2026-04-12,1000000043,1000000045,87,2
2026-04-12,1000000043,1000000062,19,8
2026-04-12,1000000043,1000000063,31,5
2026-04-12,1000000043,1000000064,98,1
2026-04-12,1000000043,1000000065,10,12
2026-04-12,1000000043,1000000066,18,9
2026-04-12,1000000043,1000000069,18,10
2026-04-12,1000000043,1000000070,6,19
2026-04-12,1000000043,1000000071,7,17
2026-04-12,1000000043,1000000072,1,33
2026-04-12,1000000043,1000000074,1,34
2026-04-12,1000000043,1000000083,9,14
2026-04-12,1000000043,1000000084,1,35
2026-04-12,1000000043,1000000085,2,27
2026-04-12,1000000043,1000000086,2,28
2026-04-12,1000000043,1000000087,8,15
2026-04-12,1000000043,1000000088,4,21
2026-04-12,1000000043,1000000090,3,23
2026-04-12,1000000043,1000000091,2,29
2026-04-12,1000000043,1000000092,1,36
2026-04-12,1000000043,1000000093,2,30
2026-04-12,1000000043,1000000094,1,37
2026-04-12,1000000043,1000000111,2,31
2026-04-12,1000000043,1000000112,3,24
2026-04-12,1000000043,1000000113,2,32
2026-04-12,1000000043,1000000121,20,7
2026-04-12,1000000043,1000000127,24,6
2026-04-12,1000000043,1000000128,8,16
2026-04-12,1000000043,1000000142,3,25
2026-04-12,1000000043,1000000143,7,18
2026-04-12,1000000043,1000000144,4,22
2026-04-12,1000000044,1000000027,2,19
2026-04-12,1000000044,1000000028,2,20
2026-04-12,1000000044,1000000033,2,21
2026-04-12,1000000044,1000000035,10,11
2026-04-12,1000000044,1000000042,33,4
2026-04-12,1000000044,1000000043,53,3
2026-04-12,1000000044,1000000045,70,2
2026-04-12,1000000044,1000000062,19,7
2026-04-12,1000000044,1000000063,25,5
2026-04-12,1000000044,1000000064,81,1
2026-04-12,1000000044,1000000065,7,12
2026-04-12,1000000044,1000000066,14,9
2026-04-12,1000000044,1000000069,17,8
2026-04-12,1000000044,1000000070,2,22
2026-04-12,1000000044,1000000071,6,13
2026-04-12,1000000044,1000000072,3,16
2026-04-12,1000000044,1000000083,2,23
2026-04-12,1000000044,1000000086,1,26
2026-04-12,1000000044,1000000087,1,27
2026-04-12,1000000044,1000000092,1,28
2026-04-12,1000000044,1000000093,3,17
2026-04-12,1000000044,1000000094,1,29
2026-04-12,1000000044,1000000110,2,24
2026-04-12,1000000044,1000000111,1,30
2026-04-12,1000000044,1000000121,13,10
2026-04-12,1000000044,1000000127,25,6
2026-04-12,1000000044,1000000128,6,14
2026-04-12,1000000044,1000000142,3,18
2026-04-12,1000000044,1000000143,2,25
2026-04-12,1000000044,1000000144,4,15
2026-04-12,1000000045,1000000027,3,26
2026-04-12,1000000045,1000000028,2,33
2026-04-12,1000000045,1000000033,7,15
2026-04-12,1000000045,1000000035,13,12
2026-04-12,1000000045,1000000042,78,3
2026-04-12,1000000045,1000000043,87,2
2026-04-12,1000000045,1000000044,70,4
2026-04-12,1000000045,1000000062,35,6
2026-04-12,1000000045,1000000063,48,5
2026-04-12,1000000045,1000000064,159,1
2026-04-12,1000000045,1000000065,9,14
2026-04-12,1000000045,1000000066,16,10
2026-04-12,1000000045,1000000069,27,8
2026-04-12,1000000045,1000000070,4,22
2026-04-12,1000000045,1000000071,5,17
2026-04-12,1000000045,1000000072,3,27
2026-04-12,1000000045,1000000083,12,13
2026-04-12,1000000045,1000000084,1,36
2026-04-12,1000000045,1000000085,4,23
2026-04-12,1000000045,1000000086,3,28
2026-04-12,1000000045,1000000087,2,34
2026-04-12,1000000045,1000000088,5,18
2026-04-12,1000000045,1000000089,1,37
2026-04-12,1000000045,1000000090,1,38
2026-04-12,1000000045,1000000091,3,29
2026-04-12,1000000045,1000000092,2,35
2026-04-12,1000000045,1000000093,5,19
2026-04-12,1000000045,1000000094,3,30
2026-04-12,1000000045,1000000108,5,20
2026-04-12,1000000045,1000000110,1,39
2026-04-12,1000000045,1000000111,3,31
2026-04-12,1000000045,1000000112,4,24
2026-04-12,1000000045,1000000113,3,32
2026-04-12,1000000045,1000000121,21,9
2026-04-12,1000000045,1000000127,32,7
2026-04-12,1000000045,1000000128,14,11
2026-04-12,1000000045,1000000142,6,16
2026-04-12,1000000045,1000000143,5,21
2026-04-12,1000000045,1000000144,4,25
2026-04-12,1000000062,1000000027,1,26
2026-04-12,1000000062,1000000033,1,27
2026-04-12,1000000062,1000000035,7,10
2026-04-12,1000000062,1000000042,22,5
2026-04-12,1000000062,1000000043,19,6
2026-04-12,1000000062,1000000044,19,7
2026-04-12,1000000062,1000000045,35,4
2026-04-12,1000000062,1000000063,88,1
2026-04-12,1000000062,1000000064,40,3
2026-04-12,1000000062,1000000065,9,9
2026-04-12,1000000062,1000000066,4,16
2026-04-12,1000000062,1000000069,7,11
2026-04-12,1000000062,1000000070,1,28
2026-04-12,1000000062,1000000071,3,17
2026-04-12,1000000062,1000000072,1,29
2026-04-12,1000000062,1000000074,1,30
2026-04-12,1000000062,1000000083,12,8
2026-04-12,1000000062,1000000084,5,15
2026-04-12,1000000062,1000000085,3,18
2026-04-12,1000000062,1000000086,1,31
2026-04-12,1000000062,1000000087,2,22
2026-04-12,1000000062,1000000088,3,19
2026-04-12,1000000062,1000000089,1,32
2026-04-12,1000000062,1000000090,1,33
2026-04-12,1000000062,1000000091,2,23
2026-04-12,1000000062,1000000092,1,34
2026-04-12,1000000062,1000000093,2,24
2026-04-12,1000000062,1000000094,1,35
2026-04-12,1000000062,1000000108,1,36
2026-04-12,1000000062,1000000111,7,12
2026-04-12,1000000062,1000000113,1,37
2026-04-12,1000000062,1000000121,6,13
2026-04-12,1000000062,1000000127,61,2
2026-04-12,1000000062,1000000128,6,14
2026-04-12,1000000062,1000000142,3,20
2026-04-12,1000000062,1000000143,3,21
2026-04-12,1000000062,1000000144,2,25
2026-04-12,1000000063,1000000027,1,29
2026-04-12,1000000063,1000000028,1,30
2026-04-12,1000000063,1000000033,1,31
2026-04-12,1000000063,1000000035,6,14
2026-04-12,1000000063,1000000042,26,6
2026-04-12,1000000063,1000000043,31,5
2026-04-12,1000000063,1000000044,25,7
2026-04-12,1000000063,1000000045,48,3
2026-04-12,1000000063,1000000062,88,1
2026-04-12,1000000063,1000000064,39,4
2026-04-12,1000000063,1000000065,4,15
2026-04-12,1000000063,1000000066,12,8
2026-04-12,1000000063,1000000069,10,10
2026-04-12,1000000063,1000000070,3,19
2026-04-12,1000000063,1000000071,2,23
2026-04-12,1000000063,1000000072,1,32
2026-04-12,1000000063,1000000083,7,13
2026-04-12,1000000063,1000000084,3,20
2026-04-12,1000000063,1000000085,4,16
2026-04-12,1000000063,1000000086,2,24
2026-04-12,1000000063,1000000087,4,17
2026-04-12,1000000063,1000000088,3,21
2026-04-12,1000000063,1000000089,1,33
2026-04-12,1000000063,1000000090,3,22
2026-04-12,1000000063,1000000091,1,34
2026-04-12,1000000063,1000000092,1,35
2026-04-12,1000000063,1000000093,2,25
2026-04-12,1000000063,1000000094,1,36
2026-04-12,1000000063,1000000108,1,37
2026-04-12,1000000063,1000000110,2,26
2026-04-12,1000000063,1000000111,8,11
2026-04-12,1000000063,1000000112,1,38
2026-04-12,1000000063,1000000113,4,18
2026-04-12,1000000063,1000000121,11,9
2026-04-12,1000000063,1000000127,84,2
2026-04-12,1000000063,1000000128,8,12
2026-04-12,1000000063,1000000142,2,27
2026-04-12,1000000063,1000000143,1,39
2026-04-12,1000000063,1000000144,2,28
2026-04-12,1000000064,1000000027,3,34
2026-04-12,1000000064,1000000028,2,37
2026-04-12,1000000064,1000000033,6,31
2026-04-12,1000000064,1000000035,21,14
2026-04-12,1000000064,1000000042,83,4
2026-04-12,1000000064,1000000043,98,3
2026-04-12,1000000064,1000000044,81,5
2026-04-12,1000000064,1000000045,159,1
2026-04-12,1000000064,1000000062,40,9
2026-04-12,1000000064,1000000063,39,10
2026-04-12,1000000064,1000000065,22,13
2026-04-12,1000000064,1000000066,42,7
2026-04-12,1000000064,1000000069,58,6
2026-04-12,1000000064,1000000070,4,33
2026-04-12,1000000064,1000000071,11,24
2026-04-12,1000000064,1000000072,3,35
2026-04-12,1000000064,1000000074,1,39
2026-04-12,1000000064,1000000083,17,18
2026-04-12,1000000064,1000000084,10,27
2026-04-12,1000000064,1000000085,16,19
2026-04-12,1000000064,1000000086,11,25
2026-04-12,1000000064,1000000087,20,16
2026-04-12,1000000064,1000000088,19,17
2026-04-12,1000000064,1000000089,2,38
2026-04-12,1000000064,1000000090,14,22
2026-04-12,1000000064,1000000091,21,15
2026-04-12,1000000064,1000000092,15,20
2026-04-12,1000000064,1000000093,42,8
2026-04-12,1000000064,1000000094,7,30
2026-04-12,1000000064,1000000108,5,32
2026-04-12,1000000064,1000000110,3,36
2026-04-12,1000000064,1000000111,12,23
2026-04-12,1000000064,1000000112,1,40
2026-04-12,1000000064,1000000113,8,29
2026-04-12,1000000064,1000000121,32,11
2026-04-12,1000000064,1000000127,135,2
2026-04-12,1000000064,1000000128,29,12
2026-04-12,1000000064,1000000142,11,26
2026-04-12,1000000064,1000000143,9,28
2026-04-12,1000000064,1000000144,15,21
2026-04-12,1000000065,1000000027,2,17
2026-04-12,1000000065,1000000033,3,13
2026-04-12,1000000065,1000000035,5,9
2026-04-12,1000000065,1000000042,10,3
2026-04-12,1000000065,1000000043,10,4
2026-04-12,1000000065,1000000044,7,7
2026-04-12,1000000065,1000000045,9,5
2026-04-12,1000000065,1000000062,9,6
2026-04-12,1000000065,1000000063,4,11
2026-04-12,1000000065,1000000064,22,1
2026-04-12,1000000065,1000000066,13,2
2026-04-12,1000000065,1000000069,4,12
2026-04-12,1000000065,1000000071,1,22
2026-04-12,1000000065,1000000083,2,18
2026-04-12,1000000065,1000000084,1,23
2026-04-12,1000000065,1000000085,2,19
2026-04-12,1000000065,1000000087,1,24
2026-04-12,1000000065,1000000110,1,25
2026-04-12,1000000065,1000000111,3,14
2026-04-12,1000000065,1000000112,1,26
2026-04-12,1000000065,1000000121,5,10
2026-04-12,1000000065,1000000127,2,20
2026-04-12,1000000065,1000000128,7,8
2026-04-12,1000000065,1000000142,2,21
2026-04-12,1000000065,1000000143,3,15
2026-04-12,1000000065,1000000144,3,16
2026-04-12,1000000066,1000000027,1,20
2026-04-12,1000000066,1000000033,1,21
2026-04-12,1000000066,1000000035,8,9
2026-04-12,1000000066,1000000042,8,10
2026-04-12,1000000066,1000000043,18,2
2026-04-12,1000000066,1000000044,14,4
2026-04-12,1000000066,1000000045,16,3
2026-04-12,1000000066,1000000062,4,14
2026-04-12,1000000066,1000000063,12,6
2026-04-12,1000000066,1000000064,42,1
2026-04-12,1000000066,1000000065,13,5
2026-04-12,1000000066,1000000069,10,7
2026-04-12,1000000066,1000000070,4,15
2026-04-12,1000000066,1000000072,1,22
2026-04-12,1000000066,1000000083,1,23
2026-04-12,1000000066,1000000084,2,17
2026-04-12,1000000066,1000000087,4,16
2026-04-12,1000000066,1000000088,1,24
2026-04-12,1000000066,1000000090,1,25
2026-04-12,1000000066,1000000093,2,18
2026-04-12,1000000066,1000000112,1,26
2026-04-12,1000000066,1000000121,5,12
2026-04-12,1000000066,1000000127,6,11
2026-04-12,1000000066,1000000128,10,8
2026-04-12,1000000066,1000000142,1,27
2026-04-12,1000000066,1000000143,2,19
2026-04-12,1000000066,1000000144,5,13
2026-04-12,1000000069,1000000027,1,22
2026-04-12,1000000069,1000000028,2,16
2026-04-12,1000000069,1000000035,3,14
2026-04-12,1000000069,1000000042,11,5
2026-04-12,1000000069,1000000043,18,3
2026-04-12,1000000069,1000000044,17,4
2026-04-12,1000000069,1000000045,27,2
2026-04-12,1000000069,1000000062,7,10
2026-04-12,1000000069,1000000063,10,6
2026-04-12,1000000069,1000000064,58,1
2026-04-12,1000000069,1000000065,4,13
2026-04-12,1000000069,1000000066,10,7
2026-04-12,1000000069,1000000070,1,23
2026-04-12,1000000069,1000000071,2,17
2026-04-12,1000000069,1000000083,6,11
2026-04-12,1000000069,1000000085,1,24
2026-04-12,1000000069,1000000087,1,25
2026-04-12,1000000069,1000000089,1,26
2026-04-12,1000000069,1000000090,1,27
2026-04-12,1000000069,1000000091,2,18
2026-04-12,1000000069,1000000092,2,19
2026-04-12,1000000069,1000000093,2,20
2026-04-12,1000000069,1000000094,1,28
2026-04-12,1000000069,1000000121,8,9
2026-04-12,1000000069,1000000127,9,8
2026-04-12,1000000069,1000000128,3,15
2026-04-12,1000000069,1000000142,2,21
2026-04-12,1000000069,1000000143,1,29
2026-04-12,1000000069,1000000144,5,12
2026-04-12,1000000070,1000000027,3,6
2026-04-12,1000000070,1000000028,2,9
2026-04-12,1000000070,1000000033,1,13
2026-04-12,1000000070,1000000042,2,10
2026-04-12,1000000070,1000000043,6,1
2026-04-12,1000000070,1000000044,2,11
2026-04-12,1000000070,1000000045,4,3
2026-04-12,1000000070,1000000062,1,14
2026-04-12,1000000070,1000000063,3,7
2026-04-12,1000000070,1000000064,4,4
2026-04-12,1000000070,1000000066,4,5
2026-04-12,1000000070,1000000069,1,15
2026-04-12,1000000070,1000000071,5,2
2026-04-12,1000000070,1000000072,3,8
2026-04-12,1000000070,1000000083,1,16
2026-04-12,1000000070,1000000110,1,17
2026-04-12,1000000070,1000000121,2,12
2026-04-12,1000000070,1000000128,1,18
2026-04-12,1000000071,1000000027,4,7
2026-04-12,1000000071,1000000028,3,10
2026-04-12,1000000071,1000000033,1,16
2026-04-12,1000000071,1000000035,1,17
2026-04-12,1000000071,1000000042,10,2
2026-04-12,1000000071,1000000043,7,3
2026-04-12,1000000071,1000000044,6,4
2026-04-12,1000000071,1000000045,5,5
2026-04-12,1000000071,1000000062,3,11
2026-04-12,1000000071,1000000063,2,12
2026-04-12,1000000071,1000000064,11,1
2026-04-12,1000000071,1000000065,1,18
2026-04-12,1000000071,1000000069,2,13
2026-04-12,1000000071,1000000070,5,6
2026-04-12,1000000071,1000000072,2,14
2026-04-12,1000000071,1000000083,4,8
2026-04-12,1000000071,1000000087,1,19
2026-04-12,1000000071,1000000088,1,20
2026-04-12,1000000071,1000000113,2,15
2026-04-12,1000000071,1000000127,4,9
2026-04-12,1000000071,1000000128,1,21
2026-04-12,1000000071,1000000142,1,22
2026-04-12,1000000072,1000000028,1,8
2026-04-12,1000000072,1000000042,2,5
2026-04-12,1000000072,1000000043,1,9
2026-04-12,1000000072,1000000044,3,1
2026-04-12,1000000072,1000000045,3,2
2026-04-12,1000000072,1000000062,1,10
2026-04-12,1000000072,1000000063,1,11
2026-04-12,1000000072,1000000064,3,3
2026-04-12,1000000072,1000000066,1,12
2026-04-12,1000000072,1000000070,3,4
2026-04-12,1000000072,1000000071,2,6
2026-04-12,1000000072,1000000083,1,13
2026-04-12,1000000072,1000000127,2,7
2026-04-12,1000000074,1000000042,1,1
2026-04-12,1000000074,1000000043,1,2
2026-04-12,1000000074,1000000062,1,3
2026-04-12,1000000074,1000000064,1,4
2026-04-12,1000000074,1000000091,1,5
2026-04-12,1000000083,1000000027,1,21
2026-04-12,1000000083,1000000028,2,14
2026-04-12,1000000083,1000000033,7,8
2026-04-12,1000000083,1000000035,8,7
2026-04-12,1000000083,1000000042,16,2
2026-04-12,1000000083,1000000043,9,6
2026-04-12,1000000083,1000000044,2,15
2026-04-12,1000000083,1000000045,12,3
2026-04-12,1000000083,1000000062,12,4
2026-04-12,1000000083,1000000063,7,9
2026-04-12,1000000083,1000000064,17,1
2026-04-12,1000000083,1000000065,2,16
2026-04-12,1000000083,1000000066,1,22
2026-04-12,1000000083,1000000069,6,11
2026-04-12,1000000083,1000000070,1,23
2026-04-12,1000000083,1000000071,4,12
2026-04-12,1000000083,1000000072,1,24
2026-04-12,1000000083,1000000085,1,25
2026-04-12,1000000083,1000000087,1,26
2026-04-12,1000000083,1000000088,1,27
2026-04-12,1000000083,1000000090,2,17
2026-04-12,1000000083,1000000091,1,28
2026-04-12,1000000083,1000000093,2,18
2026-04-12,1000000083,1000000094,2,19
2026-04-12,1000000083,1000000108,3,13
2026-04-12,1000000083,1000000110,1,29
2026-04-12,1000000083,1000000112,1,30
2026-04-12,1000000083,1000000113,1,31
2026-04-12,1000000083,1000000121,7,10
2026-04-12,1000000083,1000000127,11,5
2026-04-12,1000000083,1000000128,2,20
2026-04-12,1000000083,1000000142,1,32
2026-04-12,1000000084,1000000042,2,13
2026-04-12,1000000084,1000000043,1,17
2026-04-12,1000000084,1000000045,1,18
2026-04-12,1000000084,1000000062,5,6
2026-04-12,1000000084,1000000063,3,11
2026-04-12,1000000084,1000000064,10,4
2026-04-12,1000000084,1000000065,1,19
2026-04-12,1000000084,1000000066,2,14
2026-04-12,1000000084,1000000085,15,1
2026-04-12,1000000084,1000000086,4,8
2026-04-12,1000000084,1000000087,15,2
2026-04-12,1000000084,1000000088,6,5
2026-04-12,1000000084,1000000090,11,3
2026-04-12,1000000084,1000000091,2,15
2026-04-12,1000000084,1000000092,2,16
2026-04-12,1000000084,1000000093,5,7
2026-04-12,1000000084,1000000094,1,20
2026-04-12,1000000084,1000000108,3,12
2026-04-12,1000000084,1000000110,4,9
2026-04-12,1000000084,1000000111,4,10
2026-04-12,1000000084,1000000113,1,21
2026-04-12,1000000084,1000000127,1,22
2026-04-12,1000000084,1000000128,1,23
2026-04-12,1000000084,1000000142,1,24
2026-04-12,1000000084,1000000143,1,25
2026-04-12,1000000085,1000000027,1,23
2026-04-12,1000000085,1000000033,1,24
2026-04-12,1000000085,1000000042,3,14
2026-04-12,1000000085,1000000043,2,17
2026-04-12,1000000085,1000000045,4,12
2026-04-12,1000000085,1000000062,3,15
2026-04-12,1000000085,1000000063,4,13
2026-04-12,1000000085,1000000064,16,1
2026-04-12,1000000085,1000000065,2,18
2026-04-12,1000000085,1000000069,1,25
2026-04-12,1000000085,1000000083,1,26
2026-04-12,1000000085,1000000084,15,2
2026-04-12,1000000085,1000000086,8,6
2026-04-12,1000000085,1000000087,8,7
2026-04-12,1000000085,1000000088,9,4
2026-04-12,1000000085,1000000089,2,19
2026-04-12,1000000085,1000000090,12,3
2026-04-12,1000000085,1000000091,9,5
2026-04-12,1000000085,1000000092,7,8
2026-04-12,1000000085,1000000093,6,9
2026-04-12,1000000085,1000000094,2,20
2026-04-12,1000000085,1000000108,5,10
2026-04-12,1000000085,1000000110,1,27
2026-04-12,1000000085,1000000111,3,16
2026-04-12,1000000085,1000000112,1,28
2026-04-12,1000000085,1000000113,1,29
2026-04-12,1000000085,1000000121,2,21
2026-04-12,1000000085,1000000127,1,30
2026-04-12,1000000085,1000000128,1,31
2026-04-12,1000000085,1000000142,5,11
2026-04-12,1000000085,1000000144,2,22
2026-04-12,1000000086,1000000035,1,15
2026-04-12,1000000086,1000000042,3,7
2026-04-12,1000000086,1000000043,2,11
2026-04-12,1000000086,1000000044,1,16
2026-04-12,1000000086,1000000045,3,8
2026-04-12,1000000086,1000000062,1,17
2026-04-12,1000000086,1000000063,2,12
2026-04-12,1000000086,1000000064,11,1
2026-04-12,1000000086,1000000084,4,6
2026-04-12,1000000086,1000000085,8,3
2026-04-12,1000000086,1000000087,5,4
2026-04-12,1000000086,1000000088,11,2
2026-04-12,1000000086,1000000089,3,9
2026-04-12,1000000086,1000000090,2,13
2026-04-12,1000000086,1000000091,5,5
2026-04-12,1000000086,1000000092,3,10
2026-04-12,1000000086,1000000093,1,18
2026-04-12,1000000086,1000000094,2,14
2026-04-12,1000000086,1000000108,1,19
2026-04-12,1000000086,1000000111,1,20
2026-04-12,1000000086,1000000112,1,21
2026-04-12,1000000086,1000000127,1,22
2026-04-12,1000000086,1000000128,1,23
2026-04-12,1000000086,1000000143,1,24
2026-04-12,1000000086,1000000144,1,25
2026-04-12,1000000087,1000000028,1,25
2026-04-12,1000000087,1000000033,2,19
2026-04-12,1000000087,1000000035,2,20
2026-04-12,1000000087,1000000042,3,16
2026-04-12,1000000087,1000000043,8,6
2026-04-12,1000000087,1000000044,1,26
2026-04-12,1000000087,1000000045,2,21
2026-04-12,1000000087,1000000062,2,22
2026-04-12,1000000087,1000000063,4,11
2026-04-12,1000000087,1000000064,20,1
2026-04-12,1000000087,1000000065,1,27
2026-04-12,1000000087,1000000066,4,12
2026-04-12,1000000087,1000000069,1,28
2026-04-12,1000000087,1000000071,1,29
2026-04-12,1000000087,1000000083,1,30
2026-04-12,1000000087,1000000084,15,2
2026-04-12,1000000087,1000000085,8,7
2026-04-12,1000000087,1000000086,5,9
2026-04-12,1000000087,1000000088,11,3
2026-04-12,1000000087,1000000089,1,31
2026-04-12,1000000087,1000000090,9,5
2026-04-12,1000000087,1000000091,11,4
2026-04-12,1000000087,1000000092,4,13
2026-04-12,1000000087,1000000093,4,14
2026-04-12,1000000087,1000000094,1,32
2026-04-12,1000000087,1000000108,4,15
2026-04-12,1000000087,1000000110,1,33
2026-04-12,1000000087,1000000111,5,10
2026-04-12,1000000087,1000000112,1,34
2026-04-12,1000000087,1000000113,3,17
2026-04-12,1000000087,1000000121,6,8
2026-04-12,1000000087,1000000127,3,18
2026-04-12,1000000087,1000000128,2,23
2026-04-12,1000000087,1000000142,1,35
2026-04-12,1000000087,1000000143,1,36
2026-04-12,1000000087,1000000144,2,24
2026-04-12,1000000088,1000000035,5,8
2026-04-12,1000000088,1000000042,2,17
2026-04-12,1000000088,1000000043,4,10
2026-04-12,1000000088,1000000045,5,9
2026-04-12,1000000088,1000000062,3,12
2026-04-12,1000000088,1000000063,3,13
2026-04-12,1000000088,1000000064,19,1
2026-04-12,1000000088,1000000066,1,21
2026-04-12,1000000088,1000000071,1,22
2026-04-12,1000000088,1000000083,1,23
2026-04-12,1000000088,1000000084,6,6
2026-04-12,1000000088,1000000085,9,4
2026-04-12,1000000088,1000000086,11,2
2026-04-12,1000000088,1000000087,11,3
2026-04-12,1000000088,1000000089,3,14
2026-04-12,1000000088,1000000090,4,11
2026-04-12,1000000088,1000000091,9,5
2026-04-12,1000000088,1000000092,6,7
2026-04-12,1000000088,1000000093,2,18
2026-04-12,1000000088,1000000094,1,24
2026-04-12,1000000088,1000000110,1,25
2026-04-12,1000000088,1000000111,2,19
2026-04-12,1000000088,1000000112,2,20
2026-04-12,1000000088,1000000113,1,26
2026-04-12,1000000088,1000000121,3,15
2026-04-12,1000000088,1000000127,3,16
2026-04-12,1000000088,1000000128,1,27
2026-04-12,1000000088,1000000144,1,28
2026-04-12,1000000089,1000000045,1,7
2026-04-12,1000000089,1000000062,1,8
2026-04-12,1000000089,1000000063,1,9
2026-04-12,1000000089,1000000064,2,3
2026-04-12,1000000089,1000000069,1,10
2026-04-12,1000000089,1000000085,2,4
2026-04-12,1000000089,1000000086,3,1
2026-04-12,1000000089,1000000087,1,11
2026-04-12,1000000089,1000000088,3,2
2026-04-12,1000000089,1000000091,1,12
2026-04-12,1000000089,1000000121,2,5
2026-04-12,1000000089,1000000127,1,13
2026-04-12,1000000089,1000000128,1,14
2026-04-12,1000000089,1000000144,2,6
2026-04-12,1000000090,1000000042,2,14
2026-04-12,1000000090,1000000043,3,12
2026-04-12,1000000090,1000000045,1,17
2026-04-12,1000000090,1000000062,1,18
2026-04-12,1000000090,1000000063,3,13
2026-04-12,1000000090,1000000064,14,2
2026-04-12,1000000090,1000000066,1,19
2026-04-12,1000000090,1000000069,1,20
2026-04-12,1000000090,1000000083,2,15
2026-04-12,1000000090,1000000084,11,4
2026-04-12,1000000090,1000000085,12,3
2026-04-12,1000000090,1000000086,2,16
2026-04-12,1000000090,1000000087,9,6
2026-04-12,1000000090,1000000088,4,9
2026-04-12,1000000090,1000000091,20,1
2026-04-12,1000000090,1000000092,6,8
2026-04-12,1000000090,1000000093,10,5
2026-04-12,1000000090,1000000094,4,10
2026-04-12,1000000090,1000000108,9,7
2026-04-12,1000000090,1000000111,4,11
2026-04-12,1000000090,1000000112,1,21
2026-04-12,1000000090,1000000121,1,22
2026-04-12,1000000090,1000000127,1,23
2026-04-12,1000000090,1000000128,1,24
2026-04-12,1000000090,1000000144,1,25
2026-04-12,1000000091,1000000043,2,15
2026-04-12,1000000091,1000000045,3,12
2026-04-12,1000000091,1000000062,2,16
2026-04-12,1000000091,1000000063,1,21
2026-04-12,1000000091,1000000064,21,1
2026-04-12,1000000091,1000000069,2,17
2026-04-12,1000000091,1000000074,1,22
2026-04-12,1000000091,1000000083,1,23
2026-04-12,1000000091,1000000084,2,18
2026-04-12,1000000091,1000000085,9,5
2026-04-12,1000000091,1000000086,5,9
2026-04-12,1000000091,1000000087,11,3
2026-04-12,1000000091,1000000088,9,6
2026-04-12,1000000091,1000000089,1,24
2026-04-12,1000000091,1000000090,20,2
2026-04-12,1000000091,1000000092,11,4
2026-04-12,1000000091,1000000093,9,7
2026-04-12,1000000091,1000000094,6,8
2026-04-12,1000000091,1000000108,4,11
2026-04-12,1000000091,1000000110,2,19
2026-04-12,1000000091,1000000111,5,10
2026-04-12,1000000091,1000000112,2,20
2026-04-12,1000000091,1000000113,3,13
2026-04-12,1000000091,1000000127,3,14
2026-04-12,1000000091,1000000144,1,25
2026-04-12,1000000092,1000000035,1,15
2026-04-12,1000000092,1000000043,1,16
2026-04-12,1000000092,1000000044,1,17
2026-04-12,1000000092,1000000045,2,11
2026-04-12,1000000092,1000000062,1,18
2026-04-12,1000000092,1000000063,1,19
2026-04-12,1000000092,1000000064,15,1
2026-04-12,1000000092,1000000069,2,12
2026-04-12,1000000092,1000000084,2,13
2026-04-12,1000000092,1000000085,7,3
2026-04-12,1000000092,1000000086,3,9
2026-04-12,1000000092,1000000087,4,6
2026-04-12,1000000092,1000000088,6,4
2026-04-12,1000000092,1000000090,6,5
2026-04-12,1000000092,1000000091,11,2
2026-04-12,1000000092,1000000093,4,7
2026-04-12,1000000092,1000000108,2,14
2026-04-12,1000000092,1000000111,4,8
2026-04-12,1000000092,1000000112,3,10
2026-04-12,1000000092,1000000113,1,20
2026-04-12,1000000092,1000000127,1,21
2026-04-12,1000000093,1000000035,4,11
2026-04-12,1000000093,1000000042,1,26
2026-04-12,1000000093,1000000043,2,15
2026-04-12,1000000093,1000000044,3,14
2026-04-12,1000000093,1000000045,5,8
2026-04-12,1000000093,1000000062,2,16
2026-04-12,1000000093,1000000063,2,17
2026-04-12,1000000093,1000000064,42,1
2026-04-12,1000000093,1000000066,2,18
2026-04-12,1000000093,1000000069,2,19
2026-04-12,1000000093,1000000083,2,20
2026-04-12,1000000093,1000000084,5,9
2026-04-12,1000000093,1000000085,6,7
2026-04-12,1000000093,1000000086,1,27
2026-04-12,1000000093,1000000087,4,12
2026-04-12,1000000093,1000000088,2,21
2026-04-12,1000000093,1000000090,10,4
2026-04-12,1000000093,1000000091,9,5
2026-04-12,1000000093,1000000092,4,13
2026-04-12,1000000093,1000000094,5,10
2026-04-12,1000000093,1000000108,13,2
2026-04-12,1000000093,1000000110,2,22
2026-04-12,1000000093,1000000111,11,3
2026-04-12,1000000093,1000000112,2,23
2026-04-12,1000000093,1000000113,2,24
2026-04-12,1000000093,1000000121,1,28
2026-04-12,1000000093,1000000127,7,6
2026-04-12,1000000093,1000000128,1,29
2026-04-12,1000000093,1000000144,2,25
2026-04-12,1000000094,1000000035,1,14
2026-04-12,1000000094,1000000042,3,8
2026-04-12,1000000094,1000000043,1,15
2026-04-12,1000000094,1000000044,1,16
2026-04-12,1000000094,1000000045,3,9
2026-04-12,1000000094,1000000062,1,17
2026-04-12,1000000094,1000000063,1,18
2026-04-12,1000000094,1000000064,7,1
2026-04-12,1000000094,1000000069,1,19
2026-04-12,1000000094,1000000083,2,11
2026-04-12,1000000094,1000000084,1,20
2026-04-12,1000000094,1000000085,2,12
2026-04-12,1000000094,1000000086,2,13
2026-04-12,1000000094,1000000087,1,21
2026-04-12,1000000094,1000000088,1,22
2026-04-12,1000000094,1000000090,4,4
2026-04-12,1000000094,1000000091,6,2
2026-04-12,1000000094,1000000093,5,3
2026-04-12,1000000094,1000000108,4,5
2026-04-12,1000000094,1000000110,4,6
2026-04-12,1000000094,1000000111,4,7
2026-04-12,1000000094,1000000112,3,10
2026-04-12,1000000094,1000000113,1,23
2026-04-12,1000000094,1000000121,1,24
2026-04-12,1000000094,1000000142,1,25
2026-04-12,1000000094,1000000143,1,26
2026-04-12,1000000094,1000000144,1,27
2026-04-12,1000000108,1000000035,1,14
2026-04-12,1000000108,1000000045,5,3
2026-04-12,1000000108,1000000062,1,15
2026-04-12,1000000108,1000000063,1,16
2026-04-12,1000000108,1000000064,5,4
2026-04-12,1000000108,1000000083,3,9
2026-04-12,1000000108,1000000084,3,10
2026-04-12,1000000108,1000000085,5,5
2026-04-12,1000000108,1000000086,1,17
2026-04-12,1000000108,1000000087,4,6
2026-04-12,1000000108,1000000090,9,2
2026-04-12,1000000108,1000000091,4,7
2026-04-12,1000000108,1000000092,2,11
2026-04-12,1000000108,1000000093,13,1
2026-04-12,1000000108,1000000094,4,8
2026-04-12,1000000108,1000000110,2,12
2026-04-12,1000000108,1000000112,2,13
2026-04-12,1000000108,1000000113,1,18
2026-04-12,1000000108,1000000127,1,19
2026-04-12,1000000108,1000000142,1,20
2026-04-12,1000000108,1000000144,1,21
2026-04-12,1000000110,1000000027,1,11
2026-04-12,1000000110,1000000042,1,12
2026-04-12,1000000110,1000000044,2,6
2026-04-12,1000000110,1000000045,1,13
2026-04-12,1000000110,1000000063,2,7
2026-04-12,1000000110,1000000064,3,5
2026-04-12,1000000110,1000000065,1,14
2026-04-12,1000000110,1000000070,1,15
2026-04-12,1000000110,1000000083,1,16
2026-04-12,1000000110,1000000084,4,1
2026-04-12,1000000110,1000000085,1,17
2026-04-12,1000000110,1000000087,1,18
2026-04-12,1000000110,1000000088,1,19
2026-04-12,1000000110,1000000091,2,8
2026-04-12,1000000110,1000000093,2,9
2026-04-12,1000000110,1000000094,4,2
2026-04-12,1000000110,1000000108,2,10
2026-04-12,1000000110,1000000111,4,3
2026-04-12,1000000110,1000000112,4,4
2026-04-12,1000000110,1000000128,1,20
2026-04-12,1000000110,1000000142,1,21
2026-04-12,1000000110,1000000143,1,22
2026-04-12,1000000111,1000000035,1,21
2026-04-12,1000000111,1000000042,1,22
2026-04-12,1000000111,1000000043,2,18
2026-04-12,1000000111,1000000044,1,23
2026-04-12,1000000111,1000000045,3,14
2026-04-12,1000000111,1000000062,7,4
2026-04-12,1000000111,1000000063,8,3
2026-04-12,1000000111,1000000064,12,1
2026-04-12,1000000111,1000000065,3,15
2026-04-12,1000000111,1000000084,4,8
2026-04-12,1000000111,1000000085,3,16
2026-04-12,1000000111,1000000086,1,24
2026-04-12,1000000111,1000000087,5,5
2026-04-12,1000000111,1000000088,2,19
2026-04-12,1000000111,1000000090,4,9
2026-04-12,1000000111,1000000091,5,6
2026-04-12,1000000111,1000000092,4,10
2026-04-12,1000000111,1000000093,11,2
2026-04-12,1000000111,1000000094,4,11
2026-04-12,1000000111,1000000110,4,12
2026-04-12,1000000111,1000000112,2,20
2026-04-12,1000000111,1000000113,4,13
2026-04-12,1000000111,1000000121,1,25
2026-04-12,1000000111,1000000127,5,7
2026-04-12,1000000111,1000000144,3,17
2026-04-12,1000000112,1000000027,1,13
2026-04-12,1000000112,1000000035,1,14
2026-04-12,1000000112,1000000042,2,7
2026-04-12,1000000112,1000000043,3,4
2026-04-12,1000000112,1000000045,4,2
2026-04-12,1000000112,1000000063,1,15
2026-04-12,1000000112,1000000064,1,16
2026-04-12,1000000112,1000000065,1,17
2026-04-12,1000000112,1000000066,1,18
2026-04-12,1000000112,1000000083,1,19
2026-04-12,1000000112,1000000085,1,20
2026-04-12,1000000112,1000000086,1,21
2026-04-12,1000000112,1000000087,1,22
2026-04-12,1000000112,1000000088,2,8
2026-04-12,1000000112,1000000090,1,23
2026-04-12,1000000112,1000000091,2,9
2026-04-12,1000000112,1000000092,3,5
2026-04-12,1000000112,1000000093,2,10
2026-04-12,1000000112,1000000094,3,6
2026-04-12,1000000112,1000000108,2,11
2026-04-12,1000000112,1000000110,4,3
2026-04-12,1000000112,1000000111,2,12
2026-04-12,1000000112,1000000113,5,1
2026-04-12,1000000112,1000000121,1,24
2026-04-12,1000000112,1000000127,1,25
2026-04-12,1000000112,1000000144,1,26
2026-04-12,1000000113,1000000028,1,11
2026-04-12,1000000113,1000000033,1,12
2026-04-12,1000000113,1000000042,1,13
2026-04-12,1000000113,1000000043,2,8
2026-04-12,1000000113,1000000045,3,5
2026-04-12,1000000113,1000000062,1,14
2026-04-12,1000000113,1000000063,4,3
2026-04-12,1000000113,1000000064,8,1
2026-04-12,1000000113,1000000071,2,9
2026-04-12,1000000113,1000000083,1,15
2026-04-12,1000000113,1000000084,1,16
2026-04-12,1000000113,1000000085,1,17
2026-04-12,1000000113,1000000087,3,6
2026-04-12,1000000113,1000000088,1,18
2026-04-12,1000000113,1000000091,3,7
2026-04-12,1000000113,1000000092,1,19
2026-04-12,1000000113,1000000093,2,10
2026-04-12,1000000113,1000000094,1,20
2026-04-12,1000000113,1000000108,1,21
2026-04-12,1000000113,1000000111,4,4
2026-04-12,1000000113,1000000112,5,2
2026-04-12,1000000113,1000000121,1,22
2026-04-12,1000000113,1000000128,1,23
2026-04-12,1000000121,1000000028,1,24
2026-04-12,1000000121,1000000033,5,13
2026-04-12,1000000121,1000000035,14,5
2026-04-12,1000000121,1000000042,21,2
2026-04-12,1000000121,1000000043,20,4
2026-04-12,1000000121,1000000044,13,6
2026-04-12,1000000121,1000000045,21,3
2026-04-12,1000000121,1000000062,6,11
2026-04-12,1000000121,1000000063,11,7
2026-04-12,1000000121,1000000064,32,1
2026-04-12,1000000121,1000000065,5,14
2026-04-12,1000000121,1000000066,5,15
2026-04-12,1000000121,1000000069,8,8
2026-04-12,1000000121,1000000070,2,19
2026-04-12,1000000121,1000000083,7,9
2026-04-12,1000000121,1000000085,2,20
2026-04-12,1000000121,1000000087,6,12
2026-04-12,1000000121,1000000088,3,17
2026-04-12,1000000121,1000000089,2,21
2026-04-12,1000000121,1000000090,1,25
2026-04-12,1000000121,1000000093,1,26
2026-04-12,1000000121,1000000094,1,27
2026-04-12,1000000121,1000000111,1,28
2026-04-12,1000000121,1000000112,1,29
2026-04-12,1000000121,1000000113,1,30
2026-04-12,1000000121,1000000127,7,10
2026-04-12,1000000121,1000000128,4,16
2026-04-12,1000000121,1000000142,2,22
2026-04-12,1000000121,1000000143,3,18
2026-04-12,1000000121,1000000144,2,23
2026-04-12,1000000127,1000000033,4,17
2026-04-12,1000000127,1000000035,5,15
2026-04-12,1000000127,1000000042,20,7
2026-04-12,1000000127,1000000043,24,6
2026-04-12,1000000127,1000000044,25,5
2026-04-12,1000000127,1000000045,32,4
2026-04-12,1000000127,1000000062,61,3
2026-04-12,1000000127,1000000063,84,2
2026-04-12,1000000127,1000000064,135,1
2026-04-12,1000000127,1000000065,2,23
2026-04-12,1000000127,1000000066,6,13
2026-04-12,1000000127,1000000069,9,9
2026-04-12,1000000127,1000000071,4,18
2026-04-12,1000000127,1000000072,2,24
2026-04-12,1000000127,1000000083,11,8
2026-04-12,1000000127,1000000084,1,25
2026-04-12,1000000127,1000000085,1,26
2026-04-12,1000000127,1000000086,1,27
2026-04-12,1000000127,1000000087,3,19
2026-04-12,1000000127,1000000088,3,20
2026-04-12,1000000127,1000000089,1,28
2026-04-12,1000000127,1000000090,1,29
2026-04-12,1000000127,1000000091,3,21
2026-04-12,1000000127,1000000092,1,30
2026-04-12,1000000127,1000000093,7,10
2026-04-12,1000000127,1000000108,1,31
2026-04-12,1000000127,1000000111,5,16
2026-04-12,1000000127,1000000112,1,32
2026-04-12,1000000127,1000000121,7,11
2026-04-12,1000000127,1000000128,7,12
2026-04-12,1000000127,1000000142,6,14
2026-04-12,1000000127,1000000144,3,22
2026-04-12,1000000128,1000000027,2,15
2026-04-12,1000000128,1000000033,1,19
2026-04-12,1000000128,1000000035,2,16
2026-04-12,1000000128,1000000042,6,8
2026-04-12,1000000128,1000000043,8,4
2026-04-12,1000000128,1000000044,6,9
2026-04-12,1000000128,1000000045,14,2
2026-04-12,1000000128,1000000062,6,10
2026-04-12,1000000128,1000000063,8,5
2026-04-12,1000000128,1000000064,29,1
2026-04-12,1000000128,1000000065,7,6
2026-04-12,1000000128,1000000066,10,3
2026-04-12,1000000128,1000000069,3,13
2026-04-12,1000000128,1000000070,1,20
2026-04-12,1000000128,1000000071,1,21
2026-04-12,1000000128,1000000083,2,17
2026-04-12,1000000128,1000000084,1,22
2026-04-12,1000000128,1000000085,1,23
2026-04-12,1000000128,1000000086,1,24
2026-04-12,1000000128,1000000087,2,18
2026-04-12,1000000128,1000000088,1,25
2026-04-12,1000000128,1000000089,1,26
2026-04-12,1000000128,1000000090,1,27
2026-04-12,1000000128,1000000093,1,28
2026-04-12,1000000128,1000000110,1,29
2026-04-12,1000000128,1000000113,1,30
2026-04-12,1000000128,1000000121,4,12
2026-04-12,1000000128,1000000127,7,7
2026-04-12,1000000128,1000000142,3,14
2026-04-12,1000000128,1000000143,1,31
2026-04-12,1000000128,1000000144,5,11
2026-04-12,1000000142,1000000033,1,16
2026-04-12,1000000142,1000000035,1,17
2026-04-12,1000000142,1000000042,7,2
2026-04-12,1000000142,1000000043,3,7
2026-04-12,1000000142,1000000044,3,8
2026-04-12,1000000142,1000000045,6,3
2026-04-12,1000000142,1000000062,3,9
2026-04-12,1000000142,1000000063,2,11
2026-04-12,1000000142,1000000064,11,1
2026-04-12,1000000142,1000000065,2,12
2026-04-12,1000000142,1000000066,1,18
2026-04-12,1000000142,1000000069,2,13
2026-04-12,1000000142,1000000071,1,19
2026-04-12,1000000142,1000000083,1,20
2026-04-12,1000000142,1000000084,1,21
2026-04-12,1000000142,1000000085,5,5
2026-04-12,1000000142,1000000087,1,22
2026-04-12,1000000142,1000000094,1,23
2026-04-12,1000000142,1000000108,1,24
2026-04-12,1000000142,1000000110,1,25
2026-04-12,1000000142,1000000121,2,14
2026-04-12,1000000142,1000000127,6,4
2026-04-12,1000000142,1000000128,3,10
2026-04-12,1000000142,1000000143,2,15
2026-04-12,1000000142,1000000144,5,6
2026-04-12,1000000143,1000000042,4,4
2026-04-12,1000000143,1000000043,7,2
2026-04-12,1000000143,1000000044,2,8
2026-04-12,1000000143,1000000045,5,3
2026-04-12,1000000143,1000000062,3,5
2026-04-12,1000000143,1000000063,1,12
2026-04-12,1000000143,1000000064,9,1
2026-04-12,1000000143,1000000065,3,6
2026-04-12,1000000143,1000000066,2,9
2026-04-12,1000000143,1000000069,1,13
2026-04-12,1000000143,1000000084,1,14
2026-04-12,1000000143,1000000086,1,15
2026-04-12,1000000143,1000000087,1,16
2026-04-12,1000000143,1000000094,1,17
2026-04-12,1000000143,1000000110,1,18
2026-04-12,1000000143,1000000121,3,7
2026-04-12,1000000143,1000000128,1,19
2026-04-12,1000000143,1000000142,2,10
2026-04-12,1000000143,1000000144,2,11
2026-04-12,1000000144,1000000027,1,22
2026-04-12,1000000144,1000000033,2,13
2026-04-12,1000000144,1000000035,1,23
2026-04-12,1000000144,1000000042,3,9
2026-04-12,1000000144,1000000043,4,6
2026-04-12,1000000144,1000000044,4,7
2026-04-12,1000000144,1000000045,4,8
2026-04-12,1000000144,1000000062,2,14
2026-04-12,1000000144,1000000063,2,15
2026-04-12,1000000144,1000000064,15,1
2026-04-12,1000000144,1000000065,3,10
2026-04-12,1000000144,1000000066,5,2
2026-04-12,1000000144,1000000069,5,3
2026-04-12,1000000144,1000000085,2,16
2026-04-12,1000000144,1000000086,1,24
2026-04-12,1000000144,1000000087,2,17
2026-04-12,1000000144,1000000088,1,25
2026-04-12,1000000144,1000000089,2,18
2026-04-12,1000000144,1000000090,1,26
2026-04-12,1000000144,1000000091,1,27
2026-04-12,1000000144,1000000093,2,19
2026-04-12,1000000144,1000000094,1,28
2026-04-12,1000000144,1000000108,1,29
2026-04-12,1000000144,1000000111,3,11
2026-04-12,1000000144,1000000112,1,30
2026-04-12,1000000144,1000000121,2,20
2026-04-12,1000000144,1000000127,3,12
2026-04-12,1000000144,1000000128,5,4
2026-04-12,1000000144,1000000142,5,5
2026-04-12,1000000144,1000000143,2,21
2026-04-12,1000000153,1000000154,4,2
2026-04-12,1000000153,1000000156,18,1
2026-04-12,1000000154,1000000153,4,1
2026-04-12,1000000154,1000000156,1,2
2026-04-12,1000000156,1000000153,18,1
2026-04-12,1000000156,1000000154,1,2
2026-04-13,1000000027,1000000028,2,8
2026-04-13,1000000027,1000000033,2,9
2026-04-13,1000000027,1000000035,3,4
2026-04-13,1000000027,1000000042,6,1
2026-04-13,1000000027,1000000043,5,2
2026-04-13,1000000027,1000000044,2,10
2026-04-13,1000000027,1000000045,3,5
2026-04-13,1000000027,1000000062,1,13
2026-04-13,1000000027,1000000063,1,14
2026-04-13,1000000027,1000000064,3,6
2026-04-13,1000000027,1000000065,2,11
2026-04-13,1000000027,1000000066,1,15
2026-04-13,1000000027,1000000069,1,16
2026-04-13,1000000027,1000000070,3,7
2026-04-13,1000000027,1000000071,4,3
2026-04-13,1000000027,1000000083,1,17
2026-04-13,1000000027,1000000085,1,18
2026-04-13,1000000027,1000000110,1,19
2026-04-13,1000000027,1000000112,1,20
2026-04-13,1000000027,1000000128,2,12
2026-04-13,1000000028,1000000027,2,3
2026-04-13,1000000028,1000000035,1,11
2026-04-13,1000000028,1000000042,3,1
2026-04-13,1000000028,1000000043,2,4
2026-04-13,1000000028,1000000044,2,5
2026-04-13,1000000028,1000000045,2,6
2026-04-13,1000000028,1000000063,1,12
2026-04-13,1000000028,1000000064,2,7
2026-04-13,1000000028,1000000069,2,8
2026-04-13,1000000028,1000000070,2,9
2026-04-13,1000000028,1000000071,3,2
2026-04-13,1000000028,1000000072,1,13
2026-04-13,1000000028,1000000083,2,10
2026-04-13,1000000028,1000000087,1,14
2026-04-13,1000000028,1000000113,1,15
2026-04-13,1000000028,1000000121,1,16
2026-04-13,1000000033,1000000027,2,10
2026-04-13,1000000033,1000000035,12,1
2026-04-13,1000000033,1000000042,5,6
2026-04-13,1000000033,1000000043,9,2
2026-04-13,1000000033,1000000044,2,11
2026-04-13,1000000033,1000000045,7,3
2026-04-13,1000000033,1000000062,1,13
2026-04-13,1000000033,1000000063,1,14
2026-04-13,1000000033,1000000064,6,5
2026-04-13,1000000033,1000000065,3,9
2026-04-13,1000000033,1000000066,1,15
2026-04-13,1000000033,1000000070,1,16
2026-04-13,1000000033,1000000071,1,17
2026-04-13,1000000033,1000000083,7,4
2026-04-13,1000000033,1000000085,1,18
2026-04-13,1000000033,1000000087,2,12
2026-04-13,1000000033,1000000113,1,19
2026-04-13,1000000033,1000000121,5,7
2026-04-13,1000000033,1000000127,4,8
2026-04-13,1000000033,1000000128,1,20
2026-04-13,1000000033,1000000142,1,21
2026-04-13,1000000035,1000000027,3,16
2026-04-13,1000000035,1000000028,1,20
2026-04-13,1000000035,1000000033,12,6
2026-04-13,1000000035,1000000042,16,2
2026-04-13,1000000035,1000000043,13,4
2026-04-13,1000000035,1000000044,10,7
2026-04-13,1000000035,1000000045,13,5
2026-04-13,1000000035,1000000062,7,10
2026-04-13,1000000035,1000000063,6,11
2026-04-13,1000000035,1000000064,21,1
2026-04-13,1000000035,1000000065,5,12
2026-04-13,1000000035,1000000066,8,8
2026-04-13,1000000035,1000000069,3,17
2026-04-13,1000000035,1000000071,1,21
2026-04-13,1000000035,1000000083,8,9
2026-04-13,1000000035,1000000086,1,22
2026-04-13,1000000035,1000000087,2,18
2026-04-13,1000000035,1000000088,5,13
2026-04-13,1000000035,1000000092,1,23
2026-04-13,1000000035,1000000093,4,15
2026-04-13,1000000035,1000000094,1,24
2026-04-13,1000000035,1000000108,1,25
2026-04-13,1000000035,1000000111,1,26
2026-04-13,1000000035,1000000112,1,27
2026-04-13,1000000035,1000000121,14,3
2026-04-13,1000000035,1000000127,5,14
2026-04-13,1000000035,1000000128,2,19
2026-04-13,1000000035,1000000142,1,28
2026-04-13,1000000042,1000000027,6,16
2026-04-13,1000000042,1000000028,3,20
2026-04-13,1000000042,1000000033,5,18
2026-04-13,1000000042,1000000035,16,9
2026-04-13,1000000042,1000000043,63,3
2026-04-13,1000000042,1000000044,33,4
2026-04-13,1000000042,1000000045,78,2
2026-04-13,1000000042,1000000062,22,6
2026-04-13,1000000042,1000000063,26,5
2026-04-13,1000000042,1000000064,83,1
2026-04-13,1000000042,1000000065,10,12
2026-04-13,1000000042,1000000066,8,14
2026-04-13,1000000042,1000000069,11,11
2026-04-13,1000000042,1000000070,2,25
2026-04-13,1000000042,1000000071,10,13
2026-04-13,1000000042,1000000072,2,26
2026-04-13,1000000042,1000000074,1,31
2026-04-13,1000000042,1000000083,16,10
2026-04-13,1000000042,1000000084,2,27
2026-04-13,1000000042,1000000085,3,21
2026-04-13,1000000042,1000000086,3,22
2026-04-13,1000000042,1000000087,3,23
2026-04-13,1000000042,1000000088,2,28
2026-04-13,1000000042,1000000090,2,29
2026-04-13,1000000042,1000000093,1,32
2026-04-13,1000000042,1000000094,3,24
2026-04-13,1000000042,1000000110,1,33
2026-04-13,1000000042,1000000111,1,34
2026-04-13,1000000042,1000000112,2,30
2026-04-13,1000000042,1000000113,1,35
2026-04-13,1000000042,1000000121,21,7
2026-04-13,1000000042,1000000127,20,8
2026-04-13,1000000042,1000000128,6,17
2026-04-13,1000000042,1000000142,7,15
2026-04-13,1000000042,1000000143,4,19
2026-04-13,1000000043,1000000027,5,20
2026-04-13,1000000043,1000000028,2,25
2026-04-13,1000000043,1000000033,9,13
2026-04-13,1000000043,1000000035,13,11
2026-04-13,1000000043,1000000042,63,3
2026-04-13,1000000043,1000000044,53,4
2026-04-13,1000000043,1000000045,87,2
2026-04-13,1000000043,1000000062,19,8
2026-04-13,1000000043,1000000063,31,5
2026-04-13,1000000043,1000000064,98,1
2026-04-13,1000000043,1000000065,10,12
2026-04-13,1000000043,1000000066,18,9
2026-04-13,1000000043,1000000069,18,10
2026-04-13,1000000043,1000000070,6,19
2026-04-13,1000000043,1000000071,7,17
2026-04-13,1000000043,1000000072,1,32
2026-04-13,1000000043,1000000074,1,33
2026-04-13,1000000043,1000000083,9,14
2026-04-13,1000000043,1000000084,1,34
2026-04-13,1000000043,1000000085,2,26
2026-04-13,1000000043,1000000086,2,27
2026-04-13,1000000043,1000000087,8,15
2026-04-13,1000000043,1000000088,4,21
2026-04-13,1000000043,1000000090,3,22
2026-04-13,1000000043,1000000091,2,28
2026-04-13,1000000043,1000000092,1,35
2026-04-13,1000000043,1000000093,2,29
2026-04-13,1000000043,1000000094,1,36
2026-04-13,1000000043,1000000111,2,30
2026-04-13,1000000043,1000000112,3,23
2026-04-13,1000000043,1000000113,2,31
2026-04-13,1000000043,1000000121,20,7
2026-04-13,1000000043,1000000127,24,6
2026-04-13,1000000043,1000000128,8,16
2026-04-13,1000000043,1000000142,3,24
2026-04-13,1000000043,1000000143,7,18
2026-04-13,1000000044,1000000027,2,18
2026-04-13,1000000044,1000000028,2,19
2026-04-13,1000000044,1000000033,2,20
2026-04-13,1000000044,1000000035,10,11
2026-04-13,1000000044,1000000042,33,4
2026-04-13,1000000044,1000000043,53,3
2026-04-13,1000000044,1000000045,70,2
2026-04-13,1000000044,1000000062,19,7
2026-04-13,1000000044,1000000063,25,5
2026-04-13,1000000044,1000000064,82,1
2026-04-13,1000000044,1000000065,7,12
2026-04-13,1000000044,1000000066,14,9
2026-04-13,1000000044,1000000069,17,8
2026-04-13,1000000044,1000000070,2,21
2026-04-13,1000000044,1000000071,6,13
2026-04-13,1000000044,1000000072,3,15
2026-04-13,1000000044,1000000083,2,22
2026-04-13,1000000044,1000000086,1,25
2026-04-13,1000000044,1000000087,1,26
2026-04-13,1000000044,1000000092,1,27
2026-04-13,1000000044,1000000093,3,16
2026-04-13,1000000044,1000000094,1,28
2026-04-13,1000000044,1000000110,2,23
2026-04-13,1000000044,1000000111,1,29
2026-04-13,1000000044,1000000121,13,10
2026-04-13,1000000044,1000000127,25,6
2026-04-13,1000000044,1000000128,6,14
2026-04-13,1000000044,1000000142,3,17
2026-04-13,1000000044,1000000143,2,24
2026-04-13,1000000045,1000000027,3,25
2026-04-13,1000000045,1000000028,2,32
2026-04-13,1000000045,1000000033,7,15
2026-04-13,1000000045,1000000035,13,12
2026-04-13,1000000045,1000000042,78,3
2026-04-13,1000000045,1000000043,87,2
2026-04-13,1000000045,1000000044,70,4
2026-04-13,1000000045,1000000062,35,6
2026-04-13,1000000045,1000000063,47,5
2026-04-13,1000000045,1000000064,160,1
2026-04-13,1000000045,1000000065,9,14
2026-04-13,1000000045,1000000066,16,10
2026-04-13,1000000045,1000000069,27,8
2026-04-13,1000000045,1000000070,4,22
2026-04-13,1000000045,1000000071,5,17
2026-04-13,1000000045,1000000072,3,26
2026-04-13,1000000045,1000000083,12,13
2026-04-13,1000000045,1000000084,1,35
2026-04-13,1000000045,1000000085,4,23
2026-04-13,1000000045,1000000086,3,27
2026-04-13,1000000045,1000000087,2,33
2026-04-13,1000000045,1000000088,5,18
2026-04-13,1000000045,1000000089,1,36
2026-04-13,1000000045,1000000090,1,37
2026-04-13,1000000045,1000000091,3,28
2026-04-13,1000000045,1000000092,2,34
2026-04-13,1000000045,1000000093,5,19
2026-04-13,1000000045,1000000094,3,29
2026-04-13,1000000045,1000000108,5,20
2026-04-13,1000000045,1000000110,1,38
2026-04-13,1000000045,1000000111,3,30
2026-04-13,1000000045,1000000112,4,24
2026-04-13,1000000045,1000000113,3,31
2026-04-13,1000000045,1000000121,21,9
2026-04-13,1000000045,1000000127,32,7
2026-04-13,1000000045,1000000128,14,11
2026-04-13,1000000045,1000000142,6,16
2026-04-13,1000000045,1000000143,5,21
2026-04-13,1000000062,1000000027,1,25
2026-04-13,1000000062,1000000033,1,26
2026-04-13,1000000062,1000000035,7,10
2026-04-13,1000000062,1000000042,22,5
2026-04-13,1000000062,1000000043,19,6
2026-04-13,1000000062,1000000044,19,7
2026-04-13,1000000062,1000000045,35,4
2026-04-13,1000000062,1000000063,88,1
2026-04-13,1000000062,1000000064,39,3
2026-04-13,1000000062,1000000065,9,9
2026-04-13,1000000062,1000000066,4,16
2026-04-13,1000000062,1000000069,7,11
2026-04-13,1000000062,1000000070,1,27
2026-04-13,1000000062,1000000071,3,17
2026-04-13,1000000062,1000000072,1,28
2026-04-13,1000000062,1000000074,1,29
2026-04-13,1000000062,1000000083,12,8
2026-04-13,1000000062,1000000084,5,15
2026-04-13,1000000062,1000000085,3,18
2026-04-13,1000000062,1000000086,1,30
2026-04-13,1000000062,1000000087,2,22
2026-04-13,1000000062,1000000088,3,19
2026-04-13,1000000062,1000000089,1,31
2026-04-13,1000000062,1000000090,1,32
2026-04-13,1000000062,1000000091,2,23
2026-04-13,1000000062,1000000092,1,33
2026-04-13,1000000062,1000000093,2,24
2026-04-13,1000000062,1000000094,1,34
2026-04-13,1000000062,1000000108,1,35
2026-04-13,1000000062,1000000111,7,12
2026-04-13,1000000062,1000000113,1,36
2026-04-13,1000000062,1000000121,6,13
2026-04-13,1000000062,1000000127,61,2
2026-04-13,1000000062,1000000128,6,14
2026-04-13,1000000062,1000000142,3,20
2026-04-13,1000000062,1000000143,3,21
2026-04-13,1000000063,1000000027,1,28
2026-04-13,1000000063,1000000028,1,29
2026-04-13,1000000063,1000000033,1,30
2026-04-13,1000000063,1000000035,6,14
2026-04-13,1000000063,1000000042,26,6
2026-04-13,1000000063,1000000043,31,5
2026-04-13,1000000063,1000000044,25,7
2026-04-13,1000000063,1000000045,47,3
2026-04-13,1000000063,1000000062,88,1
2026-04-13,1000000063,1000000064,39,4
2026-04-13,1000000063,1000000065,4,15
2026-04-13,1000000063,1000000066,12,8
2026-04-13,1000000063,1000000069,10,10
2026-04-13,1000000063,1000000070,3,19
2026-04-13,1000000063,1000000071,2,23
2026-04-13,1000000063,1000000072,1,31
2026-04-13,1000000063,1000000083,7,13
2026-04-13,1000000063,1000000084,3,20
2026-04-13,1000000063,1000000085,4,16
2026-04-13,1000000063,1000000086,2,24
2026-04-13,1000000063,1000000087,4,17
2026-04-13,1000000063,1000000088,3,21
2026-04-13,1000000063,1000000089,1,32
2026-04-13,1000000063,1000000090,3,22
2026-04-13,1000000063,1000000091,1,33
2026-04-13,1000000063,1000000092,1,34
2026-04-13,1000000063,1000000093,2,25
2026-04-13,1000000063,1000000094,1,35
2026-04-13,1000000063,1000000108,1,36
2026-04-13,1000000063,1000000110,2,26
2026-04-13,1000000063,1000000111,8,11
2026-04-13,1000000063,1000000112,1,37
2026-04-13,1000000063,1000000113,4,18
2026-04-13,1000000063,1000000121,11,9
2026-04-13,1000000063,1000000127,84,2
2026-04-13,1000000063,1000000128,8,12
2026-04-13,1000000063,1000000142,2,27
2026-04-13,1000000063,1000000143,1,38
2026-04-13,1000000064,1000000027,3,33
2026-04-13,1000000064,1000000028,2,36
2026-04-13,1000000064,1000000033,6,30
2026-04-13,1000000064,1000000035,21,14
2026-04-13,1000000064,1000000042,83,4
2026-04-13,1000000064,1000000043,98,3
2026-04-13,1000000064,1000000044,82,5
2026-04-13,1000000064,1000000045,160,1
2026-04-13,1000000064,1000000062,39,9
2026-04-13,1000000064,1000000063,39,10
2026-04-13,1000000064,1000000065,22,13
2026-04-13,1000000064,1000000066,42,8
2026-04-13,1000000064,1000000069,58,6
2026-04-13,1000000064,1000000070,4,32
2026-04-13,1000000064,1000000071,11,23
2026-04-13,1000000064,1000000072,3,34
2026-04-13,1000000064,1000000074,1,38
2026-04-13,1000000064,1000000083,17,18
2026-04-13,1000000064,1000000084,11,24
2026-04-13,1000000064,1000000085,16,19
2026-04-13,1000000064,1000000086,11,25
2026-04-13,1000000064,1000000087,20,16
2026-04-13,1000000064,1000000088,19,17
2026-04-13,1000000064,1000000089,2,37
2026-04-13,1000000064,1000000090,15,20
2026-04-13,1000000064,1000000091,21,15
2026-04-13,1000000064,1000000092,15,21
2026-04-13,1000000064,1000000093,43,7
2026-04-13,1000000064,1000000094,7,29
2026-04-13,1000000064,1000000108,5,31
2026-04-13,1000000064,1000000110,3,35
2026-04-13,1000000064,1000000111,12,22
2026-04-13,1000000064,1000000112,1,39
2026-04-13,1000000064,1000000113,8,28
2026-04-13,1000000064,1000000121,32,11
2026-04-13,1000000064,1000000127,135,2
2026-04-13,1000000064,1000000128,29,12
2026-04-13,1000000064,1000000142,11,26
2026-04-13,1000000064,1000000143,9,27
2026-04-13,1000000065,1000000027,2,16
2026-04-13,1000000065,1000000033,3,13
2026-04-13,1000000065,1000000035,5,9
2026-04-13,1000000065,1000000042,10,3
2026-04-13,1000000065,1000000043,10,4
2026-04-13,1000000065,1000000044,7,7
2026-04-13,1000000065,1000000045,9,5
2026-04-13,1000000065,1000000062,9,6
2026-04-13,1000000065,1000000063,4,11
2026-04-13,1000000065,1000000064,22,1
2026-04-13,1000000065,1000000066,13,2
2026-04-13,1000000065,1000000069,4,12
2026-04-13,1000000065,1000000071,1,21
2026-04-13,1000000065,1000000083,2,17
2026-04-13,1000000065,1000000084,1,22
2026-04-13,1000000065,1000000085,2,18
2026-04-13,1000000065,1000000087,1,23
2026-04-13,1000000065,1000000110,1,24
2026-04-13,1000000065,1000000111,3,14
2026-04-13,1000000065,1000000112,1,25
2026-04-13,1000000065,1000000121,5,10
2026-04-13,1000000065,1000000127,2,19
2026-04-13,1000000065,1000000128,7,8
2026-04-13,1000000065,1000000142,2,20
2026-04-13,1000000065,1000000143,3,15
2026-04-13,1000000066,1000000027,1,19
2026-04-13,1000000066,1000000033,1,20
2026-04-13,1000000066,1000000035,8,9
2026-04-13,1000000066,1000000042,8,10
2026-04-13,1000000066,1000000043,18,2
2026-04-13,1000000066,1000000044,14,4
2026-04-13,1000000066,1000000045,16,3
2026-04-13,1000000066,1000000062,4,13
2026-04-13,1000000066,1000000063,12,6
2026-04-13,1000000066,1000000064,42,1
2026-04-13,1000000066,1000000065,13,5
2026-04-13,1000000066,1000000069,10,7
2026-04-13,1000000066,1000000070,4,14
2026-04-13,1000000066,1000000072,1,21
2026-04-13,1000000066,1000000083,1,22
2026-04-13,1000000066,1000000084,2,16
2026-04-13,1000000066,1000000087,4,15
2026-04-13,1000000066,1000000088,1,23
2026-04-13,1000000066,1000000090,1,24
2026-04-13,1000000066,1000000093,2,17
2026-04-13,1000000066,1000000112,1,25
2026-04-13,1000000066,1000000121,5,12
2026-04-13,1000000066,1000000127,6,11
2026-04-13,1000000066,1000000128,10,8
2026-04-13,1000000066,1000000142,1,26
2026-04-13,1000000066,1000000143,2,18
2026-04-13,1000000069,1000000027,1,21
2026-04-13,1000000069,1000000028,2,15
2026-04-13,1000000069,1000000035,3,13
2026-04-13,1000000069,1000000042,11,5
2026-04-13,1000000069,1000000043,18,3
2026-04-13,1000000069,1000000044,17,4
2026-04-13,1000000069,1000000045,27,2
2026-04-13,1000000069,1000000062,7,10
2026-04-13,1000000069,1000000063,10,6
2026-04-13,1000000069,1000000064,58,1
2026-04-13,1000000069,1000000065,4,12
2026-04-13,1000000069,1000000066,10,7
2026-04-13,1000000069,1000000070,1,22
2026-04-13,1000000069,1000000071,2,16
2026-04-13,1000000069,1000000083,6,11
2026-04-13,1000000069,1000000085,1,23
2026-04-13,1000000069,1000000087,1,24
2026-04-13,1000000069,1000000089,1,25
2026-04-13,1000000069,1000000090,1,26
2026-04-13,1000000069,1000000091,2,17
2026-04-13,1000000069,1000000092,2,18
2026-04-13,1000000069,1000000093,2,19
2026-04-13,1000000069,1000000094,1,27
2026-04-13,1000000069,1000000121,8,9
2026-04-13,1000000069,1000000127,9,8
2026-04-13,1000000069,1000000128,3,14
2026-04-13,1000000069,1000000142,2,20
2026-04-13,1000000069,1000000143,1,28
2026-04-13,1000000070,1000000027,3,6
2026-04-13,1000000070,1000000028,2,9
2026-04-13,1000000070,1000000033,1,13
2026-04-13,1000000070,1000000042,2,10
2026-04-13,1000000070,1000000043,6,1
2026-04-13,1000000070,1000000044,2,11
2026-04-13,1000000070,1000000045,4,3
2026-04-13,1000000070,1000000062,1,14
2026-04-13,1000000070,1000000063,3,7
2026-04-13,1000000070,1000000064,4,4
2026-04-13,1000000070,1000000066,4,5
2026-04-13,1000000070,1000000069,1,15
2026-04-13,1000000070,1000000071,5,2
2026-04-13,1000000070,1000000072,3,8
2026-04-13,1000000070,1000000083,1,16
2026-04-13,1000000070,1000000110,1,17
2026-04-13,1000000070,1000000121,2,12
2026-04-13,1000000070,1000000128,1,18
2026-04-13,1000000071,1000000027,4,7
2026-04-13,1000000071,1000000028,3,10
2026-04-13,1000000071,1000000033,1,16
2026-04-13,1000000071,1000000035,1,17
2026-04-13,1000000071,1000000042,10,2
2026-04-13,1000000071,1000000043,7,3
2026-04-13,1000000071,1000000044,6,4
2026-04-13,1000000071,1000000045,5,5
2026-04-13,1000000071,1000000062,3,11
2026-04-13,1000000071,1000000063,2,12
2026-04-13,1000000071,1000000064,11,1
2026-04-13,1000000071,1000000065,1,18
2026-04-13,1000000071,1000000069,2,13
2026-04-13,1000000071,1000000070,5,6
2026-04-13,1000000071,1000000072,2,14
2026-04-13,1000000071,1000000083,4,8
2026-04-13,1000000071,1000000087,1,19
2026-04-13,1000000071,1000000088,1,20
2026-04-13,1000000071,1000000113,2,15
2026-04-13,1000000071,1000000127,4,9
2026-04-13,1000000071,1000000128,1,21
2026-04-13,1000000071,1000000142,1,22
2026-04-13,1000000072,1000000028,1,8
2026-04-13,1000000072,1000000042,2,5
2026-04-13,1000000072,1000000043,1,9
2026-04-13,1000000072,1000000044,3,1
2026-04-13,1000000072,1000000045,3,2
2026-04-13,1000000072,1000000062,1,10
2026-04-13,1000000072,1000000063,1,11
2026-04-13,1000000072,1000000064,3,3
2026-04-13,1000000072,1000000066,1,12
2026-04-13,1000000072,1000000070,3,4
2026-04-13,1000000072,1000000071,2,6
2026-04-13,1000000072,1000000083,1,13
2026-04-13,1000000072,1000000127,2,7
2026-04-13,1000000074,1000000042,1,1
2026-04-13,1000000074,1000000043,1,2
2026-04-13,1000000074,1000000062,1,3
2026-04-13,1000000074,1000000064,1,4
2026-04-13,1000000074,1000000091,1,5
2026-04-13,1000000083,1000000027,1,21
2026-04-13,1000000083,1000000028,2,14
2026-04-13,1000000083,1000000033,7,8
2026-04-13,1000000083,1000000035,8,7
2026-04-13,1000000083,1000000042,16,2
2026-04-13,1000000083,1000000043,9,6
2026-04-13,1000000083,1000000044,2,15
2026-04-13,1000000083,1000000045,12,3
2026-04-13,1000000083,1000000062,12,4
2026-04-13,1000000083,1000000063,7,9
2026-04-13,1000000083,1000000064,17,1
2026-04-13,1000000083,1000000065,2,16
2026-04-13,1000000083,1000000066,1,22
2026-04-13,1000000083,1000000069,6,11
2026-04-13,1000000083,1000000070,1,23
2026-04-13,1000000083,1000000071,4,12
2026-04-13,1000000083,1000000072,1,24
2026-04-13,1000000083,1000000085,1,25
2026-04-13,1000000083,1000000087,1,26
2026-04-13,1000000083,1000000088,1,27
2026-04-13,1000000083,1000000090,2,17
2026-04-13,1000000083,1000000091,1,28
2026-04-13,1000000083,1000000093,2,18
2026-04-13,1000000083,1000000094,2,19
2026-04-13,1000000083,1000000108,3,13
2026-04-13,1000000083,1000000110,1,29
2026-04-13,1000000083,1000000112,1,30
2026-04-13,1000000083,1000000113,1,31
2026-04-13,1000000083,1000000121,7,10
2026-04-13,1000000083,1000000127,11,5
2026-04-13,1000000083,1000000128,2,20
2026-04-13,1000000083,1000000142,1,32
2026-04-13,1000000084,1000000042,2,13
2026-04-13,1000000084,1000000043,1,17
2026-04-13,1000000084,1000000045,1,18
2026-04-13,1000000084,1000000062,5,6
2026-04-13,1000000084,1000000063,3,11
2026-04-13,1000000084,1000000064,11,3
2026-04-13,1000000084,1000000065,1,19
2026-04-13,1000000084,1000000066,2,14
2026-04-13,1000000084,1000000085,15,1
2026-04-13,1000000084,1000000086,4,8
2026-04-13,1000000084,1000000087,15,2
2026-04-13,1000000084,1000000088,6,5
2026-04-13,1000000084,1000000090,11,4
2026-04-13,1000000084,1000000091,2,15
2026-04-13,1000000084,1000000092,2,16
2026-04-13,1000000084,1000000093,5,7
2026-04-13,1000000084,1000000094,1,20
2026-04-13,1000000084,1000000108,3,12
2026-04-13,1000000084,1000000110,4,9
2026-04-13,1000000084,1000000111,4,10
2026-04-13,1000000084,1000000113,1,21
2026-04-13,1000000084,1000000127,1,22
2026-04-13,1000000084,1000000128,1,23
2026-04-13,1000000084,1000000142,1,24
2026-04-13,1000000084,1000000143,1,25
2026-04-13,1000000085,1000000027,1,22
2026-04-13,1000000085,1000000033,1,23
2026-04-13,1000000085,1000000042,3,14
2026-04-13,1000000085,1000000043,2,17
2026-04-13,1000000085,1000000045,4,12
2026-04-13,1000000085,1000000062,3,15
2026-04-13,1000000085,1000000063,4,13
2026-04-13,1000000085,1000000064,16,1
2026-04-13,1000000085,1000000065,2,18
2026-04-13,1000000085,1000000069,1,24
2026-04-13,1000000085,1000000083,1,25
2026-04-13,1000000085,1000000084,15,2
2026-04-13,1000000085,1000000086,8,7
2026-04-13,1000000085,1000000087,9,4
2026-04-13,1000000085,1000000088,9,5
2026-04-13,1000000085,1000000089,2,19
2026-04-13,1000000085,1000000090,12,3
2026-04-13,1000000085,1000000091,9,6
2026-04-13,1000000085,1000000092,7,8
2026-04-13,1000000085,1000000093,6,9
2026-04-13,1000000085,1000000094,2,20
2026-04-13,1000000085,1000000108,5,10
2026-04-13,1000000085,1000000110,1,26
2026-04-13,1000000085,1000000111,3,16
2026-04-13,1000000085,1000000112,1,27
2026-04-13,1000000085,1000000113,1,28
2026-04-13,1000000085,1000000121,2,21
2026-04-13,1000000085,1000000127,1,29
2026-04-13,1000000085,1000000128,1,30
2026-04-13,1000000085,1000000142,5,11
2026-04-13,1000000086,1000000035,1,15
2026-04-13,1000000086,1000000042,3,7
2026-04-13,1000000086,1000000043,2,11
2026-04-13,1000000086,1000000044,1,16
2026-04-13,1000000086,1000000045,3,8
2026-04-13,1000000086,1000000062,1,17
2026-04-13,1000000086,1000000063,2,12
2026-04-13,1000000086,1000000064,11,1
2026-04-13,1000000086,1000000084,4,6
2026-04-13,1000000086,1000000085,8,3
2026-04-13,1000000086,1000000087,5,4
2026-04-13,1000000086,1000000088,11,2
2026-04-13,1000000086,1000000089,3,9
2026-04-13,1000000086,1000000090,2,13
2026-04-13,1000000086,1000000091,5,5
2026-04-13,1000000086,1000000092,3,10
2026-04-13,1000000086,1000000093,1,18
2026-04-13,1000000086,1000000094,2,14
2026-04-13,1000000086,1000000108,1,19
2026-04-13,1000000086,1000000111,1,20
2026-04-13,1000000086,1000000112,1,21
2026-04-13,1000000086,1000000127,1,22
2026-04-13,1000000086,1000000128,1,23
2026-04-13,1000000086,1000000143,1,24
2026-04-13,1000000087,1000000028,1,24
2026-04-13,1000000087,1000000033,2,19
2026-04-13,1000000087,1000000035,2,20
2026-04-13,1000000087,1000000042,3,16
2026-04-13,1000000087,1000000043,8,7
2026-04-13,1000000087,1000000044,1,25
2026-04-13,1000000087,1000000045,2,21
2026-04-13,1000000087,1000000062,2,22
2026-04-13,1000000087,1000000063,4,11
2026-04-13,1000000087,1000000064,20,1
2026-04-13,1000000087,1000000065,1,26
2026-04-13,1000000087,1000000066,4,12
2026-04-13,1000000087,1000000069,1,27
2026-04-13,1000000087,1000000071,1,28
2026-04-13,1000000087,1000000083,1,29
2026-04-13,1000000087,1000000084,15,2
2026-04-13,1000000087,1000000085,9,5
2026-04-13,1000000087,1000000086,5,9
2026-04-13,1000000087,1000000088,11,3
2026-04-13,1000000087,1000000089,1,30
2026-04-13,1000000087,1000000090,9,6
2026-04-13,1000000087,1000000091,11,4
2026-04-13,1000000087,1000000092,4,13
2026-04-13,1000000087,1000000093,4,14
2026-04-13,1000000087,1000000094,1,31
2026-04-13,1000000087,1000000108,4,15
2026-04-13,1000000087,1000000110,1,32
2026-04-13,1000000087,1000000111,5,10
2026-04-13,1000000087,1000000112,1,33
2026-04-13,1000000087,1000000113,3,17
2026-04-13,1000000087,1000000121,6,8
2026-04-13,1000000087,1000000127,3,18
2026-04-13,1000000087,1000000128,2,23
2026-04-13,1000000087,1000000142,1,34
2026-04-13,1000000087,1000000143,1,35
2026-04-13,1000000088,1000000035,5,8
2026-04-13,1000000088,1000000042,2,17
2026-04-13,1000000088,1000000043,4,10
2026-04-13,1000000088,1000000045,5,9
2026-04-13,1000000088,1000000062,3,12
2026-04-13,1000000088,1000000063,3,13
2026-04-13,1000000088,1000000064,19,1
2026-04-13,1000000088,1000000066,1,21
2026-04-13,1000000088,1000000071,1,22
2026-04-13,1000000088,1000000083,1,23
2026-04-13,1000000088,1000000084,6,6
2026-04-13,1000000088,1000000085,9,4
2026-04-13,1000000088,1000000086,11,2
2026-04-13,1000000088,1000000087,11,3
2026-04-13,1000000088,1000000089,3,14
2026-04-13,1000000088,1000000090,4,11
2026-04-13,1000000088,1000000091,9,5
2026-04-13,1000000088,1000000092,6,7
2026-04-13,1000000088,1000000093,2,18
2026-04-13,1000000088,1000000094,1,24
2026-04-13,1000000088,1000000110,1,25
2026-04-13,1000000088,1000000111,2,19
2026-04-13,1000000088,1000000112,2,20
2026-04-13,1000000088,1000000113,1,26
2026-04-13,1000000088,1000000121,3,15
2026-04-13,1000000088,1000000127,3,16
2026-04-13,1000000088,1000000128,1,27
2026-04-13,1000000089,1000000045,1,6
2026-04-13,1000000089,1000000062,1,7
2026-04-13,1000000089,1000000063,1,8
2026-04-13,1000000089,1000000064,2,3
2026-04-13,1000000089,1000000069,1,9
2026-04-13,1000000089,1000000085,2,4
2026-04-13,1000000089,1000000086,3,1
2026-04-13,1000000089,1000000087,1,10
2026-04-13,1000000089,1000000088,3,2
2026-04-13,1000000089,1000000091,1,11
2026-04-13,1000000089,1000000121,2,5
2026-04-13,1000000089,1000000127,1,12
2026-04-13,1000000089,1000000128,1,13
2026-04-13,1000000090,1000000042,2,14
2026-04-13,1000000090,1000000043,3,12
2026-04-13,1000000090,1000000045,1,17
2026-04-13,1000000090,1000000062,1,18
2026-04-13,1000000090,1000000063,3,13
2026-04-13,1000000090,1000000064,15,2
2026-04-13,1000000090,1000000066,1,19
2026-04-13,1000000090,1000000069,1,20
2026-04-13,1000000090,1000000083,2,15
2026-04-13,1000000090,1000000084,11,4
2026-04-13,1000000090,1000000085,12,3
2026-04-13,1000000090,1000000086,2,16
2026-04-13,1000000090,1000000087,9,6
2026-04-13,1000000090,1000000088,4,9
2026-04-13,1000000090,1000000091,20,1
2026-04-13,1000000090,1000000092,6,8
2026-04-13,1000000090,1000000093,10,5
2026-04-13,1000000090,1000000094,4,10
2026-04-13,1000000090,1000000108,9,7
2026-04-13,1000000090,1000000111,4,11
2026-04-13,1000000090,1000000112,1,21
2026-04-13,1000000090,1000000121,1,22
2026-04-13,1000000090,1000000127,1,23
2026-04-13,1000000090,1000000128,1,24
2026-04-13,1000000091,1000000043,2,15
2026-04-13,1000000091,1000000045,3,12
2026-04-13,1000000091,1000000062,2,16
2026-04-13,1000000091,1000000063,1,21
2026-04-13,1000000091,1000000064,21,1
2026-04-13,1000000091,1000000069,2,17
2026-04-13,1000000091,1000000074,1,22
2026-04-13,1000000091,1000000083,1,23
2026-04-13,1000000091,1000000084,2,18
2026-04-13,1000000091,1000000085,9,5
2026-04-13,1000000091,1000000086,5,9
2026-04-13,1000000091,1000000087,11,3
2026-04-13,1000000091,1000000088,9,6
2026-04-13,1000000091,1000000089,1,24
2026-04-13,1000000091,1000000090,20,2
2026-04-13,1000000091,1000000092,11,4
2026-04-13,1000000091,1000000093,9,7
2026-04-13,1000000091,1000000094,6,8
2026-04-13,1000000091,1000000108,4,11
2026-04-13,1000000091,1000000110,2,19
2026-04-13,1000000091,1000000111,5,10
2026-04-13,1000000091,1000000112,2,20
2026-04-13,1000000091,1000000113,3,13
2026-04-13,1000000091,1000000127,3,14
2026-04-13,1000000092,1000000035,1,15
2026-04-13,1000000092,1000000043,1,16
2026-04-13,1000000092,1000000044,1,17
2026-04-13,1000000092,1000000045,2,11
2026-04-13,1000000092,1000000062,1,18
2026-04-13,1000000092,1000000063,1,19
2026-04-13,1000000092,1000000064,15,1
2026-04-13,1000000092,1000000069,2,12
2026-04-13,1000000092,1000000084,2,13
2026-04-13,1000000092,1000000085,7,3
2026-04-13,1000000092,1000000086,3,9
2026-04-13,1000000092,1000000087,4,6
2026-04-13,1000000092,1000000088,6,4
2026-04-13,1000000092,1000000090,6,5
2026-04-13,1000000092,1000000091,11,2
2026-04-13,1000000092,1000000093,4,7
2026-04-13,1000000092,1000000108,2,14
2026-04-13,1000000092,1000000111,4,8
2026-04-13,1000000092,1000000112,3,10
2026-04-13,1000000092,1000000113,1,20
2026-04-13,1000000092,1000000127,1,21
2026-04-13,1000000093,1000000035,4,11
2026-04-13,1000000093,1000000042,1,25
2026-04-13,1000000093,1000000043,2,15
2026-04-13,1000000093,1000000044,3,14
2026-04-13,1000000093,1000000045,5,8
2026-04-13,1000000093,1000000062,2,16
2026-04-13,1000000093,1000000063,2,17
2026-04-13,1000000093,1000000064,43,1
2026-04-13,1000000093,1000000066,2,18
2026-04-13,1000000093,1000000069,2,19
2026-04-13,1000000093,1000000083,2,20
2026-04-13,1000000093,1000000084,5,9
2026-04-13,1000000093,1000000085,6,7
2026-04-13,1000000093,1000000086,1,26
2026-04-13,1000000093,1000000087,4,12
2026-04-13,1000000093,1000000088,2,21
2026-04-13,1000000093,1000000090,10,4
2026-04-13,1000000093,1000000091,9,5
2026-04-13,1000000093,1000000092,4,13
2026-04-13,1000000093,1000000094,5,10
2026-04-13,1000000093,1000000108,13,2
2026-04-13,1000000093,1000000110,2,22
2026-04-13,1000000093,1000000111,11,3
2026-04-13,1000000093,1000000112,2,23
2026-04-13,1000000093,1000000113,2,24
2026-04-13,1000000093,1000000121,1,27
2026-04-13,1000000093,1000000127,7,6
2026-04-13,1000000093,1000000128,1,28
2026-04-13,1000000094,1000000035,1,14
2026-04-13,1000000094,1000000042,3,8
2026-04-13,1000000094,1000000043,1,15
2026-04-13,1000000094,1000000044,1,16
2026-04-13,1000000094,1000000045,3,9
2026-04-13,1000000094,1000000062,1,17
2026-04-13,1000000094,1000000063,1,18
2026-04-13,1000000094,1000000064,7,1
2026-04-13,1000000094,1000000069,1,19
2026-04-13,1000000094,1000000083,2,11
2026-04-13,1000000094,1000000084,1,20
2026-04-13,1000000094,1000000085,2,12
2026-04-13,1000000094,1000000086,2,13
2026-04-13,1000000094,1000000087,1,21
2026-04-13,1000000094,1000000088,1,22
2026-04-13,1000000094,1000000090,4,4
2026-04-13,1000000094,1000000091,6,2
2026-04-13,1000000094,1000000093,5,3
2026-04-13,1000000094,1000000108,4,5
2026-04-13,1000000094,1000000110,4,6
2026-04-13,1000000094,1000000111,4,7
2026-04-13,1000000094,1000000112,3,10
2026-04-13,1000000094,1000000113,1,23
2026-04-13,1000000094,1000000121,1,24
2026-04-13,1000000094,1000000142,1,25
2026-04-13,1000000094,1000000143,1,26
2026-04-13,1000000108,1000000035,1,14
2026-04-13,1000000108,1000000045,5,3
2026-04-13,1000000108,1000000062,1,15
2026-04-13,1000000108,1000000063,1,16
2026-04-13,1000000108,1000000064,5,4
2026-04-13,1000000108,1000000083,3,9
2026-04-13,1000000108,1000000084,3,10
2026-04-13,1000000108,1000000085,5,5
2026-04-13,1000000108,1000000086,1,17
2026-04-13,1000000108,1000000087,4,6
2026-04-13,1000000108,1000000090,9,2
2026-04-13,1000000108,1000000091,4,7
2026-04-13,1000000108,1000000092,2,11
2026-04-13,1000000108,1000000093,13,1
2026-04-13,1000000108,1000000094,4,8
2026-04-13,1000000108,1000000110,2,12
2026-04-13,1000000108,1000000112,2,13
2026-04-13,1000000108,1000000113,1,18
2026-04-13,1000000108,1000000127,1,19
2026-04-13,1000000108,1000000142,1,20
2026-04-13,1000000110,1000000027,1,11
2026-04-13,1000000110,1000000042,1,12
2026-04-13,1000000110,1000000044,2,6
2026-04-13,1000000110,1000000045,1,13
2026-04-13,1000000110,1000000063,2,7
2026-04-13,1000000110,1000000064,3,5
2026-04-13,1000000110,1000000065,1,14
2026-04-13,1000000110,1000000070,1,15
2026-04-13,1000000110,1000000083,1,16
2026-04-13,1000000110,1000000084,4,1
2026-04-13,1000000110,1000000085,1,17
2026-04-13,1000000110,1000000087,1,18
2026-04-13,1000000110,1000000088,1,19
2026-04-13,1000000110,1000000091,2,8
2026-04-13,1000000110,1000000093,2,9
2026-04-13,1000000110,1000000094,4,2
2026-04-13,1000000110,1000000108,2,10
2026-04-13,1000000110,1000000111,4,3
2026-04-13,1000000110,1000000112,4,4
2026-04-13,1000000110,1000000128,1,20
2026-04-13,1000000110,1000000142,1,21
2026-04-13,1000000110,1000000143,1,22
2026-04-13,1000000111,1000000035,1,20
2026-04-13,1000000111,1000000042,1,21
2026-04-13,1000000111,1000000043,2,17
2026-04-13,1000000111,1000000044,1,22
2026-04-13,1000000111,1000000045,3,14
2026-04-13,1000000111,1000000062,7,4
2026-04-13,1000000111,1000000063,8,3
2026-04-13,1000000111,1000000064,12,1
2026-04-13,1000000111,1000000065,3,15
2026-04-13,1000000111,1000000084,4,8
2026-04-13,1000000111,1000000085,3,16
2026-04-13,1000000111,1000000086,1,23
2026-04-13,1000000111,1000000087,5,5
2026-04-13,1000000111,1000000088,2,18
2026-04-13,1000000111,1000000090,4,9
2026-04-13,1000000111,1000000091,5,6
2026-04-13,1000000111,1000000092,4,10
2026-04-13,1000000111,1000000093,11,2
2026-04-13,1000000111,1000000094,4,11
2026-04-13,1000000111,1000000110,4,12
2026-04-13,1000000111,1000000112,2,19
2026-04-13,1000000111,1000000113,4,13
2026-04-13,1000000111,1000000121,1,24
2026-04-13,1000000111,1000000127,5,7
2026-04-13,1000000112,1000000027,1,13
2026-04-13,1000000112,1000000035,1,14
2026-04-13,1000000112,1000000042,2,7
2026-04-13,1000000112,1000000043,3,4
2026-04-13,1000000112,1000000045,4,2
2026-04-13,1000000112,1000000063,1,15
2026-04-13,1000000112,1000000064,1,16
2026-04-13,1000000112,1000000065,1,17
2026-04-13,1000000112,1000000066,1,18
2026-04-13,1000000112,1000000083,1,19
2026-04-13,1000000112,1000000085,1,20
2026-04-13,1000000112,1000000086,1,21
2026-04-13,1000000112,1000000087,1,22
2026-04-13,1000000112,1000000088,2,8
2026-04-13,1000000112,1000000090,1,23
2026-04-13,1000000112,1000000091,2,9
2026-04-13,1000000112,1000000092,3,5
2026-04-13,1000000112,1000000093,2,10
2026-04-13,1000000112,1000000094,3,6
2026-04-13,1000000112,1000000108,2,11
2026-04-13,1000000112,1000000110,4,3
2026-04-13,1000000112,1000000111,2,12
2026-04-13,1000000112,1000000113,5,1
2026-04-13,1000000112,1000000121,1,24
2026-04-13,1000000112,1000000127,1,25
2026-04-13,1000000113,1000000028,1,11
2026-04-13,1000000113,1000000033,1,12
2026-04-13,1000000113,1000000042,1,13
2026-04-13,1000000113,1000000043,2,8
2026-04-13,1000000113,1000000045,3,5
2026-04-13,1000000113,1000000062,1,14
2026-04-13,1000000113,1000000063,4,3
2026-04-13,1000000113,1000000064,8,1
2026-04-13,1000000113,1000000071,2,9
2026-04-13,1000000113,1000000083,1,15
2026-04-13,1000000113,1000000084,1,16
2026-04-13,1000000113,1000000085,1,17
2026-04-13,1000000113,1000000087,3,6
2026-04-13,1000000113,1000000088,1,18
2026-04-13,1000000113,1000000091,3,7
2026-04-13,1000000113,1000000092,1,19
2026-04-13,1000000113,1000000093,2,10
2026-04-13,1000000113,1000000094,1,20
2026-04-13,1000000113,1000000108,1,21
2026-04-13,1000000113,1000000111,4,4
2026-04-13,1000000113,1000000112,5,2
2026-04-13,1000000113,1000000121,1,22
2026-04-13,1000000113,1000000128,1,23
2026-04-13,1000000121,1000000028,1,23
2026-04-13,1000000121,1000000033,5,13
2026-04-13,1000000121,1000000035,14,5
2026-04-13,1000000121,1000000042,21,2
2026-04-13,1000000121,1000000043,20,4
2026-04-13,1000000121,1000000044,13,6
2026-04-13,1000000121,1000000045,21,3
2026-04-13,1000000121,1000000062,6,11
2026-04-13,1000000121,1000000063,11,7
2026-04-13,1000000121,1000000064,32,1
2026-04-13,1000000121,1000000065,5,14
2026-04-13,1000000121,1000000066,5,15
2026-04-13,1000000121,1000000069,8,8
2026-04-13,1000000121,1000000070,2,19
2026-04-13,1000000121,1000000083,7,9
2026-04-13,1000000121,1000000085,2,20
2026-04-13,1000000121,1000000087,6,12
2026-04-13,1000000121,1000000088,3,17
2026-04-13,1000000121,1000000089,2,21
2026-04-13,1000000121,1000000090,1,24
2026-04-13,1000000121,1000000093,1,25
2026-04-13,1000000121,1000000094,1,26
2026-04-13,1000000121,1000000111,1,27
2026-04-13,1000000121,1000000112,1,28
2026-04-13,1000000121,1000000113,1,29
2026-04-13,1000000121,1000000127,7,10
2026-04-13,1000000121,1000000128,4,16
2026-04-13,1000000121,1000000142,2,22
2026-04-13,1000000121,1000000143,3,18
2026-04-13,1000000127,1000000033,4,17
2026-04-13,1000000127,1000000035,5,15
2026-04-13,1000000127,1000000042,20,7
2026-04-13,1000000127,1000000043,24,6
2026-04-13,1000000127,1000000044,25,5
2026-04-13,1000000127,1000000045,32,4
2026-04-13,1000000127,1000000062,61,3
2026-04-13,1000000127,1000000063,84,2
2026-04-13,1000000127,1000000064,135,1
2026-04-13,1000000127,1000000065,2,22
2026-04-13,1000000127,1000000066,6,13
2026-04-13,1000000127,1000000069,9,9
2026-04-13,1000000127,1000000071,4,18
2026-04-13,1000000127,1000000072,2,23
2026-04-13,1000000127,1000000083,11,8
2026-04-13,1000000127,1000000084,1,24
2026-04-13,1000000127,1000000085,1,25
2026-04-13,1000000127,1000000086,1,26
2026-04-13,1000000127,1000000087,3,19
2026-04-13,1000000127,1000000088,3,20
2026-04-13,1000000127,1000000089,1,27
2026-04-13,1000000127,1000000090,1,28
2026-04-13,1000000127,1000000091,3,21
2026-04-13,1000000127,1000000092,1,29
2026-04-13,1000000127,1000000093,7,10
2026-04-13,1000000127,1000000108,1,30
2026-04-13,1000000127,1000000111,5,16
2026-04-13,1000000127,1000000112,1,31
2026-04-13,1000000127,1000000121,7,11
2026-04-13,1000000127,1000000128,7,12
2026-04-13,1000000127,1000000142,6,14
2026-04-13,1000000128,1000000027,2,14
2026-04-13,1000000128,1000000033,1,18
2026-04-13,1000000128,1000000035,2,15
2026-04-13,1000000128,1000000042,6,8
2026-04-13,1000000128,1000000043,8,4
2026-04-13,1000000128,1000000044,6,9
2026-04-13,1000000128,1000000045,14,2
2026-04-13,1000000128,1000000062,6,10
2026-04-13,1000000128,1000000063,8,5
2026-04-13,1000000128,1000000064,29,1
2026-04-13,1000000128,1000000065,7,6
2026-04-13,1000000128,1000000066,10,3
2026-04-13,1000000128,1000000069,3,12
2026-04-13,1000000128,1000000070,1,19
2026-04-13,1000000128,1000000071,1,20
2026-04-13,1000000128,1000000083,2,16
2026-04-13,1000000128,1000000084,1,21
2026-04-13,1000000128,1000000085,1,22
2026-04-13,1000000128,1000000086,1,23
2026-04-13,1000000128,1000000087,2,17
2026-04-13,1000000128,1000000088,1,24
2026-04-13,1000000128,1000000089,1,25
2026-04-13,1000000128,1000000090,1,26
2026-04-13,1000000128,1000000093,1,27
2026-04-13,1000000128,1000000110,1,28
2026-04-13,1000000128,1000000113,1,29
2026-04-13,1000000128,1000000121,4,11
2026-04-13,1000000128,1000000127,7,7
2026-04-13,1000000128,1000000142,3,13
2026-04-13,1000000128,1000000143,1,30
2026-04-13,1000000142,1000000033,1,15
2026-04-13,1000000142,1000000035,1,16
2026-04-13,1000000142,1000000042,7,2
2026-04-13,1000000142,1000000043,3,6
2026-04-13,1000000142,1000000044,3,7
2026-04-13,1000000142,1000000045,6,3
2026-04-13,1000000142,1000000062,3,8
2026-04-13,1000000142,1000000063,2,10
2026-04-13,1000000142,1000000064,11,1
2026-04-13,1000000142,1000000065,2,11
2026-04-13,1000000142,1000000066,1,17
2026-04-13,1000000142,1000000069,2,12
2026-04-13,1000000142,1000000071,1,18
2026-04-13,1000000142,1000000083,1,19
2026-04-13,1000000142,1000000084,1,20
2026-04-13,1000000142,1000000085,5,5
2026-04-13,1000000142,1000000087,1,21
2026-04-13,1000000142,1000000094,1,22
2026-04-13,1000000142,1000000108,1,23
2026-04-13,1000000142,1000000110,1,24
2026-04-13,1000000142,1000000121,2,13
2026-04-13,1000000142,1000000127,6,4
2026-04-13,1000000142,1000000128,3,9
2026-04-13,1000000142,1000000143,2,14
2026-04-13,1000000143,1000000042,4,4
2026-04-13,1000000143,1000000043,7,2
2026-04-13,1000000143,1000000044,2,8
2026-04-13,1000000143,1000000045,5,3
2026-04-13,1000000143,1000000062,3,5
2026-04-13,1000000143,1000000063,1,11
2026-04-13,1000000143,1000000064,9,1
2026-04-13,1000000143,1000000065,3,6
2026-04-13,1000000143,1000000066,2,9
2026-04-13,1000000143,1000000069,1,12
2026-04-13,1000000143,1000000084,1,13
2026-04-13,1000000143,1000000086,1,14
2026-04-13,1000000143,1000000087,1,15
2026-04-13,1000000143,1000000094,1,16
2026-04-13,1000000143,1000000110,1,17
2026-04-13,1000000143,1000000121,3,7
2026-04-13,1000000143,1000000128,1,18
2026-04-13,1000000143,1000000142,2,10
2026-04-13,1000000153,1000000154,4,2
2026-04-13,1000000153,1000000156,18,1
2026-04-13,1000000154,1000000153,4,1
2026-04-13,1000000154,1000000156,1,2
2026-04-13,1000000156,1000000153,18,1
2026-04-13,1000000156,1000000154,1,2
2026-04-14,1000000027,1000000028,2,8
2026-04-14,1000000027,1000000033,2,9
2026-04-14,1000000027,1000000035,3,4
2026-04-14,1000000027,1000000042,6,1
2026-04-14,1000000027,1000000043,5,2
2026-04-14,1000000027,1000000044,2,10
2026-04-14,1000000027,1000000045,3,5
2026-04-14,1000000027,1000000062,1,13
2026-04-14,1000000027,1000000063,1,14
2026-04-14,1000000027,1000000064,3,6
2026-04-14,1000000027,1000000065,2,11
2026-04-14,1000000027,1000000066,1,15
2026-04-14,1000000027,1000000069,1,16
2026-04-14,1000000027,1000000070,3,7
2026-04-14,1000000027,1000000071,4,3
2026-04-14,1000000027,1000000083,1,17
2026-04-14,1000000027,1000000085,1,18
2026-04-14,1000000027,1000000110,1,19
2026-04-14,1000000027,1000000112,1,20
2026-04-14,1000000027,1000000128,2,12
2026-04-14,1000000028,1000000027,2,3
2026-04-14,1000000028,1000000035,1,11
2026-04-14,1000000028,1000000042,3,1
2026-04-14,1000000028,1000000043,2,4
2026-04-14,1000000028,1000000044,2,5
2026-04-14,1000000028,1000000045,2,6
2026-04-14,1000000028,1000000063,1,12
2026-04-14,1000000028,1000000064,2,7
2026-04-14,1000000028,1000000069,2,8
2026-04-14,1000000028,1000000070,2,9
2026-04-14,1000000028,1000000071,3,2
2026-04-14,1000000028,1000000072,1,13
2026-04-14,1000000028,1000000083,2,10
2026-04-14,1000000028,1000000087,1,14
2026-04-14,1000000028,1000000113,1,15
2026-04-14,1000000028,1000000121,1,16
2026-04-14,1000000033,1000000027,2,10
2026-04-14,1000000033,1000000035,12,1
2026-04-14,1000000033,1000000042,5,6
2026-04-14,1000000033,1000000043,9,2
2026-04-14,1000000033,1000000044,2,11
2026-04-14,1000000033,1000000045,7,3
2026-04-14,1000000033,1000000062,1,13
2026-04-14,1000000033,1000000063,1,14
2026-04-14,1000000033,1000000064,6,5
2026-04-14,1000000033,1000000065,3,9
2026-04-14,1000000033,1000000066,1,15
2026-04-14,1000000033,1000000070,1,16
2026-04-14,1000000033,1000000071,1,17
2026-04-14,1000000033,1000000083,7,4
2026-04-14,1000000033,1000000085,1,18
2026-04-14,1000000033,1000000087,2,12
2026-04-14,1000000033,1000000113,1,19
2026-04-14,1000000033,1000000121,5,7
2026-04-14,1000000033,1000000127,4,8
2026-04-14,1000000033,1000000128,1,20
2026-04-14,1000000033,1000000142,1,21
2026-04-14,1000000035,1000000027,3,16
2026-04-14,1000000035,1000000028,1,20
2026-04-14,1000000035,1000000033,12,6
2026-04-14,1000000035,1000000042,16,2
2026-04-14,1000000035,1000000043,13,4
2026-04-14,1000000035,1000000044,10,7
2026-04-14,1000000035,1000000045,13,5
2026-04-14,1000000035,1000000062,7,10
2026-04-14,1000000035,1000000063,6,11
2026-04-14,1000000035,1000000064,21,1
2026-04-14,1000000035,1000000065,5,12
2026-04-14,1000000035,1000000066,8,8
2026-04-14,1000000035,1000000069,3,17
2026-04-14,1000000035,1000000071,1,21
2026-04-14,1000000035,1000000083,8,9
2026-04-14,1000000035,1000000086,1,22
2026-04-14,1000000035,1000000087,2,18
2026-04-14,1000000035,1000000088,5,13
2026-04-14,1000000035,1000000092,1,23
2026-04-14,1000000035,1000000093,4,15
2026-04-14,1000000035,1000000094,1,24
2026-04-14,1000000035,1000000108,1,25
2026-04-14,1000000035,1000000111,1,26
2026-04-14,1000000035,1000000112,1,27
2026-04-14,1000000035,1000000121,14,3
2026-04-14,1000000035,1000000127,5,14
2026-04-14,1000000035,1000000128,2,19
2026-04-14,1000000035,1000000142,1,28
2026-04-14,1000000042,1000000027,6,16
2026-04-14,1000000042,1000000028,3,20
2026-04-14,1000000042,1000000033,5,18
2026-04-14,1000000042,1000000035,16,9
2026-04-14,1000000042,1000000043,63,3
2026-04-14,1000000042,1000000044,33,4
2026-04-14,1000000042,1000000045,78,2
2026-04-14,1000000042,1000000062,22,6
2026-04-14,1000000042,1000000063,25,5
2026-04-14,1000000042,1000000064,83,1
2026-04-14,1000000042,1000000065,10,12
2026-04-14,1000000042,1000000066,8,14
2026-04-14,1000000042,1000000069,11,11
2026-04-14,1000000042,1000000070,2,25
2026-04-14,1000000042,1000000071,10,13
2026-04-14,1000000042,1000000072,2,26
2026-04-14,1000000042,1000000074,1,31
2026-04-14,1000000042,1000000083,16,10
2026-04-14,1000000042,1000000084,2,27
2026-04-14,1000000042,1000000085,3,21
2026-04-14,1000000042,1000000086,3,22
2026-04-14,1000000042,1000000087,3,23
2026-04-14,1000000042,1000000088,2,28
2026-04-14,1000000042,1000000090,2,29
2026-04-14,1000000042,1000000093,1,32
2026-04-14,1000000042,1000000094,3,24
2026-04-14,1000000042,1000000110,1,33
2026-04-14,1000000042,1000000111,1,34
2026-04-14,1000000042,1000000112,2,30
2026-04-14,1000000042,1000000113,1,35
2026-04-14,1000000042,1000000121,21,7
2026-04-14,1000000042,1000000127,20,8
2026-04-14,1000000042,1000000128,6,17
2026-04-14,1000000042,1000000142,7,15
2026-04-14,1000000042,1000000143,4,19
2026-04-14,1000000043,1000000027,5,20
2026-04-14,1000000043,1000000028,2,25
2026-04-14,1000000043,1000000033,9,13
2026-04-14,1000000043,1000000035,13,11
2026-04-14,1000000043,1000000042,63,3
2026-04-14,1000000043,1000000044,53,4
2026-04-14,1000000043,1000000045,87,2
2026-04-14,1000000043,1000000062,19,8
2026-04-14,1000000043,1000000063,31,5
2026-04-14,1000000043,1000000064,98,1
2026-04-14,1000000043,1000000065,10,12
2026-04-14,1000000043,1000000066,18,9
2026-04-14,1000000043,1000000069,18,10
2026-04-14,1000000043,1000000070,6,19
2026-04-14,1000000043,1000000071,7,17
2026-04-14,1000000043,1000000072,1,32
2026-04-14,1000000043,1000000074,1,33
2026-04-14,1000000043,1000000083,9,14
2026-04-14,1000000043,1000000084,1,34
2026-04-14,1000000043,1000000085,2,26
2026-04-14,1000000043,1000000086,2,27
2026-04-14,1000000043,1000000087,8,15
2026-04-14,1000000043,1000000088,4,21
2026-04-14,1000000043,1000000090,3,22
2026-04-14,1000000043,1000000091,2,28
2026-04-14,1000000043,1000000092,1,35
2026-04-14,1000000043,1000000093,2,29
2026-04-14,1000000043,1000000094,1,36
2026-04-14,1000000043,1000000111,2,30
2026-04-14,1000000043,1000000112,3,23
2026-04-14,1000000043,1000000113,2,31
2026-04-14,1000000043,1000000121,20,7
2026-04-14,1000000043,1000000127,24,6
2026-04-14,1000000043,1000000128,8,16
2026-04-14,1000000043,1000000142,3,24
2026-04-14,1000000043,1000000143,7,18
2026-04-14,1000000044,1000000027,2,18
2026-04-14,1000000044,1000000028,2,19
2026-04-14,1000000044,1000000033,2,20
2026-04-14,1000000044,1000000035,10,11
2026-04-14,1000000044,1000000042,33,4
2026-04-14,1000000044,1000000043,53,3
2026-04-14,1000000044,1000000045,70,2
2026-04-14,1000000044,1000000062,19,7
2026-04-14,1000000044,1000000063,25,5
2026-04-14,1000000044,1000000064,82,1
2026-04-14,1000000044,1000000065,7,12
2026-04-14,1000000044,1000000066,14,9
2026-04-14,1000000044,1000000069,17,8
2026-04-14,1000000044,1000000070,2,21
2026-04-14,1000000044,1000000071,6,13
2026-04-14,1000000044,1000000072,3,15
2026-04-14,1000000044,1000000083,2,22
2026-04-14,1000000044,1000000086,1,25
2026-04-14,1000000044,1000000087,1,26
2026-04-14,1000000044,1000000090,1,27
2026-04-14,1000000044,1000000092,1,28
2026-04-14,1000000044,1000000093,3,16
2026-04-14,1000000044,1000000094,1,29
2026-04-14,1000000044,1000000110,2,23
2026-04-14,1000000044,1000000111,1,30
2026-04-14,1000000044,1000000121,13,10
2026-04-14,1000000044,1000000127,25,6
2026-04-14,1000000044,1000000128,6,14
2026-04-14,1000000044,1000000142,3,17
2026-04-14,1000000044,1000000143,2,24
2026-04-14,1000000045,1000000027,3,25
2026-04-14,1000000045,1000000028,2,32
2026-04-14,1000000045,1000000033,7,15
2026-04-14,1000000045,1000000035,13,12
2026-04-14,1000000045,1000000042,78,3
2026-04-14,1000000045,1000000043,87,2
2026-04-14,1000000045,1000000044,70,4
2026-04-14,1000000045,1000000062,35,6
2026-04-14,1000000045,1000000063,47,5
2026-04-14,1000000045,1000000064,162,1
2026-04-14,1000000045,1000000065,9,14
2026-04-14,1000000045,1000000066,16,10
2026-04-14,1000000045,1000000069,27,8
2026-04-14,1000000045,1000000070,4,22
2026-04-14,1000000045,1000000071,5,17
2026-04-14,1000000045,1000000072,3,26
2026-04-14,1000000045,1000000083,12,13
2026-04-14,1000000045,1000000084,1,35
2026-04-14,1000000045,1000000085,4,23
2026-04-14,1000000045,1000000086,3,27
2026-04-14,1000000045,1000000087,2,33
2026-04-14,1000000045,1000000088,5,18
2026-04-14,1000000045,1000000089,1,36
2026-04-14,1000000045,1000000090,1,37
2026-04-14,1000000045,1000000091,3,28
2026-04-14,1000000045,1000000092,2,34
2026-04-14,1000000045,1000000093,5,19
2026-04-14,1000000045,1000000094,3,29
2026-04-14,1000000045,1000000108,5,20
2026-04-14,1000000045,1000000110,1,38
2026-04-14,1000000045,1000000111,3,30
2026-04-14,1000000045,1000000112,4,24
2026-04-14,1000000045,1000000113,3,31
2026-04-14,1000000045,1000000121,21,9
2026-04-14,1000000045,1000000127,32,7
2026-04-14,1000000045,1000000128,14,11
2026-04-14,1000000045,1000000142,6,16
2026-04-14,1000000045,1000000143,5,21
2026-04-14,1000000062,1000000027,1,25
2026-04-14,1000000062,1000000033,1,26
2026-04-14,1000000062,1000000035,7,10
2026-04-14,1000000062,1000000042,22,5
2026-04-14,1000000062,1000000043,19,6
2026-04-14,1000000062,1000000044,19,7
2026-04-14,1000000062,1000000045,35,4
2026-04-14,1000000062,1000000063,89,1
2026-04-14,1000000062,1000000064,40,3
2026-04-14,1000000062,1000000065,9,9
2026-04-14,1000000062,1000000066,4,16
2026-04-14,1000000062,1000000069,7,11
2026-04-14,1000000062,1000000070,1,27
2026-04-14,1000000062,1000000071,3,17
2026-04-14,1000000062,1000000072,1,28
2026-04-14,1000000062,1000000074,1,29
2026-04-14,1000000062,1000000083,12,8
2026-04-14,1000000062,1000000084,5,15
2026-04-14,1000000062,1000000085,3,18
2026-04-14,1000000062,1000000086,1,30
2026-04-14,1000000062,1000000087,2,22
2026-04-14,1000000062,1000000088,3,19
2026-04-14,1000000062,1000000089,1,31
2026-04-14,1000000062,1000000090,1,32
2026-04-14,1000000062,1000000091,2,23
2026-04-14,1000000062,1000000092,1,33
2026-04-14,1000000062,1000000093,2,24
2026-04-14,1000000062,1000000094,1,34
2026-04-14,1000000062,1000000108,1,35
2026-04-14,1000000062,1000000111,7,12
2026-04-14,1000000062,1000000113,1,36
2026-04-14,1000000062,1000000121,6,13
2026-04-14,1000000062,1000000127,62,2
2026-04-14,1000000062,1000000128,6,14
2026-04-14,1000000062,1000000142,3,20
2026-04-14,1000000062,1000000143,3,21
2026-04-14,1000000063,1000000027,1,28
2026-04-14,1000000063,1000000028,1,29
2026-04-14,1000000063,1000000033,1,30
2026-04-14,1000000063,1000000035,6,14
2026-04-14,1000000063,1000000042,25,6
2026-04-14,1000000063,1000000043,31,5
2026-04-14,1000000063,1000000044,25,7
2026-04-14,1000000063,1000000045,47,3
2026-04-14,1000000063,1000000062,89,1
2026-04-14,1000000063,1000000064,40,4
2026-04-14,1000000063,1000000065,4,15
2026-04-14,1000000063,1000000066,12,8
2026-04-14,1000000063,1000000069,10,10
2026-04-14,1000000063,1000000070,3,19
2026-04-14,1000000063,1000000071,2,23
2026-04-14,1000000063,1000000072,1,31
2026-04-14,1000000063,1000000083,7,13
2026-04-14,1000000063,1000000084,3,20
2026-04-14,1000000063,1000000085,4,16
2026-04-14,1000000063,1000000086,2,24
2026-04-14,1000000063,1000000087,4,17
2026-04-14,1000000063,1000000088,3,21
2026-04-14,1000000063,1000000089,1,32
2026-04-14,1000000063,1000000090,3,22
2026-04-14,1000000063,1000000091,1,33
2026-04-14,1000000063,1000000092,1,34
2026-04-14,1000000063,1000000093,2,25
2026-04-14,1000000063,1000000094,1,35
2026-04-14,1000000063,1000000108,1,36
2026-04-14,1000000063,1000000110,2,26
2026-04-14,1000000063,1000000111,8,11
2026-04-14,1000000063,1000000112,1,37
2026-04-14,1000000063,1000000113,4,18
2026-04-14,1000000063,1000000121,11,9
2026-04-14,1000000063,1000000127,84,2
2026-04-14,1000000063,1000000128,8,12
2026-04-14,1000000063,1000000142,2,27
2026-04-14,1000000063,1000000143,1,38
2026-04-14,1000000064,1000000027,3,33
2026-04-14,1000000064,1000000028,2,36
2026-04-14,1000000064,1000000033,6,30
2026-04-14,1000000064,1000000035,21,14
2026-04-14,1000000064,1000000042,83,4
2026-04-14,1000000064,1000000043,98,3
2026-04-14,1000000064,1000000044,82,5
2026-04-14,1000000064,1000000045,162,1
2026-04-14,1000000064,1000000062,40,9
2026-04-14,1000000064,1000000063,40,10
2026-04-14,1000000064,1000000065,22,13
2026-04-14,1000000064,1000000066,42,8
2026-04-14,1000000064,1000000069,57,6
2026-04-14,1000000064,1000000070,4,32
2026-04-14,1000000064,1000000071,11,23
2026-04-14,1000000064,1000000072,3,34
2026-04-14,1000000064,1000000074,1,38
2026-04-14,1000000064,1000000083,17,18
2026-04-14,1000000064,1000000084,11,24
2026-04-14,1000000064,1000000085,16,19
2026-04-14,1000000064,1000000086,11,25
2026-04-14,1000000064,1000000087,20,16
2026-04-14,1000000064,1000000088,19,17
2026-04-14,1000000064,1000000089,2,37
2026-04-14,1000000064,1000000090,15,20
2026-04-14,1000000064,1000000091,21,15
2026-04-14,1000000064,1000000092,15,21
2026-04-14,1000000064,1000000093,43,7
2026-04-14,1000000064,1000000094,7,29
2026-04-14,1000000064,1000000108,5,31
2026-04-14,1000000064,1000000110,3,35
2026-04-14,1000000064,1000000111,12,22
2026-04-14,1000000064,1000000112,1,39
2026-04-14,1000000064,1000000113,8,28
2026-04-14,1000000064,1000000121,32,11
2026-04-14,1000000064,1000000127,136,2
2026-04-14,1000000064,1000000128,29,12
2026-04-14,1000000064,1000000142,11,26
2026-04-14,1000000064,1000000143,9,27
2026-04-14,1000000065,1000000027,2,16
2026-04-14,1000000065,1000000033,3,13
2026-04-14,1000000065,1000000035,5,9
2026-04-14,1000000065,1000000042,10,3
2026-04-14,1000000065,1000000043,10,4
2026-04-14,1000000065,1000000044,7,7
2026-04-14,1000000065,1000000045,9,5
2026-04-14,1000000065,1000000062,9,6
2026-04-14,1000000065,1000000063,4,11
2026-04-14,1000000065,1000000064,22,1
2026-04-14,1000000065,1000000066,13,2
2026-04-14,1000000065,1000000069,4,12
2026-04-14,1000000065,1000000071,1,21
2026-04-14,1000000065,1000000083,2,17
2026-04-14,1000000065,1000000084,1,22
2026-04-14,1000000065,1000000085,2,18
2026-04-14,1000000065,1000000087,1,23
2026-04-14,1000000065,1000000110,1,24
2026-04-14,1000000065,1000000111,3,14
2026-04-14,1000000065,1000000112,1,25
2026-04-14,1000000065,1000000121,5,10
2026-04-14,1000000065,1000000127,2,19
2026-04-14,1000000065,1000000128,7,8
2026-04-14,1000000065,1000000142,2,20
2026-04-14,1000000065,1000000143,3,15
2026-04-14,1000000066,1000000027,1,19
2026-04-14,1000000066,1000000033,1,20
2026-04-14,1000000066,1000000035,8,9
2026-04-14,1000000066,1000000042,8,10
2026-04-14,1000000066,1000000043,18,2
2026-04-14,1000000066,1000000044,14,4
2026-04-14,1000000066,1000000045,16,3
2026-04-14,1000000066,1000000062,4,13
2026-04-14,1000000066,1000000063,12,6
2026-04-14,1000000066,1000000064,42,1
2026-04-14,1000000066,1000000065,13,5
2026-04-14,1000000066,1000000069,10,7
2026-04-14,1000000066,1000000070,4,14
2026-04-14,1000000066,1000000072,1,21
2026-04-14,1000000066,1000000083,1,22
2026-04-14,1000000066,1000000084,2,16
2026-04-14,1000000066,1000000087,4,15
2026-04-14,1000000066,1000000088,1,23
2026-04-14,1000000066,1000000090,1,24
2026-04-14,1000000066,1000000093,2,17
2026-04-14,1000000066,1000000112,1,25
2026-04-14,1000000066,1000000121,5,12
2026-04-14,1000000066,1000000127,6,11
2026-04-14,1000000066,1000000128,10,8
2026-04-14,1000000066,1000000142,1,26
2026-04-14,1000000066,1000000143,2,18
2026-04-14,1000000069,1000000027,1,21
2026-04-14,1000000069,1000000028,2,15
2026-04-14,1000000069,1000000035,3,13
2026-04-14,1000000069,1000000042,11,5
2026-04-14,1000000069,1000000043,18,3
2026-04-14,1000000069,1000000044,17,4
2026-04-14,1000000069,1000000045,27,2
2026-04-14,1000000069,1000000062,7,10
2026-04-14,1000000069,1000000063,10,6
2026-04-14,1000000069,1000000064,57,1
2026-04-14,1000000069,1000000065,4,12
2026-04-14,1000000069,1000000066,10,7
2026-04-14,1000000069,1000000070,1,22
2026-04-14,1000000069,1000000071,2,16
2026-04-14,1000000069,1000000083,6,11
2026-04-14,1000000069,1000000085,1,23
2026-04-14,1000000069,1000000087,1,24
2026-04-14,1000000069,1000000089,1,25
2026-04-14,1000000069,1000000090,1,26
2026-04-14,1000000069,1000000091,2,17
2026-04-14,1000000069,1000000092,2,18
2026-04-14,1000000069,1000000093,2,19
2026-04-14,1000000069,1000000094,1,27
2026-04-14,1000000069,1000000121,8,9
2026-04-14,1000000069,1000000127,9,8
2026-04-14,1000000069,1000000128,3,14
2026-04-14,1000000069,1000000142,2,20
2026-04-14,1000000069,1000000143,1,28
2026-04-14,1000000070,1000000027,3,6
2026-04-14,1000000070,1000000028,2,9
2026-04-14,1000000070,1000000033,1,13
2026-04-14,1000000070,1000000042,2,10
2026-04-14,1000000070,1000000043,6,1
2026-04-14,1000000070,1000000044,2,11
2026-04-14,1000000070,1000000045,4,3
2026-04-14,1000000070,1000000062,1,14
2026-04-14,1000000070,1000000063,3,7
2026-04-14,1000000070,1000000064,4,4
2026-04-14,1000000070,1000000066,4,5
2026-04-14,1000000070,1000000069,1,15
2026-04-14,1000000070,1000000071,5,2
2026-04-14,1000000070,1000000072,3,8
2026-04-14,1000000070,1000000083,1,16
2026-04-14,1000000070,1000000110,1,17
2026-04-14,1000000070,1000000121,2,12
2026-04-14,1000000070,1000000128,1,18
2026-04-14,1000000071,1000000027,4,7
2026-04-14,1000000071,1000000028,3,10
2026-04-14,1000000071,1000000033,1,16
2026-04-14,1000000071,1000000035,1,17
2026-04-14,1000000071,1000000042,10,2
2026-04-14,1000000071,1000000043,7,3
2026-04-14,1000000071,1000000044,6,4
2026-04-14,1000000071,1000000045,5,5
2026-04-14,1000000071,1000000062,3,11
2026-04-14,1000000071,1000000063,2,12
2026-04-14,1000000071,1000000064,11,1
2026-04-14,1000000071,1000000065,1,18
2026-04-14,1000000071,1000000069,2,13
2026-04-14,1000000071,1000000070,5,6
2026-04-14,1000000071,1000000072,2,14
2026-04-14,1000000071,1000000083,4,8
2026-04-14,1000000071,1000000087,1,19
2026-04-14,1000000071,1000000088,1,20
2026-04-14,1000000071,1000000113,2,15
2026-04-14,1000000071,1000000127,4,9
2026-04-14,1000000071,1000000128,1,21
2026-04-14,1000000071,1000000142,1,22
2026-04-14,1000000072,1000000028,1,8
2026-04-14,1000000072,1000000042,2,5
2026-04-14,1000000072,1000000043,1,9
2026-04-14,1000000072,1000000044,3,1
2026-04-14,1000000072,1000000045,3,2
2026-04-14,1000000072,1000000062,1,10
2026-04-14,1000000072,1000000063,1,11
2026-04-14,1000000072,1000000064,3,3
2026-04-14,1000000072,1000000066,1,12
2026-04-14,1000000072,1000000070,3,4
2026-04-14,1000000072,1000000071,2,6
2026-04-14,1000000072,1000000083,1,13
2026-04-14,1000000072,1000000127,2,7
2026-04-14,1000000074,1000000042,1,1
2026-04-14,1000000074,1000000043,1,2
2026-04-14,1000000074,1000000062,1,3
2026-04-14,1000000074,1000000064,1,4
2026-04-14,1000000074,1000000091,1,5
2026-04-14,1000000083,1000000027,1,21
2026-04-14,1000000083,1000000028,2,14
2026-04-14,1000000083,1000000033,7,8
2026-04-14,1000000083,1000000035,8,7
2026-04-14,1000000083,1000000042,16,2
2026-04-14,1000000083,1000000043,9,6
2026-04-14,1000000083,1000000044,2,15
2026-04-14,1000000083,1000000045,12,3
2026-04-14,1000000083,1000000062,12,4
2026-04-14,1000000083,1000000063,7,9
2026-04-14,1000000083,1000000064,17,1
2026-04-14,1000000083,1000000065,2,16
2026-04-14,1000000083,1000000066,1,22
2026-04-14,1000000083,1000000069,6,11
2026-04-14,1000000083,1000000070,1,23
2026-04-14,1000000083,1000000071,4,12
2026-04-14,1000000083,1000000072,1,24
2026-04-14,1000000083,1000000085,1,25
2026-04-14,1000000083,1000000087,1,26
2026-04-14,1000000083,1000000088,1,27
2026-04-14,1000000083,1000000090,2,17
2026-04-14,1000000083,1000000091,1,28
2026-04-14,1000000083,1000000093,2,18
2026-04-14,1000000083,1000000094,2,19
2026-04-14,1000000083,1000000108,3,13
2026-04-14,1000000083,1000000110,1,29
2026-04-14,1000000083,1000000112,1,30
2026-04-14,1000000083,1000000113,1,31
2026-04-14,1000000083,1000000121,7,10
2026-04-14,1000000083,1000000127,11,5
2026-04-14,1000000083,1000000128,2,20
2026-04-14,1000000083,1000000142,1,32
2026-04-14,1000000084,1000000042,2,13
2026-04-14,1000000084,1000000043,1,17
2026-04-14,1000000084,1000000045,1,18
2026-04-14,1000000084,1000000062,5,6
2026-04-14,1000000084,1000000063,3,11
2026-04-14,1000000084,1000000064,11,3
2026-04-14,1000000084,1000000065,1,19
2026-04-14,1000000084,1000000066,2,14
2026-04-14,1000000084,1000000085,15,1
2026-04-14,1000000084,1000000086,4,8
2026-04-14,1000000084,1000000087,15,2
2026-04-14,1000000084,1000000088,6,5
2026-04-14,1000000084,1000000090,11,4
2026-04-14,1000000084,1000000091,2,15
2026-04-14,1000000084,1000000092,2,16
2026-04-14,1000000084,1000000093,5,7
2026-04-14,1000000084,1000000094,1,20
2026-04-14,1000000084,1000000108,3,12
2026-04-14,1000000084,1000000110,4,9
2026-04-14,1000000084,1000000111,4,10
2026-04-14,1000000084,1000000113,1,21
2026-04-14,1000000084,1000000127,1,22
2026-04-14,1000000084,1000000128,1,23
2026-04-14,1000000084,1000000142,1,24
2026-04-14,1000000084,1000000143,1,25
2026-04-14,1000000085,1000000027,1,22
2026-04-14,1000000085,1000000033,1,23
2026-04-14,1000000085,1000000042,3,14
2026-04-14,1000000085,1000000043,2,17
2026-04-14,1000000085,1000000045,4,12
2026-04-14,1000000085,1000000062,3,15
2026-04-14,1000000085,1000000063,4,13
2026-04-14,1000000085,1000000064,16,1
2026-04-14,1000000085,1000000065,2,18
2026-04-14,1000000085,1000000069,1,24
2026-04-14,1000000085,1000000083,1,25
2026-04-14,1000000085,1000000084,15,2
2026-04-14,1000000085,1000000086,8,7
2026-04-14,1000000085,1000000087,9,4
2026-04-14,1000000085,1000000088,9,5
2026-04-14,1000000085,1000000089,2,19
2026-04-14,1000000085,1000000090,12,3
2026-04-14,1000000085,1000000091,9,6
2026-04-14,1000000085,1000000092,7,8
2026-04-14,1000000085,1000000093,6,9
2026-04-14,1000000085,1000000094,2,20
2026-04-14,1000000085,1000000108,5,10
2026-04-14,1000000085,1000000110,1,26
2026-04-14,1000000085,1000000111,3,16
2026-04-14,1000000085,1000000112,1,27
2026-04-14,1000000085,1000000113,1,28
2026-04-14,1000000085,1000000121,2,21
2026-04-14,1000000085,1000000127,1,29
2026-04-14,1000000085,1000000128,1,30
2026-04-14,1000000085,1000000142,5,11
2026-04-14,1000000086,1000000035,1,15
2026-04-14,1000000086,1000000042,3,7
2026-04-14,1000000086,1000000043,2,11
2026-04-14,1000000086,1000000044,1,16
2026-04-14,1000000086,1000000045,3,8
2026-04-14,1000000086,1000000062,1,17
2026-04-14,1000000086,1000000063,2,12
2026-04-14,1000000086,1000000064,11,1
2026-04-14,1000000086,1000000084,4,6
2026-04-14,1000000086,1000000085,8,3
2026-04-14,1000000086,1000000087,5,4
2026-04-14,1000000086,1000000088,11,2
2026-04-14,1000000086,1000000089,3,9
2026-04-14,1000000086,1000000090,2,13
2026-04-14,1000000086,1000000091,5,5
2026-04-14,1000000086,1000000092,3,10
2026-04-14,1000000086,1000000093,1,18
2026-04-14,1000000086,1000000094,2,14
2026-04-14,1000000086,1000000108,1,19
2026-04-14,1000000086,1000000111,1,20
2026-04-14,1000000086,1000000112,1,21
2026-04-14,1000000086,1000000127,1,22
2026-04-14,1000000086,1000000128,1,23
2026-04-14,1000000086,1000000143,1,24
2026-04-14,1000000087,1000000028,1,24
2026-04-14,1000000087,1000000033,2,19
2026-04-14,1000000087,1000000035,2,20
2026-04-14,1000000087,1000000042,3,16
2026-04-14,1000000087,1000000043,8,7
2026-04-14,1000000087,1000000044,1,25
2026-04-14,1000000087,1000000045,2,21
2026-04-14,1000000087,1000000062,2,22
2026-04-14,1000000087,1000000063,4,11
2026-04-14,1000000087,1000000064,20,1
2026-04-14,1000000087,1000000065,1,26
2026-04-14,1000000087,1000000066,4,12
2026-04-14,1000000087,1000000069,1,27
2026-04-14,1000000087,1000000071,1,28
2026-04-14,1000000087,1000000083,1,29
2026-04-14,1000000087,1000000084,15,2
2026-04-14,1000000087,1000000085,9,5
2026-04-14,1000000087,1000000086,5,9
2026-04-14,1000000087,1000000088,11,3
2026-04-14,1000000087,1000000089,1,30
2026-04-14,1000000087,1000000090,9,6
2026-04-14,1000000087,1000000091,11,4
2026-04-14,1000000087,1000000092,4,13
2026-04-14,1000000087,1000000093,4,14
2026-04-14,1000000087,1000000094,1,31
2026-04-14,1000000087,1000000108,4,15
2026-04-14,1000000087,1000000110,1,32
2026-04-14,1000000087,1000000111,5,10
2026-04-14,1000000087,1000000112,1,33
2026-04-14,1000000087,1000000113,3,17
2026-04-14,1000000087,1000000121,6,8
2026-04-14,1000000087,1000000127,3,18
2026-04-14,1000000087,1000000128,2,23
2026-04-14,1000000087,1000000142,1,34
2026-04-14,1000000087,1000000143,1,35
2026-04-14,1000000088,1000000035,5,8
2026-04-14,1000000088,1000000042,2,17
2026-04-14,1000000088,1000000043,4,10
2026-04-14,1000000088,1000000045,5,9
2026-04-14,1000000088,1000000062,3,12
2026-04-14,1000000088,1000000063,3,13
2026-04-14,1000000088,1000000064,19,1
2026-04-14,1000000088,1000000066,1,21
2026-04-14,1000000088,1000000071,1,22
2026-04-14,1000000088,1000000083,1,23
2026-04-14,1000000088,1000000084,6,6
2026-04-14,1000000088,1000000085,9,4
2026-04-14,1000000088,1000000086,11,2
2026-04-14,1000000088,1000000087,11,3
2026-04-14,1000000088,1000000089,3,14
2026-04-14,1000000088,1000000090,4,11
2026-04-14,1000000088,1000000091,9,5
2026-04-14,1000000088,1000000092,6,7
2026-04-14,1000000088,1000000093,2,18
2026-04-14,1000000088,1000000094,1,24
2026-04-14,1000000088,1000000110,1,25
2026-04-14,1000000088,1000000111,2,19
2026-04-14,1000000088,1000000112,2,20
2026-04-14,1000000088,1000000113,1,26
2026-04-14,1000000088,1000000121,3,15
2026-04-14,1000000088,1000000127,3,16
2026-04-14,1000000088,1000000128,1,27
2026-04-14,1000000089,1000000045,1,6
2026-04-14,1000000089,1000000062,1,7
2026-04-14,1000000089,1000000063,1,8
2026-04-14,1000000089,1000000064,2,3
2026-04-14,1000000089,1000000069,1,9
2026-04-14,1000000089,1000000085,2,4
2026-04-14,1000000089,1000000086,3,1
2026-04-14,1000000089,1000000087,1,10
2026-04-14,1000000089,1000000088,3,2
2026-04-14,1000000089,1000000091,1,11
2026-04-14,1000000089,1000000121,2,5
2026-04-14,1000000089,1000000127,1,12
2026-04-14,1000000089,1000000128,1,13
2026-04-14,1000000090,1000000042,2,14
2026-04-14,1000000090,1000000043,3,12
2026-04-14,1000000090,1000000044,1,17
2026-04-14,1000000090,1000000045,1,18
2026-04-14,1000000090,1000000062,1,19
2026-04-14,1000000090,1000000063,3,13
2026-04-14,1000000090,1000000064,15,2
2026-04-14,1000000090,1000000066,1,20
2026-04-14,1000000090,1000000069,1,21
2026-04-14,1000000090,1000000083,2,15
2026-04-14,1000000090,1000000084,11,4
2026-04-14,1000000090,1000000085,12,3
2026-04-14,1000000090,1000000086,2,16
2026-04-14,1000000090,1000000087,9,6
2026-04-14,1000000090,1000000088,4,9
2026-04-14,1000000090,1000000091,20,1
2026-04-14,1000000090,1000000092,6,8
2026-04-14,1000000090,1000000093,10,5
2026-04-14,1000000090,1000000094,4,10
2026-04-14,1000000090,1000000108,9,7
2026-04-14,1000000090,1000000111,4,11
2026-04-14,1000000090,1000000112,1,22
2026-04-14,1000000090,1000000121,1,23
2026-04-14,1000000090,1000000127,1,24
2026-04-14,1000000090,1000000128,1,25
2026-04-14,1000000091,1000000043,2,15
2026-04-14,1000000091,1000000045,3,12
2026-04-14,1000000091,1000000062,2,16
2026-04-14,1000000091,1000000063,1,21
2026-04-14,1000000091,1000000064,21,1
2026-04-14,1000000091,1000000069,2,17
2026-04-14,1000000091,1000000074,1,22
2026-04-14,1000000091,1000000083,1,23
2026-04-14,1000000091,1000000084,2,18
2026-04-14,1000000091,1000000085,9,5
2026-04-14,1000000091,1000000086,5,9
2026-04-14,1000000091,1000000087,11,3
2026-04-14,1000000091,1000000088,9,6
2026-04-14,1000000091,1000000089,1,24
2026-04-14,1000000091,1000000090,20,2
2026-04-14,1000000091,1000000092,11,4
2026-04-14,1000000091,1000000093,9,7
2026-04-14,1000000091,1000000094,6,8
2026-04-14,1000000091,1000000108,4,11
2026-04-14,1000000091,1000000110,2,19
2026-04-14,1000000091,1000000111,5,10
2026-04-14,1000000091,1000000112,2,20
2026-04-14,1000000091,1000000113,3,13
2026-04-14,1000000091,1000000127,3,14
2026-04-14,1000000092,1000000035,1,15
2026-04-14,1000000092,1000000043,1,16
2026-04-14,1000000092,1000000044,1,17
2026-04-14,1000000092,1000000045,2,11
2026-04-14,1000000092,1000000062,1,18
2026-04-14,1000000092,1000000063,1,19
2026-04-14,1000000092,1000000064,15,1
2026-04-14,1000000092,1000000069,2,12
2026-04-14,1000000092,1000000084,2,13
2026-04-14,1000000092,1000000085,7,3
2026-04-14,1000000092,1000000086,3,9
2026-04-14,1000000092,1000000087,4,6
2026-04-14,1000000092,1000000088,6,4
2026-04-14,1000000092,1000000090,6,5
2026-04-14,1000000092,1000000091,11,2
2026-04-14,1000000092,1000000093,4,7
2026-04-14,1000000092,1000000108,2,14
2026-04-14,1000000092,1000000111,4,8
2026-04-14,1000000092,1000000112,3,10
2026-04-14,1000000092,1000000113,1,20
2026-04-14,1000000092,1000000127,1,21
2026-04-14,1000000093,1000000035,4,11
2026-04-14,1000000093,1000000042,1,25
2026-04-14,1000000093,1000000043,2,16
2026-04-14,1000000093,1000000044,3,14
2026-04-14,1000000093,1000000045,5,8
2026-04-14,1000000093,1000000062,2,17
2026-04-14,1000000093,1000000063,2,18
2026-04-14,1000000093,1000000064,43,1
2026-04-14,1000000093,1000000066,2,19
2026-04-14,1000000093,1000000069,2,20
2026-04-14,1000000093,1000000083,2,21
2026-04-14,1000000093,1000000084,5,9
2026-04-14,1000000093,1000000085,6,7
2026-04-14,1000000093,1000000086,1,26
2026-04-14,1000000093,1000000087,4,12
2026-04-14,1000000093,1000000088,2,22
2026-04-14,1000000093,1000000090,10,4
2026-04-14,1000000093,1000000091,9,5
2026-04-14,1000000093,1000000092,4,13
2026-04-14,1000000093,1000000094,5,10
2026-04-14,1000000093,1000000108,13,2
2026-04-14,1000000093,1000000110,2,23
2026-04-14,1000000093,1000000111,11,3
2026-04-14,1000000093,1000000112,3,15
2026-04-14,1000000093,1000000113,2,24
2026-04-14,1000000093,1000000121,1,27
2026-04-14,1000000093,1000000127,7,6
2026-04-14,1000000093,1000000128,1,28
2026-04-14,1000000094,1000000035,1,14
2026-04-14,1000000094,1000000042,3,8
2026-04-14,1000000094,1000000043,1,15
2026-04-14,1000000094,1000000044,1,16
2026-04-14,1000000094,1000000045,3,9
2026-04-14,1000000094,1000000062,1,17
2026-04-14,1000000094,1000000063,1,18
2026-04-14,1000000094,1000000064,7,1
2026-04-14,1000000094,1000000069,1,19
2026-04-14,1000000094,1000000083,2,11
2026-04-14,1000000094,1000000084,1,20
2026-04-14,1000000094,1000000085,2,12
2026-04-14,1000000094,1000000086,2,13
2026-04-14,1000000094,1000000087,1,21
2026-04-14,1000000094,1000000088,1,22
2026-04-14,1000000094,1000000090,4,4
2026-04-14,1000000094,1000000091,6,2
2026-04-14,1000000094,1000000093,5,3
2026-04-14,1000000094,1000000108,4,5
2026-04-14,1000000094,1000000110,4,6
2026-04-14,1000000094,1000000111,4,7
2026-04-14,1000000094,1000000112,3,10
2026-04-14,1000000094,1000000113,1,23
2026-04-14,1000000094,1000000121,1,24
2026-04-14,1000000094,1000000142,1,25
2026-04-14,1000000094,1000000143,1,26
2026-04-14,1000000108,1000000035,1,14
2026-04-14,1000000108,1000000045,5,3
2026-04-14,1000000108,1000000062,1,15
2026-04-14,1000000108,1000000063,1,16
2026-04-14,1000000108,1000000064,5,4
2026-04-14,1000000108,1000000083,3,9
2026-04-14,1000000108,1000000084,3,10
2026-04-14,1000000108,1000000085,5,5
2026-04-14,1000000108,1000000086,1,17
2026-04-14,1000000108,1000000087,4,6
2026-04-14,1000000108,1000000090,9,2
2026-04-14,1000000108,1000000091,4,7
2026-04-14,1000000108,1000000092,2,11
2026-04-14,1000000108,1000000093,13,1
2026-04-14,1000000108,1000000094,4,8
2026-04-14,1000000108,1000000110,2,12
2026-04-14,1000000108,1000000112,2,13
2026-04-14,1000000108,1000000113,1,18
2026-04-14,1000000108,1000000127,1,19
2026-04-14,1000000108,1000000142,1,20
2026-04-14,1000000110,1000000027,1,11
2026-04-14,1000000110,1000000042,1,12
2026-04-14,1000000110,1000000044,2,6
2026-04-14,1000000110,1000000045,1,13
2026-04-14,1000000110,1000000063,2,7
2026-04-14,1000000110,1000000064,3,5
2026-04-14,1000000110,1000000065,1,14
2026-04-14,1000000110,1000000070,1,15
2026-04-14,1000000110,1000000083,1,16
2026-04-14,1000000110,1000000084,4,1
2026-04-14,1000000110,1000000085,1,17
2026-04-14,1000000110,1000000087,1,18
2026-04-14,1000000110,1000000088,1,19
2026-04-14,1000000110,1000000091,2,8
2026-04-14,1000000110,1000000093,2,9
2026-04-14,1000000110,1000000094,4,2
2026-04-14,1000000110,1000000108,2,10
2026-04-14,1000000110,1000000111,4,3
2026-04-14,1000000110,1000000112,4,4
2026-04-14,1000000110,1000000128,1,20
2026-04-14,1000000110,1000000142,1,21
2026-04-14,1000000110,1000000143,1,22
2026-04-14,1000000111,1000000035,1,20
2026-04-14,1000000111,1000000042,1,21
2026-04-14,1000000111,1000000043,2,17
2026-04-14,1000000111,1000000044,1,22
2026-04-14,1000000111,1000000045,3,14
2026-04-14,1000000111,1000000062,7,4
2026-04-14,1000000111,1000000063,8,3
2026-04-14,1000000111,1000000064,12,1
2026-04-14,1000000111,1000000065,3,15
2026-04-14,1000000111,1000000084,4,8
2026-04-14,1000000111,1000000085,3,16
2026-04-14,1000000111,1000000086,1,23
2026-04-14,1000000111,1000000087,5,5
2026-04-14,1000000111,1000000088,2,18
2026-04-14,1000000111,1000000090,4,9
2026-04-14,1000000111,1000000091,5,6
2026-04-14,1000000111,1000000092,4,10
2026-04-14,1000000111,1000000093,11,2
2026-04-14,1000000111,1000000094,4,11
2026-04-14,1000000111,1000000110,4,12
2026-04-14,1000000111,1000000112,2,19
2026-04-14,1000000111,1000000113,4,13
2026-04-14,1000000111,1000000121,1,24
2026-04-14,1000000111,1000000127,5,7
2026-04-14,1000000112,1000000027,1,13
2026-04-14,1000000112,1000000035,1,14
2026-04-14,1000000112,1000000042,2,8
2026-04-14,1000000112,1000000043,3,4
2026-04-14,1000000112,1000000045,4,2
2026-04-14,1000000112,1000000063,1,15
2026-04-14,1000000112,1000000064,1,16
2026-04-14,1000000112,1000000065,1,17
2026-04-14,1000000112,1000000066,1,18
2026-04-14,1000000112,1000000083,1,19
2026-04-14,1000000112,1000000085,1,20
2026-04-14,1000000112,1000000086,1,21
2026-04-14,1000000112,1000000087,1,22
2026-04-14,1000000112,1000000088,2,9
2026-04-14,1000000112,1000000090,1,23
2026-04-14,1000000112,1000000091,2,10
2026-04-14,1000000112,1000000092,3,5
2026-04-14,1000000112,1000000093,3,6
2026-04-14,1000000112,1000000094,3,7
2026-04-14,1000000112,1000000108,2,11
2026-04-14,1000000112,1000000110,4,3
2026-04-14,1000000112,1000000111,2,12
2026-04-14,1000000112,1000000113,5,1
2026-04-14,1000000112,1000000121,1,24
2026-04-14,1000000112,1000000127,1,25
2026-04-14,1000000113,1000000028,1,11
2026-04-14,1000000113,1000000033,1,12
2026-04-14,1000000113,1000000042,1,13
2026-04-14,1000000113,1000000043,2,8
2026-04-14,1000000113,1000000045,3,5
2026-04-14,1000000113,1000000062,1,14
2026-04-14,1000000113,1000000063,4,3
2026-04-14,1000000113,1000000064,8,1
2026-04-14,1000000113,1000000071,2,9
2026-04-14,1000000113,1000000083,1,15
2026-04-14,1000000113,1000000084,1,16
2026-04-14,1000000113,1000000085,1,17
2026-04-14,1000000113,1000000087,3,6
2026-04-14,1000000113,1000000088,1,18
2026-04-14,1000000113,1000000091,3,7
2026-04-14,1000000113,1000000092,1,19
2026-04-14,1000000113,1000000093,2,10
2026-04-14,1000000113,1000000094,1,20
2026-04-14,1000000113,1000000108,1,21
2026-04-14,1000000113,1000000111,4,4
2026-04-14,1000000113,1000000112,5,2
2026-04-14,1000000113,1000000121,1,22
2026-04-14,1000000113,1000000128,1,23
2026-04-14,1000000121,1000000028,1,23
2026-04-14,1000000121,1000000033,5,13
2026-04-14,1000000121,1000000035,14,5
2026-04-14,1000000121,1000000042,21,2
2026-04-14,1000000121,1000000043,20,4
2026-04-14,1000000121,1000000044,13,6
2026-04-14,1000000121,1000000045,21,3
2026-04-14,1000000121,1000000062,6,11
2026-04-14,1000000121,1000000063,11,7
2026-04-14,1000000121,1000000064,32,1
2026-04-14,1000000121,1000000065,5,14
2026-04-14,1000000121,1000000066,5,15
2026-04-14,1000000121,1000000069,8,8
2026-04-14,1000000121,1000000070,2,19
2026-04-14,1000000121,1000000083,7,9
2026-04-14,1000000121,1000000085,2,20
2026-04-14,1000000121,1000000087,6,12
2026-04-14,1000000121,1000000088,3,17
2026-04-14,1000000121,1000000089,2,21
2026-04-14,1000000121,1000000090,1,24
2026-04-14,1000000121,1000000093,1,25
2026-04-14,1000000121,1000000094,1,26
2026-04-14,1000000121,1000000111,1,27
2026-04-14,1000000121,1000000112,1,28
2026-04-14,1000000121,1000000113,1,29
2026-04-14,1000000121,1000000127,7,10
2026-04-14,1000000121,1000000128,4,16
2026-04-14,1000000121,1000000142,2,22
2026-04-14,1000000121,1000000143,3,18
2026-04-14,1000000127,1000000033,4,17
2026-04-14,1000000127,1000000035,5,15
2026-04-14,1000000127,1000000042,20,7
2026-04-14,1000000127,1000000043,24,6
2026-04-14,1000000127,1000000044,25,5
2026-04-14,1000000127,1000000045,32,4
2026-04-14,1000000127,1000000062,62,3
2026-04-14,1000000127,1000000063,84,2
2026-04-14,1000000127,1000000064,136,1
2026-04-14,1000000127,1000000065,2,22
2026-04-14,1000000127,1000000066,6,13
2026-04-14,1000000127,1000000069,9,9
2026-04-14,1000000127,1000000071,4,18
2026-04-14,1000000127,1000000072,2,23
2026-04-14,1000000127,1000000083,11,8
2026-04-14,1000000127,1000000084,1,24
2026-04-14,1000000127,1000000085,1,25
2026-04-14,1000000127,1000000086,1,26
2026-04-14,1000000127,1000000087,3,19
2026-04-14,1000000127,1000000088,3,20
2026-04-14,1000000127,1000000089,1,27
2026-04-14,1000000127,1000000090,1,28
2026-04-14,1000000127,1000000091,3,21
2026-04-14,1000000127,1000000092,1,29
2026-04-14,1000000127,1000000093,7,10
2026-04-14,1000000127,1000000108,1,30
2026-04-14,1000000127,1000000111,5,16
2026-04-14,1000000127,1000000112,1,31
2026-04-14,1000000127,1000000121,7,11
2026-04-14,1000000127,1000000128,7,12
2026-04-14,1000000127,1000000142,6,14
2026-04-14,1000000128,1000000027,2,14
2026-04-14,1000000128,1000000033,1,18
2026-04-14,1000000128,1000000035,2,15
2026-04-14,1000000128,1000000042,6,8
2026-04-14,1000000128,1000000043,8,4
2026-04-14,1000000128,1000000044,6,9
2026-04-14,1000000128,1000000045,14,2
2026-04-14,1000000128,1000000062,6,10
2026-04-14,1000000128,1000000063,8,5
2026-04-14,1000000128,1000000064,29,1
2026-04-14,1000000128,1000000065,7,6
2026-04-14,1000000128,1000000066,10,3
2026-04-14,1000000128,1000000069,3,12
2026-04-14,1000000128,1000000070,1,19
2026-04-14,1000000128,1000000071,1,20
2026-04-14,1000000128,1000000083,2,16
2026-04-14,1000000128,1000000084,1,21
2026-04-14,1000000128,1000000085,1,22
2026-04-14,1000000128,1000000086,1,23
2026-04-14,1000000128,1000000087,2,17
2026-04-14,1000000128,1000000088,1,24
2026-04-14,1000000128,1000000089,1,25
2026-04-14,1000000128,1000000090,1,26
2026-04-14,1000000128,1000000093,1,27
2026-04-14,1000000128,1000000110,1,28
2026-04-14,1000000128,1000000113,1,29
2026-04-14,1000000128,1000000121,4,11
2026-04-14,1000000128,1000000127,7,7
2026-04-14,1000000128,1000000142,3,13
2026-04-14,1000000128,1000000143,1,30
2026-04-14,1000000142,1000000033,1,15
2026-04-14,1000000142,1000000035,1,16
2026-04-14,1000000142,1000000042,7,2
2026-04-14,1000000142,1000000043,3,6
2026-04-14,1000000142,1000000044,3,7
2026-04-14,1000000142,1000000045,6,3
2026-04-14,1000000142,1000000062,3,8
2026-04-14,1000000142,1000000063,2,10
2026-04-14,1000000142,1000000064,11,1
2026-04-14,1000000142,1000000065,2,11
2026-04-14,1000000142,1000000066,1,17
2026-04-14,1000000142,1000000069,2,12
2026-04-14,1000000142,1000000071,1,18
2026-04-14,1000000142,1000000083,1,19
2026-04-14,1000000142,1000000084,1,20
2026-04-14,1000000142,1000000085,5,5
2026-04-14,1000000142,1000000087,1,21
2026-04-14,1000000142,1000000094,1,22
2026-04-14,1000000142,1000000108,1,23
2026-04-14,1000000142,1000000110,1,24
2026-04-14,1000000142,1000000121,2,13
2026-04-14,1000000142,1000000127,6,4
2026-04-14,1000000142,1000000128,3,9
2026-04-14,1000000142,1000000143,2,14
2026-04-14,1000000143,1000000042,4,4
2026-04-14,1000000143,1000000043,7,2
2026-04-14,1000000143,1000000044,2,8
2026-04-14,1000000143,1000000045,5,3
2026-04-14,1000000143,1000000062,3,5
2026-04-14,1000000143,1000000063,1,11
2026-04-14,1000000143,1000000064,9,1
2026-04-14,1000000143,1000000065,3,6
2026-04-14,1000000143,1000000066,2,9
2026-04-14,1000000143,1000000069,1,12
2026-04-14,1000000143,1000000084,1,13
2026-04-14,1000000143,1000000086,1,14
2026-04-14,1000000143,1000000087,1,15
2026-04-14,1000000143,1000000094,1,16
2026-04-14,1000000143,1000000110,1,17
2026-04-14,1000000143,1000000121,3,7
2026-04-14,1000000143,1000000128,1,18
2026-04-14,1000000143,1000000142,2,10
2026-04-14,1000000153,1000000154,4,2
2026-04-14,1000000153,1000000156,18,1
2026-04-14,1000000154,1000000153,4,1
2026-04-14,1000000154,1000000156,1,2
2026-04-14,1000000156,1000000153,18,1
2026-04-14,1000000156,1000000154,1,2
2026-04-15,1000000027,1000000028,2,8
2026-04-15,1000000027,1000000033,2,9
2026-04-15,1000000027,1000000035,3,4
2026-04-15,1000000027,1000000042,6,1
2026-04-15,1000000027,1000000043,5,2
2026-04-15,1000000027,1000000044,2,10
2026-04-15,1000000027,1000000045,3,5
2026-04-15,1000000027,1000000062,1,13
2026-04-15,1000000027,1000000063,1,14
2026-04-15,1000000027,1000000064,3,6
2026-04-15,1000000027,1000000065,2,11
2026-04-15,1000000027,1000000066,1,15
2026-04-15,1000000027,1000000069,1,16
2026-04-15,1000000027,1000000070,3,7
2026-04-15,1000000027,1000000071,4,3
2026-04-15,1000000027,1000000083,1,17
2026-04-15,1000000027,1000000085,1,18
2026-04-15,1000000027,1000000110,1,19
2026-04-15,1000000027,1000000112,1,20
2026-04-15,1000000027,1000000128,2,12
2026-04-15,1000000028,1000000027,2,3
2026-04-15,1000000028,1000000035,1,11
2026-04-15,1000000028,1000000042,3,1
2026-04-15,1000000028,1000000043,2,4
2026-04-15,1000000028,1000000044,2,5
2026-04-15,1000000028,1000000045,2,6
2026-04-15,1000000028,1000000063,1,12
2026-04-15,1000000028,1000000064,2,7
2026-04-15,1000000028,1000000069,2,8
2026-04-15,1000000028,1000000070,2,9
2026-04-15,1000000028,1000000071,3,2
2026-04-15,1000000028,1000000072,1,13
2026-04-15,1000000028,1000000083,2,10
2026-04-15,1000000028,1000000087,1,14
2026-04-15,1000000028,1000000113,1,15
2026-04-15,1000000028,1000000121,1,16
2026-04-15,1000000033,1000000027,2,10
2026-04-15,1000000033,1000000035,12,1
2026-04-15,1000000033,1000000042,5,6
2026-04-15,1000000033,1000000043,9,2
2026-04-15,1000000033,1000000044,2,11
2026-04-15,1000000033,1000000045,7,3
2026-04-15,1000000033,1000000062,1,13
2026-04-15,1000000033,1000000063,1,14
2026-04-15,1000000033,1000000064,6,5
2026-04-15,1000000033,1000000065,3,9
2026-04-15,1000000033,1000000066,1,15
2026-04-15,1000000033,1000000070,1,16
2026-04-15,1000000033,1000000071,1,17
2026-04-15,1000000033,1000000083,7,4
2026-04-15,1000000033,1000000085,1,18
2026-04-15,1000000033,1000000087,2,12
2026-04-15,1000000033,1000000113,1,19
2026-04-15,1000000033,1000000121,5,7
2026-04-15,1000000033,1000000127,4,8
2026-04-15,1000000033,1000000128,1,20
2026-04-15,1000000033,1000000142,1,21
2026-04-15,1000000035,1000000027,3,16
2026-04-15,1000000035,1000000028,1,20
2026-04-15,1000000035,1000000033,12,6
2026-04-15,1000000035,1000000042,16,2
2026-04-15,1000000035,1000000043,13,4
2026-04-15,1000000035,1000000044,10,7
2026-04-15,1000000035,1000000045,13,5
2026-04-15,1000000035,1000000062,7,10
2026-04-15,1000000035,1000000063,6,11
2026-04-15,1000000035,1000000064,21,1
2026-04-15,1000000035,1000000065,5,12
2026-04-15,1000000035,1000000066,8,8
2026-04-15,1000000035,1000000069,3,17
2026-04-15,1000000035,1000000071,1,21
2026-04-15,1000000035,1000000083,8,9
2026-04-15,1000000035,1000000086,1,22
2026-04-15,1000000035,1000000087,2,18
2026-04-15,1000000035,1000000088,5,13
2026-04-15,1000000035,1000000092,1,23
2026-04-15,1000000035,1000000093,4,15
2026-04-15,1000000035,1000000094,1,24
2026-04-15,1000000035,1000000108,1,25
2026-04-15,1000000035,1000000111,1,26
2026-04-15,1000000035,1000000112,1,27
2026-04-15,1000000035,1000000121,14,3
2026-04-15,1000000035,1000000127,5,14
2026-04-15,1000000035,1000000128,2,19
2026-04-15,1000000035,1000000142,1,28
2026-04-15,1000000042,1000000027,6,16
2026-04-15,1000000042,1000000028,3,20
2026-04-15,1000000042,1000000033,5,18
2026-04-15,1000000042,1000000035,16,9
2026-04-15,1000000042,1000000043,63,3
2026-04-15,1000000042,1000000044,33,4
2026-04-15,1000000042,1000000045,78,2
2026-04-15,1000000042,1000000062,22,6
2026-04-15,1000000042,1000000063,25,5
2026-04-15,1000000042,1000000064,83,1
2026-04-15,1000000042,1000000065,10,12
2026-04-15,1000000042,1000000066,8,14
2026-04-15,1000000042,1000000069,11,11
2026-04-15,1000000042,1000000070,2,25
2026-04-15,1000000042,1000000071,10,13
2026-04-15,1000000042,1000000072,2,26
2026-04-15,1000000042,1000000074,1,31
2026-04-15,1000000042,1000000083,16,10
2026-04-15,1000000042,1000000084,2,27
2026-04-15,1000000042,1000000085,3,21
2026-04-15,1000000042,1000000086,3,22
2026-04-15,1000000042,1000000087,3,23
2026-04-15,1000000042,1000000088,2,28
2026-04-15,1000000042,1000000090,2,29
2026-04-15,1000000042,1000000093,1,32
2026-04-15,1000000042,1000000094,3,24
2026-04-15,1000000042,1000000110,1,33
2026-04-15,1000000042,1000000111,1,34
2026-04-15,1000000042,1000000112,2,30
2026-04-15,1000000042,1000000113,1,35
2026-04-15,1000000042,1000000121,21,7
2026-04-15,1000000042,1000000127,20,8
2026-04-15,1000000042,1000000128,6,17
2026-04-15,1000000042,1000000142,7,15
2026-04-15,1000000042,1000000143,4,19
2026-04-15,1000000043,1000000027,5,20
2026-04-15,1000000043,1000000028,2,25
2026-04-15,1000000043,1000000033,9,13
2026-04-15,1000000043,1000000035,13,11
2026-04-15,1000000043,1000000042,63,3
2026-04-15,1000000043,1000000044,53,4
2026-04-15,1000000043,1000000045,87,2
2026-04-15,1000000043,1000000062,19,8
2026-04-15,1000000043,1000000063,31,5
2026-04-15,1000000043,1000000064,98,1
2026-04-15,1000000043,1000000065,10,12
2026-04-15,1000000043,1000000066,19,9
2026-04-15,1000000043,1000000069,18,10
2026-04-15,1000000043,1000000070,6,19
2026-04-15,1000000043,1000000071,7,17
2026-04-15,1000000043,1000000072,1,32
2026-04-15,1000000043,1000000074,1,33
2026-04-15,1000000043,1000000083,9,14
2026-04-15,1000000043,1000000084,1,34
2026-04-15,1000000043,1000000085,2,26
2026-04-15,1000000043,1000000086,2,27
2026-04-15,1000000043,1000000087,8,15
2026-04-15,1000000043,1000000088,4,21
2026-04-15,1000000043,1000000090,3,22
2026-04-15,1000000043,1000000091,2,28
2026-04-15,1000000043,1000000092,1,35
2026-04-15,1000000043,1000000093,2,29
2026-04-15,1000000043,1000000094,1,36
2026-04-15,1000000043,1000000111,2,30
2026-04-15,1000000043,1000000112,3,23
2026-04-15,1000000043,1000000113,2,31
2026-04-15,1000000043,1000000121,20,7
2026-04-15,1000000043,1000000127,24,6
2026-04-15,1000000043,1000000128,8,16
2026-04-15,1000000043,1000000142,3,24
2026-04-15,1000000043,1000000143,7,18
2026-04-15,1000000044,1000000027,2,18
2026-04-15,1000000044,1000000028,2,19
2026-04-15,1000000044,1000000033,2,20
2026-04-15,1000000044,1000000035,10,11
2026-04-15,1000000044,1000000042,33,4
2026-04-15,1000000044,1000000043,53,3
2026-04-15,1000000044,1000000045,70,2
2026-04-15,1000000044,1000000062,19,7
2026-04-15,1000000044,1000000063,25,5
2026-04-15,1000000044,1000000064,83,1
2026-04-15,1000000044,1000000065,7,12
2026-04-15,1000000044,1000000066,14,9
2026-04-15,1000000044,1000000069,17,8
2026-04-15,1000000044,1000000070,2,21
2026-04-15,1000000044,1000000071,6,13
2026-04-15,1000000044,1000000072,3,15
2026-04-15,1000000044,1000000083,2,22
2026-04-15,1000000044,1000000086,1,25
2026-04-15,1000000044,1000000087,1,26
2026-04-15,1000000044,1000000090,1,27
2026-04-15,1000000044,1000000092,1,28
2026-04-15,1000000044,1000000093,3,16
2026-04-15,1000000044,1000000094,1,29
2026-04-15,1000000044,1000000110,2,23
2026-04-15,1000000044,1000000111,1,30
2026-04-15,1000000044,1000000121,13,10
2026-04-15,1000000044,1000000127,25,6
2026-04-15,1000000044,1000000128,6,14
2026-04-15,1000000044,1000000142,3,17
2026-04-15,1000000044,1000000143,2,24
2026-04-15,1000000045,1000000027,3,25
2026-04-15,1000000045,1000000028,2,32
2026-04-15,1000000045,1000000033,7,15
2026-04-15,1000000045,1000000035,13,12
2026-04-15,1000000045,1000000042,78,3
2026-04-15,1000000045,1000000043,87,2
2026-04-15,1000000045,1000000044,70,4
2026-04-15,1000000045,1000000062,35,6
2026-04-15,1000000045,1000000063,46,5
2026-04-15,1000000045,1000000064,162,1
2026-04-15,1000000045,1000000065,9,14
2026-04-15,1000000045,1000000066,16,10
2026-04-15,1000000045,1000000069,27,8
2026-04-15,1000000045,1000000070,4,22
2026-04-15,1000000045,1000000071,5,17
2026-04-15,1000000045,1000000072,3,26
2026-04-15,1000000045,1000000083,12,13
2026-04-15,1000000045,1000000084,1,35
2026-04-15,1000000045,1000000085,4,23
2026-04-15,1000000045,1000000086,3,27
2026-04-15,1000000045,1000000087,2,33
2026-04-15,1000000045,1000000088,5,18
2026-04-15,1000000045,1000000089,1,36
2026-04-15,1000000045,1000000090,1,37
2026-04-15,1000000045,1000000091,3,28
2026-04-15,1000000045,1000000092,2,34
2026-04-15,1000000045,1000000093,5,19
2026-04-15,1000000045,1000000094,3,29
2026-04-15,1000000045,1000000108,5,20
2026-04-15,1000000045,1000000110,1,38
2026-04-15,1000000045,1000000111,3,30
2026-04-15,1000000045,1000000112,4,24
2026-04-15,1000000045,1000000113,3,31
2026-04-15,1000000045,1000000121,21,9
2026-04-15,1000000045,1000000127,32,7
2026-04-15,1000000045,1000000128,14,11
2026-04-15,1000000045,1000000142,6,16
2026-04-15,1000000045,1000000143,5,21
2026-04-15,1000000062,1000000027,1,25
2026-04-15,1000000062,1000000033,1,26
2026-04-15,1000000062,1000000035,7,10
2026-04-15,1000000062,1000000042,22,5
2026-04-15,1000000062,1000000043,19,6
2026-04-15,1000000062,1000000044,19,7
2026-04-15,1000000062,1000000045,35,4
2026-04-15,1000000062,1000000063,89,1
2026-04-15,1000000062,1000000064,40,3
2026-04-15,1000000062,1000000065,9,9
2026-04-15,1000000062,1000000066,4,16
2026-04-15,1000000062,1000000069,7,11
2026-04-15,1000000062,1000000070,1,27
2026-04-15,1000000062,1000000071,3,17
2026-04-15,1000000062,1000000072,1,28
2026-04-15,1000000062,1000000074,1,29
2026-04-15,1000000062,1000000083,12,8
2026-04-15,1000000062,1000000084,5,15
2026-04-15,1000000062,1000000085,3,18
2026-04-15,1000000062,1000000086,1,30
2026-04-15,1000000062,1000000087,2,22
2026-04-15,1000000062,1000000088,3,19
2026-04-15,1000000062,1000000089,1,31
2026-04-15,1000000062,1000000090,1,32
2026-04-15,1000000062,1000000091,2,23
2026-04-15,1000000062,1000000092,1,33
2026-04-15,1000000062,1000000093,2,24
2026-04-15,1000000062,1000000094,1,34
2026-04-15,1000000062,1000000108,1,35
2026-04-15,1000000062,1000000111,7,12
2026-04-15,1000000062,1000000113,1,36
2026-04-15,1000000062,1000000121,6,13
2026-04-15,1000000062,1000000127,62,2
2026-04-15,1000000062,1000000128,6,14
2026-04-15,1000000062,1000000142,3,20
2026-04-15,1000000062,1000000143,3,21
2026-04-15,1000000063,1000000027,1,28
2026-04-15,1000000063,1000000028,1,29
2026-04-15,1000000063,1000000033,1,30
2026-04-15,1000000063,1000000035,6,14
2026-04-15,1000000063,1000000042,25,6
2026-04-15,1000000063,1000000043,31,5
2026-04-15,1000000063,1000000044,25,7
2026-04-15,1000000063,1000000045,46,3
2026-04-15,1000000063,1000000062,89,1
2026-04-15,1000000063,1000000064,40,4
2026-04-15,1000000063,1000000065,4,15
2026-04-15,1000000063,1000000066,12,8
2026-04-15,1000000063,1000000069,10,10
2026-04-15,1000000063,1000000070,3,19
2026-04-15,1000000063,1000000071,2,23
2026-04-15,1000000063,1000000072,1,31
2026-04-15,1000000063,1000000083,7,13
2026-04-15,1000000063,1000000084,3,20
2026-04-15,1000000063,1000000085,4,16
2026-04-15,1000000063,1000000086,2,24
2026-04-15,1000000063,1000000087,4,17
2026-04-15,1000000063,1000000088,3,21
2026-04-15,1000000063,1000000089,1,32
2026-04-15,1000000063,1000000090,3,22
2026-04-15,1000000063,1000000091,1,33
2026-04-15,1000000063,1000000092,1,34
2026-04-15,1000000063,1000000093,2,25
2026-04-15,1000000063,1000000094,1,35
2026-04-15,1000000063,1000000108,1,36
2026-04-15,1000000063,1000000110,2,26
2026-04-15,1000000063,1000000111,8,11
2026-04-15,1000000063,1000000112,1,37
2026-04-15,1000000063,1000000113,4,18
2026-04-15,1000000063,1000000121,11,9
2026-04-15,1000000063,1000000127,84,2
2026-04-15,1000000063,1000000128,8,12
2026-04-15,1000000063,1000000142,2,27
2026-04-15,1000000063,1000000143,1,38
2026-04-15,1000000064,1000000027,3,33
2026-04-15,1000000064,1000000028,2,36
2026-04-15,1000000064,1000000033,6,30
2026-04-15,1000000064,1000000035,21,14
2026-04-15,1000000064,1000000042,83,4
2026-04-15,1000000064,1000000043,98,3
2026-04-15,1000000064,1000000044,83,5
2026-04-15,1000000064,1000000045,162,1
2026-04-15,1000000064,1000000062,40,9
2026-04-15,1000000064,1000000063,40,10
2026-04-15,1000000064,1000000065,22,13
2026-04-15,1000000064,1000000066,43,7
2026-04-15,1000000064,1000000069,58,6
2026-04-15,1000000064,1000000070,4,32
2026-04-15,1000000064,1000000071,12,22
2026-04-15,1000000064,1000000072,3,34
2026-04-15,1000000064,1000000074,2,37
2026-04-15,1000000064,1000000083,17,18
2026-04-15,1000000064,1000000084,11,24
2026-04-15,1000000064,1000000085,17,19
2026-04-15,1000000064,1000000086,11,25
2026-04-15,1000000064,1000000087,20,16
2026-04-15,1000000064,1000000088,19,17
2026-04-15,1000000064,1000000089,2,38
2026-04-15,1000000064,1000000090,15,20
2026-04-15,1000000064,1000000091,21,15
2026-04-15,1000000064,1000000092,15,21
2026-04-15,1000000064,1000000093,43,8
2026-04-15,1000000064,1000000094,7,29
2026-04-15,1000000064,1000000108,5,31
2026-04-15,1000000064,1000000110,3,35
2026-04-15,1000000064,1000000111,12,23
2026-04-15,1000000064,1000000112,1,39
2026-04-15,1000000064,1000000113,8,28
2026-04-15,1000000064,1000000121,32,11
2026-04-15,1000000064,1000000127,136,2
2026-04-15,1000000064,1000000128,30,12
2026-04-15,1000000064,1000000142,11,26
2026-04-15,1000000064,1000000143,9,27
2026-04-15,1000000065,1000000027,2,16
2026-04-15,1000000065,1000000033,3,13
2026-04-15,1000000065,1000000035,5,9
2026-04-15,1000000065,1000000042,10,3
2026-04-15,1000000065,1000000043,10,4
2026-04-15,1000000065,1000000044,7,7
2026-04-15,1000000065,1000000045,9,5
2026-04-15,1000000065,1000000062,9,6
2026-04-15,1000000065,1000000063,4,11
2026-04-15,1000000065,1000000064,22,1
2026-04-15,1000000065,1000000066,13,2
2026-04-15,1000000065,1000000069,4,12
2026-04-15,1000000065,1000000071,1,21
2026-04-15,1000000065,1000000083,2,17
2026-04-15,1000000065,1000000084,1,22
2026-04-15,1000000065,1000000085,2,18
2026-04-15,1000000065,1000000087,1,23
2026-04-15,1000000065,1000000110,1,24
2026-04-15,1000000065,1000000111,3,14
2026-04-15,1000000065,1000000112,1,25
2026-04-15,1000000065,1000000121,5,10
2026-04-15,1000000065,1000000127,2,19
2026-04-15,1000000065,1000000128,7,8
2026-04-15,1000000065,1000000142,2,20
2026-04-15,1000000065,1000000143,3,15
2026-04-15,1000000066,1000000027,1,19
2026-04-15,1000000066,1000000033,1,20
2026-04-15,1000000066,1000000035,8,9
2026-04-15,1000000066,1000000042,8,10
2026-04-15,1000000066,1000000043,19,2
2026-04-15,1000000066,1000000044,14,4
2026-04-15,1000000066,1000000045,16,3
2026-04-15,1000000066,1000000062,4,13
2026-04-15,1000000066,1000000063,12,6
2026-04-15,1000000066,1000000064,43,1
2026-04-15,1000000066,1000000065,13,5
2026-04-15,1000000066,1000000069,10,7
2026-04-15,1000000066,1000000070,4,14
2026-04-15,1000000066,1000000072,1,21
2026-04-15,1000000066,1000000083,1,22
2026-04-15,1000000066,1000000084,2,16
2026-04-15,1000000066,1000000087,4,15
2026-04-15,1000000066,1000000088,1,23
2026-04-15,1000000066,1000000090,1,24
2026-04-15,1000000066,1000000093,2,17
2026-04-15,1000000066,1000000112,1,25
2026-04-15,1000000066,1000000121,5,12
2026-04-15,1000000066,1000000127,6,11
2026-04-15,1000000066,1000000128,10,8
2026-04-15,1000000066,1000000142,1,26
2026-04-15,1000000066,1000000143,2,18
2026-04-15,1000000069,1000000027,1,21
2026-04-15,1000000069,1000000028,2,15
2026-04-15,1000000069,1000000035,3,13
2026-04-15,1000000069,1000000042,11,5
2026-04-15,1000000069,1000000043,18,3
2026-04-15,1000000069,1000000044,17,4
2026-04-15,1000000069,1000000045,27,2
2026-04-15,1000000069,1000000062,7,10
2026-04-15,1000000069,1000000063,10,6
2026-04-15,1000000069,1000000064,58,1
2026-04-15,1000000069,1000000065,4,12
2026-04-15,1000000069,1000000066,10,7
2026-04-15,1000000069,1000000070,1,22
2026-04-15,1000000069,1000000071,2,16
2026-04-15,1000000069,1000000083,6,11
2026-04-15,1000000069,1000000085,1,23
2026-04-15,1000000069,1000000087,1,24
2026-04-15,1000000069,1000000089,1,25
2026-04-15,1000000069,1000000090,1,26
2026-04-15,1000000069,1000000091,2,17
2026-04-15,1000000069,1000000092,2,18
2026-04-15,1000000069,1000000093,2,19
2026-04-15,1000000069,1000000094,1,27
2026-04-15,1000000069,1000000121,8,9
2026-04-15,1000000069,1000000127,9,8
2026-04-15,1000000069,1000000128,3,14
2026-04-15,1000000069,1000000142,2,20
2026-04-15,1000000069,1000000143,1,28
2026-04-15,1000000070,1000000027,3,6
2026-04-15,1000000070,1000000028,2,9
2026-04-15,1000000070,1000000033,1,13
2026-04-15,1000000070,1000000042,2,10
2026-04-15,1000000070,1000000043,6,1
2026-04-15,1000000070,1000000044,2,11
2026-04-15,1000000070,1000000045,4,3
2026-04-15,1000000070,1000000062,1,14
2026-04-15,1000000070,1000000063,3,7
2026-04-15,1000000070,1000000064,4,4
2026-04-15,1000000070,1000000066,4,5
2026-04-15,1000000070,1000000069,1,15
2026-04-15,1000000070,1000000071,5,2
2026-04-15,1000000070,1000000072,3,8
2026-04-15,1000000070,1000000083,1,16
2026-04-15,1000000070,1000000110,1,17
2026-04-15,1000000070,1000000121,2,12
2026-04-15,1000000070,1000000128,1,18
2026-04-15,1000000071,1000000027,4,8
2026-04-15,1000000071,1000000028,3,10
2026-04-15,1000000071,1000000033,1,17
2026-04-15,1000000071,1000000035,1,18
2026-04-15,1000000071,1000000042,10,2
2026-04-15,1000000071,1000000043,7,3
2026-04-15,1000000071,1000000044,6,4
2026-04-15,1000000071,1000000045,5,5
2026-04-15,1000000071,1000000062,3,11
2026-04-15,1000000071,1000000063,2,12
2026-04-15,1000000071,1000000064,12,1
2026-04-15,1000000071,1000000065,1,19
2026-04-15,1000000071,1000000069,2,13
2026-04-15,1000000071,1000000070,5,6
2026-04-15,1000000071,1000000072,2,14
2026-04-15,1000000071,1000000074,1,20
2026-04-15,1000000071,1000000083,4,9
2026-04-15,1000000071,1000000087,1,21
2026-04-15,1000000071,1000000088,1,22
2026-04-15,1000000071,1000000113,2,15
2026-04-15,1000000071,1000000127,5,7
2026-04-15,1000000071,1000000128,2,16
2026-04-15,1000000071,1000000142,1,23
2026-04-15,1000000072,1000000028,1,8
2026-04-15,1000000072,1000000042,2,5
2026-04-15,1000000072,1000000043,1,9
2026-04-15,1000000072,1000000044,3,1
2026-04-15,1000000072,1000000045,3,2
2026-04-15,1000000072,1000000062,1,10
2026-04-15,1000000072,1000000063,1,11
2026-04-15,1000000072,1000000064,3,3
2026-04-15,1000000072,1000000066,1,12
2026-04-15,1000000072,1000000070,3,4
2026-04-15,1000000072,1000000071,2,6
2026-04-15,1000000072,1000000083,1,13
2026-04-15,1000000072,1000000127,2,7
2026-04-15,1000000074,1000000042,1,2
2026-04-15,1000000074,1000000043,1,3
2026-04-15,1000000074,1000000062,1,4
2026-04-15,1000000074,1000000064,2,1
2026-04-15,1000000074,1000000071,1,5
2026-04-15,1000000074,1000000091,1,6
2026-04-15,1000000074,1000000127,1,7
2026-04-15,1000000074,1000000128,1,8
2026-04-15,1000000083,1000000027,1,21
2026-04-15,1000000083,1000000028,2,14
2026-04-15,1000000083,1000000033,7,8
2026-04-15,1000000083,1000000035,8,7
2026-04-15,1000000083,1000000042,16,2
2026-04-15,1000000083,1000000043,9,6
2026-04-15,1000000083,1000000044,2,15
2026-04-15,1000000083,1000000045,12,3
2026-04-15,1000000083,1000000062,12,4
2026-04-15,1000000083,1000000063,7,9
2026-04-15,1000000083,1000000064,17,1
2026-04-15,1000000083,1000000065,2,16
2026-04-15,1000000083,1000000066,1,22
2026-04-15,1000000083,1000000069,6,11
2026-04-15,1000000083,1000000070,1,23
2026-04-15,1000000083,1000000071,4,12
2026-04-15,1000000083,1000000072,1,24
2026-04-15,1000000083,1000000085,1,25
2026-04-15,1000000083,1000000087,1,26
2026-04-15,1000000083,1000000088,1,27
2026-04-15,1000000083,1000000090,2,17
2026-04-15,1000000083,1000000091,1,28
2026-04-15,1000000083,1000000093,2,18
2026-04-15,1000000083,1000000094,2,19
2026-04-15,1000000083,1000000108,3,13
2026-04-15,1000000083,1000000110,1,29
2026-04-15,1000000083,1000000112,1,30
2026-04-15,1000000083,1000000113,1,31
2026-04-15,1000000083,1000000121,7,10
2026-04-15,1000000083,1000000127,11,5
2026-04-15,1000000083,1000000128,2,20
2026-04-15,1000000083,1000000142,1,32
2026-04-15,1000000084,1000000042,2,13
2026-04-15,1000000084,1000000043,1,16
2026-04-15,1000000084,1000000045,1,17
2026-04-15,1000000084,1000000062,5,6
2026-04-15,1000000084,1000000063,3,11
2026-04-15,1000000084,1000000064,11,3
2026-04-15,1000000084,1000000065,1,18
2026-04-15,1000000084,1000000066,2,14
2026-04-15,1000000084,1000000085,15,1
2026-04-15,1000000084,1000000086,4,8
2026-04-15,1000000084,1000000087,15,2
2026-04-15,1000000084,1000000088,6,5
2026-04-15,1000000084,1000000090,11,4
2026-04-15,1000000084,1000000091,2,15
2026-04-15,1000000084,1000000092,1,19
2026-04-15,1000000084,1000000093,5,7
2026-04-15,1000000084,1000000094,1,20
2026-04-15,1000000084,1000000108,3,12
2026-04-15,1000000084,1000000110,4,9
2026-04-15,1000000084,1000000111,4,10
2026-04-15,1000000084,1000000113,1,21
2026-04-15,1000000084,1000000127,1,22
2026-04-15,1000000084,1000000128,1,23
2026-04-15,1000000084,1000000142,1,24
2026-04-15,1000000084,1000000143,1,25
2026-04-15,1000000085,1000000027,1,22
2026-04-15,1000000085,1000000033,1,23
2026-04-15,1000000085,1000000042,3,14
2026-04-15,1000000085,1000000043,2,17
2026-04-15,1000000085,1000000045,4,12
2026-04-15,1000000085,1000000062,3,15
2026-04-15,1000000085,1000000063,4,13
2026-04-15,1000000085,1000000064,17,1
2026-04-15,1000000085,1000000065,2,18
2026-04-15,1000000085,1000000069,1,24
2026-04-15,1000000085,1000000083,1,25
2026-04-15,1000000085,1000000084,15,2
2026-04-15,1000000085,1000000086,8,7
2026-04-15,1000000085,1000000087,9,4
2026-04-15,1000000085,1000000088,9,5
2026-04-15,1000000085,1000000089,2,19
2026-04-15,1000000085,1000000090,12,3
2026-04-15,1000000085,1000000091,9,6
2026-04-15,1000000085,1000000092,7,8
2026-04-15,1000000085,1000000093,6,9
2026-04-15,1000000085,1000000094,2,20
2026-04-15,1000000085,1000000108,5,10
2026-04-15,1000000085,1000000110,1,26
2026-04-15,1000000085,1000000111,3,16
2026-04-15,1000000085,1000000112,1,27
2026-04-15,1000000085,1000000113,1,28
2026-04-15,1000000085,1000000121,2,21
2026-04-15,1000000085,1000000127,1,29
2026-04-15,1000000085,1000000128,1,30
2026-04-15,1000000085,1000000142,5,11
2026-04-15,1000000086,1000000035,1,15
2026-04-15,1000000086,1000000042,3,7
2026-04-15,1000000086,1000000043,2,11
2026-04-15,1000000086,1000000044,1,16
2026-04-15,1000000086,1000000045,3,8
2026-04-15,1000000086,1000000062,1,17
2026-04-15,1000000086,1000000063,2,12
2026-04-15,1000000086,1000000064,11,1
2026-04-15,1000000086,1000000084,4,6
2026-04-15,1000000086,1000000085,8,3
2026-04-15,1000000086,1000000087,5,4
2026-04-15,1000000086,1000000088,11,2
2026-04-15,1000000086,1000000089,3,9
2026-04-15,1000000086,1000000090,2,13
2026-04-15,1000000086,1000000091,5,5
2026-04-15,1000000086,1000000092,3,10
2026-04-15,1000000086,1000000093,1,18
2026-04-15,1000000086,1000000094,2,14
2026-04-15,1000000086,1000000108,1,19
2026-04-15,1000000086,1000000111,1,20
2026-04-15,1000000086,1000000112,1,21
2026-04-15,1000000086,1000000127,1,22
2026-04-15,1000000086,1000000128,1,23
2026-04-15,1000000086,1000000143,1,24
2026-04-15,1000000087,1000000028,1,24
2026-04-15,1000000087,1000000033,2,19
2026-04-15,1000000087,1000000035,2,20
2026-04-15,1000000087,1000000042,3,16
2026-04-15,1000000087,1000000043,8,7
2026-04-15,1000000087,1000000044,1,25
2026-04-15,1000000087,1000000045,2,21
2026-04-15,1000000087,1000000062,2,22
2026-04-15,1000000087,1000000063,4,11
2026-04-15,1000000087,1000000064,20,1
2026-04-15,1000000087,1000000065,1,26
2026-04-15,1000000087,1000000066,4,12
2026-04-15,1000000087,1000000069,1,27
2026-04-15,1000000087,1000000071,1,28
2026-04-15,1000000087,1000000083,1,29
2026-04-15,1000000087,1000000084,15,2
2026-04-15,1000000087,1000000085,9,5
2026-04-15,1000000087,1000000086,5,9
2026-04-15,1000000087,1000000088,11,3
2026-04-15,1000000087,1000000089,1,30
2026-04-15,1000000087,1000000090,9,6
2026-04-15,1000000087,1000000091,11,4
2026-04-15,1000000087,1000000092,4,13
2026-04-15,1000000087,1000000093,4,14
2026-04-15,1000000087,1000000094,1,31
2026-04-15,1000000087,1000000108,4,15
2026-04-15,1000000087,1000000110,1,32
2026-04-15,1000000087,1000000111,5,10
2026-04-15,1000000087,1000000112,1,33
2026-04-15,1000000087,1000000113,3,17
2026-04-15,1000000087,1000000121,6,8
2026-04-15,1000000087,1000000127,3,18
2026-04-15,1000000087,1000000128,2,23
2026-04-15,1000000087,1000000142,1,34
2026-04-15,1000000087,1000000143,1,35
2026-04-15,1000000088,1000000035,5,8
2026-04-15,1000000088,1000000042,2,17
2026-04-15,1000000088,1000000043,4,10
2026-04-15,1000000088,1000000045,5,9
2026-04-15,1000000088,1000000062,3,12
2026-04-15,1000000088,1000000063,3,13
2026-04-15,1000000088,1000000064,19,1
2026-04-15,1000000088,1000000066,1,21
2026-04-15,1000000088,1000000071,1,22
2026-04-15,1000000088,1000000083,1,23
2026-04-15,1000000088,1000000084,6,6
2026-04-15,1000000088,1000000085,9,4
2026-04-15,1000000088,1000000086,11,2
2026-04-15,1000000088,1000000087,11,3
2026-04-15,1000000088,1000000089,3,14
2026-04-15,1000000088,1000000090,4,11
2026-04-15,1000000088,1000000091,9,5
2026-04-15,1000000088,1000000092,6,7
2026-04-15,1000000088,1000000093,2,18
2026-04-15,1000000088,1000000094,1,24
2026-04-15,1000000088,1000000110,1,25
2026-04-15,1000000088,1000000111,2,19
2026-04-15,1000000088,1000000112,2,20
2026-04-15,1000000088,1000000113,1,26
2026-04-15,1000000088,1000000121,3,15
2026-04-15,1000000088,1000000127,3,16
2026-04-15,1000000088,1000000128,1,27
2026-04-15,1000000089,1000000045,1,6
2026-04-15,1000000089,1000000062,1,7
2026-04-15,1000000089,1000000063,1,8
2026-04-15,1000000089,1000000064,2,3
2026-04-15,1000000089,1000000069,1,9
2026-04-15,1000000089,1000000085,2,4
2026-04-15,1000000089,1000000086,3,1
2026-04-15,1000000089,1000000087,1,10
2026-04-15,1000000089,1000000088,3,2
2026-04-15,1000000089,1000000091,1,11
2026-04-15,1000000089,1000000121,2,5
2026-04-15,1000000089,1000000127,1,12
2026-04-15,1000000089,1000000128,1,13
2026-04-15,1000000090,1000000042,2,14
2026-04-15,1000000090,1000000043,3,12
2026-04-15,1000000090,1000000044,1,17
2026-04-15,1000000090,1000000045,1,18
2026-04-15,1000000090,1000000062,1,19
2026-04-15,1000000090,1000000063,3,13
2026-04-15,1000000090,1000000064,15,2
2026-04-15,1000000090,1000000066,1,20
2026-04-15,1000000090,1000000069,1,21
2026-04-15,1000000090,1000000083,2,15
2026-04-15,1000000090,1000000084,11,4
2026-04-15,1000000090,1000000085,12,3
2026-04-15,1000000090,1000000086,2,16
2026-04-15,1000000090,1000000087,9,6
2026-04-15,1000000090,1000000088,4,9
2026-04-15,1000000090,1000000091,19,1
2026-04-15,1000000090,1000000092,6,8
2026-04-15,1000000090,1000000093,10,5
2026-04-15,1000000090,1000000094,4,10
2026-04-15,1000000090,1000000108,8,7
2026-04-15,1000000090,1000000111,4,11
2026-04-15,1000000090,1000000112,1,22
2026-04-15,1000000090,1000000121,1,23
2026-04-15,1000000090,1000000127,1,24
2026-04-15,1000000090,1000000128,1,25
2026-04-15,1000000091,1000000043,2,15
2026-04-15,1000000091,1000000045,3,12
2026-04-15,1000000091,1000000062,2,16
2026-04-15,1000000091,1000000063,1,21
2026-04-15,1000000091,1000000064,21,1
2026-04-15,1000000091,1000000069,2,17
2026-04-15,1000000091,1000000074,1,22
2026-04-15,1000000091,1000000083,1,23
2026-04-15,1000000091,1000000084,2,18
2026-04-15,1000000091,1000000085,9,5
2026-04-15,1000000091,1000000086,5,9
2026-04-15,1000000091,1000000087,11,3
2026-04-15,1000000091,1000000088,9,6
2026-04-15,1000000091,1000000089,1,24
2026-04-15,1000000091,1000000090,19,2
2026-04-15,1000000091,1000000092,11,4
2026-04-15,1000000091,1000000093,9,7
2026-04-15,1000000091,1000000094,6,8
2026-04-15,1000000091,1000000108,4,11
2026-04-15,1000000091,1000000110,2,19
2026-04-15,1000000091,1000000111,5,10
2026-04-15,1000000091,1000000112,2,20
2026-04-15,1000000091,1000000113,3,13
2026-04-15,1000000091,1000000127,3,14
2026-04-15,1000000092,1000000035,1,14
2026-04-15,1000000092,1000000043,1,15
2026-04-15,1000000092,1000000044,1,16
2026-04-15,1000000092,1000000045,2,11
2026-04-15,1000000092,1000000062,1,17
2026-04-15,1000000092,1000000063,1,18
2026-04-15,1000000092,1000000064,15,1
2026-04-15,1000000092,1000000069,2,12
2026-04-15,1000000092,1000000084,1,19
2026-04-15,1000000092,1000000085,7,3
2026-04-15,1000000092,1000000086,3,9
2026-04-15,1000000092,1000000087,4,6
2026-04-15,1000000092,1000000088,6,4
2026-04-15,1000000092,1000000090,6,5
2026-04-15,1000000092,1000000091,11,2
2026-04-15,1000000092,1000000093,4,7
2026-04-15,1000000092,1000000108,2,13
2026-04-15,1000000092,1000000111,4,8
2026-04-15,1000000092,1000000112,3,10
2026-04-15,1000000092,1000000113,1,20
2026-04-15,1000000092,1000000127,1,21
2026-04-15,1000000093,1000000035,4,11
2026-04-15,1000000093,1000000042,1,25
2026-04-15,1000000093,1000000043,2,16
2026-04-15,1000000093,1000000044,3,14
2026-04-15,1000000093,1000000045,5,8
2026-04-15,1000000093,1000000062,2,17
2026-04-15,1000000093,1000000063,2,18
2026-04-15,1000000093,1000000064,43,1
2026-04-15,1000000093,1000000066,2,19
2026-04-15,1000000093,1000000069,2,20
2026-04-15,1000000093,1000000083,2,21
2026-04-15,1000000093,1000000084,5,9
2026-04-15,1000000093,1000000085,6,7
2026-04-15,1000000093,1000000086,1,26
2026-04-15,1000000093,1000000087,4,12
2026-04-15,1000000093,1000000088,2,22
2026-04-15,1000000093,1000000090,10,4
2026-04-15,1000000093,1000000091,9,5
2026-04-15,1000000093,1000000092,4,13
2026-04-15,1000000093,1000000094,5,10
2026-04-15,1000000093,1000000108,13,2
2026-04-15,1000000093,1000000110,2,23
2026-04-15,1000000093,1000000111,11,3
2026-04-15,1000000093,1000000112,3,15
2026-04-15,1000000093,1000000113,2,24
2026-04-15,1000000093,1000000121,1,27
2026-04-15,1000000093,1000000127,7,6
2026-04-15,1000000093,1000000128,1,28
2026-04-15,1000000094,1000000035,1,14
2026-04-15,1000000094,1000000042,3,8
2026-04-15,1000000094,1000000043,1,15
2026-04-15,1000000094,1000000044,1,16
2026-04-15,1000000094,1000000045,3,9
2026-04-15,1000000094,1000000062,1,17
2026-04-15,1000000094,1000000063,1,18
2026-04-15,1000000094,1000000064,7,1
2026-04-15,1000000094,1000000069,1,19
2026-04-15,1000000094,1000000083,2,11
2026-04-15,1000000094,1000000084,1,20
2026-04-15,1000000094,1000000085,2,12
2026-04-15,1000000094,1000000086,2,13
2026-04-15,1000000094,1000000087,1,21
2026-04-15,1000000094,1000000088,1,22
2026-04-15,1000000094,1000000090,4,4
2026-04-15,1000000094,1000000091,6,2
2026-04-15,1000000094,1000000093,5,3
2026-04-15,1000000094,1000000108,4,5
2026-04-15,1000000094,1000000110,4,6
2026-04-15,1000000094,1000000111,4,7
2026-04-15,1000000094,1000000112,3,10
2026-04-15,1000000094,1000000113,1,23
2026-04-15,1000000094,1000000121,1,24
2026-04-15,1000000094,1000000142,1,25
2026-04-15,1000000094,1000000143,1,26
2026-04-15,1000000108,1000000035,1,14
2026-04-15,1000000108,1000000045,5,3
2026-04-15,1000000108,1000000062,1,15
2026-04-15,1000000108,1000000063,1,16
2026-04-15,1000000108,1000000064,5,4
2026-04-15,1000000108,1000000083,3,9
2026-04-15,1000000108,1000000084,3,10
2026-04-15,1000000108,1000000085,5,5
2026-04-15,1000000108,1000000086,1,17
2026-04-15,1000000108,1000000087,4,6
2026-04-15,1000000108,1000000090,8,2
2026-04-15,1000000108,1000000091,4,7
2026-04-15,1000000108,1000000092,2,11
2026-04-15,1000000108,1000000093,13,1
2026-04-15,1000000108,1000000094,4,8
2026-04-15,1000000108,1000000110,2,12
2026-04-15,1000000108,1000000112,2,13
2026-04-15,1000000108,1000000113,1,18
2026-04-15,1000000108,1000000127,1,19
2026-04-15,1000000108,1000000142,1,20
2026-04-15,1000000110,1000000027,1,11
2026-04-15,1000000110,1000000042,1,12
2026-04-15,1000000110,1000000044,2,6
2026-04-15,1000000110,1000000045,1,13
2026-04-15,1000000110,1000000063,2,7
2026-04-15,1000000110,1000000064,3,5
2026-04-15,1000000110,1000000065,1,14
2026-04-15,1000000110,1000000070,1,15
2026-04-15,1000000110,1000000083,1,16
2026-04-15,1000000110,1000000084,4,2
2026-04-15,1000000110,1000000085,1,17
2026-04-15,1000000110,1000000087,1,18
2026-04-15,1000000110,1000000088,1,19
2026-04-15,1000000110,1000000091,2,8
2026-04-15,1000000110,1000000093,2,9
2026-04-15,1000000110,1000000094,4,3
2026-04-15,1000000110,1000000108,2,10
2026-04-15,1000000110,1000000111,5,1
2026-04-15,1000000110,1000000112,4,4
2026-04-15,1000000110,1000000128,1,20
2026-04-15,1000000110,1000000142,1,21
2026-04-15,1000000110,1000000143,1,22
2026-04-15,1000000111,1000000035,1,20
2026-04-15,1000000111,1000000042,1,21
2026-04-15,1000000111,1000000043,2,17
2026-04-15,1000000111,1000000044,1,22
2026-04-15,1000000111,1000000045,3,14
2026-04-15,1000000111,1000000062,7,4
2026-04-15,1000000111,1000000063,8,3
2026-04-15,1000000111,1000000064,12,1
2026-04-15,1000000111,1000000065,3,15
2026-04-15,1000000111,1000000084,4,9
2026-04-15,1000000111,1000000085,3,16
2026-04-15,1000000111,1000000086,1,23
2026-04-15,1000000111,1000000087,5,5
2026-04-15,1000000111,1000000088,2,18
2026-04-15,1000000111,1000000090,4,10
2026-04-15,1000000111,1000000091,5,6
2026-04-15,1000000111,1000000092,4,11
2026-04-15,1000000111,1000000093,11,2
2026-04-15,1000000111,1000000094,4,12
2026-04-15,1000000111,1000000110,5,7
2026-04-15,1000000111,1000000112,2,19
2026-04-15,1000000111,1000000113,4,13
2026-04-15,1000000111,1000000121,1,24
2026-04-15,1000000111,1000000127,5,8
2026-04-15,1000000112,1000000027,1,13
2026-04-15,1000000112,1000000035,1,14
2026-04-15,1000000112,1000000042,2,8
2026-04-15,1000000112,1000000043,3,4
2026-04-15,1000000112,1000000045,4,2
2026-04-15,1000000112,1000000063,1,15
2026-04-15,1000000112,1000000064,1,16
2026-04-15,1000000112,1000000065,1,17
2026-04-15,1000000112,1000000066,1,18
2026-04-15,1000000112,1000000083,1,19
2026-04-15,1000000112,1000000085,1,20
2026-04-15,1000000112,1000000086,1,21
2026-04-15,1000000112,1000000087,1,22
2026-04-15,1000000112,1000000088,2,9
2026-04-15,1000000112,1000000090,1,23
2026-04-15,1000000112,1000000091,2,10
2026-04-15,1000000112,1000000092,3,5
2026-04-15,1000000112,1000000093,3,6
2026-04-15,1000000112,1000000094,3,7
2026-04-15,1000000112,1000000108,2,11
2026-04-15,1000000112,1000000110,4,3
2026-04-15,1000000112,1000000111,2,12
2026-04-15,1000000112,1000000113,5,1
2026-04-15,1000000112,1000000121,1,24
2026-04-15,1000000112,1000000127,1,25
2026-04-15,1000000113,1000000028,1,11
2026-04-15,1000000113,1000000033,1,12
2026-04-15,1000000113,1000000042,1,13
2026-04-15,1000000113,1000000043,2,8
2026-04-15,1000000113,1000000045,3,5
2026-04-15,1000000113,1000000062,1,14
2026-04-15,1000000113,1000000063,4,3
2026-04-15,1000000113,1000000064,8,1
2026-04-15,1000000113,1000000071,2,9
2026-04-15,1000000113,1000000083,1,15
2026-04-15,1000000113,1000000084,1,16
2026-04-15,1000000113,1000000085,1,17
2026-04-15,1000000113,1000000087,3,6
2026-04-15,1000000113,1000000088,1,18
2026-04-15,1000000113,1000000091,3,7
2026-04-15,1000000113,1000000092,1,19
2026-04-15,1000000113,1000000093,2,10
2026-04-15,1000000113,1000000094,1,20
2026-04-15,1000000113,1000000108,1,21
2026-04-15,1000000113,1000000111,4,4
2026-04-15,1000000113,1000000112,5,2
2026-04-15,1000000113,1000000121,1,22
2026-04-15,1000000113,1000000128,1,23
2026-04-15,1000000121,1000000028,1,23
2026-04-15,1000000121,1000000033,5,13
2026-04-15,1000000121,1000000035,14,5
2026-04-15,1000000121,1000000042,21,2
2026-04-15,1000000121,1000000043,20,4
2026-04-15,1000000121,1000000044,13,6
2026-04-15,1000000121,1000000045,21,3
2026-04-15,1000000121,1000000062,6,11
2026-04-15,1000000121,1000000063,11,7
2026-04-15,1000000121,1000000064,32,1
2026-04-15,1000000121,1000000065,5,14
2026-04-15,1000000121,1000000066,5,15
2026-04-15,1000000121,1000000069,8,8
2026-04-15,1000000121,1000000070,2,19
2026-04-15,1000000121,1000000083,7,9
2026-04-15,1000000121,1000000085,2,20
2026-04-15,1000000121,1000000087,6,12
2026-04-15,1000000121,1000000088,3,17
2026-04-15,1000000121,1000000089,2,21
2026-04-15,1000000121,1000000090,1,24
2026-04-15,1000000121,1000000093,1,25
2026-04-15,1000000121,1000000094,1,26
2026-04-15,1000000121,1000000111,1,27
2026-04-15,1000000121,1000000112,1,28
2026-04-15,1000000121,1000000113,1,29
2026-04-15,1000000121,1000000127,7,10
2026-04-15,1000000121,1000000128,4,16
2026-04-15,1000000121,1000000142,2,22
2026-04-15,1000000121,1000000143,3,18
2026-04-15,1000000127,1000000033,4,18
2026-04-15,1000000127,1000000035,5,15
2026-04-15,1000000127,1000000042,20,7
2026-04-15,1000000127,1000000043,24,6
2026-04-15,1000000127,1000000044,25,5
2026-04-15,1000000127,1000000045,32,4
2026-04-15,1000000127,1000000062,62,3
2026-04-15,1000000127,1000000063,84,2
2026-04-15,1000000127,1000000064,136,1
2026-04-15,1000000127,1000000065,2,22
2026-04-15,1000000127,1000000066,6,13
2026-04-15,1000000127,1000000069,9,9
2026-04-15,1000000127,1000000071,5,16
2026-04-15,1000000127,1000000072,2,23
2026-04-15,1000000127,1000000074,1,24
2026-04-15,1000000127,1000000083,11,8
2026-04-15,1000000127,1000000084,1,25
2026-04-15,1000000127,1000000085,1,26
2026-04-15,1000000127,1000000086,1,27
2026-04-15,1000000127,1000000087,3,19
2026-04-15,1000000127,1000000088,3,20
2026-04-15,1000000127,1000000089,1,28
2026-04-15,1000000127,1000000090,1,29
2026-04-15,1000000127,1000000091,3,21
2026-04-15,1000000127,1000000092,1,30
2026-04-15,1000000127,1000000093,7,11
2026-04-15,1000000127,1000000108,1,31
2026-04-15,1000000127,1000000111,5,17
2026-04-15,1000000127,1000000112,1,32
2026-04-15,1000000127,1000000121,7,12
2026-04-15,1000000127,1000000128,8,10
2026-04-15,1000000127,1000000142,6,14
2026-04-15,1000000128,1000000027,2,14
2026-04-15,1000000128,1000000033,1,19
2026-04-15,1000000128,1000000035,2,15
2026-04-15,1000000128,1000000042,6,8
2026-04-15,1000000128,1000000043,8,4
2026-04-15,1000000128,1000000044,6,9
2026-04-15,1000000128,1000000045,14,2
2026-04-15,1000000128,1000000062,6,10
2026-04-15,1000000128,1000000063,8,5
2026-04-15,1000000128,1000000064,30,1
2026-04-15,1000000128,1000000065,7,7
2026-04-15,1000000128,1000000066,10,3
2026-04-15,1000000128,1000000069,3,12
2026-04-15,1000000128,1000000070,1,20
2026-04-15,1000000128,1000000071,2,16
2026-04-15,1000000128,1000000074,1,21
2026-04-15,1000000128,1000000083,2,17
2026-04-15,1000000128,1000000084,1,22
2026-04-15,1000000128,1000000085,1,23
2026-04-15,1000000128,1000000086,1,24
2026-04-15,1000000128,1000000087,2,18
2026-04-15,1000000128,1000000088,1,25
2026-04-15,1000000128,1000000089,1,26
2026-04-15,1000000128,1000000090,1,27
2026-04-15,1000000128,1000000093,1,28
2026-04-15,1000000128,1000000110,1,29
2026-04-15,1000000128,1000000113,1,30
2026-04-15,1000000128,1000000121,4,11
2026-04-15,1000000128,1000000127,8,6
2026-04-15,1000000128,1000000142,3,13
2026-04-15,1000000128,1000000143,1,31
2026-04-15,1000000142,1000000033,1,15
2026-04-15,1000000142,1000000035,1,16
2026-04-15,1000000142,1000000042,7,2
2026-04-15,1000000142,1000000043,3,6
2026-04-15,1000000142,1000000044,3,7
2026-04-15,1000000142,1000000045,6,3
2026-04-15,1000000142,1000000062,3,8
2026-04-15,1000000142,1000000063,2,10
2026-04-15,1000000142,1000000064,11,1
2026-04-15,1000000142,1000000065,2,11
2026-04-15,1000000142,1000000066,1,17
2026-04-15,1000000142,1000000069,2,12
2026-04-15,1000000142,1000000071,1,18
2026-04-15,1000000142,1000000083,1,19
2026-04-15,1000000142,1000000084,1,20
2026-04-15,1000000142,1000000085,5,5
2026-04-15,1000000142,1000000087,1,21
2026-04-15,1000000142,1000000094,1,22
2026-04-15,1000000142,1000000108,1,23
2026-04-15,1000000142,1000000110,1,24
2026-04-15,1000000142,1000000121,2,13
2026-04-15,1000000142,1000000127,6,4
2026-04-15,1000000142,1000000128,3,9
2026-04-15,1000000142,1000000143,2,14
2026-04-15,1000000143,1000000042,4,4
2026-04-15,1000000143,1000000043,7,2
2026-04-15,1000000143,1000000044,2,8
2026-04-15,1000000143,1000000045,5,3
2026-04-15,1000000143,1000000062,3,5
2026-04-15,1000000143,1000000063,1,11
2026-04-15,1000000143,1000000064,9,1
2026-04-15,1000000143,1000000065,3,6
2026-04-15,1000000143,1000000066,2,9
2026-04-15,1000000143,1000000069,1,12
2026-04-15,1000000143,1000000084,1,13
2026-04-15,1000000143,1000000086,1,14
2026-04-15,1000000143,1000000087,1,15
2026-04-15,1000000143,1000000094,1,16
2026-04-15,1000000143,1000000110,1,17
2026-04-15,1000000143,1000000121,3,7
2026-04-15,1000000143,1000000128,1,18
2026-04-15,1000000143,1000000142,2,10
2026-04-15,1000000153,1000000154,4,2
2026-04-15,1000000153,1000000156,18,1
2026-04-15,1000000154,1000000153,4,1
2026-04-15,1000000154,1000000156,1,2
2026-04-15,1000000156,1000000153,18,1
2026-04-15,1000000156,1000000154,1,2
2026-04-16,1000000027,1000000028,2,8
2026-04-16,1000000027,1000000033,2,9
2026-04-16,1000000027,1000000035,3,4
2026-04-16,1000000027,1000000042,6,1
2026-04-16,1000000027,1000000043,5,2
2026-04-16,1000000027,1000000044,2,10
2026-04-16,1000000027,1000000045,3,5
2026-04-16,1000000027,1000000062,1,13
2026-04-16,1000000027,1000000063,1,14
2026-04-16,1000000027,1000000064,3,6
2026-04-16,1000000027,1000000065,2,11
2026-04-16,1000000027,1000000066,1,15
2026-04-16,1000000027,1000000069,1,16
2026-04-16,1000000027,1000000070,3,7
2026-04-16,1000000027,1000000071,4,3
2026-04-16,1000000027,1000000083,1,17
2026-04-16,1000000027,1000000085,1,18
2026-04-16,1000000027,1000000110,1,19
2026-04-16,1000000027,1000000112,1,20
2026-04-16,1000000027,1000000128,2,12
2026-04-16,1000000028,1000000027,2,3
2026-04-16,1000000028,1000000035,1,11
2026-04-16,1000000028,1000000042,3,1
2026-04-16,1000000028,1000000043,2,4
2026-04-16,1000000028,1000000044,2,5
2026-04-16,1000000028,1000000045,2,6
2026-04-16,1000000028,1000000063,1,12
2026-04-16,1000000028,1000000064,2,7
2026-04-16,1000000028,1000000069,2,8
2026-04-16,1000000028,1000000070,2,9
2026-04-16,1000000028,1000000071,3,2
2026-04-16,1000000028,1000000072,1,13
2026-04-16,1000000028,1000000083,2,10
2026-04-16,1000000028,1000000087,1,14
2026-04-16,1000000028,1000000113,1,15
2026-04-16,1000000028,1000000121,1,16
2026-04-16,1000000033,1000000027,2,10
2026-04-16,1000000033,1000000035,12,1
2026-04-16,1000000033,1000000042,5,6
2026-04-16,1000000033,1000000043,9,2
2026-04-16,1000000033,1000000044,2,11
2026-04-16,1000000033,1000000045,7,3
2026-04-16,1000000033,1000000062,1,13
2026-04-16,1000000033,1000000063,1,14
2026-04-16,1000000033,1000000064,6,5
2026-04-16,1000000033,1000000065,3,9
2026-04-16,1000000033,1000000066,1,15
2026-04-16,1000000033,1000000070,1,16
2026-04-16,1000000033,1000000071,1,17
2026-04-16,1000000033,1000000083,7,4
2026-04-16,1000000033,1000000085,1,18
2026-04-16,1000000033,1000000087,2,12
2026-04-16,1000000033,1000000113,1,19
2026-04-16,1000000033,1000000121,5,7
2026-04-16,1000000033,1000000127,4,8
2026-04-16,1000000033,1000000128,1,20
2026-04-16,1000000033,1000000142,1,21
2026-04-16,1000000035,1000000027,3,16
2026-04-16,1000000035,1000000028,1,20
2026-04-16,1000000035,1000000033,12,6
2026-04-16,1000000035,1000000042,16,2
2026-04-16,1000000035,1000000043,13,4
2026-04-16,1000000035,1000000044,10,7
2026-04-16,1000000035,1000000045,13,5
2026-04-16,1000000035,1000000062,7,10
2026-04-16,1000000035,1000000063,6,11
2026-04-16,1000000035,1000000064,21,1
2026-04-16,1000000035,1000000065,5,12
2026-04-16,1000000035,1000000066,8,8
2026-04-16,1000000035,1000000069,3,17
2026-04-16,1000000035,1000000071,1,21
2026-04-16,1000000035,1000000083,8,9
2026-04-16,1000000035,1000000086,1,22
2026-04-16,1000000035,1000000087,2,18
2026-04-16,1000000035,1000000088,5,13
2026-04-16,1000000035,1000000092,1,23
2026-04-16,1000000035,1000000093,4,15
2026-04-16,1000000035,1000000094,1,24
2026-04-16,1000000035,1000000108,1,25
2026-04-16,1000000035,1000000111,1,26
2026-04-16,1000000035,1000000112,1,27
2026-04-16,1000000035,1000000121,14,3
2026-04-16,1000000035,1000000127,5,14
2026-04-16,1000000035,1000000128,2,19
2026-04-16,1000000035,1000000142,1,28
2026-04-16,1000000042,1000000027,6,16
2026-04-16,1000000042,1000000028,3,20
2026-04-16,1000000042,1000000033,5,18
2026-04-16,1000000042,1000000035,16,9
2026-04-16,1000000042,1000000043,63,3
2026-04-16,1000000042,1000000044,34,4
2026-04-16,1000000042,1000000045,78,2
2026-04-16,1000000042,1000000062,22,6
2026-04-16,1000000042,1000000063,25,5
2026-04-16,1000000042,1000000064,83,1
2026-04-16,1000000042,1000000065,10,12
2026-04-16,1000000042,1000000066,8,14
2026-04-16,1000000042,1000000069,11,11
2026-04-16,1000000042,1000000070,2,25
2026-04-16,1000000042,1000000071,10,13
2026-04-16,1000000042,1000000072,2,26
2026-04-16,1000000042,1000000074,1,31
2026-04-16,1000000042,1000000083,16,10
2026-04-16,1000000042,1000000084,2,27
2026-04-16,1000000042,1000000085,3,21
2026-04-16,1000000042,1000000086,3,22
2026-04-16,1000000042,1000000087,3,23
2026-04-16,1000000042,1000000088,2,28
2026-04-16,1000000042,1000000090,2,29
2026-04-16,1000000042,1000000093,1,32
2026-04-16,1000000042,1000000094,3,24
2026-04-16,1000000042,1000000110,1,33
2026-04-16,1000000042,1000000111,1,34
2026-04-16,1000000042,1000000112,2,30
2026-04-16,1000000042,1000000113,1,35
2026-04-16,1000000042,1000000121,21,7
2026-04-16,1000000042,1000000127,20,8
2026-04-16,1000000042,1000000128,6,17
2026-04-16,1000000042,1000000142,7,15
2026-04-16,1000000042,1000000143,4,19
2026-04-16,1000000043,1000000027,5,20
2026-04-16,1000000043,1000000028,2,25
2026-04-16,1000000043,1000000033,9,13
2026-04-16,1000000043,1000000035,13,11
2026-04-16,1000000043,1000000042,63,3
2026-04-16,1000000043,1000000044,53,4
2026-04-16,1000000043,1000000045,85,2
2026-04-16,1000000043,1000000062,19,8
2026-04-16,1000000043,1000000063,31,5
2026-04-16,1000000043,1000000064,95,1
2026-04-16,1000000043,1000000065,10,12
2026-04-16,1000000043,1000000066,19,9
2026-04-16,1000000043,1000000069,18,10
2026-04-16,1000000043,1000000070,6,19
2026-04-16,1000000043,1000000071,7,17
2026-04-16,1000000043,1000000072,1,32
2026-04-16,1000000043,1000000074,1,33
2026-04-16,1000000043,1000000083,9,14
2026-04-16,1000000043,1000000084,1,34
2026-04-16,1000000043,1000000085,2,26
2026-04-16,1000000043,1000000086,2,27
2026-04-16,1000000043,1000000087,8,15
2026-04-16,1000000043,1000000088,4,21
2026-04-16,1000000043,1000000090,3,22
2026-04-16,1000000043,1000000091,2,28
2026-04-16,1000000043,1000000092,1,35
2026-04-16,1000000043,1000000093,2,29
2026-04-16,1000000043,1000000094,1,36
2026-04-16,1000000043,1000000111,2,30
2026-04-16,1000000043,1000000112,3,23
2026-04-16,1000000043,1000000113,2,31
2026-04-16,1000000043,1000000121,20,7
2026-04-16,1000000043,1000000127,24,6
2026-04-16,1000000043,1000000128,8,16
2026-04-16,1000000043,1000000142,3,24
2026-04-16,1000000043,1000000143,7,18
2026-04-16,1000000044,1000000027,2,18
2026-04-16,1000000044,1000000028,2,19
2026-04-16,1000000044,1000000033,2,20
2026-04-16,1000000044,1000000035,10,11
2026-04-16,1000000044,1000000042,34,4
2026-04-16,1000000044,1000000043,53,3
2026-04-16,1000000044,1000000045,70,2
2026-04-16,1000000044,1000000062,19,7
2026-04-16,1000000044,1000000063,25,5
2026-04-16,1000000044,1000000064,83,1
2026-04-16,1000000044,1000000065,7,12
2026-04-16,1000000044,1000000066,14,9
2026-04-16,1000000044,1000000069,17,8
2026-04-16,1000000044,1000000070,2,21
2026-04-16,1000000044,1000000071,6,13
2026-04-16,1000000044,1000000072,3,15
2026-04-16,1000000044,1000000083,2,22
2026-04-16,1000000044,1000000086,1,25
2026-04-16,1000000044,1000000087,1,26
2026-04-16,1000000044,1000000090,1,27
2026-04-16,1000000044,1000000092,1,28
2026-04-16,1000000044,1000000093,3,16
2026-04-16,1000000044,1000000094,1,29
2026-04-16,1000000044,1000000110,2,23
2026-04-16,1000000044,1000000111,1,30
2026-04-16,1000000044,1000000121,13,10
2026-04-16,1000000044,1000000127,25,6
2026-04-16,1000000044,1000000128,6,14
2026-04-16,1000000044,1000000142,3,17
2026-04-16,1000000044,1000000143,2,24
2026-04-16,1000000045,1000000027,3,25
2026-04-16,1000000045,1000000028,2,32
2026-04-16,1000000045,1000000033,7,15
2026-04-16,1000000045,1000000035,13,12
2026-04-16,1000000045,1000000042,78,3
2026-04-16,1000000045,1000000043,85,2
2026-04-16,1000000045,1000000044,70,4
2026-04-16,1000000045,1000000062,35,6
2026-04-16,1000000045,1000000063,46,5
2026-04-16,1000000045,1000000064,159,1
2026-04-16,1000000045,1000000065,9,14
2026-04-16,1000000045,1000000066,16,10
2026-04-16,1000000045,1000000069,25,8
2026-04-16,1000000045,1000000070,4,22
2026-04-16,1000000045,1000000071,5,17
2026-04-16,1000000045,1000000072,3,26
2026-04-16,1000000045,1000000083,12,13
2026-04-16,1000000045,1000000084,1,35
2026-04-16,1000000045,1000000085,4,23
2026-04-16,1000000045,1000000086,3,27
2026-04-16,1000000045,1000000087,2,33
2026-04-16,1000000045,1000000088,5,18
2026-04-16,1000000045,1000000090,1,36
2026-04-16,1000000045,1000000091,3,28
2026-04-16,1000000045,1000000092,2,34
2026-04-16,1000000045,1000000093,5,19
2026-04-16,1000000045,1000000094,3,29
2026-04-16,1000000045,1000000108,5,20
2026-04-16,1000000045,1000000110,1,37
2026-04-16,1000000045,1000000111,3,30
2026-04-16,1000000045,1000000112,4,24
2026-04-16,1000000045,1000000113,3,31
2026-04-16,1000000045,1000000121,21,9
2026-04-16,1000000045,1000000127,32,7
2026-04-16,1000000045,1000000128,14,11
2026-04-16,1000000045,1000000142,6,16
2026-04-16,1000000045,1000000143,5,21
2026-04-16,1000000062,1000000027,1,25
2026-04-16,1000000062,1000000033,1,26
2026-04-16,1000000062,1000000035,7,10
2026-04-16,1000000062,1000000042,22,5
2026-04-16,1000000062,1000000043,19,6
2026-04-16,1000000062,1000000044,19,7
2026-04-16,1000000062,1000000045,35,4
2026-04-16,1000000062,1000000063,89,1
2026-04-16,1000000062,1000000064,40,3
2026-04-16,1000000062,1000000065,9,9
2026-04-16,1000000062,1000000066,4,16
2026-04-16,1000000062,1000000069,7,11
2026-04-16,1000000062,1000000070,1,27
2026-04-16,1000000062,1000000071,3,17
2026-04-16,1000000062,1000000072,1,28
2026-04-16,1000000062,1000000074,1,29
2026-04-16,1000000062,1000000083,12,8
2026-04-16,1000000062,1000000084,5,15
2026-04-16,1000000062,1000000085,3,18
2026-04-16,1000000062,1000000086,1,30
2026-04-16,1000000062,1000000087,2,22
2026-04-16,1000000062,1000000088,3,19
2026-04-16,1000000062,1000000089,1,31
2026-04-16,1000000062,1000000090,1,32
2026-04-16,1000000062,1000000091,2,23
2026-04-16,1000000062,1000000092,1,33
2026-04-16,1000000062,1000000093,2,24
2026-04-16,1000000062,1000000094,1,34
2026-04-16,1000000062,1000000108,1,35
2026-04-16,1000000062,1000000111,7,12
2026-04-16,1000000062,1000000113,1,36
2026-04-16,1000000062,1000000121,6,13
2026-04-16,1000000062,1000000127,62,2
2026-04-16,1000000062,1000000128,6,14
2026-04-16,1000000062,1000000142,3,20
2026-04-16,1000000062,1000000143,3,21
2026-04-16,1000000063,1000000027,1,28
2026-04-16,1000000063,1000000028,1,29
2026-04-16,1000000063,1000000033,1,30
2026-04-16,1000000063,1000000035,6,14
2026-04-16,1000000063,1000000042,25,6
2026-04-16,1000000063,1000000043,31,5
2026-04-16,1000000063,1000000044,25,7
2026-04-16,1000000063,1000000045,46,3
2026-04-16,1000000063,1000000062,89,1
2026-04-16,1000000063,1000000064,40,4
2026-04-16,1000000063,1000000065,4,15
2026-04-16,1000000063,1000000066,12,8
2026-04-16,1000000063,1000000069,10,10
2026-04-16,1000000063,1000000070,3,19
2026-04-16,1000000063,1000000071,2,23
2026-04-16,1000000063,1000000072,1,31
2026-04-16,1000000063,1000000083,7,13
2026-04-16,1000000063,1000000084,3,20
2026-04-16,1000000063,1000000085,4,16
2026-04-16,1000000063,1000000086,2,24
2026-04-16,1000000063,1000000087,4,17
2026-04-16,1000000063,1000000088,3,21
2026-04-16,1000000063,1000000089,1,32
2026-04-16,1000000063,1000000090,3,22
2026-04-16,1000000063,1000000091,1,33
2026-04-16,1000000063,1000000092,1,34
2026-04-16,1000000063,1000000093,2,25
2026-04-16,1000000063,1000000094,1,35
2026-04-16,1000000063,1000000108,1,36
2026-04-16,1000000063,1000000110,2,26
2026-04-16,1000000063,1000000111,8,11
2026-04-16,1000000063,1000000112,1,37
2026-04-16,1000000063,1000000113,4,18
2026-04-16,1000000063,1000000121,11,9
2026-04-16,1000000063,1000000127,84,2
2026-04-16,1000000063,1000000128,8,12
2026-04-16,1000000063,1000000142,2,27
2026-04-16,1000000063,1000000143,1,38
2026-04-16,1000000064,1000000027,3,33
2026-04-16,1000000064,1000000028,2,36
2026-04-16,1000000064,1000000033,6,30
2026-04-16,1000000064,1000000035,21,14
2026-04-16,1000000064,1000000042,83,4
2026-04-16,1000000064,1000000043,95,3
2026-04-16,1000000064,1000000044,83,5
2026-04-16,1000000064,1000000045,159,1
2026-04-16,1000000064,1000000062,40,9
2026-04-16,1000000064,1000000063,40,10
2026-04-16,1000000064,1000000065,22,13
2026-04-16,1000000064,1000000066,43,7
2026-04-16,1000000064,1000000069,57,6
2026-04-16,1000000064,1000000070,4,32
2026-04-16,1000000064,1000000071,12,22
2026-04-16,1000000064,1000000072,3,34
2026-04-16,1000000064,1000000074,2,37
2026-04-16,1000000064,1000000083,17,18
2026-04-16,1000000064,1000000084,11,24
2026-04-16,1000000064,1000000085,17,19
2026-04-16,1000000064,1000000086,11,25
2026-04-16,1000000064,1000000087,19,16
2026-04-16,1000000064,1000000088,19,17
2026-04-16,1000000064,1000000089,1,38
2026-04-16,1000000064,1000000090,15,20
2026-04-16,1000000064,1000000091,21,15
2026-04-16,1000000064,1000000092,15,21
2026-04-16,1000000064,1000000093,43,8
2026-04-16,1000000064,1000000094,7,29
2026-04-16,1000000064,1000000108,5,31
2026-04-16,1000000064,1000000110,3,35
2026-04-16,1000000064,1000000111,12,23
2026-04-16,1000000064,1000000112,1,39
2026-04-16,1000000064,1000000113,8,28
2026-04-16,1000000064,1000000121,32,11
2026-04-16,1000000064,1000000127,136,2
2026-04-16,1000000064,1000000128,30,12
2026-04-16,1000000064,1000000142,10,26
2026-04-16,1000000064,1000000143,9,27
2026-04-16,1000000065,1000000027,2,16
2026-04-16,1000000065,1000000033,3,13
2026-04-16,1000000065,1000000035,5,9
2026-04-16,1000000065,1000000042,10,3
2026-04-16,1000000065,1000000043,10,4
2026-04-16,1000000065,1000000044,7,7
2026-04-16,1000000065,1000000045,9,5
2026-04-16,1000000065,1000000062,9,6
2026-04-16,1000000065,1000000063,4,11
2026-04-16,1000000065,1000000064,22,1
2026-04-16,1000000065,1000000066,13,2
2026-04-16,1000000065,1000000069,4,12
2026-04-16,1000000065,1000000071,1,21
2026-04-16,1000000065,1000000083,2,17
2026-04-16,1000000065,1000000084,1,22
2026-04-16,1000000065,1000000085,2,18
2026-04-16,1000000065,1000000087,1,23
2026-04-16,1000000065,1000000110,1,24
2026-04-16,1000000065,1000000111,3,14
2026-04-16,1000000065,1000000112,1,25
2026-04-16,1000000065,1000000121,5,10
2026-04-16,1000000065,1000000127,2,19
2026-04-16,1000000065,1000000128,7,8
2026-04-16,1000000065,1000000142,2,20
2026-04-16,1000000065,1000000143,3,15
2026-04-16,1000000066,1000000027,1,19
2026-04-16,1000000066,1000000033,1,20
2026-04-16,1000000066,1000000035,8,9
2026-04-16,1000000066,1000000042,8,10
2026-04-16,1000000066,1000000043,19,2
2026-04-16,1000000066,1000000044,14,4
2026-04-16,1000000066,1000000045,16,3
2026-04-16,1000000066,1000000062,4,13
2026-04-16,1000000066,1000000063,12,6
2026-04-16,1000000066,1000000064,43,1
2026-04-16,1000000066,1000000065,13,5
2026-04-16,1000000066,1000000069,10,7
2026-04-16,1000000066,1000000070,4,14
2026-04-16,1000000066,1000000072,1,21
2026-04-16,1000000066,1000000083,1,22
2026-04-16,1000000066,1000000084,2,16
2026-04-16,1000000066,1000000087,4,15
2026-04-16,1000000066,1000000088,1,23
2026-04-16,1000000066,1000000090,1,24
2026-04-16,1000000066,1000000093,2,17
2026-04-16,1000000066,1000000112,1,25
2026-04-16,1000000066,1000000121,5,12
2026-04-16,1000000066,1000000127,6,11
2026-04-16,1000000066,1000000128,10,8
2026-04-16,1000000066,1000000142,1,26
2026-04-16,1000000066,1000000143,2,18
2026-04-16,1000000069,1000000027,1,21
2026-04-16,1000000069,1000000028,2,15
2026-04-16,1000000069,1000000035,3,13
2026-04-16,1000000069,1000000042,11,5
2026-04-16,1000000069,1000000043,18,3
2026-04-16,1000000069,1000000044,17,4
2026-04-16,1000000069,1000000045,25,2
2026-04-16,1000000069,1000000062,7,10
2026-04-16,1000000069,1000000063,10,6
2026-04-16,1000000069,1000000064,57,1
2026-04-16,1000000069,1000000065,4,12
2026-04-16,1000000069,1000000066,10,7
2026-04-16,1000000069,1000000070,1,22
2026-04-16,1000000069,1000000071,2,16
2026-04-16,1000000069,1000000083,6,11
2026-04-16,1000000069,1000000085,1,23
2026-04-16,1000000069,1000000087,1,24
2026-04-16,1000000069,1000000090,1,25
2026-04-16,1000000069,1000000091,2,17
2026-04-16,1000000069,1000000092,2,18
2026-04-16,1000000069,1000000093,2,19
2026-04-16,1000000069,1000000094,1,26
2026-04-16,1000000069,1000000121,8,9
2026-04-16,1000000069,1000000127,9,8
2026-04-16,1000000069,1000000128,3,14
2026-04-16,1000000069,1000000142,2,20
2026-04-16,1000000069,1000000143,1,27
2026-04-16,1000000070,1000000027,3,6
2026-04-16,1000000070,1000000028,2,9
2026-04-16,1000000070,1000000033,1,13
2026-04-16,1000000070,1000000042,2,10
2026-04-16,1000000070,1000000043,6,1
2026-04-16,1000000070,1000000044,2,11
2026-04-16,1000000070,1000000045,4,3
2026-04-16,1000000070,1000000062,1,14
2026-04-16,1000000070,1000000063,3,7
2026-04-16,1000000070,1000000064,4,4
2026-04-16,1000000070,1000000066,4,5
2026-04-16,1000000070,1000000069,1,15
2026-04-16,1000000070,1000000071,5,2
2026-04-16,1000000070,1000000072,3,8
2026-04-16,1000000070,1000000083,1,16
2026-04-16,1000000070,1000000110,1,17
2026-04-16,1000000070,1000000121,2,12
2026-04-16,1000000070,1000000128,1,18
2026-04-16,1000000071,1000000027,4,8
2026-04-16,1000000071,1000000028,3,10
2026-04-16,1000000071,1000000033,1,17
2026-04-16,1000000071,1000000035,1,18
2026-04-16,1000000071,1000000042,10,2
2026-04-16,1000000071,1000000043,7,3
2026-04-16,1000000071,1000000044,6,4
2026-04-16,1000000071,1000000045,5,5
2026-04-16,1000000071,1000000062,3,11
2026-04-16,1000000071,1000000063,2,12
2026-04-16,1000000071,1000000064,12,1
2026-04-16,1000000071,1000000065,1,19
2026-04-16,1000000071,1000000069,2,13
2026-04-16,1000000071,1000000070,5,6
2026-04-16,1000000071,1000000072,2,14
2026-04-16,1000000071,1000000074,1,20
2026-04-16,1000000071,1000000083,4,9
2026-04-16,1000000071,1000000087,1,21
2026-04-16,1000000071,1000000088,1,22
2026-04-16,1000000071,1000000113,2,15
2026-04-16,1000000071,1000000127,5,7
2026-04-16,1000000071,1000000128,2,16
2026-04-16,1000000071,1000000142,1,23
2026-04-16,1000000072,1000000028,1,8
2026-04-16,1000000072,1000000042,2,5
2026-04-16,1000000072,1000000043,1,9
2026-04-16,1000000072,1000000044,3,1
2026-04-16,1000000072,1000000045,3,2
2026-04-16,1000000072,1000000062,1,10
2026-04-16,1000000072,1000000063,1,11
2026-04-16,1000000072,1000000064,3,3
2026-04-16,1000000072,1000000066,1,12
2026-04-16,1000000072,1000000070,3,4
2026-04-16,1000000072,1000000071,2,6
2026-04-16,1000000072,1000000083,1,13
2026-04-16,1000000072,1000000127,2,7
2026-04-16,1000000074,1000000042,1,2
2026-04-16,1000000074,1000000043,1,3
2026-04-16,1000000074,1000000062,1,4
2026-04-16,1000000074,1000000064,2,1
2026-04-16,1000000074,1000000071,1,5
2026-04-16,1000000074,1000000091,1,6
2026-04-16,1000000074,1000000127,1,7
2026-04-16,1000000074,1000000128,1,8
2026-04-16,1000000083,1000000027,1,21
2026-04-16,1000000083,1000000028,2,14
2026-04-16,1000000083,1000000033,7,8
2026-04-16,1000000083,1000000035,8,7
2026-04-16,1000000083,1000000042,16,2
2026-04-16,1000000083,1000000043,9,6
2026-04-16,1000000083,1000000044,2,15
2026-04-16,1000000083,1000000045,12,3
2026-04-16,1000000083,1000000062,12,4
2026-04-16,1000000083,1000000063,7,9
2026-04-16,1000000083,1000000064,17,1
2026-04-16,1000000083,1000000065,2,16
2026-04-16,1000000083,1000000066,1,22
2026-04-16,1000000083,1000000069,6,11
2026-04-16,1000000083,1000000070,1,23
2026-04-16,1000000083,1000000071,4,12
2026-04-16,1000000083,1000000072,1,24
2026-04-16,1000000083,1000000085,1,25
2026-04-16,1000000083,1000000087,1,26
2026-04-16,1000000083,1000000088,1,27
2026-04-16,1000000083,1000000090,2,17
2026-04-16,1000000083,1000000091,1,28
2026-04-16,1000000083,1000000093,2,18
2026-04-16,1000000083,1000000094,2,19
2026-04-16,1000000083,1000000108,3,13
2026-04-16,1000000083,1000000110,1,29
2026-04-16,1000000083,1000000112,1,30
2026-04-16,1000000083,1000000113,1,31
2026-04-16,1000000083,1000000121,7,10
2026-04-16,1000000083,1000000127,11,5
2026-04-16,1000000083,1000000128,2,20
2026-04-16,1000000083,1000000142,1,32
2026-04-16,1000000084,1000000042,2,13
2026-04-16,1000000084,1000000043,1,16
2026-04-16,1000000084,1000000045,1,17
2026-04-16,1000000084,1000000062,5,6
2026-04-16,1000000084,1000000063,3,11
2026-04-16,1000000084,1000000064,11,3
2026-04-16,1000000084,1000000065,1,18
2026-04-16,1000000084,1000000066,2,14
2026-04-16,1000000084,1000000085,15,1
2026-04-16,1000000084,1000000086,4,8
2026-04-16,1000000084,1000000087,15,2
2026-04-16,1000000084,1000000088,6,5
2026-04-16,1000000084,1000000090,11,4
2026-04-16,1000000084,1000000091,2,15
2026-04-16,1000000084,1000000092,1,19
2026-04-16,1000000084,1000000093,5,7
2026-04-16,1000000084,1000000094,1,20
2026-04-16,1000000084,1000000108,3,12
2026-04-16,1000000084,1000000110,4,9
2026-04-16,1000000084,1000000111,4,10
2026-04-16,1000000084,1000000113,1,21
2026-04-16,1000000084,1000000127,1,22
2026-04-16,1000000084,1000000128,1,23
2026-04-16,1000000084,1000000142,1,24
2026-04-16,1000000084,1000000143,1,25
2026-04-16,1000000085,1000000027,1,22
2026-04-16,1000000085,1000000033,1,23
2026-04-16,1000000085,1000000042,3,14
2026-04-16,1000000085,1000000043,2,17
2026-04-16,1000000085,1000000045,4,12
2026-04-16,1000000085,1000000062,3,15
2026-04-16,1000000085,1000000063,4,13
2026-04-16,1000000085,1000000064,17,1
2026-04-16,1000000085,1000000065,2,18
2026-04-16,1000000085,1000000069,1,24
2026-04-16,1000000085,1000000083,1,25
2026-04-16,1000000085,1000000084,15,2
2026-04-16,1000000085,1000000086,8,7
2026-04-16,1000000085,1000000087,9,4
2026-04-16,1000000085,1000000088,9,5
2026-04-16,1000000085,1000000089,2,19
2026-04-16,1000000085,1000000090,12,3
2026-04-16,1000000085,1000000091,9,6
2026-04-16,1000000085,1000000092,7,8
2026-04-16,1000000085,1000000093,6,9
2026-04-16,1000000085,1000000094,2,20
2026-04-16,1000000085,1000000108,5,10
2026-04-16,1000000085,1000000110,1,26
2026-04-16,1000000085,1000000111,3,16
2026-04-16,1000000085,1000000112,1,27
2026-04-16,1000000085,1000000113,1,28
2026-04-16,1000000085,1000000121,2,21
2026-04-16,1000000085,1000000127,1,29
2026-04-16,1000000085,1000000128,1,30
2026-04-16,1000000085,1000000142,5,11
2026-04-16,1000000086,1000000035,1,15
2026-04-16,1000000086,1000000042,3,7
2026-04-16,1000000086,1000000043,2,10
2026-04-16,1000000086,1000000044,1,16
2026-04-16,1000000086,1000000045,3,8
2026-04-16,1000000086,1000000062,1,17
2026-04-16,1000000086,1000000063,2,11
2026-04-16,1000000086,1000000064,11,1
2026-04-16,1000000086,1000000084,4,6
2026-04-16,1000000086,1000000085,8,3
2026-04-16,1000000086,1000000087,5,4
2026-04-16,1000000086,1000000088,11,2
2026-04-16,1000000086,1000000089,3,9
2026-04-16,1000000086,1000000090,2,12
2026-04-16,1000000086,1000000091,5,5
2026-04-16,1000000086,1000000092,2,13
2026-04-16,1000000086,1000000093,1,18
2026-04-16,1000000086,1000000094,2,14
2026-04-16,1000000086,1000000108,1,19
2026-04-16,1000000086,1000000111,1,20
2026-04-16,1000000086,1000000112,1,21
2026-04-16,1000000086,1000000127,1,22
2026-04-16,1000000086,1000000128,1,23
2026-04-16,1000000086,1000000143,1,24
2026-04-16,1000000087,1000000028,1,24
2026-04-16,1000000087,1000000033,2,19
2026-04-16,1000000087,1000000035,2,20
2026-04-16,1000000087,1000000042,3,16
2026-04-16,1000000087,1000000043,8,7
2026-04-16,1000000087,1000000044,1,25
2026-04-16,1000000087,1000000045,2,21
2026-04-16,1000000087,1000000062,2,22
2026-04-16,1000000087,1000000063,4,11
2026-04-16,1000000087,1000000064,19,1
2026-04-16,1000000087,1000000065,1,26
2026-04-16,1000000087,1000000066,4,12
2026-04-16,1000000087,1000000069,1,27
2026-04-16,1000000087,1000000071,1,28
2026-04-16,1000000087,1000000083,1,29
2026-04-16,1000000087,1000000084,15,2
2026-04-16,1000000087,1000000085,9,5
2026-04-16,1000000087,1000000086,5,9
2026-04-16,1000000087,1000000088,11,3
2026-04-16,1000000087,1000000089,1,30
2026-04-16,1000000087,1000000090,9,6
2026-04-16,1000000087,1000000091,11,4
2026-04-16,1000000087,1000000092,4,13
2026-04-16,1000000087,1000000093,4,14
2026-04-16,1000000087,1000000094,1,31
2026-04-16,1000000087,1000000108,4,15
2026-04-16,1000000087,1000000110,1,32
2026-04-16,1000000087,1000000111,5,10
2026-04-16,1000000087,1000000112,1,33
2026-04-16,1000000087,1000000113,3,17
2026-04-16,1000000087,1000000121,6,8
2026-04-16,1000000087,1000000127,3,18
2026-04-16,1000000087,1000000128,2,23
2026-04-16,1000000087,1000000142,1,34
2026-04-16,1000000087,1000000143,1,35
2026-04-16,1000000088,1000000035,5,8
2026-04-16,1000000088,1000000042,2,17
2026-04-16,1000000088,1000000043,4,10
2026-04-16,1000000088,1000000045,5,9
2026-04-16,1000000088,1000000062,3,12
2026-04-16,1000000088,1000000063,3,13
2026-04-16,1000000088,1000000064,19,1
2026-04-16,1000000088,1000000066,1,21
2026-04-16,1000000088,1000000071,1,22
2026-04-16,1000000088,1000000083,1,23
2026-04-16,1000000088,1000000084,6,6
2026-04-16,1000000088,1000000085,9,4
2026-04-16,1000000088,1000000086,11,2
2026-04-16,1000000088,1000000087,11,3
2026-04-16,1000000088,1000000089,3,14
2026-04-16,1000000088,1000000090,4,11
2026-04-16,1000000088,1000000091,9,5
2026-04-16,1000000088,1000000092,6,7
2026-04-16,1000000088,1000000093,2,18
2026-04-16,1000000088,1000000094,1,24
2026-04-16,1000000088,1000000110,1,25
2026-04-16,1000000088,1000000111,2,19
2026-04-16,1000000088,1000000112,2,20
2026-04-16,1000000088,1000000113,1,26
2026-04-16,1000000088,1000000121,3,15
2026-04-16,1000000088,1000000127,3,16
2026-04-16,1000000088,1000000128,1,27
2026-04-16,1000000089,1000000062,1,5
2026-04-16,1000000089,1000000063,1,6
2026-04-16,1000000089,1000000064,1,7
2026-04-16,1000000089,1000000085,2,3
2026-04-16,1000000089,1000000086,3,1
2026-04-16,1000000089,1000000087,1,8
2026-04-16,1000000089,1000000088,3,2
2026-04-16,1000000089,1000000091,1,9
2026-04-16,1000000089,1000000121,2,4
2026-04-16,1000000089,1000000127,1,10
2026-04-16,1000000089,1000000128,1,11
2026-04-16,1000000090,1000000042,2,14
2026-04-16,1000000090,1000000043,3,12
2026-04-16,1000000090,1000000044,1,17
2026-04-16,1000000090,1000000045,1,18
2026-04-16,1000000090,1000000062,1,19
2026-04-16,1000000090,1000000063,3,13
2026-04-16,1000000090,1000000064,15,2
2026-04-16,1000000090,1000000066,1,20
2026-04-16,1000000090,1000000069,1,21
2026-04-16,1000000090,1000000083,2,15
2026-04-16,1000000090,1000000084,11,4
2026-04-16,1000000090,1000000085,12,3
2026-04-16,1000000090,1000000086,2,16
2026-04-16,1000000090,1000000087,9,6
2026-04-16,1000000090,1000000088,4,9
2026-04-16,1000000090,1000000091,19,1
2026-04-16,1000000090,1000000092,6,8
2026-04-16,1000000090,1000000093,10,5
2026-04-16,1000000090,1000000094,4,10
2026-04-16,1000000090,1000000108,8,7
2026-04-16,1000000090,1000000111,4,11
2026-04-16,1000000090,1000000112,1,22
2026-04-16,1000000090,1000000121,1,23
2026-04-16,1000000090,1000000127,1,24
2026-04-16,1000000090,1000000128,1,25
2026-04-16,1000000091,1000000043,2,15
2026-04-16,1000000091,1000000045,3,12
2026-04-16,1000000091,1000000062,2,16
2026-04-16,1000000091,1000000063,1,21
2026-04-16,1000000091,1000000064,21,1
2026-04-16,1000000091,1000000069,2,17
2026-04-16,1000000091,1000000074,1,22
2026-04-16,1000000091,1000000083,1,23
2026-04-16,1000000091,1000000084,2,18
2026-04-16,1000000091,1000000085,9,5
2026-04-16,1000000091,1000000086,5,9
2026-04-16,1000000091,1000000087,11,3
2026-04-16,1000000091,1000000088,9,6
2026-04-16,1000000091,1000000089,1,24
2026-04-16,1000000091,1000000090,19,2
2026-04-16,1000000091,1000000092,11,4
2026-04-16,1000000091,1000000093,9,7
2026-04-16,1000000091,1000000094,6,8
2026-04-16,1000000091,1000000108,4,11
2026-04-16,1000000091,1000000110,2,19
2026-04-16,1000000091,1000000111,5,10
2026-04-16,1000000091,1000000112,2,20
2026-04-16,1000000091,1000000113,3,13
2026-04-16,1000000091,1000000127,3,14
2026-04-16,1000000092,1000000035,1,14
2026-04-16,1000000092,1000000043,1,15
2026-04-16,1000000092,1000000044,1,16
2026-04-16,1000000092,1000000045,2,10
2026-04-16,1000000092,1000000062,1,17
2026-04-16,1000000092,1000000063,1,18
2026-04-16,1000000092,1000000064,15,1
2026-04-16,1000000092,1000000069,2,11
2026-04-16,1000000092,1000000084,1,19
2026-04-16,1000000092,1000000085,7,3
2026-04-16,1000000092,1000000086,2,12
2026-04-16,1000000092,1000000087,4,6
2026-04-16,1000000092,1000000088,6,4
2026-04-16,1000000092,1000000090,6,5
2026-04-16,1000000092,1000000091,11,2
2026-04-16,1000000092,1000000093,4,7
2026-04-16,1000000092,1000000108,2,13
2026-04-16,1000000092,1000000111,4,8
2026-04-16,1000000092,1000000112,3,9
2026-04-16,1000000092,1000000113,1,20
2026-04-16,1000000092,1000000127,1,21
2026-04-16,1000000093,1000000035,4,11
2026-04-16,1000000093,1000000042,1,25
2026-04-16,1000000093,1000000043,2,16
2026-04-16,1000000093,1000000044,3,14
2026-04-16,1000000093,1000000045,5,8
2026-04-16,1000000093,1000000062,2,17
2026-04-16,1000000093,1000000063,2,18
2026-04-16,1000000093,1000000064,43,1
2026-04-16,1000000093,1000000066,2,19
2026-04-16,1000000093,1000000069,2,20
2026-04-16,1000000093,1000000083,2,21
2026-04-16,1000000093,1000000084,5,9
2026-04-16,1000000093,1000000085,6,7
2026-04-16,1000000093,1000000086,1,26
2026-04-16,1000000093,1000000087,4,12
2026-04-16,1000000093,1000000088,2,22
2026-04-16,1000000093,1000000090,10,4
2026-04-16,1000000093,1000000091,9,5
2026-04-16,1000000093,1000000092,4,13
2026-04-16,1000000093,1000000094,5,10
2026-04-16,1000000093,1000000108,13,2
2026-04-16,1000000093,1000000110,2,23
2026-04-16,1000000093,1000000111,11,3
2026-04-16,1000000093,1000000112,3,15
2026-04-16,1000000093,1000000113,2,24
2026-04-16,1000000093,1000000121,1,27
2026-04-16,1000000093,1000000127,7,6
2026-04-16,1000000093,1000000128,1,28
2026-04-16,1000000094,1000000035,1,14
2026-04-16,1000000094,1000000042,3,8
2026-04-16,1000000094,1000000043,1,15
2026-04-16,1000000094,1000000044,1,16
2026-04-16,1000000094,1000000045,3,9
2026-04-16,1000000094,1000000062,1,17
2026-04-16,1000000094,1000000063,1,18
2026-04-16,1000000094,1000000064,7,1
2026-04-16,1000000094,1000000069,1,19
2026-04-16,1000000094,1000000083,2,11
2026-04-16,1000000094,1000000084,1,20
2026-04-16,1000000094,1000000085,2,12
2026-04-16,1000000094,1000000086,2,13
2026-04-16,1000000094,1000000087,1,21
2026-04-16,1000000094,1000000088,1,22
2026-04-16,1000000094,1000000090,4,4
2026-04-16,1000000094,1000000091,6,2
2026-04-16,1000000094,1000000093,5,3
2026-04-16,1000000094,1000000108,4,5
2026-04-16,1000000094,1000000110,4,6
2026-04-16,1000000094,1000000111,4,7
2026-04-16,1000000094,1000000112,3,10
2026-04-16,1000000094,1000000113,1,23
2026-04-16,1000000094,1000000121,1,24
2026-04-16,1000000094,1000000142,1,25
2026-04-16,1000000094,1000000143,1,26
2026-04-16,1000000108,1000000035,1,14
2026-04-16,1000000108,1000000045,5,3
2026-04-16,1000000108,1000000062,1,15
2026-04-16,1000000108,1000000063,1,16
2026-04-16,1000000108,1000000064,5,4
2026-04-16,1000000108,1000000083,3,9
2026-04-16,1000000108,1000000084,3,10
2026-04-16,1000000108,1000000085,5,5
2026-04-16,1000000108,1000000086,1,17
2026-04-16,1000000108,1000000087,4,6
2026-04-16,1000000108,1000000090,8,2
2026-04-16,1000000108,1000000091,4,7
2026-04-16,1000000108,1000000092,2,11
2026-04-16,1000000108,1000000093,13,1
2026-04-16,1000000108,1000000094,4,8
2026-04-16,1000000108,1000000110,2,12
2026-04-16,1000000108,1000000112,2,13
2026-04-16,1000000108,1000000113,1,18
2026-04-16,1000000108,1000000127,1,19
2026-04-16,1000000108,1000000142,1,20
2026-04-16,1000000110,1000000027,1,11
2026-04-16,1000000110,1000000042,1,12
2026-04-16,1000000110,1000000044,2,6
2026-04-16,1000000110,1000000045,1,13
2026-04-16,1000000110,1000000063,2,7
2026-04-16,1000000110,1000000064,3,5
2026-04-16,1000000110,1000000065,1,14
2026-04-16,1000000110,1000000070,1,15
2026-04-16,1000000110,1000000083,1,16
2026-04-16,1000000110,1000000084,4,2
2026-04-16,1000000110,1000000085,1,17
2026-04-16,1000000110,1000000087,1,18
2026-04-16,1000000110,1000000088,1,19
2026-04-16,1000000110,1000000091,2,8
2026-04-16,1000000110,1000000093,2,9
2026-04-16,1000000110,1000000094,4,3
2026-04-16,1000000110,1000000108,2,10
2026-04-16,1000000110,1000000111,5,1
2026-04-16,1000000110,1000000112,4,4
2026-04-16,1000000110,1000000128,1,20
2026-04-16,1000000110,1000000142,1,21
2026-04-16,1000000110,1000000143,1,22
2026-04-16,1000000111,1000000035,1,20
2026-04-16,1000000111,1000000042,1,21
2026-04-16,1000000111,1000000043,2,17
2026-04-16,1000000111,1000000044,1,22
2026-04-16,1000000111,1000000045,3,14
2026-04-16,1000000111,1000000062,7,4
2026-04-16,1000000111,1000000063,8,3
2026-04-16,1000000111,1000000064,12,1
2026-04-16,1000000111,1000000065,3,15
2026-04-16,1000000111,1000000084,4,9
2026-04-16,1000000111,1000000085,3,16
2026-04-16,1000000111,1000000086,1,23
2026-04-16,1000000111,1000000087,5,5
2026-04-16,1000000111,1000000088,2,18
2026-04-16,1000000111,1000000090,4,10
2026-04-16,1000000111,1000000091,5,6
2026-04-16,1000000111,1000000092,4,11
2026-04-16,1000000111,1000000093,11,2
2026-04-16,1000000111,1000000094,4,12
2026-04-16,1000000111,1000000110,5,7
2026-04-16,1000000111,1000000112,2,19
2026-04-16,1000000111,1000000113,4,13
2026-04-16,1000000111,1000000121,1,24
2026-04-16,1000000111,1000000127,5,8
2026-04-16,1000000112,1000000027,1,13
2026-04-16,1000000112,1000000035,1,14
2026-04-16,1000000112,1000000042,2,8
2026-04-16,1000000112,1000000043,3,4
2026-04-16,1000000112,1000000045,4,2
2026-04-16,1000000112,1000000063,1,15
2026-04-16,1000000112,1000000064,1,16
2026-04-16,1000000112,1000000065,1,17
2026-04-16,1000000112,1000000066,1,18
2026-04-16,1000000112,1000000083,1,19
2026-04-16,1000000112,1000000085,1,20
2026-04-16,1000000112,1000000086,1,21
2026-04-16,1000000112,1000000087,1,22
2026-04-16,1000000112,1000000088,2,9
2026-04-16,1000000112,1000000090,1,23
2026-04-16,1000000112,1000000091,2,10
2026-04-16,1000000112,1000000092,3,5
2026-04-16,1000000112,1000000093,3,6
2026-04-16,1000000112,1000000094,3,7
2026-04-16,1000000112,1000000108,2,11
2026-04-16,1000000112,1000000110,4,3
2026-04-16,1000000112,1000000111,2,12
2026-04-16,1000000112,1000000113,5,1
2026-04-16,1000000112,1000000121,1,24
2026-04-16,1000000112,1000000127,1,25
2026-04-16,1000000113,1000000028,1,11
2026-04-16,1000000113,1000000033,1,12
2026-04-16,1000000113,1000000042,1,13
2026-04-16,1000000113,1000000043,2,8
2026-04-16,1000000113,1000000045,3,5
2026-04-16,1000000113,1000000062,1,14
2026-04-16,1000000113,1000000063,4,3
2026-04-16,1000000113,1000000064,8,1
2026-04-16,1000000113,1000000071,2,9
2026-04-16,1000000113,1000000083,1,15
2026-04-16,1000000113,1000000084,1,16
2026-04-16,1000000113,1000000085,1,17
2026-04-16,1000000113,1000000087,3,6
2026-04-16,1000000113,1000000088,1,18
2026-04-16,1000000113,1000000091,3,7
2026-04-16,1000000113,1000000092,1,19
2026-04-16,1000000113,1000000093,2,10
2026-04-16,1000000113,1000000094,1,20
2026-04-16,1000000113,1000000108,1,21
2026-04-16,1000000113,1000000111,4,4
2026-04-16,1000000113,1000000112,5,2
2026-04-16,1000000113,1000000121,1,22
2026-04-16,1000000113,1000000128,1,23
2026-04-16,1000000121,1000000028,1,23
2026-04-16,1000000121,1000000033,5,13
2026-04-16,1000000121,1000000035,14,5
2026-04-16,1000000121,1000000042,21,2
2026-04-16,1000000121,1000000043,20,4
2026-04-16,1000000121,1000000044,13,6
2026-04-16,1000000121,1000000045,21,3
2026-04-16,1000000121,1000000062,6,11
2026-04-16,1000000121,1000000063,11,7
2026-04-16,1000000121,1000000064,32,1
2026-04-16,1000000121,1000000065,5,14
2026-04-16,1000000121,1000000066,5,15
2026-04-16,1000000121,1000000069,8,8
2026-04-16,1000000121,1000000070,2,19
2026-04-16,1000000121,1000000083,7,9
2026-04-16,1000000121,1000000085,2,20
2026-04-16,1000000121,1000000087,6,12
2026-04-16,1000000121,1000000088,3,17
2026-04-16,1000000121,1000000089,2,21
2026-04-16,1000000121,1000000090,1,24
2026-04-16,1000000121,1000000093,1,25
2026-04-16,1000000121,1000000094,1,26
2026-04-16,1000000121,1000000111,1,27
2026-04-16,1000000121,1000000112,1,28
2026-04-16,1000000121,1000000113,1,29
2026-04-16,1000000121,1000000127,7,10
2026-04-16,1000000121,1000000128,4,16
2026-04-16,1000000121,1000000142,2,22
2026-04-16,1000000121,1000000143,3,18
2026-04-16,1000000127,1000000033,4,18
2026-04-16,1000000127,1000000035,5,15
2026-04-16,1000000127,1000000042,20,7
2026-04-16,1000000127,1000000043,24,6
2026-04-16,1000000127,1000000044,25,5
2026-04-16,1000000127,1000000045,32,4
2026-04-16,1000000127,1000000062,62,3
2026-04-16,1000000127,1000000063,84,2
2026-04-16,1000000127,1000000064,136,1
2026-04-16,1000000127,1000000065,2,22
2026-04-16,1000000127,1000000066,6,13
2026-04-16,1000000127,1000000069,9,9
2026-04-16,1000000127,1000000071,5,16
2026-04-16,1000000127,1000000072,2,23
2026-04-16,1000000127,1000000074,1,24
2026-04-16,1000000127,1000000083,11,8
2026-04-16,1000000127,1000000084,1,25
2026-04-16,1000000127,1000000085,1,26
2026-04-16,1000000127,1000000086,1,27
2026-04-16,1000000127,1000000087,3,19
2026-04-16,1000000127,1000000088,3,20
2026-04-16,1000000127,1000000089,1,28
2026-04-16,1000000127,1000000090,1,29
2026-04-16,1000000127,1000000091,3,21
2026-04-16,1000000127,1000000092,1,30
2026-04-16,1000000127,1000000093,7,11
2026-04-16,1000000127,1000000108,1,31
2026-04-16,1000000127,1000000111,5,17
2026-04-16,1000000127,1000000112,1,32
2026-04-16,1000000127,1000000121,7,12
2026-04-16,1000000127,1000000128,8,10
2026-04-16,1000000127,1000000142,6,14
2026-04-16,1000000128,1000000027,2,14
2026-04-16,1000000128,1000000033,1,19
2026-04-16,1000000128,1000000035,2,15
2026-04-16,1000000128,1000000042,6,8
2026-04-16,1000000128,1000000043,8,4
2026-04-16,1000000128,1000000044,6,9
2026-04-16,1000000128,1000000045,14,2
2026-04-16,1000000128,1000000062,6,10
2026-04-16,1000000128,1000000063,8,5
2026-04-16,1000000128,1000000064,30,1
2026-04-16,1000000128,1000000065,7,7
2026-04-16,1000000128,1000000066,10,3
2026-04-16,1000000128,1000000069,3,12
2026-04-16,1000000128,1000000070,1,20
2026-04-16,1000000128,1000000071,2,16
2026-04-16,1000000128,1000000074,1,21
2026-04-16,1000000128,1000000083,2,17
2026-04-16,1000000128,1000000084,1,22
2026-04-16,1000000128,1000000085,1,23
2026-04-16,1000000128,1000000086,1,24
2026-04-16,1000000128,1000000087,2,18
2026-04-16,1000000128,1000000088,1,25
2026-04-16,1000000128,1000000089,1,26
2026-04-16,1000000128,1000000090,1,27
2026-04-16,1000000128,1000000093,1,28
2026-04-16,1000000128,1000000110,1,29
2026-04-16,1000000128,1000000113,1,30
2026-04-16,1000000128,1000000121,4,11
2026-04-16,1000000128,1000000127,8,6
2026-04-16,1000000128,1000000142,3,13
2026-04-16,1000000128,1000000143,1,31
2026-04-16,1000000142,1000000033,1,15
2026-04-16,1000000142,1000000035,1,16
2026-04-16,1000000142,1000000042,7,2
2026-04-16,1000000142,1000000043,3,6
2026-04-16,1000000142,1000000044,3,7
2026-04-16,1000000142,1000000045,6,3
2026-04-16,1000000142,1000000062,3,8
2026-04-16,1000000142,1000000063,2,10
2026-04-16,1000000142,1000000064,10,1
2026-04-16,1000000142,1000000065,2,11
2026-04-16,1000000142,1000000066,1,17
2026-04-16,1000000142,1000000069,2,12
2026-04-16,1000000142,1000000071,1,18
2026-04-16,1000000142,1000000083,1,19
2026-04-16,1000000142,1000000084,1,20
2026-04-16,1000000142,1000000085,5,5
2026-04-16,1000000142,1000000087,1,21
2026-04-16,1000000142,1000000094,1,22
2026-04-16,1000000142,1000000108,1,23
2026-04-16,1000000142,1000000110,1,24
2026-04-16,1000000142,1000000121,2,13
2026-04-16,1000000142,1000000127,6,4
2026-04-16,1000000142,1000000128,3,9
2026-04-16,1000000142,1000000143,2,14
2026-04-16,1000000143,1000000042,4,4
2026-04-16,1000000143,1000000043,7,2
2026-04-16,1000000143,1000000044,2,8
2026-04-16,1000000143,1000000045,5,3
2026-04-16,1000000143,1000000062,3,5
2026-04-16,1000000143,1000000063,1,11
2026-04-16,1000000143,1000000064,9,1
2026-04-16,1000000143,1000000065,3,6
2026-04-16,1000000143,1000000066,2,9
2026-04-16,1000000143,1000000069,1,12
2026-04-16,1000000143,1000000084,1,13
2026-04-16,1000000143,1000000086,1,14
2026-04-16,1000000143,1000000087,1,15
2026-04-16,1000000143,1000000094,1,16
2026-04-16,1000000143,1000000110,1,17
2026-04-16,1000000143,1000000121,3,7
2026-04-16,1000000143,1000000128,1,18
2026-04-16,1000000143,1000000142,2,10
2026-04-16,1000000153,1000000154,4,2
2026-04-16,1000000153,1000000156,18,1
2026-04-16,1000000154,1000000153,4,1
2026-04-16,1000000154,1000000156,1,2
2026-04-16,1000000156,1000000153,18,1
2026-04-16,1000000156,1000000154,1,2
2026-04-17,1000000027,1000000028,2,8
2026-04-17,1000000027,1000000033,2,9
2026-04-17,1000000027,1000000035,3,4
2026-04-17,1000000027,1000000042,6,1
2026-04-17,1000000027,1000000043,5,2
2026-04-17,1000000027,1000000044,2,10
2026-04-17,1000000027,1000000045,3,5
2026-04-17,1000000027,1000000062,1,13
2026-04-17,1000000027,1000000063,1,14
2026-04-17,1000000027,1000000064,3,6
2026-04-17,1000000027,1000000065,2,11
2026-04-17,1000000027,1000000066,1,15
2026-04-17,1000000027,1000000069,1,16
2026-04-17,1000000027,1000000070,3,7
2026-04-17,1000000027,1000000071,4,3
2026-04-17,1000000027,1000000083,1,17
2026-04-17,1000000027,1000000085,1,18
2026-04-17,1000000027,1000000110,1,19
2026-04-17,1000000027,1000000112,1,20
2026-04-17,1000000027,1000000128,2,12
2026-04-17,1000000028,1000000027,2,3
2026-04-17,1000000028,1000000035,1,11
2026-04-17,1000000028,1000000042,3,1
2026-04-17,1000000028,1000000043,2,4
2026-04-17,1000000028,1000000044,2,5
2026-04-17,1000000028,1000000045,2,6
2026-04-17,1000000028,1000000063,1,12
2026-04-17,1000000028,1000000064,2,7
2026-04-17,1000000028,1000000069,2,8
2026-04-17,1000000028,1000000070,2,9
2026-04-17,1000000028,1000000071,3,2
2026-04-17,1000000028,1000000072,1,13
2026-04-17,1000000028,1000000083,2,10
2026-04-17,1000000028,1000000087,1,14
2026-04-17,1000000028,1000000113,1,15
2026-04-17,1000000028,1000000121,1,16
2026-04-17,1000000033,1000000027,2,10
2026-04-17,1000000033,1000000035,12,1
2026-04-17,1000000033,1000000042,5,6
2026-04-17,1000000033,1000000043,9,2
2026-04-17,1000000033,1000000044,2,11
2026-04-17,1000000033,1000000045,7,3
2026-04-17,1000000033,1000000062,1,13
2026-04-17,1000000033,1000000063,1,14
2026-04-17,1000000033,1000000064,6,5
2026-04-17,1000000033,1000000065,3,9
2026-04-17,1000000033,1000000066,1,15
2026-04-17,1000000033,1000000070,1,16
2026-04-17,1000000033,1000000071,1,17
2026-04-17,1000000033,1000000083,7,4
2026-04-17,1000000033,1000000085,1,18
2026-04-17,1000000033,1000000087,2,12
2026-04-17,1000000033,1000000113,1,19
2026-04-17,1000000033,1000000121,5,7
2026-04-17,1000000033,1000000127,4,8
2026-04-17,1000000033,1000000128,1,20
2026-04-17,1000000033,1000000142,1,21
2026-04-17,1000000035,1000000027,3,16
2026-04-17,1000000035,1000000028,1,20
2026-04-17,1000000035,1000000033,12,6
2026-04-17,1000000035,1000000042,16,2
2026-04-17,1000000035,1000000043,13,4
2026-04-17,1000000035,1000000044,10,7
2026-04-17,1000000035,1000000045,13,5
2026-04-17,1000000035,1000000062,7,10
2026-04-17,1000000035,1000000063,6,11
2026-04-17,1000000035,1000000064,21,1
2026-04-17,1000000035,1000000065,5,12
2026-04-17,1000000035,1000000066,8,8
2026-04-17,1000000035,1000000069,3,17
2026-04-17,1000000035,1000000071,1,21
2026-04-17,1000000035,1000000083,8,9
2026-04-17,1000000035,1000000086,1,22
2026-04-17,1000000035,1000000087,2,18
2026-04-17,1000000035,1000000088,5,13
2026-04-17,1000000035,1000000092,1,23
2026-04-17,1000000035,1000000093,4,15
2026-04-17,1000000035,1000000094,1,24
2026-04-17,1000000035,1000000108,1,25
2026-04-17,1000000035,1000000111,1,26
2026-04-17,1000000035,1000000112,1,27
2026-04-17,1000000035,1000000121,14,3
2026-04-17,1000000035,1000000127,5,14
2026-04-17,1000000035,1000000128,2,19
2026-04-17,1000000035,1000000142,1,28
2026-04-17,1000000042,1000000027,6,16
2026-04-17,1000000042,1000000028,3,20
2026-04-17,1000000042,1000000033,5,18
2026-04-17,1000000042,1000000035,16,9
2026-04-17,1000000042,1000000043,63,3
2026-04-17,1000000042,1000000044,34,4
2026-04-17,1000000042,1000000045,78,2
2026-04-17,1000000042,1000000062,22,6
2026-04-17,1000000042,1000000063,25,5
2026-04-17,1000000042,1000000064,82,1
2026-04-17,1000000042,1000000065,10,12
2026-04-17,1000000042,1000000066,8,14
2026-04-17,1000000042,1000000069,11,11
2026-04-17,1000000042,1000000070,2,25
2026-04-17,1000000042,1000000071,10,13
2026-04-17,1000000042,1000000072,2,26
2026-04-17,1000000042,1000000074,1,31
2026-04-17,1000000042,1000000083,16,10
2026-04-17,1000000042,1000000084,2,27
2026-04-17,1000000042,1000000085,3,21
2026-04-17,1000000042,1000000086,3,22
2026-04-17,1000000042,1000000087,3,23
2026-04-17,1000000042,1000000088,2,28
2026-04-17,1000000042,1000000090,2,29
2026-04-17,1000000042,1000000093,1,32
2026-04-17,1000000042,1000000094,3,24
2026-04-17,1000000042,1000000110,1,33
2026-04-17,1000000042,1000000111,1,34
2026-04-17,1000000042,1000000112,2,30
2026-04-17,1000000042,1000000113,1,35
2026-04-17,1000000042,1000000121,21,7
2026-04-17,1000000042,1000000127,19,8
2026-04-17,1000000042,1000000128,6,17
2026-04-17,1000000042,1000000142,7,15
2026-04-17,1000000042,1000000143,4,19
2026-04-17,1000000043,1000000027,5,20
2026-04-17,1000000043,1000000028,2,25
2026-04-17,1000000043,1000000033,9,13
2026-04-17,1000000043,1000000035,13,11
2026-04-17,1000000043,1000000042,63,3
2026-04-17,1000000043,1000000044,53,4
2026-04-17,1000000043,1000000045,85,2
2026-04-17,1000000043,1000000062,19,8
2026-04-17,1000000043,1000000063,31,5
2026-04-17,1000000043,1000000064,95,1
2026-04-17,1000000043,1000000065,10,12
2026-04-17,1000000043,1000000066,19,9
2026-04-17,1000000043,1000000069,18,10
2026-04-17,1000000043,1000000070,6,19
2026-04-17,1000000043,1000000071,7,17
2026-04-17,1000000043,1000000072,1,32
2026-04-17,1000000043,1000000074,1,33
2026-04-17,1000000043,1000000083,9,14
2026-04-17,1000000043,1000000084,1,34
2026-04-17,1000000043,1000000085,2,26
2026-04-17,1000000043,1000000086,2,27
2026-04-17,1000000043,1000000087,8,15
2026-04-17,1000000043,1000000088,4,21
2026-04-17,1000000043,1000000090,3,22
2026-04-17,1000000043,1000000091,2,28
2026-04-17,1000000043,1000000092,1,35
2026-04-17,1000000043,1000000093,2,29
2026-04-17,1000000043,1000000094,1,36
2026-04-17,1000000043,1000000111,2,30
2026-04-17,1000000043,1000000112,3,23
2026-04-17,1000000043,1000000113,2,31
2026-04-17,1000000043,1000000121,20,7
2026-04-17,1000000043,1000000127,24,6
2026-04-17,1000000043,1000000128,8,16
2026-04-17,1000000043,1000000142,3,24
2026-04-17,1000000043,1000000143,7,18
2026-04-17,1000000044,1000000027,2,18
2026-04-17,1000000044,1000000028,2,19
2026-04-17,1000000044,1000000033,2,20
2026-04-17,1000000044,1000000035,10,11
2026-04-17,1000000044,1000000042,34,4
2026-04-17,1000000044,1000000043,53,3
2026-04-17,1000000044,1000000045,71,2
2026-04-17,1000000044,1000000062,19,7
2026-04-17,1000000044,1000000063,25,5
2026-04-17,1000000044,1000000064,83,1
2026-04-17,1000000044,1000000065,7,12
2026-04-17,1000000044,1000000066,14,9
2026-04-17,1000000044,1000000069,17,8
2026-04-17,1000000044,1000000070,2,21
2026-04-17,1000000044,1000000071,6,13
2026-04-17,1000000044,1000000072,3,15
2026-04-17,1000000044,1000000083,2,22
2026-04-17,1000000044,1000000086,1,26
2026-04-17,1000000044,1000000087,2,23
2026-04-17,1000000044,1000000090,1,27
2026-04-17,1000000044,1000000092,1,28
2026-04-17,1000000044,1000000093,3,16
2026-04-17,1000000044,1000000094,1,29
2026-04-17,1000000044,1000000110,2,24
2026-04-17,1000000044,1000000111,1,30
2026-04-17,1000000044,1000000112,1,31
2026-04-17,1000000044,1000000121,13,10
2026-04-17,1000000044,1000000127,25,6
2026-04-17,1000000044,1000000128,6,14
2026-04-17,1000000044,1000000142,3,17
2026-04-17,1000000044,1000000143,2,25
2026-04-17,1000000045,1000000027,3,25
2026-04-17,1000000045,1000000028,2,33
2026-04-17,1000000045,1000000033,7,15
2026-04-17,1000000045,1000000035,13,12
2026-04-17,1000000045,1000000042,78,3
2026-04-17,1000000045,1000000043,85,2
2026-04-17,1000000045,1000000044,71,4
2026-04-17,1000000045,1000000062,35,6
2026-04-17,1000000045,1000000063,46,5
2026-04-17,1000000045,1000000064,159,1
2026-04-17,1000000045,1000000065,9,14
2026-04-17,1000000045,1000000066,16,10
2026-04-17,1000000045,1000000069,25,8
2026-04-17,1000000045,1000000070,4,23
2026-04-17,1000000045,1000000071,5,17
2026-04-17,1000000045,1000000072,3,26
2026-04-17,1000000045,1000000083,12,13
2026-04-17,1000000045,1000000084,1,35
2026-04-17,1000000045,1000000085,4,24
2026-04-17,1000000045,1000000086,3,27
2026-04-17,1000000045,1000000087,3,28
2026-04-17,1000000045,1000000088,5,18
2026-04-17,1000000045,1000000090,1,36
2026-04-17,1000000045,1000000091,3,29
2026-04-17,1000000045,1000000092,2,34
2026-04-17,1000000045,1000000093,5,19
2026-04-17,1000000045,1000000094,3,30
2026-04-17,1000000045,1000000108,5,20
2026-04-17,1000000045,1000000110,1,37
2026-04-17,1000000045,1000000111,3,31
2026-04-17,1000000045,1000000112,5,21
2026-04-17,1000000045,1000000113,3,32
2026-04-17,1000000045,1000000121,21,9
2026-04-17,1000000045,1000000127,32,7
2026-04-17,1000000045,1000000128,14,11
2026-04-17,1000000045,1000000142,6,16
2026-04-17,1000000045,1000000143,5,22
2026-04-17,1000000062,1000000027,1,25
2026-04-17,1000000062,1000000033,1,26
2026-04-17,1000000062,1000000035,7,10
2026-04-17,1000000062,1000000042,22,5
2026-04-17,1000000062,1000000043,19,6
2026-04-17,1000000062,1000000044,19,7
2026-04-17,1000000062,1000000045,35,4
2026-04-17,1000000062,1000000063,90,1
2026-04-17,1000000062,1000000064,41,3
2026-04-17,1000000062,1000000065,9,9
2026-04-17,1000000062,1000000066,4,16
2026-04-17,1000000062,1000000069,7,11
2026-04-17,1000000062,1000000070,1,27
2026-04-17,1000000062,1000000071,3,17
2026-04-17,1000000062,1000000072,1,28
2026-04-17,1000000062,1000000074,1,29
2026-04-17,1000000062,1000000083,12,8
2026-04-17,1000000062,1000000084,5,15
2026-04-17,1000000062,1000000085,3,18
2026-04-17,1000000062,1000000086,1,30
2026-04-17,1000000062,1000000087,3,19
2026-04-17,1000000062,1000000088,3,20
2026-04-17,1000000062,1000000089,1,31
2026-04-17,1000000062,1000000090,1,32
2026-04-17,1000000062,1000000091,2,23
2026-04-17,1000000062,1000000092,1,33
2026-04-17,1000000062,1000000093,2,24
2026-04-17,1000000062,1000000094,1,34
2026-04-17,1000000062,1000000108,1,35
2026-04-17,1000000062,1000000111,7,12
2026-04-17,1000000062,1000000113,1,36
2026-04-17,1000000062,1000000121,6,13
2026-04-17,1000000062,1000000127,62,2
2026-04-17,1000000062,1000000128,6,14
2026-04-17,1000000062,1000000142,3,21
2026-04-17,1000000062,1000000143,3,22
2026-04-17,1000000063,1000000027,1,28
2026-04-17,1000000063,1000000028,1,29
2026-04-17,1000000063,1000000033,1,30
2026-04-17,1000000063,1000000035,6,14
2026-04-17,1000000063,1000000042,25,6
2026-04-17,1000000063,1000000043,31,5
2026-04-17,1000000063,1000000044,25,7
2026-04-17,1000000063,1000000045,46,3
2026-04-17,1000000063,1000000062,90,1
2026-04-17,1000000063,1000000064,41,4
2026-04-17,1000000063,1000000065,4,16
2026-04-17,1000000063,1000000066,12,8
2026-04-17,1000000063,1000000069,10,10
2026-04-17,1000000063,1000000070,3,19
2026-04-17,1000000063,1000000071,2,23
2026-04-17,1000000063,1000000072,1,31
2026-04-17,1000000063,1000000083,7,13
2026-04-17,1000000063,1000000084,3,20
2026-04-17,1000000063,1000000085,4,17
2026-04-17,1000000063,1000000086,2,24
2026-04-17,1000000063,1000000087,5,15
2026-04-17,1000000063,1000000088,3,21
2026-04-17,1000000063,1000000089,1,32
2026-04-17,1000000063,1000000090,3,22
2026-04-17,1000000063,1000000091,1,33
2026-04-17,1000000063,1000000092,1,34
2026-04-17,1000000063,1000000093,2,25
2026-04-17,1000000063,1000000094,1,35
2026-04-17,1000000063,1000000108,1,36
2026-04-17,1000000063,1000000110,2,26
2026-04-17,1000000063,1000000111,8,11
2026-04-17,1000000063,1000000112,1,37
2026-04-17,1000000063,1000000113,4,18
2026-04-17,1000000063,1000000121,11,9
2026-04-17,1000000063,1000000127,84,2
2026-04-17,1000000063,1000000128,8,12
2026-04-17,1000000063,1000000142,2,27
2026-04-17,1000000063,1000000143,1,38
2026-04-17,1000000064,1000000027,3,33
2026-04-17,1000000064,1000000028,2,36
2026-04-17,1000000064,1000000033,6,30
2026-04-17,1000000064,1000000035,21,14
2026-04-17,1000000064,1000000042,82,5
2026-04-17,1000000064,1000000043,95,3
2026-04-17,1000000064,1000000044,83,4
2026-04-17,1000000064,1000000045,159,1
2026-04-17,1000000064,1000000062,41,9
2026-04-17,1000000064,1000000063,41,10
2026-04-17,1000000064,1000000065,22,13
2026-04-17,1000000064,1000000066,43,7
2026-04-17,1000000064,1000000069,57,6
2026-04-17,1000000064,1000000070,4,32
2026-04-17,1000000064,1000000071,12,22
2026-04-17,1000000064,1000000072,3,34
2026-04-17,1000000064,1000000074,2,37
2026-04-17,1000000064,1000000083,17,17
2026-04-17,1000000064,1000000084,11,24
2026-04-17,1000000064,1000000085,17,18
2026-04-17,1000000064,1000000086,11,25
2026-04-17,1000000064,1000000087,20,16
2026-04-17,1000000064,1000000088,17,19
2026-04-17,1000000064,1000000089,1,38
2026-04-17,1000000064,1000000090,15,20
2026-04-17,1000000064,1000000091,21,15
2026-04-17,1000000064,1000000092,15,21
2026-04-17,1000000064,1000000093,43,8
2026-04-17,1000000064,1000000094,7,29
2026-04-17,1000000064,1000000108,5,31
2026-04-17,1000000064,1000000110,3,35
2026-04-17,1000000064,1000000111,12,23
2026-04-17,1000000064,1000000112,1,39
2026-04-17,1000000064,1000000113,8,28
2026-04-17,1000000064,1000000121,32,11
2026-04-17,1000000064,1000000127,134,2
2026-04-17,1000000064,1000000128,30,12
2026-04-17,1000000064,1000000142,10,26
2026-04-17,1000000064,1000000143,9,27
2026-04-17,1000000065,1000000027,2,16
2026-04-17,1000000065,1000000033,3,13
2026-04-17,1000000065,1000000035,5,9
2026-04-17,1000000065,1000000042,10,3
2026-04-17,1000000065,1000000043,10,4
2026-04-17,1000000065,1000000044,7,7
2026-04-17,1000000065,1000000045,9,5
2026-04-17,1000000065,1000000062,9,6
2026-04-17,1000000065,1000000063,4,11
2026-04-17,1000000065,1000000064,22,1
2026-04-17,1000000065,1000000066,13,2
2026-04-17,1000000065,1000000069,4,12
2026-04-17,1000000065,1000000071,1,21
2026-04-17,1000000065,1000000083,2,17
2026-04-17,1000000065,1000000084,1,22
2026-04-17,1000000065,1000000085,2,18
2026-04-17,1000000065,1000000087,1,23
2026-04-17,1000000065,1000000110,1,24
2026-04-17,1000000065,1000000111,3,14
2026-04-17,1000000065,1000000112,1,25
2026-04-17,1000000065,1000000121,5,10
2026-04-17,1000000065,1000000127,2,19
2026-04-17,1000000065,1000000128,7,8
2026-04-17,1000000065,1000000142,2,20
2026-04-17,1000000065,1000000143,3,15
2026-04-17,1000000066,1000000027,1,19
2026-04-17,1000000066,1000000033,1,20
2026-04-17,1000000066,1000000035,8,9
2026-04-17,1000000066,1000000042,8,10
2026-04-17,1000000066,1000000043,19,2
2026-04-17,1000000066,1000000044,14,4
2026-04-17,1000000066,1000000045,16,3
2026-04-17,1000000066,1000000062,4,13
2026-04-17,1000000066,1000000063,12,6
2026-04-17,1000000066,1000000064,43,1
2026-04-17,1000000066,1000000065,13,5
2026-04-17,1000000066,1000000069,10,7
2026-04-17,1000000066,1000000070,4,14
2026-04-17,1000000066,1000000072,1,21
2026-04-17,1000000066,1000000083,1,22
2026-04-17,1000000066,1000000084,2,16
2026-04-17,1000000066,1000000087,4,15
2026-04-17,1000000066,1000000088,1,23
2026-04-17,1000000066,1000000090,1,24
2026-04-17,1000000066,1000000093,2,17
2026-04-17,1000000066,1000000112,1,25
2026-04-17,1000000066,1000000121,5,12
2026-04-17,1000000066,1000000127,6,11
2026-04-17,1000000066,1000000128,10,8
2026-04-17,1000000066,1000000142,1,26
2026-04-17,1000000066,1000000143,2,18
2026-04-17,1000000069,1000000027,1,21
2026-04-17,1000000069,1000000028,2,15
2026-04-17,1000000069,1000000035,3,13
2026-04-17,1000000069,1000000042,11,5
2026-04-17,1000000069,1000000043,18,3
2026-04-17,1000000069,1000000044,17,4
2026-04-17,1000000069,1000000045,25,2
2026-04-17,1000000069,1000000062,7,10
2026-04-17,1000000069,1000000063,10,6
2026-04-17,1000000069,1000000064,57,1
2026-04-17,1000000069,1000000065,4,12
2026-04-17,1000000069,1000000066,10,7
2026-04-17,1000000069,1000000070,1,22
2026-04-17,1000000069,1000000071,2,16
2026-04-17,1000000069,1000000083,6,11
2026-04-17,1000000069,1000000085,1,23
2026-04-17,1000000069,1000000087,1,24
2026-04-17,1000000069,1000000090,1,25
2026-04-17,1000000069,1000000091,2,17
2026-04-17,1000000069,1000000092,2,18
2026-04-17,1000000069,1000000093,2,19
2026-04-17,1000000069,1000000094,1,26
2026-04-17,1000000069,1000000121,8,9
2026-04-17,1000000069,1000000127,9,8
2026-04-17,1000000069,1000000128,3,14
2026-04-17,1000000069,1000000142,2,20
2026-04-17,1000000069,1000000143,1,27
2026-04-17,1000000070,1000000027,3,6
2026-04-17,1000000070,1000000028,2,9
2026-04-17,1000000070,1000000033,1,13
2026-04-17,1000000070,1000000042,2,10
2026-04-17,1000000070,1000000043,6,1
2026-04-17,1000000070,1000000044,2,11
2026-04-17,1000000070,1000000045,4,3
2026-04-17,1000000070,1000000062,1,14
2026-04-17,1000000070,1000000063,3,7
2026-04-17,1000000070,1000000064,4,4
2026-04-17,1000000070,1000000066,4,5
2026-04-17,1000000070,1000000069,1,15
2026-04-17,1000000070,1000000071,5,2
2026-04-17,1000000070,1000000072,3,8
2026-04-17,1000000070,1000000083,1,16
2026-04-17,1000000070,1000000110,1,17
2026-04-17,1000000070,1000000121,2,12
2026-04-17,1000000070,1000000128,1,18
2026-04-17,1000000071,1000000027,4,8
2026-04-17,1000000071,1000000028,3,10
2026-04-17,1000000071,1000000033,1,17
2026-04-17,1000000071,1000000035,1,18
2026-04-17,1000000071,1000000042,10,2
2026-04-17,1000000071,1000000043,7,3
2026-04-17,1000000071,1000000044,6,4
2026-04-17,1000000071,1000000045,5,5
2026-04-17,1000000071,1000000062,3,11
2026-04-17,1000000071,1000000063,2,12
2026-04-17,1000000071,1000000064,12,1
2026-04-17,1000000071,1000000065,1,19
2026-04-17,1000000071,1000000069,2,13
2026-04-17,1000000071,1000000070,5,6
2026-04-17,1000000071,1000000072,2,14
2026-04-17,1000000071,1000000074,1,20
2026-04-17,1000000071,1000000083,4,9
2026-04-17,1000000071,1000000087,1,21
2026-04-17,1000000071,1000000088,1,22
2026-04-17,1000000071,1000000113,2,15
2026-04-17,1000000071,1000000127,5,7
2026-04-17,1000000071,1000000128,2,16
2026-04-17,1000000071,1000000142,1,23
2026-04-17,1000000072,1000000028,1,8
2026-04-17,1000000072,1000000042,2,5
2026-04-17,1000000072,1000000043,1,9
2026-04-17,1000000072,1000000044,3,1
2026-04-17,1000000072,1000000045,3,2
2026-04-17,1000000072,1000000062,1,10
2026-04-17,1000000072,1000000063,1,11
2026-04-17,1000000072,1000000064,3,3
2026-04-17,1000000072,1000000066,1,12
2026-04-17,1000000072,1000000070,3,4
2026-04-17,1000000072,1000000071,2,6
2026-04-17,1000000072,1000000083,1,13
2026-04-17,1000000072,1000000127,2,7
2026-04-17,1000000074,1000000042,1,2
2026-04-17,1000000074,1000000043,1,3
2026-04-17,1000000074,1000000062,1,4
2026-04-17,1000000074,1000000064,2,1
2026-04-17,1000000074,1000000071,1,5
2026-04-17,1000000074,1000000091,1,6
2026-04-17,1000000074,1000000127,1,7
2026-04-17,1000000074,1000000128,1,8
2026-04-17,1000000083,1000000027,1,21
2026-04-17,1000000083,1000000028,2,14
2026-04-17,1000000083,1000000033,7,8
2026-04-17,1000000083,1000000035,8,7
2026-04-17,1000000083,1000000042,16,2
2026-04-17,1000000083,1000000043,9,6
2026-04-17,1000000083,1000000044,2,15
2026-04-17,1000000083,1000000045,12,3
2026-04-17,1000000083,1000000062,12,4
2026-04-17,1000000083,1000000063,7,9
2026-04-17,1000000083,1000000064,17,1
2026-04-17,1000000083,1000000065,2,16
2026-04-17,1000000083,1000000066,1,22
2026-04-17,1000000083,1000000069,6,11
2026-04-17,1000000083,1000000070,1,23
2026-04-17,1000000083,1000000071,4,12
2026-04-17,1000000083,1000000072,1,24
2026-04-17,1000000083,1000000085,1,25
2026-04-17,1000000083,1000000087,1,26
2026-04-17,1000000083,1000000088,1,27
2026-04-17,1000000083,1000000090,2,17
2026-04-17,1000000083,1000000091,1,28
2026-04-17,1000000083,1000000093,2,18
2026-04-17,1000000083,1000000094,2,19
2026-04-17,1000000083,1000000108,3,13
2026-04-17,1000000083,1000000110,1,29
2026-04-17,1000000083,1000000112,1,30
2026-04-17,1000000083,1000000113,1,31
2026-04-17,1000000083,1000000121,7,10
2026-04-17,1000000083,1000000127,11,5
2026-04-17,1000000083,1000000128,2,20
2026-04-17,1000000083,1000000142,1,32
2026-04-17,1000000084,1000000042,2,13
2026-04-17,1000000084,1000000043,1,16
2026-04-17,1000000084,1000000045,1,17
2026-04-17,1000000084,1000000062,5,6
2026-04-17,1000000084,1000000063,3,11
2026-04-17,1000000084,1000000064,11,3
2026-04-17,1000000084,1000000065,1,18
2026-04-17,1000000084,1000000066,2,14
2026-04-17,1000000084,1000000085,15,1
2026-04-17,1000000084,1000000086,4,8
2026-04-17,1000000084,1000000087,15,2
2026-04-17,1000000084,1000000088,6,5
2026-04-17,1000000084,1000000090,11,4
2026-04-17,1000000084,1000000091,2,15
2026-04-17,1000000084,1000000092,1,19
2026-04-17,1000000084,1000000093,5,7
2026-04-17,1000000084,1000000094,1,20
2026-04-17,1000000084,1000000108,3,12
2026-04-17,1000000084,1000000110,4,9
2026-04-17,1000000084,1000000111,4,10
2026-04-17,1000000084,1000000113,1,21
2026-04-17,1000000084,1000000127,1,22
2026-04-17,1000000084,1000000128,1,23
2026-04-17,1000000084,1000000142,1,24
2026-04-17,1000000084,1000000143,1,25
2026-04-17,1000000085,1000000027,1,22
2026-04-17,1000000085,1000000033,1,23
2026-04-17,1000000085,1000000042,3,14
2026-04-17,1000000085,1000000043,2,17
2026-04-17,1000000085,1000000045,4,12
2026-04-17,1000000085,1000000062,3,15
2026-04-17,1000000085,1000000063,4,13
2026-04-17,1000000085,1000000064,17,1
2026-04-17,1000000085,1000000065,2,18
2026-04-17,1000000085,1000000069,1,24
2026-04-17,1000000085,1000000083,1,25
2026-04-17,1000000085,1000000084,15,2
2026-04-17,1000000085,1000000086,8,7
2026-04-17,1000000085,1000000087,9,4
2026-04-17,1000000085,1000000088,9,5
2026-04-17,1000000085,1000000089,2,19
2026-04-17,1000000085,1000000090,12,3
2026-04-17,1000000085,1000000091,9,6
2026-04-17,1000000085,1000000092,7,8
2026-04-17,1000000085,1000000093,6,9
2026-04-17,1000000085,1000000094,2,20
2026-04-17,1000000085,1000000108,5,10
2026-04-17,1000000085,1000000110,1,26
2026-04-17,1000000085,1000000111,3,16
2026-04-17,1000000085,1000000112,1,27
2026-04-17,1000000085,1000000113,1,28
2026-04-17,1000000085,1000000121,2,21
2026-04-17,1000000085,1000000127,1,29
2026-04-17,1000000085,1000000128,1,30
2026-04-17,1000000085,1000000142,5,11
2026-04-17,1000000086,1000000035,1,15
2026-04-17,1000000086,1000000042,3,7
2026-04-17,1000000086,1000000043,2,10
2026-04-17,1000000086,1000000044,1,16
2026-04-17,1000000086,1000000045,3,8
2026-04-17,1000000086,1000000062,1,17
2026-04-17,1000000086,1000000063,2,11
2026-04-17,1000000086,1000000064,11,1
2026-04-17,1000000086,1000000084,4,6
2026-04-17,1000000086,1000000085,8,3
2026-04-17,1000000086,1000000087,5,4
2026-04-17,1000000086,1000000088,11,2
2026-04-17,1000000086,1000000089,3,9
2026-04-17,1000000086,1000000090,2,12
2026-04-17,1000000086,1000000091,5,5
2026-04-17,1000000086,1000000092,2,13
2026-04-17,1000000086,1000000093,1,18
2026-04-17,1000000086,1000000094,2,14
2026-04-17,1000000086,1000000108,1,19
2026-04-17,1000000086,1000000111,1,20
2026-04-17,1000000086,1000000112,1,21
2026-04-17,1000000086,1000000127,1,22
2026-04-17,1000000086,1000000128,1,23
2026-04-17,1000000086,1000000143,1,24
2026-04-17,1000000087,1000000028,1,26
2026-04-17,1000000087,1000000033,2,21
2026-04-17,1000000087,1000000035,2,22
2026-04-17,1000000087,1000000042,3,16
2026-04-17,1000000087,1000000043,8,7
2026-04-17,1000000087,1000000044,2,23
2026-04-17,1000000087,1000000045,3,17
2026-04-17,1000000087,1000000062,3,18
2026-04-17,1000000087,1000000063,5,9
2026-04-17,1000000087,1000000064,20,1
2026-04-17,1000000087,1000000065,1,27
2026-04-17,1000000087,1000000066,4,12
2026-04-17,1000000087,1000000069,1,28
2026-04-17,1000000087,1000000071,1,29
2026-04-17,1000000087,1000000083,1,30
2026-04-17,1000000087,1000000084,15,2
2026-04-17,1000000087,1000000085,9,5
2026-04-17,1000000087,1000000086,5,10
2026-04-17,1000000087,1000000088,10,4
2026-04-17,1000000087,1000000089,1,31
2026-04-17,1000000087,1000000090,9,6
2026-04-17,1000000087,1000000091,11,3
2026-04-17,1000000087,1000000092,4,13
2026-04-17,1000000087,1000000093,4,14
2026-04-17,1000000087,1000000094,1,32
2026-04-17,1000000087,1000000108,4,15
2026-04-17,1000000087,1000000110,1,33
2026-04-17,1000000087,1000000111,5,11
2026-04-17,1000000087,1000000112,2,24
2026-04-17,1000000087,1000000113,3,19
2026-04-17,1000000087,1000000121,6,8
2026-04-17,1000000087,1000000127,3,20
2026-04-17,1000000087,1000000128,2,25
2026-04-17,1000000087,1000000142,1,34
2026-04-17,1000000087,1000000143,1,35
2026-04-17,1000000088,1000000035,5,8
2026-04-17,1000000088,1000000042,2,16
2026-04-17,1000000088,1000000043,4,10
2026-04-17,1000000088,1000000045,5,9
2026-04-17,1000000088,1000000062,3,12
2026-04-17,1000000088,1000000063,3,13
2026-04-17,1000000088,1000000064,17,1
2026-04-17,1000000088,1000000066,1,21
2026-04-17,1000000088,1000000071,1,22
2026-04-17,1000000088,1000000083,1,23
2026-04-17,1000000088,1000000084,6,6
2026-04-17,1000000088,1000000085,9,4
2026-04-17,1000000088,1000000086,11,2
2026-04-17,1000000088,1000000087,10,3
2026-04-17,1000000088,1000000089,3,14
2026-04-17,1000000088,1000000090,4,11
2026-04-17,1000000088,1000000091,9,5
2026-04-17,1000000088,1000000092,6,7
2026-04-17,1000000088,1000000093,2,17
2026-04-17,1000000088,1000000094,1,24
2026-04-17,1000000088,1000000110,1,25
2026-04-17,1000000088,1000000111,2,18
2026-04-17,1000000088,1000000112,2,19
2026-04-17,1000000088,1000000113,1,26
2026-04-17,1000000088,1000000121,3,15
2026-04-17,1000000088,1000000127,2,20
2026-04-17,1000000088,1000000128,1,27
2026-04-17,1000000089,1000000062,1,5
2026-04-17,1000000089,1000000063,1,6
2026-04-17,1000000089,1000000064,1,7
2026-04-17,1000000089,1000000085,2,3
2026-04-17,1000000089,1000000086,3,1
2026-04-17,1000000089,1000000087,1,8
2026-04-17,1000000089,1000000088,3,2
2026-04-17,1000000089,1000000091,1,9
2026-04-17,1000000089,1000000121,2,4
2026-04-17,1000000089,1000000127,1,10
2026-04-17,1000000089,1000000128,1,11
2026-04-17,1000000090,1000000042,2,14
2026-04-17,1000000090,1000000043,3,12
2026-04-17,1000000090,1000000044,1,17
2026-04-17,1000000090,1000000045,1,18
2026-04-17,1000000090,1000000062,1,19
2026-04-17,1000000090,1000000063,3,13
2026-04-17,1000000090,1000000064,15,2
2026-04-17,1000000090,1000000066,1,20
2026-04-17,1000000090,1000000069,1,21
2026-04-17,1000000090,1000000083,2,15
2026-04-17,1000000090,1000000084,11,4
2026-04-17,1000000090,1000000085,12,3
2026-04-17,1000000090,1000000086,2,16
2026-04-17,1000000090,1000000087,9,6
2026-04-17,1000000090,1000000088,4,9
2026-04-17,1000000090,1000000091,19,1
2026-04-17,1000000090,1000000092,6,8
2026-04-17,1000000090,1000000093,10,5
2026-04-17,1000000090,1000000094,4,10
2026-04-17,1000000090,1000000108,8,7
2026-04-17,1000000090,1000000111,4,11
2026-04-17,1000000090,1000000112,1,22
2026-04-17,1000000090,1000000121,1,23
2026-04-17,1000000090,1000000127,1,24
2026-04-17,1000000090,1000000128,1,25
2026-04-17,1000000091,1000000043,2,15
2026-04-17,1000000091,1000000045,3,12
2026-04-17,1000000091,1000000062,2,16
2026-04-17,1000000091,1000000063,1,21
2026-04-17,1000000091,1000000064,21,1
2026-04-17,1000000091,1000000069,2,17
2026-04-17,1000000091,1000000074,1,22
2026-04-17,1000000091,1000000083,1,23
2026-04-17,1000000091,1000000084,2,18
2026-04-17,1000000091,1000000085,9,5
2026-04-17,1000000091,1000000086,5,9
2026-04-17,1000000091,1000000087,11,3
2026-04-17,1000000091,1000000088,9,6
2026-04-17,1000000091,1000000089,1,24
2026-04-17,1000000091,1000000090,19,2
2026-04-17,1000000091,1000000092,11,4
2026-04-17,1000000091,1000000093,9,7
2026-04-17,1000000091,1000000094,6,8
2026-04-17,1000000091,1000000108,4,11
2026-04-17,1000000091,1000000110,2,19
2026-04-17,1000000091,1000000111,5,10
2026-04-17,1000000091,1000000112,2,20
2026-04-17,1000000091,1000000113,3,13
2026-04-17,1000000091,1000000127,3,14
2026-04-17,1000000092,1000000035,1,14
2026-04-17,1000000092,1000000043,1,15
2026-04-17,1000000092,1000000044,1,16
2026-04-17,1000000092,1000000045,2,10
2026-04-17,1000000092,1000000062,1,17
2026-04-17,1000000092,1000000063,1,18
2026-04-17,1000000092,1000000064,15,1
2026-04-17,1000000092,1000000069,2,11
2026-04-17,1000000092,1000000084,1,19
2026-04-17,1000000092,1000000085,7,3
2026-04-17,1000000092,1000000086,2,12
2026-04-17,1000000092,1000000087,4,6
2026-04-17,1000000092,1000000088,6,4
2026-04-17,1000000092,1000000090,6,5
2026-04-17,1000000092,1000000091,11,2
2026-04-17,1000000092,1000000093,4,7
2026-04-17,1000000092,1000000108,2,13
2026-04-17,1000000092,1000000111,4,8
2026-04-17,1000000092,1000000112,3,9
2026-04-17,1000000092,1000000113,1,20
2026-04-17,1000000092,1000000127,1,21
2026-04-17,1000000093,1000000035,4,11
2026-04-17,1000000093,1000000042,1,25
2026-04-17,1000000093,1000000043,2,16
2026-04-17,1000000093,1000000044,3,14
2026-04-17,1000000093,1000000045,5,8
2026-04-17,1000000093,1000000062,2,17
2026-04-17,1000000093,1000000063,2,18
2026-04-17,1000000093,1000000064,43,1
2026-04-17,1000000093,1000000066,2,19
2026-04-17,1000000093,1000000069,2,20
2026-04-17,1000000093,1000000083,2,21
2026-04-17,1000000093,1000000084,5,9
2026-04-17,1000000093,1000000085,6,7
2026-04-17,1000000093,1000000086,1,26
2026-04-17,1000000093,1000000087,4,12
2026-04-17,1000000093,1000000088,2,22
2026-04-17,1000000093,1000000090,10,4
2026-04-17,1000000093,1000000091,9,5
2026-04-17,1000000093,1000000092,4,13
2026-04-17,1000000093,1000000094,5,10
2026-04-17,1000000093,1000000108,13,2
2026-04-17,1000000093,1000000110,2,23
2026-04-17,1000000093,1000000111,11,3
2026-04-17,1000000093,1000000112,3,15
2026-04-17,1000000093,1000000113,2,24
2026-04-17,1000000093,1000000121,1,27
2026-04-17,1000000093,1000000127,7,6
2026-04-17,1000000093,1000000128,1,28
2026-04-17,1000000094,1000000035,1,14
2026-04-17,1000000094,1000000042,3,8
2026-04-17,1000000094,1000000043,1,15
2026-04-17,1000000094,1000000044,1,16
2026-04-17,1000000094,1000000045,3,9
2026-04-17,1000000094,1000000062,1,17
2026-04-17,1000000094,1000000063,1,18
2026-04-17,1000000094,1000000064,7,1
2026-04-17,1000000094,1000000069,1,19
2026-04-17,1000000094,1000000083,2,11
2026-04-17,1000000094,1000000084,1,20
2026-04-17,1000000094,1000000085,2,12
2026-04-17,1000000094,1000000086,2,13
2026-04-17,1000000094,1000000087,1,21
2026-04-17,1000000094,1000000088,1,22
2026-04-17,1000000094,1000000090,4,4
2026-04-17,1000000094,1000000091,6,2
2026-04-17,1000000094,1000000093,5,3
2026-04-17,1000000094,1000000108,4,5
2026-04-17,1000000094,1000000110,4,6
2026-04-17,1000000094,1000000111,4,7
2026-04-17,1000000094,1000000112,3,10
2026-04-17,1000000094,1000000113,1,23
2026-04-17,1000000094,1000000121,1,24
2026-04-17,1000000094,1000000142,1,25
2026-04-17,1000000094,1000000143,1,26
2026-04-17,1000000108,1000000035,1,14
2026-04-17,1000000108,1000000045,5,3
2026-04-17,1000000108,1000000062,1,15
2026-04-17,1000000108,1000000063,1,16
2026-04-17,1000000108,1000000064,5,4
2026-04-17,1000000108,1000000083,3,9
2026-04-17,1000000108,1000000084,3,10
2026-04-17,1000000108,1000000085,5,5
2026-04-17,1000000108,1000000086,1,17
2026-04-17,1000000108,1000000087,4,6
2026-04-17,1000000108,1000000090,8,2
2026-04-17,1000000108,1000000091,4,7
2026-04-17,1000000108,1000000092,2,11
2026-04-17,1000000108,1000000093,13,1
2026-04-17,1000000108,1000000094,4,8
2026-04-17,1000000108,1000000110,2,12
2026-04-17,1000000108,1000000112,2,13
2026-04-17,1000000108,1000000113,1,18
2026-04-17,1000000108,1000000127,1,19
2026-04-17,1000000108,1000000142,1,20
2026-04-17,1000000110,1000000027,1,11
2026-04-17,1000000110,1000000042,1,12
2026-04-17,1000000110,1000000044,2,6
2026-04-17,1000000110,1000000045,1,13
2026-04-17,1000000110,1000000063,2,7
2026-04-17,1000000110,1000000064,3,5
2026-04-17,1000000110,1000000065,1,14
2026-04-17,1000000110,1000000070,1,15
2026-04-17,1000000110,1000000083,1,16
2026-04-17,1000000110,1000000084,4,2
2026-04-17,1000000110,1000000085,1,17
2026-04-17,1000000110,1000000087,1,18
2026-04-17,1000000110,1000000088,1,19
2026-04-17,1000000110,1000000091,2,8
2026-04-17,1000000110,1000000093,2,9
2026-04-17,1000000110,1000000094,4,3
2026-04-17,1000000110,1000000108,2,10
2026-04-17,1000000110,1000000111,5,1
2026-04-17,1000000110,1000000112,4,4
2026-04-17,1000000110,1000000128,1,20
2026-04-17,1000000110,1000000142,1,21
2026-04-17,1000000110,1000000143,1,22
2026-04-17,1000000111,1000000035,1,20
2026-04-17,1000000111,1000000042,1,21
2026-04-17,1000000111,1000000043,2,17
2026-04-17,1000000111,1000000044,1,22
2026-04-17,1000000111,1000000045,3,14
2026-04-17,1000000111,1000000062,7,4
2026-04-17,1000000111,1000000063,8,3
2026-04-17,1000000111,1000000064,12,1
2026-04-17,1000000111,1000000065,3,15
2026-04-17,1000000111,1000000084,4,9
2026-04-17,1000000111,1000000085,3,16
2026-04-17,1000000111,1000000086,1,23
2026-04-17,1000000111,1000000087,5,5
2026-04-17,1000000111,1000000088,2,18
2026-04-17,1000000111,1000000090,4,10
2026-04-17,1000000111,1000000091,5,6
2026-04-17,1000000111,1000000092,4,11
2026-04-17,1000000111,1000000093,11,2
2026-04-17,1000000111,1000000094,4,12
2026-04-17,1000000111,1000000110,5,7
2026-04-17,1000000111,1000000112,2,19
2026-04-17,1000000111,1000000113,4,13
2026-04-17,1000000111,1000000121,1,24
2026-04-17,1000000111,1000000127,5,8
2026-04-17,1000000112,1000000027,1,14
2026-04-17,1000000112,1000000035,1,15
2026-04-17,1000000112,1000000042,2,8
2026-04-17,1000000112,1000000043,3,4
2026-04-17,1000000112,1000000044,1,16
2026-04-17,1000000112,1000000045,5,1
2026-04-17,1000000112,1000000063,1,17
2026-04-17,1000000112,1000000064,1,18
2026-04-17,1000000112,1000000065,1,19
2026-04-17,1000000112,1000000066,1,20
2026-04-17,1000000112,1000000083,1,21
2026-04-17,1000000112,1000000085,1,22
2026-04-17,1000000112,1000000086,1,23
2026-04-17,1000000112,1000000087,2,9
2026-04-17,1000000112,1000000088,2,10
2026-04-17,1000000112,1000000090,1,24
2026-04-17,1000000112,1000000091,2,11
2026-04-17,1000000112,1000000092,3,5
2026-04-17,1000000112,1000000093,3,6
2026-04-17,1000000112,1000000094,3,7
2026-04-17,1000000112,1000000108,2,12
2026-04-17,1000000112,1000000110,4,3
2026-04-17,1000000112,1000000111,2,13
2026-04-17,1000000112,1000000113,5,2
2026-04-17,1000000112,1000000121,1,25
2026-04-17,1000000112,1000000127,1,26
2026-04-17,1000000113,1000000028,1,11
2026-04-17,1000000113,1000000033,1,12
2026-04-17,1000000113,1000000042,1,13
2026-04-17,1000000113,1000000043,2,8
2026-04-17,1000000113,1000000045,3,5
2026-04-17,1000000113,1000000062,1,14
2026-04-17,1000000113,1000000063,4,3
2026-04-17,1000000113,1000000064,8,1
2026-04-17,1000000113,1000000071,2,9
2026-04-17,1000000113,1000000083,1,15
2026-04-17,1000000113,1000000084,1,16
2026-04-17,1000000113,1000000085,1,17
2026-04-17,1000000113,1000000087,3,6
2026-04-17,1000000113,1000000088,1,18
2026-04-17,1000000113,1000000091,3,7
2026-04-17,1000000113,1000000092,1,19
2026-04-17,1000000113,1000000093,2,10
2026-04-17,1000000113,1000000094,1,20
2026-04-17,1000000113,1000000108,1,21
2026-04-17,1000000113,1000000111,4,4
2026-04-17,1000000113,1000000112,5,2
2026-04-17,1000000113,1000000121,1,22
2026-04-17,1000000113,1000000128,1,23
2026-04-17,1000000121,1000000028,1,23
2026-04-17,1000000121,1000000033,5,13
2026-04-17,1000000121,1000000035,14,5
2026-04-17,1000000121,1000000042,21,2
2026-04-17,1000000121,1000000043,20,4
2026-04-17,1000000121,1000000044,13,6
2026-04-17,1000000121,1000000045,21,3
2026-04-17,1000000121,1000000062,6,11
2026-04-17,1000000121,1000000063,11,7
2026-04-17,1000000121,1000000064,32,1
2026-04-17,1000000121,1000000065,5,14
2026-04-17,1000000121,1000000066,5,15
2026-04-17,1000000121,1000000069,8,8
2026-04-17,1000000121,1000000070,2,19
2026-04-17,1000000121,1000000083,7,9
2026-04-17,1000000121,1000000085,2,20
2026-04-17,1000000121,1000000087,6,12
2026-04-17,1000000121,1000000088,3,17
2026-04-17,1000000121,1000000089,2,21
2026-04-17,1000000121,1000000090,1,24
2026-04-17,1000000121,1000000093,1,25
2026-04-17,1000000121,1000000094,1,26
2026-04-17,1000000121,1000000111,1,27
2026-04-17,1000000121,1000000112,1,28
2026-04-17,1000000121,1000000113,1,29
2026-04-17,1000000121,1000000127,7,10
2026-04-17,1000000121,1000000128,4,16
2026-04-17,1000000121,1000000142,2,22
2026-04-17,1000000121,1000000143,3,18
2026-04-17,1000000127,1000000033,4,18
2026-04-17,1000000127,1000000035,5,15
2026-04-17,1000000127,1000000042,19,7
2026-04-17,1000000127,1000000043,24,6
2026-04-17,1000000127,1000000044,25,5
2026-04-17,1000000127,1000000045,32,4
2026-04-17,1000000127,1000000062,62,3
2026-04-17,1000000127,1000000063,84,2
2026-04-17,1000000127,1000000064,134,1
2026-04-17,1000000127,1000000065,2,21
2026-04-17,1000000127,1000000066,6,13
2026-04-17,1000000127,1000000069,9,9
2026-04-17,1000000127,1000000071,5,16
2026-04-17,1000000127,1000000072,2,22
2026-04-17,1000000127,1000000074,1,24
2026-04-17,1000000127,1000000083,11,8
2026-04-17,1000000127,1000000084,1,25
2026-04-17,1000000127,1000000085,1,26
2026-04-17,1000000127,1000000086,1,27
2026-04-17,1000000127,1000000087,3,19
2026-04-17,1000000127,1000000088,2,23
2026-04-17,1000000127,1000000089,1,28
2026-04-17,1000000127,1000000090,1,29
2026-04-17,1000000127,1000000091,3,20
2026-04-17,1000000127,1000000092,1,30
2026-04-17,1000000127,1000000093,7,11
2026-04-17,1000000127,1000000108,1,31
2026-04-17,1000000127,1000000111,5,17
2026-04-17,1000000127,1000000112,1,32
2026-04-17,1000000127,1000000121,7,12
2026-04-17,1000000127,1000000128,8,10
2026-04-17,1000000127,1000000142,6,14
2026-04-17,1000000128,1000000027,2,14
2026-04-17,1000000128,1000000033,1,19
2026-04-17,1000000128,1000000035,2,15
2026-04-17,1000000128,1000000042,6,8
2026-04-17,1000000128,1000000043,8,4
2026-04-17,1000000128,1000000044,6,9
2026-04-17,1000000128,1000000045,14,2
2026-04-17,1000000128,1000000062,6,10
2026-04-17,1000000128,1000000063,8,5
2026-04-17,1000000128,1000000064,30,1
2026-04-17,1000000128,1000000065,7,7
2026-04-17,1000000128,1000000066,10,3
2026-04-17,1000000128,1000000069,3,12
2026-04-17,1000000128,1000000070,1,20
2026-04-17,1000000128,1000000071,2,16
2026-04-17,1000000128,1000000074,1,21
2026-04-17,1000000128,1000000083,2,17
2026-04-17,1000000128,1000000084,1,22
2026-04-17,1000000128,1000000085,1,23
2026-04-17,1000000128,1000000086,1,24
2026-04-17,1000000128,1000000087,2,18
2026-04-17,1000000128,1000000088,1,25
2026-04-17,1000000128,1000000089,1,26
2026-04-17,1000000128,1000000090,1,27
2026-04-17,1000000128,1000000093,1,28
2026-04-17,1000000128,1000000110,1,29
2026-04-17,1000000128,1000000113,1,30
2026-04-17,1000000128,1000000121,4,11
2026-04-17,1000000128,1000000127,8,6
2026-04-17,1000000128,1000000142,3,13
2026-04-17,1000000128,1000000143,1,31
2026-04-17,1000000142,1000000033,1,15
2026-04-17,1000000142,1000000035,1,16
2026-04-17,1000000142,1000000042,7,2
2026-04-17,1000000142,1000000043,3,6
2026-04-17,1000000142,1000000044,3,7
2026-04-17,1000000142,1000000045,6,3
2026-04-17,1000000142,1000000062,3,8
2026-04-17,1000000142,1000000063,2,10
2026-04-17,1000000142,1000000064,10,1
2026-04-17,1000000142,1000000065,2,11
2026-04-17,1000000142,1000000066,1,17
2026-04-17,1000000142,1000000069,2,12
2026-04-17,1000000142,1000000071,1,18
2026-04-17,1000000142,1000000083,1,19
2026-04-17,1000000142,1000000084,1,20
2026-04-17,1000000142,1000000085,5,5
2026-04-17,1000000142,1000000087,1,21
2026-04-17,1000000142,1000000094,1,22
2026-04-17,1000000142,1000000108,1,23
2026-04-17,1000000142,1000000110,1,24
2026-04-17,1000000142,1000000121,2,13
2026-04-17,1000000142,1000000127,6,4
2026-04-17,1000000142,1000000128,3,9
2026-04-17,1000000142,1000000143,2,14
2026-04-17,1000000143,1000000042,4,4
2026-04-17,1000000143,1000000043,7,2
2026-04-17,1000000143,1000000044,2,8
2026-04-17,1000000143,1000000045,5,3
2026-04-17,1000000143,1000000062,3,5
2026-04-17,1000000143,1000000063,1,11
2026-04-17,1000000143,1000000064,9,1
2026-04-17,1000000143,1000000065,3,6
2026-04-17,1000000143,1000000066,2,9
2026-04-17,1000000143,1000000069,1,12
2026-04-17,1000000143,1000000084,1,13
2026-04-17,1000000143,1000000086,1,14
2026-04-17,1000000143,1000000087,1,15
2026-04-17,1000000143,1000000094,1,16
2026-04-17,1000000143,1000000110,1,17
2026-04-17,1000000143,1000000121,3,7
2026-04-17,1000000143,1000000128,1,18
2026-04-17,1000000143,1000000142,2,10
2026-04-17,1000000153,1000000154,4,2
2026-04-17,1000000153,1000000156,18,1
2026-04-17,1000000154,1000000153,4,1
2026-04-17,1000000154,1000000156,1,2
2026-04-17,1000000156,1000000153,18,1
2026-04-17,1000000156,1000000154,1,2
2026-04-18,1000000027,1000000028,2,8
2026-04-18,1000000027,1000000033,2,9
2026-04-18,1000000027,1000000035,3,5
2026-04-18,1000000027,1000000042,6,1
2026-04-18,1000000027,1000000043,5,2
2026-04-18,1000000027,1000000044,2,10
2026-04-18,1000000027,1000000045,4,3
2026-04-18,1000000027,1000000062,1,14
2026-04-18,1000000027,1000000063,1,15
2026-04-18,1000000027,1000000064,3,6
2026-04-18,1000000027,1000000065,2,11
2026-04-18,1000000027,1000000066,2,12
2026-04-18,1000000027,1000000069,1,16
2026-04-18,1000000027,1000000070,3,7
2026-04-18,1000000027,1000000071,4,4
2026-04-18,1000000027,1000000083,1,17
2026-04-18,1000000027,1000000085,1,18
2026-04-18,1000000027,1000000110,1,19
2026-04-18,1000000027,1000000112,1,20
2026-04-18,1000000027,1000000128,2,13
2026-04-18,1000000028,1000000027,2,3
2026-04-18,1000000028,1000000035,1,11
2026-04-18,1000000028,1000000042,3,1
2026-04-18,1000000028,1000000043,2,4
2026-04-18,1000000028,1000000044,2,5
2026-04-18,1000000028,1000000045,2,6
2026-04-18,1000000028,1000000063,1,12
2026-04-18,1000000028,1000000064,2,7
2026-04-18,1000000028,1000000069,2,8
2026-04-18,1000000028,1000000070,2,9
2026-04-18,1000000028,1000000071,3,2
2026-04-18,1000000028,1000000083,2,10
2026-04-18,1000000028,1000000087,1,13
2026-04-18,1000000028,1000000113,1,14
2026-04-18,1000000028,1000000121,1,15
2026-04-18,1000000033,1000000027,2,10
2026-04-18,1000000033,1000000035,12,1
2026-04-18,1000000033,1000000042,5,6
2026-04-18,1000000033,1000000043,9,2
2026-04-18,1000000033,1000000044,2,11
2026-04-18,1000000033,1000000045,7,3
2026-04-18,1000000033,1000000062,1,13
2026-04-18,1000000033,1000000063,1,14
2026-04-18,1000000033,1000000064,6,5
2026-04-18,1000000033,1000000065,3,9
2026-04-18,1000000033,1000000066,1,15
2026-04-18,1000000033,1000000070,1,16
2026-04-18,1000000033,1000000071,1,17
2026-04-18,1000000033,1000000083,7,4
2026-04-18,1000000033,1000000085,1,18
2026-04-18,1000000033,1000000087,2,12
2026-04-18,1000000033,1000000113,1,19
2026-04-18,1000000033,1000000121,5,7
2026-04-18,1000000033,1000000127,4,8
2026-04-18,1000000033,1000000128,1,20
2026-04-18,1000000033,1000000142,1,21
2026-04-18,1000000035,1000000027,3,16
2026-04-18,1000000035,1000000028,1,20
2026-04-18,1000000035,1000000033,12,6
2026-04-18,1000000035,1000000042,16,2
2026-04-18,1000000035,1000000043,13,4
2026-04-18,1000000035,1000000044,10,7
2026-04-18,1000000035,1000000045,13,5
2026-04-18,1000000035,1000000062,7,10
2026-04-18,1000000035,1000000063,6,11
2026-04-18,1000000035,1000000064,21,1
2026-04-18,1000000035,1000000065,5,12
2026-04-18,1000000035,1000000066,8,8
2026-04-18,1000000035,1000000069,3,17
2026-04-18,1000000035,1000000071,1,21
2026-04-18,1000000035,1000000083,8,9
2026-04-18,1000000035,1000000086,1,22
2026-04-18,1000000035,1000000087,2,18
2026-04-18,1000000035,1000000088,5,13
2026-04-18,1000000035,1000000092,1,23
2026-04-18,1000000035,1000000093,4,15
2026-04-18,1000000035,1000000094,1,24
2026-04-18,1000000035,1000000108,1,25
2026-04-18,1000000035,1000000111,1,26
2026-04-18,1000000035,1000000112,1,27
2026-04-18,1000000035,1000000121,14,3
2026-04-18,1000000035,1000000127,5,14
2026-04-18,1000000035,1000000128,2,19
2026-04-18,1000000035,1000000142,1,28
2026-04-18,1000000042,1000000027,6,16
2026-04-18,1000000042,1000000028,3,20
2026-04-18,1000000042,1000000033,5,18
2026-04-18,1000000042,1000000035,16,9
2026-04-18,1000000042,1000000043,63,3
2026-04-18,1000000042,1000000044,34,4
2026-04-18,1000000042,1000000045,78,2
2026-04-18,1000000042,1000000062,21,6
2026-04-18,1000000042,1000000063,25,5
2026-04-18,1000000042,1000000064,83,1
2026-04-18,1000000042,1000000065,10,12
2026-04-18,1000000042,1000000066,8,14
2026-04-18,1000000042,1000000069,11,11
2026-04-18,1000000042,1000000070,2,25
2026-04-18,1000000042,1000000071,10,13
2026-04-18,1000000042,1000000074,1,30
2026-04-18,1000000042,1000000083,16,10
2026-04-18,1000000042,1000000084,2,26
2026-04-18,1000000042,1000000085,3,21
2026-04-18,1000000042,1000000086,3,22
2026-04-18,1000000042,1000000087,3,23
2026-04-18,1000000042,1000000088,2,27
2026-04-18,1000000042,1000000090,2,28
2026-04-18,1000000042,1000000093,1,31
2026-04-18,1000000042,1000000094,3,24
2026-04-18,1000000042,1000000110,1,32
2026-04-18,1000000042,1000000111,1,33
2026-04-18,1000000042,1000000112,2,29
2026-04-18,1000000042,1000000113,1,34
2026-04-18,1000000042,1000000121,21,7
2026-04-18,1000000042,1000000127,18,8
2026-04-18,1000000042,1000000128,6,17
2026-04-18,1000000042,1000000142,7,15
2026-04-18,1000000042,1000000143,4,19
2026-04-18,1000000043,1000000027,5,20
2026-04-18,1000000043,1000000028,2,25
2026-04-18,1000000043,1000000033,9,13
2026-04-18,1000000043,1000000035,13,11
2026-04-18,1000000043,1000000042,63,3
2026-04-18,1000000043,1000000044,53,4
2026-04-18,1000000043,1000000045,85,2
2026-04-18,1000000043,1000000062,19,8
2026-04-18,1000000043,1000000063,31,5
2026-04-18,1000000043,1000000064,95,1
2026-04-18,1000000043,1000000065,10,12
2026-04-18,1000000043,1000000066,19,9
2026-04-18,1000000043,1000000069,18,10
2026-04-18,1000000043,1000000070,6,19
2026-04-18,1000000043,1000000071,7,17
2026-04-18,1000000043,1000000074,1,32
2026-04-18,1000000043,1000000083,9,14
2026-04-18,1000000043,1000000084,1,33
2026-04-18,1000000043,1000000085,2,26
2026-04-18,1000000043,1000000086,2,27
2026-04-18,1000000043,1000000087,8,15
2026-04-18,1000000043,1000000088,4,21
2026-04-18,1000000043,1000000090,3,22
2026-04-18,1000000043,1000000091,2,28
2026-04-18,1000000043,1000000092,1,34
2026-04-18,1000000043,1000000093,2,29
2026-04-18,1000000043,1000000094,1,35
2026-04-18,1000000043,1000000111,2,30
2026-04-18,1000000043,1000000112,3,23
2026-04-18,1000000043,1000000113,2,31
2026-04-18,1000000043,1000000121,20,7
2026-04-18,1000000043,1000000127,24,6
2026-04-18,1000000043,1000000128,8,16
2026-04-18,1000000043,1000000142,3,24
2026-04-18,1000000043,1000000143,7,18
2026-04-18,1000000044,1000000027,2,17
2026-04-18,1000000044,1000000028,2,18
2026-04-18,1000000044,1000000033,2,19
2026-04-18,1000000044,1000000035,10,11
2026-04-18,1000000044,1000000042,34,4
2026-04-18,1000000044,1000000043,53,3
2026-04-18,1000000044,1000000045,71,2
2026-04-18,1000000044,1000000062,19,7
2026-04-18,1000000044,1000000063,25,5
2026-04-18,1000000044,1000000064,83,1
2026-04-18,1000000044,1000000065,7,12
2026-04-18,1000000044,1000000066,14,9
2026-04-18,1000000044,1000000069,17,8
2026-04-18,1000000044,1000000070,2,20
2026-04-18,1000000044,1000000071,6,13
2026-04-18,1000000044,1000000083,2,21
2026-04-18,1000000044,1000000086,1,25
2026-04-18,1000000044,1000000087,2,22
2026-04-18,1000000044,1000000090,1,26
2026-04-18,1000000044,1000000092,1,27
2026-04-18,1000000044,1000000093,3,15
2026-04-18,1000000044,1000000094,1,28
2026-04-18,1000000044,1000000110,2,23
2026-04-18,1000000044,1000000111,1,29
2026-04-18,1000000044,1000000112,1,30
2026-04-18,1000000044,1000000121,13,10
2026-04-18,1000000044,1000000127,25,6
2026-04-18,1000000044,1000000128,6,14
2026-04-18,1000000044,1000000142,3,16
2026-04-18,1000000044,1000000143,2,24
2026-04-18,1000000045,1000000027,4,23
2026-04-18,1000000045,1000000028,2,32
2026-04-18,1000000045,1000000033,7,15
2026-04-18,1000000045,1000000035,13,12
2026-04-18,1000000045,1000000042,78,3
2026-04-18,1000000045,1000000043,85,2
2026-04-18,1000000045,1000000044,71,4
2026-04-18,1000000045,1000000062,35,6
2026-04-18,1000000045,1000000063,46,5
2026-04-18,1000000045,1000000064,158,1
2026-04-18,1000000045,1000000065,9,14
2026-04-18,1000000045,1000000066,17,10
2026-04-18,1000000045,1000000069,25,8
2026-04-18,1000000045,1000000070,4,24
2026-04-18,1000000045,1000000071,5,17
2026-04-18,1000000045,1000000083,12,13
2026-04-18,1000000045,1000000084,1,34
2026-04-18,1000000045,1000000085,4,25
2026-04-18,1000000045,1000000086,3,26
2026-04-18,1000000045,1000000087,3,27
2026-04-18,1000000045,1000000088,5,18
2026-04-18,1000000045,1000000090,1,35
2026-04-18,1000000045,1000000091,3,28
2026-04-18,1000000045,1000000092,2,33
2026-04-18,1000000045,1000000093,5,19
2026-04-18,1000000045,1000000094,3,29
2026-04-18,1000000045,1000000108,5,20
2026-04-18,1000000045,1000000110,1,36
2026-04-18,1000000045,1000000111,3,30
2026-04-18,1000000045,1000000112,5,21
2026-04-18,1000000045,1000000113,3,31
2026-04-18,1000000045,1000000121,21,9
2026-04-18,1000000045,1000000127,32,7
2026-04-18,1000000045,1000000128,14,11
2026-04-18,1000000045,1000000142,6,16
2026-04-18,1000000045,1000000143,5,22
2026-04-18,1000000062,1000000027,1,26
2026-04-18,1000000062,1000000033,1,27
2026-04-18,1000000062,1000000035,7,10
2026-04-18,1000000062,1000000042,21,5
2026-04-18,1000000062,1000000043,19,6
2026-04-18,1000000062,1000000044,19,7
2026-04-18,1000000062,1000000045,35,4
2026-04-18,1000000062,1000000063,89,1
2026-04-18,1000000062,1000000064,41,3
2026-04-18,1000000062,1000000065,9,9
2026-04-18,1000000062,1000000066,4,16
2026-04-18,1000000062,1000000069,7,11
2026-04-18,1000000062,1000000070,1,28
2026-04-18,1000000062,1000000071,3,17
2026-04-18,1000000062,1000000074,1,29
2026-04-18,1000000062,1000000083,11,8
2026-04-18,1000000062,1000000084,5,15
2026-04-18,1000000062,1000000085,3,18
2026-04-18,1000000062,1000000086,1,30
2026-04-18,1000000062,1000000087,3,19
2026-04-18,1000000062,1000000088,3,20
2026-04-18,1000000062,1000000089,1,31
2026-04-18,1000000062,1000000090,2,22
2026-04-18,1000000062,1000000091,2,23
2026-04-18,1000000062,1000000092,1,32
2026-04-18,1000000062,1000000093,2,24
2026-04-18,1000000062,1000000094,1,33
2026-04-18,1000000062,1000000108,1,34
2026-04-18,1000000062,1000000111,7,12
2026-04-18,1000000062,1000000113,1,35
2026-04-18,1000000062,1000000121,6,13
2026-04-18,1000000062,1000000127,60,2
2026-04-18,1000000062,1000000128,6,14
2026-04-18,1000000062,1000000142,2,25
2026-04-18,1000000062,1000000143,3,21
2026-04-18,1000000063,1000000027,1,27
2026-04-18,1000000063,1000000028,1,28
2026-04-18,1000000063,1000000033,1,29
2026-04-18,1000000063,1000000035,6,13
2026-04-18,1000000063,1000000042,25,6
2026-04-18,1000000063,1000000043,31,5
2026-04-18,1000000063,1000000044,25,7
2026-04-18,1000000063,1000000045,46,3
2026-04-18,1000000063,1000000062,89,1
2026-04-18,1000000063,1000000064,41,4
2026-04-18,1000000063,1000000065,4,16
2026-04-18,1000000063,1000000066,12,8
2026-04-18,1000000063,1000000069,10,10
2026-04-18,1000000063,1000000070,3,19
2026-04-18,1000000063,1000000071,2,23
2026-04-18,1000000063,1000000083,6,14
2026-04-18,1000000063,1000000084,3,20
2026-04-18,1000000063,1000000085,4,17
2026-04-18,1000000063,1000000086,2,24
2026-04-18,1000000063,1000000087,5,15
2026-04-18,1000000063,1000000088,3,21
2026-04-18,1000000063,1000000089,1,30
2026-04-18,1000000063,1000000090,3,22
2026-04-18,1000000063,1000000091,1,31
2026-04-18,1000000063,1000000092,1,32
2026-04-18,1000000063,1000000093,2,25
2026-04-18,1000000063,1000000094,1,33
2026-04-18,1000000063,1000000108,1,34
2026-04-18,1000000063,1000000110,2,26
2026-04-18,1000000063,1000000111,8,11
2026-04-18,1000000063,1000000112,1,35
2026-04-18,1000000063,1000000113,4,18
2026-04-18,1000000063,1000000121,11,9
2026-04-18,1000000063,1000000127,83,2
2026-04-18,1000000063,1000000128,8,12
2026-04-18,1000000063,1000000142,1,36
2026-04-18,1000000063,1000000143,1,37
2026-04-18,1000000064,1000000027,3,33
2026-04-18,1000000064,1000000028,2,35
2026-04-18,1000000064,1000000033,6,30
2026-04-18,1000000064,1000000035,21,14
2026-04-18,1000000064,1000000042,83,4
2026-04-18,1000000064,1000000043,95,3
2026-04-18,1000000064,1000000044,83,5
2026-04-18,1000000064,1000000045,158,1
2026-04-18,1000000064,1000000062,41,9
2026-04-18,1000000064,1000000063,41,10
2026-04-18,1000000064,1000000065,22,13
2026-04-18,1000000064,1000000066,43,7
2026-04-18,1000000064,1000000069,57,6
2026-04-18,1000000064,1000000070,4,32
2026-04-18,1000000064,1000000071,12,22
2026-04-18,1000000064,1000000074,2,36
2026-04-18,1000000064,1000000083,17,18
2026-04-18,1000000064,1000000084,11,24
2026-04-18,1000000064,1000000085,18,17
2026-04-18,1000000064,1000000086,11,25
2026-04-18,1000000064,1000000087,20,16
2026-04-18,1000000064,1000000088,17,19
2026-04-18,1000000064,1000000089,1,37
2026-04-18,1000000064,1000000090,15,20
2026-04-18,1000000064,1000000091,21,15
2026-04-18,1000000064,1000000092,15,21
2026-04-18,1000000064,1000000093,43,8
2026-04-18,1000000064,1000000094,7,29
2026-04-18,1000000064,1000000108,5,31
2026-04-18,1000000064,1000000110,3,34
2026-04-18,1000000064,1000000111,12,23
2026-04-18,1000000064,1000000112,1,38
2026-04-18,1000000064,1000000113,8,28
2026-04-18,1000000064,1000000121,32,11
2026-04-18,1000000064,1000000127,134,2
2026-04-18,1000000064,1000000128,30,12
2026-04-18,1000000064,1000000142,10,26
2026-04-18,1000000064,1000000143,9,27
2026-04-18,1000000065,1000000027,2,16
2026-04-18,1000000065,1000000033,3,13
2026-04-18,1000000065,1000000035,5,9
2026-04-18,1000000065,1000000042,10,3
2026-04-18,1000000065,1000000043,10,4
2026-04-18,1000000065,1000000044,7,7
2026-04-18,1000000065,1000000045,9,5
2026-04-18,1000000065,1000000062,9,6
2026-04-18,1000000065,1000000063,4,11
2026-04-18,1000000065,1000000064,22,1
2026-04-18,1000000065,1000000066,13,2
2026-04-18,1000000065,1000000069,4,12
2026-04-18,1000000065,1000000071,1,21
2026-04-18,1000000065,1000000083,2,17
2026-04-18,1000000065,1000000084,1,22
2026-04-18,1000000065,1000000085,2,18
2026-04-18,1000000065,1000000087,1,23
2026-04-18,1000000065,1000000110,1,24
2026-04-18,1000000065,1000000111,3,14
2026-04-18,1000000065,1000000112,1,25
2026-04-18,1000000065,1000000121,5,10
2026-04-18,1000000065,1000000127,2,19
2026-04-18,1000000065,1000000128,7,8
2026-04-18,1000000065,1000000142,2,20
2026-04-18,1000000065,1000000143,3,15
2026-04-18,1000000066,1000000027,2,16
2026-04-18,1000000066,1000000033,1,20
2026-04-18,1000000066,1000000035,8,9
2026-04-18,1000000066,1000000042,8,10
2026-04-18,1000000066,1000000043,19,2
2026-04-18,1000000066,1000000044,14,4
2026-04-18,1000000066,1000000045,17,3
2026-04-18,1000000066,1000000062,4,13
2026-04-18,1000000066,1000000063,12,6
2026-04-18,1000000066,1000000064,43,1
2026-04-18,1000000066,1000000065,13,5
2026-04-18,1000000066,1000000069,10,7
2026-04-18,1000000066,1000000070,4,14
2026-04-18,1000000066,1000000083,1,21
2026-04-18,1000000066,1000000084,2,17
2026-04-18,1000000066,1000000087,4,15
2026-04-18,1000000066,1000000088,1,22
2026-04-18,1000000066,1000000090,1,23
2026-04-18,1000000066,1000000093,2,18
2026-04-18,1000000066,1000000112,1,24
2026-04-18,1000000066,1000000121,5,12
2026-04-18,1000000066,1000000127,6,11
2026-04-18,1000000066,1000000128,10,8
2026-04-18,1000000066,1000000142,1,25
2026-04-18,1000000066,1000000143,2,19
2026-04-18,1000000069,1000000027,1,21
2026-04-18,1000000069,1000000028,2,15
2026-04-18,1000000069,1000000035,3,13
2026-04-18,1000000069,1000000042,11,5
2026-04-18,1000000069,1000000043,18,3
2026-04-18,1000000069,1000000044,17,4
2026-04-18,1000000069,1000000045,25,2
2026-04-18,1000000069,1000000062,7,10
2026-04-18,1000000069,1000000063,10,6
2026-04-18,1000000069,1000000064,57,1
2026-04-18,1000000069,1000000065,4,12
2026-04-18,1000000069,1000000066,10,7
2026-04-18,1000000069,1000000070,1,22
2026-04-18,1000000069,1000000071,2,16
2026-04-18,1000000069,1000000083,6,11
2026-04-18,1000000069,1000000085,1,23
2026-04-18,1000000069,1000000087,1,24
2026-04-18,1000000069,1000000090,1,25
2026-04-18,1000000069,1000000091,2,17
2026-04-18,1000000069,1000000092,2,18
2026-04-18,1000000069,1000000093,2,19
2026-04-18,1000000069,1000000094,1,26
2026-04-18,1000000069,1000000121,8,9
2026-04-18,1000000069,1000000127,9,8
2026-04-18,1000000069,1000000128,3,14
2026-04-18,1000000069,1000000142,2,20
2026-04-18,1000000069,1000000143,1,27
2026-04-18,1000000070,1000000027,3,6
2026-04-18,1000000070,1000000028,2,8
2026-04-18,1000000070,1000000033,1,12
2026-04-18,1000000070,1000000042,2,9
2026-04-18,1000000070,1000000043,6,1
2026-04-18,1000000070,1000000044,2,10
2026-04-18,1000000070,1000000045,4,3
2026-04-18,1000000070,1000000062,1,13
2026-04-18,1000000070,1000000063,3,7
2026-04-18,1000000070,1000000064,4,4
2026-04-18,1000000070,1000000066,4,5
2026-04-18,1000000070,1000000069,1,14
2026-04-18,1000000070,1000000071,5,2
2026-04-18,1000000070,1000000083,1,15
2026-04-18,1000000070,1000000110,1,16
2026-04-18,1000000070,1000000121,2,11
2026-04-18,1000000070,1000000128,1,17
2026-04-18,1000000071,1000000027,4,8
2026-04-18,1000000071,1000000028,3,10
2026-04-18,1000000071,1000000033,1,16
2026-04-18,1000000071,1000000035,1,17
2026-04-18,1000000071,1000000042,10,2
2026-04-18,1000000071,1000000043,7,3
2026-04-18,1000000071,1000000044,6,4
2026-04-18,1000000071,1000000045,5,5
2026-04-18,1000000071,1000000062,3,11
2026-04-18,1000000071,1000000063,2,12
2026-04-18,1000000071,1000000064,12,1
2026-04-18,1000000071,1000000065,1,18
2026-04-18,1000000071,1000000069,2,13
2026-04-18,1000000071,1000000070,5,6
2026-04-18,1000000071,1000000074,1,19
2026-04-18,1000000071,1000000083,4,9
2026-04-18,1000000071,1000000087,1,20
2026-04-18,1000000071,1000000088,1,21
2026-04-18,1000000071,1000000113,2,14
2026-04-18,1000000071,1000000127,5,7
2026-04-18,1000000071,1000000128,2,15
2026-04-18,1000000071,1000000142,1,22
2026-04-18,1000000074,1000000042,1,2
2026-04-18,1000000074,1000000043,1,3
2026-04-18,1000000074,1000000062,1,4
2026-04-18,1000000074,1000000064,2,1
2026-04-18,1000000074,1000000071,1,5
2026-04-18,1000000074,1000000091,1,6
2026-04-18,1000000074,1000000127,1,7
2026-04-18,1000000074,1000000128,1,8
2026-04-18,1000000083,1000000027,1,21
2026-04-18,1000000083,1000000028,2,14
2026-04-18,1000000083,1000000033,7,8
2026-04-18,1000000083,1000000035,8,7
2026-04-18,1000000083,1000000042,16,2
2026-04-18,1000000083,1000000043,9,6
2026-04-18,1000000083,1000000044,2,15
2026-04-18,1000000083,1000000045,12,3
2026-04-18,1000000083,1000000062,11,4
2026-04-18,1000000083,1000000063,6,10
2026-04-18,1000000083,1000000064,17,1
2026-04-18,1000000083,1000000065,2,16
2026-04-18,1000000083,1000000066,1,22
2026-04-18,1000000083,1000000069,6,11
2026-04-18,1000000083,1000000070,1,23
2026-04-18,1000000083,1000000071,4,12
2026-04-18,1000000083,1000000085,1,24
2026-04-18,1000000083,1000000087,1,25
2026-04-18,1000000083,1000000088,1,26
2026-04-18,1000000083,1000000090,2,17
2026-04-18,1000000083,1000000091,1,27
2026-04-18,1000000083,1000000093,2,18
2026-04-18,1000000083,1000000094,2,19
2026-04-18,1000000083,1000000108,3,13
2026-04-18,1000000083,1000000110,1,28
2026-04-18,1000000083,1000000112,1,29
2026-04-18,1000000083,1000000113,1,30
2026-04-18,1000000083,1000000121,7,9
2026-04-18,1000000083,1000000127,10,5
2026-04-18,1000000083,1000000128,2,20
2026-04-18,1000000084,1000000042,2,13
2026-04-18,1000000084,1000000043,1,16
2026-04-18,1000000084,1000000045,1,17
2026-04-18,1000000084,1000000062,5,6
2026-04-18,1000000084,1000000063,3,11
2026-04-18,1000000084,1000000064,11,3
2026-04-18,1000000084,1000000065,1,18
2026-04-18,1000000084,1000000066,2,14
2026-04-18,1000000084,1000000085,15,1
2026-04-18,1000000084,1000000086,4,8
2026-04-18,1000000084,1000000087,15,2
2026-04-18,1000000084,1000000088,6,5
2026-04-18,1000000084,1000000090,11,4
2026-04-18,1000000084,1000000091,2,15
2026-04-18,1000000084,1000000092,1,19
2026-04-18,1000000084,1000000093,5,7
2026-04-18,1000000084,1000000094,1,20
2026-04-18,1000000084,1000000108,3,12
2026-04-18,1000000084,1000000110,4,9
2026-04-18,1000000084,1000000111,4,10
2026-04-18,1000000084,1000000113,1,21
2026-04-18,1000000084,1000000127,1,22
2026-04-18,1000000084,1000000128,1,23
2026-04-18,1000000084,1000000142,1,24
2026-04-18,1000000084,1000000143,1,25
2026-04-18,1000000085,1000000027,1,22
2026-04-18,1000000085,1000000033,1,23
2026-04-18,1000000085,1000000042,3,14
2026-04-18,1000000085,1000000043,2,17
2026-04-18,1000000085,1000000045,4,12
2026-04-18,1000000085,1000000062,3,15
2026-04-18,1000000085,1000000063,4,13
2026-04-18,1000000085,1000000064,18,1
2026-04-18,1000000085,1000000065,2,18
2026-04-18,1000000085,1000000069,1,24
2026-04-18,1000000085,1000000083,1,25
2026-04-18,1000000085,1000000084,15,2
2026-04-18,1000000085,1000000086,8,7
2026-04-18,1000000085,1000000087,9,4
2026-04-18,1000000085,1000000088,9,5
2026-04-18,1000000085,1000000089,2,19
2026-04-18,1000000085,1000000090,12,3
2026-04-18,1000000085,1000000091,9,6
2026-04-18,1000000085,1000000092,7,8
2026-04-18,1000000085,1000000093,6,9
2026-04-18,1000000085,1000000094,2,20
2026-04-18,1000000085,1000000108,5,10
2026-04-18,1000000085,1000000110,1,26
2026-04-18,1000000085,1000000111,3,16
2026-04-18,1000000085,1000000112,1,27
2026-04-18,1000000085,1000000113,1,28
2026-04-18,1000000085,1000000121,2,21
2026-04-18,1000000085,1000000127,1,29
2026-04-18,1000000085,1000000128,1,30
2026-04-18,1000000085,1000000142,5,11
2026-04-18,1000000086,1000000035,1,15
2026-04-18,1000000086,1000000042,3,7
2026-04-18,1000000086,1000000043,2,10
2026-04-18,1000000086,1000000044,1,16
2026-04-18,1000000086,1000000045,3,8
2026-04-18,1000000086,1000000062,1,17
2026-04-18,1000000086,1000000063,2,11
2026-04-18,1000000086,1000000064,11,1
2026-04-18,1000000086,1000000084,4,6
2026-04-18,1000000086,1000000085,8,3
2026-04-18,1000000086,1000000087,5,4
2026-04-18,1000000086,1000000088,11,2
2026-04-18,1000000086,1000000089,3,9
2026-04-18,1000000086,1000000090,2,12
2026-04-18,1000000086,1000000091,5,5
2026-04-18,1000000086,1000000092,2,13
2026-04-18,1000000086,1000000093,1,18
2026-04-18,1000000086,1000000094,2,14
2026-04-18,1000000086,1000000108,1,19
2026-04-18,1000000086,1000000111,1,20
2026-04-18,1000000086,1000000112,1,21
2026-04-18,1000000086,1000000127,1,22
2026-04-18,1000000086,1000000128,1,23
2026-04-18,1000000086,1000000143,1,24
2026-04-18,1000000087,1000000028,1,26
2026-04-18,1000000087,1000000033,2,21
2026-04-18,1000000087,1000000035,2,22
2026-04-18,1000000087,1000000042,3,16
2026-04-18,1000000087,1000000043,8,7
2026-04-18,1000000087,1000000044,2,23
2026-04-18,1000000087,1000000045,3,17
2026-04-18,1000000087,1000000062,3,18
2026-04-18,1000000087,1000000063,5,9
2026-04-18,1000000087,1000000064,20,1
2026-04-18,1000000087,1000000065,1,27
2026-04-18,1000000087,1000000066,4,12
2026-04-18,1000000087,1000000069,1,28
2026-04-18,1000000087,1000000071,1,29
2026-04-18,1000000087,1000000083,1,30
2026-04-18,1000000087,1000000084,15,2
2026-04-18,1000000087,1000000085,9,5
2026-04-18,1000000087,1000000086,5,10
2026-04-18,1000000087,1000000088,10,4
2026-04-18,1000000087,1000000089,1,31
2026-04-18,1000000087,1000000090,9,6
2026-04-18,1000000087,1000000091,11,3
2026-04-18,1000000087,1000000092,4,13
2026-04-18,1000000087,1000000093,4,14
2026-04-18,1000000087,1000000094,1,32
2026-04-18,1000000087,1000000108,4,15
2026-04-18,1000000087,1000000110,1,33
2026-04-18,1000000087,1000000111,5,11
2026-04-18,1000000087,1000000112,2,24
2026-04-18,1000000087,1000000113,3,19
2026-04-18,1000000087,1000000121,6,8
2026-04-18,1000000087,1000000127,3,20
2026-04-18,1000000087,1000000128,2,25
2026-04-18,1000000087,1000000142,1,34
2026-04-18,1000000087,1000000143,1,35
2026-04-18,1000000088,1000000035,5,8
2026-04-18,1000000088,1000000042,2,16
2026-04-18,1000000088,1000000043,4,10
2026-04-18,1000000088,1000000045,5,9
2026-04-18,1000000088,1000000062,3,12
2026-04-18,1000000088,1000000063,3,13
2026-04-18,1000000088,1000000064,17,1
2026-04-18,1000000088,1000000066,1,21
2026-04-18,1000000088,1000000071,1,22
2026-04-18,1000000088,1000000083,1,23
2026-04-18,1000000088,1000000084,6,6
2026-04-18,1000000088,1000000085,9,4
2026-04-18,1000000088,1000000086,11,2
2026-04-18,1000000088,1000000087,10,3
2026-04-18,1000000088,1000000089,3,14
2026-04-18,1000000088,1000000090,4,11
2026-04-18,1000000088,1000000091,9,5
2026-04-18,1000000088,1000000092,6,7
2026-04-18,1000000088,1000000093,2,17
2026-04-18,1000000088,1000000094,1,24
2026-04-18,1000000088,1000000110,1,25
2026-04-18,1000000088,1000000111,2,18
2026-04-18,1000000088,1000000112,2,19
2026-04-18,1000000088,1000000113,1,26
2026-04-18,1000000088,1000000121,3,15
2026-04-18,1000000088,1000000127,2,20
2026-04-18,1000000088,1000000128,1,27
2026-04-18,1000000089,1000000062,1,5
2026-04-18,1000000089,1000000063,1,6
2026-04-18,1000000089,1000000064,1,7
2026-04-18,1000000089,1000000085,2,3
2026-04-18,1000000089,1000000086,3,1
2026-04-18,1000000089,1000000087,1,8
2026-04-18,1000000089,1000000088,3,2
2026-04-18,1000000089,1000000091,1,9
2026-04-18,1000000089,1000000121,2,4
2026-04-18,1000000089,1000000127,1,10
2026-04-18,1000000089,1000000128,1,11
2026-04-18,1000000090,1000000042,2,14
2026-04-18,1000000090,1000000043,3,12
2026-04-18,1000000090,1000000044,1,18
2026-04-18,1000000090,1000000045,1,19
2026-04-18,1000000090,1000000062,2,15
2026-04-18,1000000090,1000000063,3,13
2026-04-18,1000000090,1000000064,15,2
2026-04-18,1000000090,1000000066,1,20
2026-04-18,1000000090,1000000069,1,21
2026-04-18,1000000090,1000000083,2,16
2026-04-18,1000000090,1000000084,11,4
2026-04-18,1000000090,1000000085,12,3
2026-04-18,1000000090,1000000086,2,17
2026-04-18,1000000090,1000000087,9,6
2026-04-18,1000000090,1000000088,4,9
2026-04-18,1000000090,1000000091,19,1
2026-04-18,1000000090,1000000092,6,8
2026-04-18,1000000090,1000000093,10,5
2026-04-18,1000000090,1000000094,4,10
2026-04-18,1000000090,1000000108,8,7
2026-04-18,1000000090,1000000111,4,11
2026-04-18,1000000090,1000000112,1,22
2026-04-18,1000000090,1000000121,1,23
2026-04-18,1000000090,1000000127,1,24
2026-04-18,1000000090,1000000128,1,25
2026-04-18,1000000091,1000000043,2,15
2026-04-18,1000000091,1000000045,3,12
2026-04-18,1000000091,1000000062,2,16
2026-04-18,1000000091,1000000063,1,21
2026-04-18,1000000091,1000000064,21,1
2026-04-18,1000000091,1000000069,2,17
2026-04-18,1000000091,1000000074,1,22
2026-04-18,1000000091,1000000083,1,23
2026-04-18,1000000091,1000000084,2,18
2026-04-18,1000000091,1000000085,9,5
2026-04-18,1000000091,1000000086,5,9
2026-04-18,1000000091,1000000087,11,3
2026-04-18,1000000091,1000000088,9,6
2026-04-18,1000000091,1000000089,1,24
2026-04-18,1000000091,1000000090,19,2
2026-04-18,1000000091,1000000092,11,4
2026-04-18,1000000091,1000000093,9,7
2026-04-18,1000000091,1000000094,6,8
2026-04-18,1000000091,1000000108,4,11
2026-04-18,1000000091,1000000110,2,19
2026-04-18,1000000091,1000000111,5,10
2026-04-18,1000000091,1000000112,2,20
2026-04-18,1000000091,1000000113,3,13
2026-04-18,1000000091,1000000127,3,14
2026-04-18,1000000092,1000000035,1,14
2026-04-18,1000000092,1000000043,1,15
2026-04-18,1000000092,1000000044,1,16
2026-04-18,1000000092,1000000045,2,10
2026-04-18,1000000092,1000000062,1,17
2026-04-18,1000000092,1000000063,1,18
2026-04-18,1000000092,1000000064,15,1
2026-04-18,1000000092,1000000069,2,11
2026-04-18,1000000092,1000000084,1,19
2026-04-18,1000000092,1000000085,7,3
2026-04-18,1000000092,1000000086,2,12
2026-04-18,1000000092,1000000087,4,6
2026-04-18,1000000092,1000000088,6,4
2026-04-18,1000000092,1000000090,6,5
2026-04-18,1000000092,1000000091,11,2
2026-04-18,1000000092,1000000093,4,7
2026-04-18,1000000092,1000000108,2,13
2026-04-18,1000000092,1000000111,4,8
2026-04-18,1000000092,1000000112,3,9
2026-04-18,1000000092,1000000113,1,20
2026-04-18,1000000092,1000000127,1,21
2026-04-18,1000000093,1000000035,4,11
2026-04-18,1000000093,1000000042,1,25
2026-04-18,1000000093,1000000043,2,16
2026-04-18,1000000093,1000000044,3,14
2026-04-18,1000000093,1000000045,5,8
2026-04-18,1000000093,1000000062,2,17
2026-04-18,1000000093,1000000063,2,18
2026-04-18,1000000093,1000000064,43,1
2026-04-18,1000000093,1000000066,2,19
2026-04-18,1000000093,1000000069,2,20
2026-04-18,1000000093,1000000083,2,21
2026-04-18,1000000093,1000000084,5,9
2026-04-18,1000000093,1000000085,6,7
2026-04-18,1000000093,1000000086,1,26
2026-04-18,1000000093,1000000087,4,12
2026-04-18,1000000093,1000000088,2,22
2026-04-18,1000000093,1000000090,10,4
2026-04-18,1000000093,1000000091,9,5
2026-04-18,1000000093,1000000092,4,13
2026-04-18,1000000093,1000000094,5,10
2026-04-18,1000000093,1000000108,13,2
2026-04-18,1000000093,1000000110,2,23
2026-04-18,1000000093,1000000111,11,3
2026-04-18,1000000093,1000000112,3,15
2026-04-18,1000000093,1000000113,2,24
2026-04-18,1000000093,1000000121,1,27
2026-04-18,1000000093,1000000127,7,6
2026-04-18,1000000093,1000000128,1,28
2026-04-18,1000000094,1000000035,1,14
2026-04-18,1000000094,1000000042,3,8
2026-04-18,1000000094,1000000043,1,15
2026-04-18,1000000094,1000000044,1,16
2026-04-18,1000000094,1000000045,3,9
2026-04-18,1000000094,1000000062,1,17
2026-04-18,1000000094,1000000063,1,18
2026-04-18,1000000094,1000000064,7,1
2026-04-18,1000000094,1000000069,1,19
2026-04-18,1000000094,1000000083,2,11
2026-04-18,1000000094,1000000084,1,20
2026-04-18,1000000094,1000000085,2,12
2026-04-18,1000000094,1000000086,2,13
2026-04-18,1000000094,1000000087,1,21
2026-04-18,1000000094,1000000088,1,22
2026-04-18,1000000094,1000000090,4,4
2026-04-18,1000000094,1000000091,6,2
2026-04-18,1000000094,1000000093,5,3
2026-04-18,1000000094,1000000108,4,5
2026-04-18,1000000094,1000000110,4,6
2026-04-18,1000000094,1000000111,4,7
2026-04-18,1000000094,1000000112,3,10
2026-04-18,1000000094,1000000113,1,23
2026-04-18,1000000094,1000000121,1,24
2026-04-18,1000000094,1000000142,1,25
2026-04-18,1000000094,1000000143,1,26
2026-04-18,1000000108,1000000035,1,14
2026-04-18,1000000108,1000000045,5,3
2026-04-18,1000000108,1000000062,1,15
2026-04-18,1000000108,1000000063,1,16
2026-04-18,1000000108,1000000064,5,4
2026-04-18,1000000108,1000000083,3,9
2026-04-18,1000000108,1000000084,3,10
2026-04-18,1000000108,1000000085,5,5
2026-04-18,1000000108,1000000086,1,17
2026-04-18,1000000108,1000000087,4,6
2026-04-18,1000000108,1000000090,8,2
2026-04-18,1000000108,1000000091,4,7
2026-04-18,1000000108,1000000092,2,11
2026-04-18,1000000108,1000000093,13,1
2026-04-18,1000000108,1000000094,4,8
2026-04-18,1000000108,1000000110,2,12
2026-04-18,1000000108,1000000112,2,13
2026-04-18,1000000108,1000000113,1,18
2026-04-18,1000000108,1000000127,1,19
2026-04-18,1000000108,1000000142,1,20
2026-04-18,1000000110,1000000027,1,11
2026-04-18,1000000110,1000000042,1,12
2026-04-18,1000000110,1000000044,2,6
2026-04-18,1000000110,1000000045,1,13
2026-04-18,1000000110,1000000063,2,7
2026-04-18,1000000110,1000000064,3,5
2026-04-18,1000000110,1000000065,1,14
2026-04-18,1000000110,1000000070,1,15
2026-04-18,1000000110,1000000083,1,16
2026-04-18,1000000110,1000000084,4,2
2026-04-18,1000000110,1000000085,1,17
2026-04-18,1000000110,1000000087,1,18
2026-04-18,1000000110,1000000088,1,19
2026-04-18,1000000110,1000000091,2,8
2026-04-18,1000000110,1000000093,2,9
2026-04-18,1000000110,1000000094,4,3
2026-04-18,1000000110,1000000108,2,10
2026-04-18,1000000110,1000000111,5,1
2026-04-18,1000000110,1000000112,4,4
2026-04-18,1000000110,1000000128,1,20
2026-04-18,1000000110,1000000142,1,21
2026-04-18,1000000110,1000000143,1,22
2026-04-18,1000000111,1000000035,1,20
2026-04-18,1000000111,1000000042,1,21
2026-04-18,1000000111,1000000043,2,17
2026-04-18,1000000111,1000000044,1,22
2026-04-18,1000000111,1000000045,3,14
2026-04-18,1000000111,1000000062,7,4
2026-04-18,1000000111,1000000063,8,3
2026-04-18,1000000111,1000000064,12,1
2026-04-18,1000000111,1000000065,3,15
2026-04-18,1000000111,1000000084,4,9
2026-04-18,1000000111,1000000085,3,16
2026-04-18,1000000111,1000000086,1,23
2026-04-18,1000000111,1000000087,5,5
2026-04-18,1000000111,1000000088,2,18
2026-04-18,1000000111,1000000090,4,10
2026-04-18,1000000111,1000000091,5,6
2026-04-18,1000000111,1000000092,4,11
2026-04-18,1000000111,1000000093,11,2
2026-04-18,1000000111,1000000094,4,12
2026-04-18,1000000111,1000000110,5,7
2026-04-18,1000000111,1000000112,2,19
2026-04-18,1000000111,1000000113,4,13
2026-04-18,1000000111,1000000121,1,24
2026-04-18,1000000111,1000000127,5,8
2026-04-18,1000000112,1000000027,1,14
2026-04-18,1000000112,1000000035,1,15
2026-04-18,1000000112,1000000042,2,8
2026-04-18,1000000112,1000000043,3,4
2026-04-18,1000000112,1000000044,1,16
2026-04-18,1000000112,1000000045,5,1
2026-04-18,1000000112,1000000063,1,17
2026-04-18,1000000112,1000000064,1,18
2026-04-18,1000000112,1000000065,1,19
2026-04-18,1000000112,1000000066,1,20
2026-04-18,1000000112,1000000083,1,21
2026-04-18,1000000112,1000000085,1,22
2026-04-18,1000000112,1000000086,1,23
2026-04-18,1000000112,1000000087,2,9
2026-04-18,1000000112,1000000088,2,10
2026-04-18,1000000112,1000000090,1,24
2026-04-18,1000000112,1000000091,2,11
2026-04-18,1000000112,1000000092,3,5
2026-04-18,1000000112,1000000093,3,6
2026-04-18,1000000112,1000000094,3,7
2026-04-18,1000000112,1000000108,2,12
2026-04-18,1000000112,1000000110,4,3
2026-04-18,1000000112,1000000111,2,13
2026-04-18,1000000112,1000000113,5,2
2026-04-18,1000000112,1000000121,1,25
2026-04-18,1000000112,1000000127,1,26
2026-04-18,1000000113,1000000028,1,11
2026-04-18,1000000113,1000000033,1,12
2026-04-18,1000000113,1000000042,1,13
2026-04-18,1000000113,1000000043,2,8
2026-04-18,1000000113,1000000045,3,5
2026-04-18,1000000113,1000000062,1,14
2026-04-18,1000000113,1000000063,4,3
2026-04-18,1000000113,1000000064,8,1
2026-04-18,1000000113,1000000071,2,9
2026-04-18,1000000113,1000000083,1,15
2026-04-18,1000000113,1000000084,1,16
2026-04-18,1000000113,1000000085,1,17
2026-04-18,1000000113,1000000087,3,6
2026-04-18,1000000113,1000000088,1,18
2026-04-18,1000000113,1000000091,3,7
2026-04-18,1000000113,1000000092,1,19
2026-04-18,1000000113,1000000093,2,10
2026-04-18,1000000113,1000000094,1,20
2026-04-18,1000000113,1000000108,1,21
2026-04-18,1000000113,1000000111,4,4
2026-04-18,1000000113,1000000112,5,2
2026-04-18,1000000113,1000000121,1,22
2026-04-18,1000000113,1000000128,1,23
2026-04-18,1000000121,1000000028,1,23
2026-04-18,1000000121,1000000033,5,13
2026-04-18,1000000121,1000000035,14,5
2026-04-18,1000000121,1000000042,21,2
2026-04-18,1000000121,1000000043,20,4
2026-04-18,1000000121,1000000044,13,6
2026-04-18,1000000121,1000000045,21,3
2026-04-18,1000000121,1000000062,6,11
2026-04-18,1000000121,1000000063,11,7
2026-04-18,1000000121,1000000064,32,1
2026-04-18,1000000121,1000000065,5,14
2026-04-18,1000000121,1000000066,5,15
2026-04-18,1000000121,1000000069,8,8
2026-04-18,1000000121,1000000070,2,19
2026-04-18,1000000121,1000000083,7,9
2026-04-18,1000000121,1000000085,2,20
2026-04-18,1000000121,1000000087,6,12
2026-04-18,1000000121,1000000088,3,17
2026-04-18,1000000121,1000000089,2,21
2026-04-18,1000000121,1000000090,1,24
2026-04-18,1000000121,1000000093,1,25
2026-04-18,1000000121,1000000094,1,26
2026-04-18,1000000121,1000000111,1,27
2026-04-18,1000000121,1000000112,1,28
2026-04-18,1000000121,1000000113,1,29
2026-04-18,1000000121,1000000127,7,10
2026-04-18,1000000121,1000000128,4,16
2026-04-18,1000000121,1000000142,2,22
2026-04-18,1000000121,1000000143,3,18
2026-04-18,1000000127,1000000033,4,18
2026-04-18,1000000127,1000000035,5,14
2026-04-18,1000000127,1000000042,18,7
2026-04-18,1000000127,1000000043,24,6
2026-04-18,1000000127,1000000044,25,5
2026-04-18,1000000127,1000000045,32,4
2026-04-18,1000000127,1000000062,60,3
2026-04-18,1000000127,1000000063,83,2
2026-04-18,1000000127,1000000064,134,1
2026-04-18,1000000127,1000000065,2,21
2026-04-18,1000000127,1000000066,6,13
2026-04-18,1000000127,1000000069,9,9
2026-04-18,1000000127,1000000071,5,15
2026-04-18,1000000127,1000000074,1,23
2026-04-18,1000000127,1000000083,10,8
2026-04-18,1000000127,1000000084,1,24
2026-04-18,1000000127,1000000085,1,25
2026-04-18,1000000127,1000000086,1,26
2026-04-18,1000000127,1000000087,3,19
2026-04-18,1000000127,1000000088,2,22
2026-04-18,1000000127,1000000089,1,27
2026-04-18,1000000127,1000000090,1,28
2026-04-18,1000000127,1000000091,3,20
2026-04-18,1000000127,1000000092,1,29
2026-04-18,1000000127,1000000093,7,11
2026-04-18,1000000127,1000000108,1,30
2026-04-18,1000000127,1000000111,5,16
2026-04-18,1000000127,1000000112,1,31
2026-04-18,1000000127,1000000121,7,12
2026-04-18,1000000127,1000000128,8,10
2026-04-18,1000000127,1000000142,5,17
2026-04-18,1000000128,1000000027,2,14
2026-04-18,1000000128,1000000033,1,19
2026-04-18,1000000128,1000000035,2,15
2026-04-18,1000000128,1000000042,6,8
2026-04-18,1000000128,1000000043,8,4
2026-04-18,1000000128,1000000044,6,9
2026-04-18,1000000128,1000000045,14,2
2026-04-18,1000000128,1000000062,6,10
2026-04-18,1000000128,1000000063,8,5
2026-04-18,1000000128,1000000064,30,1
2026-04-18,1000000128,1000000065,7,7
2026-04-18,1000000128,1000000066,10,3
2026-04-18,1000000128,1000000069,3,12
2026-04-18,1000000128,1000000070,1,20
2026-04-18,1000000128,1000000071,2,16
2026-04-18,1000000128,1000000074,1,21
2026-04-18,1000000128,1000000083,2,17
2026-04-18,1000000128,1000000084,1,22
2026-04-18,1000000128,1000000085,1,23
2026-04-18,1000000128,1000000086,1,24
2026-04-18,1000000128,1000000087,2,18
2026-04-18,1000000128,1000000088,1,25
2026-04-18,1000000128,1000000089,1,26
2026-04-18,1000000128,1000000090,1,27
2026-04-18,1000000128,1000000093,1,28
2026-04-18,1000000128,1000000110,1,29
2026-04-18,1000000128,1000000113,1,30
2026-04-18,1000000128,1000000121,4,11
2026-04-18,1000000128,1000000127,8,6
2026-04-18,1000000128,1000000142,3,13
2026-04-18,1000000128,1000000143,1,31
2026-04-18,1000000142,1000000033,1,14
2026-04-18,1000000142,1000000035,1,15
2026-04-18,1000000142,1000000042,7,2
2026-04-18,1000000142,1000000043,3,6
2026-04-18,1000000142,1000000044,3,7
2026-04-18,1000000142,1000000045,6,3
2026-04-18,1000000142,1000000062,2,9
2026-04-18,1000000142,1000000063,1,16
2026-04-18,1000000142,1000000064,10,1
2026-04-18,1000000142,1000000065,2,10
2026-04-18,1000000142,1000000066,1,17
2026-04-18,1000000142,1000000069,2,11
2026-04-18,1000000142,1000000071,1,18
2026-04-18,1000000142,1000000084,1,19
2026-04-18,1000000142,1000000085,5,4
2026-04-18,1000000142,1000000087,1,20
2026-04-18,1000000142,1000000094,1,21
2026-04-18,1000000142,1000000108,1,22
2026-04-18,1000000142,1000000110,1,23
2026-04-18,1000000142,1000000121,2,12
2026-04-18,1000000142,1000000127,5,5
2026-04-18,1000000142,1000000128,3,8
2026-04-18,1000000142,1000000143,2,13
2026-04-18,1000000143,1000000042,4,4
2026-04-18,1000000143,1000000043,7,2
2026-04-18,1000000143,1000000044,2,8
2026-04-18,1000000143,1000000045,5,3
2026-04-18,1000000143,1000000062,3,5
2026-04-18,1000000143,1000000063,1,11
2026-04-18,1000000143,1000000064,9,1
2026-04-18,1000000143,1000000065,3,6
2026-04-18,1000000143,1000000066,2,9
2026-04-18,1000000143,1000000069,1,12
2026-04-18,1000000143,1000000084,1,13
2026-04-18,1000000143,1000000086,1,14
2026-04-18,1000000143,1000000087,1,15
2026-04-18,1000000143,1000000094,1,16
2026-04-18,1000000143,1000000110,1,17
2026-04-18,1000000143,1000000121,3,7
2026-04-18,1000000143,1000000128,1,18
2026-04-18,1000000143,1000000142,2,10
2026-04-18,1000000153,1000000154,4,2
2026-04-18,1000000153,1000000156,18,1
2026-04-18,1000000154,1000000153,4,1
2026-04-18,1000000154,1000000156,1,2
2026-04-18,1000000156,1000000153,18,1
2026-04-18,1000000156,1000000154,1,2
