date,source_product_id,target_product_id,transition_customer_cnt,source_cohort_customer_cnt,transition_rate,avg_days_to_transition
2026-04-06,1000000027,1000000027,2,15,1.3333333333333333E-1,63.5
2026-04-06,1000000027,1000000043,1,15,6.666666666666667E-2,30
2026-04-06,1000000027,1000000062,1,15,6.666666666666667E-2,0
2026-04-06,1000000028,1000000028,1,14,7.142857142857142E-2,11
2026-04-06,1000000028,1000000071,1,14,7.142857142857142E-2,17
2026-04-06,1000000033,1000000033,3,46,6.521739130434782E-2,40
2026-04-06,1000000033,1000000042,1,46,2.1739130434782608E-2,0
2026-04-06,1000000033,1000000043,1,46,2.1739130434782608E-2,54
2026-04-06,1000000033,1000000045,2,46,4.3478260869565216E-2,3
2026-04-06,1000000033,1000000128,1,46,2.1739130434782608E-2,32
2026-04-06,1000000035,1000000033,2,77,2.5974025974025976E-2,32.5
2026-04-06,1000000035,1000000035,1,77,1.2987012987012988E-2,19
2026-04-06,1000000035,1000000042,2,77,2.5974025974025976E-2,37
2026-04-06,1000000035,1000000043,1,77,1.2987012987012988E-2,0
2026-04-06,1000000035,1000000063,1,77,1.2987012987012988E-2,8
2026-04-06,1000000035,1000000064,1,77,1.2987012987012988E-2,28
2026-04-06,1000000035,1000000083,1,77,1.2987012987012988E-2,24
2026-04-06,1000000035,1000000084,1,77,1.2987012987012988E-2,18
2026-04-06,1000000035,1000000087,1,77,1.2987012987012988E-2,20
2026-04-06,1000000035,1000000089,1,77,1.2987012987012988E-2,9
2026-04-06,1000000035,1000000094,1,77,1.2987012987012988E-2,0
2026-04-06,1000000035,1000000121,2,77,2.5974025974025976E-2,36.5
2026-04-06,1000000035,1000000156,1,77,1.2987012987012988E-2,56
2026-04-06,1000000042,1000000027,2,188,1.0638297872340425E-2,19.5
2026-04-06,1000000042,1000000033,1,188,5.319148936170213E-3,0
2026-04-06,1000000042,1000000035,1,188,5.319148936170213E-3,78
2026-04-06,1000000042,1000000042,22,188,1.1702127659574468E-1,32.27272727272727
2026-04-06,1000000042,1000000043,4,188,2.127659574468085E-2,10.75
2026-04-06,1000000042,1000000044,1,188,5.319148936170213E-3,13
2026-04-06,1000000042,1000000045,4,188,2.127659574468085E-2,31.5
2026-04-06,1000000042,1000000063,1,188,5.319148936170213E-3,1
2026-04-06,1000000042,1000000064,4,188,2.127659574468085E-2,22
2026-04-06,1000000042,1000000065,1,188,5.319148936170213E-3,0
2026-04-06,1000000042,1000000084,1,188,5.319148936170213E-3,8
2026-04-06,1000000042,1000000087,1,188,5.319148936170213E-3,1
2026-04-06,1000000042,1000000088,1,188,5.319148936170213E-3,0
2026-04-06,1000000042,1000000112,1,188,5.319148936170213E-3,9
2026-04-06,1000000042,1000000121,3,188,1.5957446808510637E-2,16
2026-04-06,1000000043,1000000033,1,194,5.154639175257732E-3,33
2026-04-06,1000000043,1000000042,10,194,5.154639175257732E-2,25.6
2026-04-06,1000000043,1000000043,12,194,6.1855670103092786E-2,19.666666666666668
2026-04-06,1000000043,1000000044,5,194,2.577319587628866E-2,9.8
2026-04-06,1000000043,1000000045,3,194,1.5463917525773196E-2,2.3333333333333335
2026-04-06,1000000043,1000000062,1,194,5.154639175257732E-3,35
2026-04-06,1000000043,1000000064,2,194,1.0309278350515464E-2,31.5
2026-04-06,1000000043,1000000087,2,194,1.0309278350515464E-2,10.5
2026-04-06,1000000043,1000000108,2,194,1.0309278350515464E-2,1.5
2026-04-06,1000000043,1000000111,1,194,5.154639175257732E-3,29
2026-04-06,1000000043,1000000121,2,194,1.0309278350515464E-2,11
2026-04-06,1000000044,1000000027,1,142,7.042253521126761E-3,39
2026-04-06,1000000044,1000000033,1,142,7.042253521126761E-3,46
2026-04-06,1000000044,1000000042,6,142,4.225352112676056E-2,27.833333333333332
2026-04-06,1000000044,1000000043,3,142,2.112676056338028E-2,10.333333333333334
2026-04-06,1000000044,1000000044,4,142,2.8169014084507043E-2,21.5
2026-04-06,1000000044,1000000045,2,142,1.4084507042253521E-2,32.5
2026-04-06,1000000044,1000000062,1,142,7.042253521126761E-3,0
2026-04-06,1000000044,1000000066,1,142,7.042253521126761E-3,11
2026-04-06,1000000044,1000000070,1,142,7.042253521126761E-3,8
2026-04-06,1000000044,1000000084,1,142,7.042253521126761E-3,18
2026-04-06,1000000044,1000000085,1,142,7.042253521126761E-3,45
2026-04-06,1000000044,1000000088,1,142,7.042253521126761E-3,16
2026-04-06,1000000044,1000000112,1,142,7.042253521126761E-3,9
2026-04-06,1000000044,1000000113,1,142,7.042253521126761E-3,0
2026-04-06,1000000044,1000000121,2,142,1.4084507042253521E-2,21.5
2026-04-06,1000000044,1000000156,1,142,7.042253521126761E-3,0
2026-04-06,1000000045,1000000027,1,311,3.215434083601286E-3,39
2026-04-06,1000000045,1000000033,2,311,6.430868167202572E-3,23
2026-04-06,1000000045,1000000035,1,311,3.215434083601286E-3,27
2026-04-06,1000000045,1000000042,8,311,2.572347266881029E-2,17.875
2026-04-06,1000000045,1000000043,5,311,1.607717041800643E-2,6.8
2026-04-06,1000000045,1000000044,2,311,6.430868167202572E-3,10.5
2026-04-06,1000000045,1000000045,18,311,5.787781350482315E-2,17.944444444444443
2026-04-06,1000000045,1000000063,3,311,9.64630225080386E-3,12.333333333333334
2026-04-06,1000000045,1000000064,7,311,2.2508038585209004E-2,21.857142857142858
2026-04-06,1000000045,1000000066,1,311,3.215434083601286E-3,11
2026-04-06,1000000045,1000000085,1,311,3.215434083601286E-3,0
2026-04-06,1000000045,1000000086,1,311,3.215434083601286E-3,56
2026-04-06,1000000045,1000000091,2,311,6.430868167202572E-3,5.0E-1
2026-04-06,1000000045,1000000108,3,311,9.64630225080386E-3,18.666666666666668
2026-04-06,1000000045,1000000112,1,311,3.215434083601286E-3,9
2026-04-06,1000000045,1000000113,1,311,3.215434083601286E-3,0
2026-04-06,1000000045,1000000121,2,311,6.430868167202572E-3,6.5
2026-04-06,1000000045,1000000153,2,311,6.430868167202572E-3,0
2026-04-06,1000000045,1000000156,2,311,6.430868167202572E-3,21
2026-04-06,1000000062,1000000027,1,240,4.166666666666667E-3,0
2026-04-06,1000000062,1000000028,1,240,4.166666666666667E-3,7
2026-04-06,1000000062,1000000042,2,240,8.333333333333333E-3,51
2026-04-06,1000000062,1000000045,3,240,1.25E-2,32
2026-04-06,1000000062,1000000062,6,240,2.5E-2,7.166666666666667
2026-04-06,1000000062,1000000063,1,240,4.166666666666667E-3,0
2026-04-06,1000000062,1000000064,6,240,2.5E-2,15.666666666666666
2026-04-06,1000000062,1000000065,1,240,4.166666666666667E-3,12
2026-04-06,1000000062,1000000066,1,240,4.166666666666667E-3,11
2026-04-06,1000000062,1000000087,1,240,4.166666666666667E-3,71
2026-04-06,1000000062,1000000093,1,240,4.166666666666667E-3,22
2026-04-06,1000000062,1000000111,1,240,4.166666666666667E-3,37
2026-04-06,1000000062,1000000121,1,240,4.166666666666667E-3,1
2026-04-06,1000000062,1000000153,1,240,4.166666666666667E-3,0
2026-04-06,1000000063,1000000042,4,297,1.3468013468013467E-2,39.75
2026-04-06,1000000063,1000000043,3,297,1.0101010101010102E-2,1.3333333333333333
2026-04-06,1000000063,1000000044,4,297,1.3468013468013467E-2,29.25
2026-04-06,1000000063,1000000045,1,297,3.367003367003367E-3,6
2026-04-06,1000000063,1000000062,6,297,2.0202020202020204E-2,10.166666666666666
2026-04-06,1000000063,1000000063,11,297,3.7037037037037035E-2,22
2026-04-06,1000000063,1000000064,9,297,3.0303030303030304E-2,19.333333333333332
2026-04-06,1000000063,1000000069,1,297,3.367003367003367E-3,9
2026-04-06,1000000063,1000000087,3,297,1.0101010101010102E-2,16
2026-04-06,1000000063,1000000088,1,297,3.367003367003367E-3,0
2026-04-06,1000000063,1000000090,2,297,6.734006734006734E-3,20.5
2026-04-06,1000000063,1000000092,1,297,3.367003367003367E-3,1
2026-04-06,1000000063,1000000093,2,297,6.734006734006734E-3,48.5
2026-04-06,1000000063,1000000108,2,297,6.734006734006734E-3,28
2026-04-06,1000000063,1000000112,1,297,3.367003367003367E-3,9
2026-04-06,1000000063,1000000127,1,297,3.367003367003367E-3,0
2026-04-06,1000000064,1000000033,1,1660,6.024096385542169E-4,0
2026-04-06,1000000064,1000000035,1,1660,6.024096385542169E-4,46
2026-04-06,1000000064,1000000042,13,1660,7.83132530120482E-3,22.384615384615383
2026-04-06,1000000064,1000000043,8,1660,4.819277108433735E-3,17.375
2026-04-06,1000000064,1000000044,5,1660,3.0120481927710845E-3,16
2026-04-06,1000000064,1000000045,6,1660,3.6144578313253013E-3,21.333333333333332
2026-04-06,1000000064,1000000062,3,1660,1.8072289156626507E-3,23.333333333333332
2026-04-06,1000000064,1000000063,9,1660,5.421686746987952E-3,20.444444444444443
2026-04-06,1000000064,1000000064,134,1660,8.072289156626505E-2,13.194029850746269
2026-04-06,1000000064,1000000069,1,1660,6.024096385542169E-4,0
2026-04-06,1000000064,1000000083,1,1660,6.024096385542169E-4,0
2026-04-06,1000000064,1000000084,2,1660,1.2048192771084338E-3,35
2026-04-06,1000000064,1000000085,4,1660,2.4096385542168677E-3,17.5
2026-04-06,1000000064,1000000086,2,1660,1.2048192771084338E-3,48.5
2026-04-06,1000000064,1000000088,5,1660,3.0120481927710845E-3,21.4
2026-04-06,1000000064,1000000090,1,1660,6.024096385542169E-4,3
2026-04-06,1000000064,1000000091,5,1660,3.0120481927710845E-3,7.8
2026-04-06,1000000064,1000000092,2,1660,1.2048192771084338E-3,24.5
2026-04-06,1000000064,1000000093,7,1660,4.216867469879518E-3,2.857142857142857
2026-04-06,1000000064,1000000094,2,1660,1.2048192771084338E-3,15
2026-04-06,1000000064,1000000108,2,1660,1.2048192771084338E-3,0
2026-04-06,1000000064,1000000111,2,1660,1.2048192771084338E-3,10
2026-04-06,1000000064,1000000113,2,1660,1.2048192771084338E-3,5.0E-1
2026-04-06,1000000064,1000000121,2,1660,1.2048192771084338E-3,6.5
2026-04-06,1000000064,1000000127,3,1660,1.8072289156626507E-3,19.666666666666668
2026-04-06,1000000064,1000000128,1,1660,6.024096385542169E-4,24
2026-04-06,1000000064,1000000142,2,1660,1.2048192771084338E-3,2
2026-04-06,1000000064,1000000153,2,1660,1.2048192771084338E-3,0
2026-04-06,1000000064,1000000156,3,1660,1.8072289156626507E-3,32.666666666666664
2026-04-06,1000000065,1000000027,1,50,2.0E-2,39
2026-04-06,1000000065,1000000035,1,50,2.0E-2,19
2026-04-06,1000000065,1000000042,2,50,4.0E-2,8
2026-04-06,1000000065,1000000043,2,50,4.0E-2,11
2026-04-06,1000000065,1000000045,1,50,2.0E-2,90
2026-04-06,1000000065,1000000065,1,50,2.0E-2,20
2026-04-06,1000000065,1000000111,1,50,2.0E-2,6
2026-04-06,1000000066,1000000042,1,86,1.1627906976744186E-2,24
2026-04-06,1000000066,1000000043,2,86,2.3255813953488372E-2,51
2026-04-06,1000000066,1000000044,3,86,3.488372093023256E-2,6.666666666666667
2026-04-06,1000000066,1000000063,1,86,1.1627906976744186E-2,23
2026-04-06,1000000066,1000000064,2,86,2.3255813953488372E-2,5.5
2026-04-06,1000000066,1000000065,1,86,1.1627906976744186E-2,20
2026-04-06,1000000066,1000000066,1,86,1.1627906976744186E-2,0
2026-04-06,1000000066,1000000084,1,86,1.1627906976744186E-2,18
2026-04-06,1000000066,1000000087,1,86,1.1627906976744186E-2,1
2026-04-06,1000000066,1000000111,1,86,1.1627906976744186E-2,0
2026-04-06,1000000069,1000000028,1,103,9.708737864077669E-3,12
2026-04-06,1000000069,1000000042,2,103,1.9417475728155338E-2,20
2026-04-06,1000000069,1000000043,1,103,9.708737864077669E-3,0
2026-04-06,1000000069,1000000044,1,103,9.708737864077669E-3,36
2026-04-06,1000000069,1000000045,1,103,9.708737864077669E-3,15
2026-04-06,1000000069,1000000063,1,103,9.708737864077669E-3,35
2026-04-06,1000000069,1000000064,2,103,1.9417475728155338E-2,41
2026-04-06,1000000069,1000000086,1,103,9.708737864077669E-3,0
2026-04-06,1000000069,1000000091,1,103,9.708737864077669E-3,0
2026-04-06,1000000069,1000000121,1,103,9.708737864077669E-3,12
2026-04-06,1000000069,1000000154,1,103,9.708737864077669E-3,36
2026-04-06,1000000070,1000000044,1,23,4.3478260869565216E-2,20
2026-04-06,1000000070,1000000062,1,23,4.3478260869565216E-2,53
2026-04-06,1000000070,1000000064,1,23,4.3478260869565216E-2,4
2026-04-06,1000000070,1000000070,1,23,4.3478260869565216E-2,8
2026-04-06,1000000071,1000000042,1,35,2.857142857142857E-2,9
2026-04-06,1000000071,1000000043,1,35,2.857142857142857E-2,21
2026-04-06,1000000071,1000000064,1,35,2.857142857142857E-2,33
2026-04-06,1000000071,1000000065,1,35,2.857142857142857E-2,12
2026-04-06,1000000071,1000000108,1,35,2.857142857142857E-2,0
2026-04-06,1000000071,1000000121,1,35,2.857142857142857E-2,21
2026-04-06,1000000072,1000000062,1,13,7.692307692307693E-2,11
2026-04-06,1000000072,1000000064,1,13,7.692307692307693E-2,8
2026-04-06,1000000083,1000000028,1,78,1.282051282051282E-2,18
2026-04-06,1000000083,1000000035,1,78,1.282051282051282E-2,19
2026-04-06,1000000083,1000000042,3,78,3.8461538461538464E-2,29
2026-04-06,1000000083,1000000044,1,78,1.282051282051282E-2,13
2026-04-06,1000000083,1000000045,1,78,1.282051282051282E-2,0
2026-04-06,1000000083,1000000064,3,78,3.8461538461538464E-2,26.333333333333332
2026-04-06,1000000083,1000000069,1,78,1.282051282051282E-2,9
2026-04-06,1000000083,1000000083,1,78,1.282051282051282E-2,43
2026-04-06,1000000083,1000000088,1,78,1.282051282051282E-2,12
2026-04-06,1000000083,1000000094,1,78,1.282051282051282E-2,0
2026-04-06,1000000083,1000000108,1,78,1.282051282051282E-2,0
2026-04-06,1000000083,1000000121,1,78,1.282051282051282E-2,1
2026-04-06,1000000084,1000000064,2,148,1.3513513513513514E-2,25.5
2026-04-06,1000000084,1000000083,1,148,6.756756756756757E-3,1
2026-04-06,1000000084,1000000084,4,148,2.702702702702703E-2,2.5
2026-04-06,1000000084,1000000087,1,148,6.756756756756757E-3,0
2026-04-06,1000000084,1000000088,2,148,1.3513513513513514E-2,3.5
2026-04-06,1000000084,1000000092,1,148,6.756756756756757E-3,0
2026-04-06,1000000084,1000000093,2,148,1.3513513513513514E-2,41
2026-04-06,1000000084,1000000108,2,148,1.3513513513513514E-2,0
2026-04-06,1000000084,1000000110,2,148,1.3513513513513514E-2,1
2026-04-06,1000000085,1000000033,1,316,3.1645569620253164E-3,4
2026-04-06,1000000085,1000000035,1,316,3.1645569620253164E-3,47
2026-04-06,1000000085,1000000042,1,316,3.1645569620253164E-3,27
2026-04-06,1000000085,1000000045,2,316,6.329113924050633E-3,0
2026-04-06,1000000085,1000000064,2,316,6.329113924050633E-3,0
2026-04-06,1000000085,1000000084,4,316,1.2658227848101266E-2,23.5
2026-04-06,1000000085,1000000085,17,316,5.379746835443038E-2,9.588235294117647
2026-04-06,1000000085,1000000086,10,316,3.164556962025317E-2,7
2026-04-06,1000000085,1000000087,7,316,2.2151898734177215E-2,4.142857142857143
2026-04-06,1000000085,1000000088,7,316,2.2151898734177215E-2,7.142857142857143E-1
2026-04-06,1000000085,1000000089,1,316,3.1645569620253164E-3,36
2026-04-06,1000000085,1000000090,2,316,6.329113924050633E-3,1.5
2026-04-06,1000000085,1000000091,2,316,6.329113924050633E-3,33.5
2026-04-06,1000000085,1000000092,3,316,9.49367088607595E-3,3.333333333333333E-1
2026-04-06,1000000085,1000000093,1,316,3.1645569620253164E-3,0
2026-04-06,1000000085,1000000108,2,316,6.329113924050633E-3,5.0E-1
2026-04-06,1000000085,1000000111,1,316,3.1645569620253164E-3,0
2026-04-06,1000000085,1000000153,1,316,3.1645569620253164E-3,1
2026-04-06,1000000086,1000000045,1,199,5.025125628140704E-3,6
2026-04-06,1000000086,1000000063,1,199,5.025125628140704E-3,60
2026-04-06,1000000086,1000000064,2,199,1.0050251256281407E-2,12
2026-04-06,1000000086,1000000084,4,199,2.0100502512562814E-2,21.25
2026-04-06,1000000086,1000000085,12,199,6.030150753768844E-2,12.416666666666666
2026-04-06,1000000086,1000000086,20,199,1.0050251256281408E-1,11.4
2026-04-06,1000000086,1000000087,7,199,3.5175879396984924E-2,4.714285714285714
2026-04-06,1000000086,1000000088,6,199,3.015075376884422E-2,0
2026-04-06,1000000086,1000000089,2,199,1.0050251256281407E-2,35
2026-04-06,1000000086,1000000090,1,199,5.025125628140704E-3,0
2026-04-06,1000000086,1000000092,1,199,5.025125628140704E-3,0
2026-04-06,1000000086,1000000113,1,199,5.025125628140704E-3,0
2026-04-06,1000000087,1000000033,1,463,2.1598272138228943E-3,22
2026-04-06,1000000087,1000000035,1,463,2.1598272138228943E-3,46
2026-04-06,1000000087,1000000043,2,463,4.319654427645789E-3,1
2026-04-06,1000000087,1000000044,1,463,2.1598272138228943E-3,5
2026-04-06,1000000087,1000000064,6,463,1.2958963282937365E-2,34.666666666666664
2026-04-06,1000000087,1000000084,3,463,6.4794816414686825E-3,9.333333333333334
2026-04-06,1000000087,1000000085,9,463,1.9438444924406047E-2,9.222222222222221
2026-04-06,1000000087,1000000086,6,463,1.2958963282937365E-2,10.833333333333334
2026-04-06,1000000087,1000000087,32,463,6.911447084233262E-2,15.65625
2026-04-06,1000000087,1000000088,14,463,3.023758099352052E-2,10.714285714285714
2026-04-06,1000000087,1000000092,2,463,4.319654427645789E-3,42
2026-04-06,1000000087,1000000093,4,463,8.639308855291577E-3,2.25
2026-04-06,1000000087,1000000094,1,463,2.1598272138228943E-3,0
2026-04-06,1000000087,1000000143,1,463,2.1598272138228943E-3,2
2026-04-06,1000000088,1000000063,1,352,2.840909090909091E-3,0
2026-04-06,1000000088,1000000064,8,352,2.2727272727272728E-2,25.625
2026-04-06,1000000088,1000000083,1,352,2.840909090909091E-3,80
2026-04-06,1000000088,1000000084,1,352,2.840909090909091E-3,52
2026-04-06,1000000088,1000000085,7,352,1.9886363636363636E-2,8.571428571428571
2026-04-06,1000000088,1000000086,8,352,2.2727272727272728E-2,9.5
2026-04-06,1000000088,1000000087,10,352,2.8409090909090908E-2,4.1
2026-04-06,1000000088,1000000088,39,352,1.1079545454545454E-1,8.615384615384615
2026-04-06,1000000088,1000000089,2,352,5.681818181818182E-3,4.5
2026-04-06,1000000088,1000000090,1,352,2.840909090909091E-3,0
2026-04-06,1000000088,1000000092,1,352,2.840909090909091E-3,0
2026-04-06,1000000088,1000000094,2,352,5.681818181818182E-3,37
2026-04-06,1000000088,1000000112,2,352,5.681818181818182E-3,5.0E-1
2026-04-06,1000000088,1000000121,1,352,2.840909090909091E-3,13
2026-04-06,1000000088,1000000142,2,352,5.681818181818182E-3,4.5
2026-04-06,1000000089,1000000033,1,50,2.0E-2,87
2026-04-06,1000000089,1000000086,1,50,2.0E-2,0
2026-04-06,1000000089,1000000087,3,50,6.0E-2,3.333333333333333E-1
2026-04-06,1000000089,1000000088,4,50,8.0E-2,4.75
2026-04-06,1000000089,1000000089,4,50,8.0E-2,8.75
2026-04-06,1000000089,1000000091,1,50,2.0E-2,0
2026-04-06,1000000089,1000000111,1,50,2.0E-2,32
2026-04-06,1000000089,1000000112,1,50,2.0E-2,0
2026-04-06,1000000090,1000000028,1,130,7.692307692307693E-3,12
2026-04-06,1000000090,1000000063,1,130,7.692307692307693E-3,0
2026-04-06,1000000090,1000000064,1,130,7.692307692307693E-3,76
2026-04-06,1000000090,1000000085,1,130,7.692307692307693E-3,0
2026-04-06,1000000090,1000000090,3,130,2.3076923076923078E-2,2
2026-04-06,1000000090,1000000091,1,130,7.692307692307693E-3,4
2026-04-06,1000000090,1000000092,1,130,7.692307692307693E-3,0
2026-04-06,1000000090,1000000093,1,130,7.692307692307693E-3,0
2026-04-06,1000000090,1000000094,1,130,7.692307692307693E-3,0
2026-04-06,1000000090,1000000111,1,130,7.692307692307693E-3,2
2026-04-06,1000000090,1000000112,1,130,7.692307692307693E-3,0
2026-04-06,1000000091,1000000028,1,180,5.555555555555556E-3,12
2026-04-06,1000000091,1000000035,1,180,5.555555555555556E-3,47
2026-04-06,1000000091,1000000045,3,180,1.6666666666666666E-2,2
2026-04-06,1000000091,1000000064,4,180,2.2222222222222223E-2,13
2026-04-06,1000000091,1000000085,2,180,1.1111111111111112E-2,38
2026-04-06,1000000091,1000000086,2,180,1.1111111111111112E-2,14
2026-04-06,1000000091,1000000087,2,180,1.1111111111111112E-2,24.5
2026-04-06,1000000091,1000000089,1,180,5.555555555555556E-3,0
2026-04-06,1000000091,1000000090,3,180,1.6666666666666666E-2,4.333333333333333
2026-04-06,1000000091,1000000091,11,180,6.111111111111111E-2,7.454545454545454
2026-04-06,1000000091,1000000092,2,180,1.1111111111111112E-2,10
2026-04-06,1000000091,1000000093,2,180,1.1111111111111112E-2,9
2026-04-06,1000000091,1000000094,2,180,1.1111111111111112E-2,0
2026-04-06,1000000091,1000000111,1,180,5.555555555555556E-3,4
2026-04-06,1000000092,1000000028,1,156,6.41025641025641E-3,12
2026-04-06,1000000092,1000000064,4,156,2.564102564102564E-2,12
2026-04-06,1000000092,1000000084,1,156,6.41025641025641E-3,0
2026-04-06,1000000092,1000000085,2,156,1.282051282051282E-2,0
2026-04-06,1000000092,1000000086,1,156,6.41025641025641E-3,0
2026-04-06,1000000092,1000000087,2,156,1.282051282051282E-2,1
2026-04-06,1000000092,1000000088,1,156,6.41025641025641E-3,0
2026-04-06,1000000092,1000000090,3,156,1.9230769230769232E-2,1
2026-04-06,1000000092,1000000091,3,156,1.9230769230769232E-2,9.333333333333334
2026-04-06,1000000092,1000000092,8,156,5.128205128205128E-2,8.875
2026-04-06,1000000092,1000000093,1,156,6.41025641025641E-3,6
2026-04-06,1000000092,1000000111,1,156,6.41025641025641E-3,0
2026-04-06,1000000093,1000000044,2,704,2.840909090909091E-3,49.5
2026-04-06,1000000093,1000000045,2,704,2.840909090909091E-3,8
2026-04-06,1000000093,1000000062,4,704,5.681818181818182E-3,50.75
2026-04-06,1000000093,1000000064,9,704,1.278409090909091E-2,3.3333333333333335
2026-04-06,1000000093,1000000084,1,704,1.4204545454545455E-3,3
2026-04-06,1000000093,1000000085,2,704,2.840909090909091E-3,0
2026-04-06,1000000093,1000000086,1,704,1.4204545454545455E-3,6
2026-04-06,1000000093,1000000087,4,704,5.681818181818182E-3,3.5
2026-04-06,1000000093,1000000088,1,704,1.4204545454545455E-3,62
2026-04-06,1000000093,1000000090,1,704,1.4204545454545455E-3,0
2026-04-06,1000000093,1000000091,2,704,2.840909090909091E-3,0
2026-04-06,1000000093,1000000093,77,704,1.09375E-1,6.454545454545454
2026-04-06,1000000093,1000000094,3,704,4.261363636363636E-3,0
2026-04-06,1000000093,1000000108,6,704,8.522727272727272E-3,24.333333333333332
2026-04-06,1000000093,1000000110,1,704,1.4204545454545455E-3,0
2026-04-06,1000000093,1000000111,7,704,9.943181818181818E-3,7.142857142857143E-1
2026-04-06,1000000093,1000000112,2,704,2.840909090909091E-3,2
2026-04-06,1000000093,1000000113,1,704,1.4204545454545455E-3,14
2026-04-06,1000000094,1000000035,1,190,5.263157894736842E-3,0
2026-04-06,1000000094,1000000044,1,190,5.263157894736842E-3,13
2026-04-06,1000000094,1000000064,1,190,5.263157894736842E-3,5
2026-04-06,1000000094,1000000084,1,190,5.263157894736842E-3,30
2026-04-06,1000000094,1000000086,1,190,5.263157894736842E-3,73
2026-04-06,1000000094,1000000088,1,190,5.263157894736842E-3,16
2026-04-06,1000000094,1000000089,1,190,5.263157894736842E-3,36
2026-04-06,1000000094,1000000090,1,190,5.263157894736842E-3,25
2026-04-06,1000000094,1000000091,2,190,1.0526315789473684E-2,2.5
2026-04-06,1000000094,1000000092,1,190,5.263157894736842E-3,18
2026-04-06,1000000094,1000000093,2,190,1.0526315789473684E-2,0
2026-04-06,1000000094,1000000094,16,190,8.421052631578947E-2,12.875
2026-04-06,1000000094,1000000095,1,190,5.263157894736842E-3,40
2026-04-06,1000000094,1000000108,3,190,1.5789473684210527E-2,4.333333333333333
2026-04-06,1000000094,1000000110,2,190,1.0526315789473684E-2,1
2026-04-06,1000000094,1000000111,4,190,2.1052631578947368E-2,34.25
2026-04-06,1000000095,1000000094,1,7,1.4285714285714285E-1,21
2026-04-06,1000000108,1000000035,1,247,4.048582995951417E-3,15
2026-04-06,1000000108,1000000043,1,247,4.048582995951417E-3,0
2026-04-06,1000000108,1000000044,1,247,4.048582995951417E-3,82
2026-04-06,1000000108,1000000045,3,247,1.2145748987854251E-2,0
2026-04-06,1000000108,1000000064,2,247,8.097165991902834E-3,43
2026-04-06,1000000108,1000000071,1,247,4.048582995951417E-3,12
2026-04-06,1000000108,1000000083,1,247,4.048582995951417E-3,0
2026-04-06,1000000108,1000000084,1,247,4.048582995951417E-3,0
2026-04-06,1000000108,1000000087,1,247,4.048582995951417E-3,0
2026-04-06,1000000108,1000000091,1,247,4.048582995951417E-3,0
2026-04-06,1000000108,1000000092,2,247,8.097165991902834E-3,21
2026-04-06,1000000108,1000000093,7,247,2.834008097165992E-2,9.142857142857142
2026-04-06,1000000108,1000000094,3,247,1.2145748987854251E-2,5.666666666666667
2026-04-06,1000000108,1000000108,23,247,9.31174089068826E-2,9.478260869565217
2026-04-06,1000000108,1000000111,1,247,4.048582995951417E-3,0
2026-04-06,1000000108,1000000112,2,247,8.097165991902834E-3,19
2026-04-06,1000000110,1000000027,1,71,1.4084507042253521E-2,39
2026-04-06,1000000110,1000000083,1,71,1.4084507042253521E-2,2
2026-04-06,1000000110,1000000093,1,71,1.4084507042253521E-2,0
2026-04-06,1000000110,1000000094,1,71,1.4084507042253521E-2,0
2026-04-06,1000000110,1000000108,1,71,1.4084507042253521E-2,0
2026-04-06,1000000110,1000000110,6,71,8.450704225352113E-2,5.5
2026-04-06,1000000110,1000000112,1,71,1.4084507042253521E-2,0
2026-04-06,1000000111,1000000045,1,336,2.976190476190476E-3,14
2026-04-06,1000000111,1000000062,2,336,5.952380952380952E-3,1.5
2026-04-06,1000000111,1000000064,8,336,2.3809523809523808E-2,16.5
2026-04-06,1000000111,1000000066,1,336,2.976190476190476E-3,0
2026-04-06,1000000111,1000000085,1,336,2.976190476190476E-3,0
2026-04-06,1000000111,1000000086,1,336,2.976190476190476E-3,73
2026-04-06,1000000111,1000000087,1,336,2.976190476190476E-3,3
2026-04-06,1000000111,1000000088,2,336,5.952380952380952E-3,31
2026-04-06,1000000111,1000000091,2,336,5.952380952380952E-3,15
2026-04-06,1000000111,1000000092,1,336,2.976190476190476E-3,0
2026-04-06,1000000111,1000000093,11,336,3.273809523809524E-2,9.181818181818182
2026-04-06,1000000111,1000000094,1,336,2.976190476190476E-3,0
2026-04-06,1000000111,1000000108,1,336,2.976190476190476E-3,0
2026-04-06,1000000111,1000000110,2,336,5.952380952380952E-3,1
2026-04-06,1000000111,1000000111,34,336,1.0119047619047619E-1,9.352941176470589
2026-04-06,1000000111,1000000112,1,336,2.976190476190476E-3,0
2026-04-06,1000000111,1000000113,1,336,2.976190476190476E-3,0
2026-04-06,1000000111,1000000156,1,336,2.976190476190476E-3,41
2026-04-06,1000000112,1000000042,1,93,1.0752688172043012E-2,1
2026-04-06,1000000112,1000000043,1,93,1.0752688172043012E-2,66
2026-04-06,1000000112,1000000044,1,93,1.0752688172043012E-2,82
2026-04-06,1000000112,1000000045,1,93,1.0752688172043012E-2,0
2026-04-06,1000000112,1000000064,2,93,2.1505376344086023E-2,54.5
2026-04-06,1000000112,1000000072,1,93,1.0752688172043012E-2,1
2026-04-06,1000000112,1000000086,1,93,1.0752688172043012E-2,0
2026-04-06,1000000112,1000000088,2,93,2.1505376344086023E-2,2
2026-04-06,1000000112,1000000090,1,93,1.0752688172043012E-2,0
2026-04-06,1000000112,1000000093,1,93,1.0752688172043012E-2,0
2026-04-06,1000000112,1000000110,1,93,1.0752688172043012E-2,0
2026-04-06,1000000112,1000000112,3,93,3.225806451612903E-2,0
2026-04-06,1000000113,1000000044,1,102,9.80392156862745E-3,0
2026-04-06,1000000113,1000000045,2,102,1.96078431372549E-2,3
2026-04-06,1000000113,1000000063,2,102,1.96078431372549E-2,3
2026-04-06,1000000113,1000000064,3,102,2.9411764705882353E-2,11.666666666666666
2026-04-06,1000000113,1000000085,1,102,9.80392156862745E-3,14
2026-04-06,1000000113,1000000111,2,102,1.96078431372549E-2,5.0E-1
2026-04-06,1000000113,1000000113,8,102,7.84313725490196E-2,7.25
2026-04-06,1000000113,1000000127,1,102,9.80392156862745E-3,0
2026-04-06,1000000121,1000000035,1,183,5.46448087431694E-3,52
2026-04-06,1000000121,1000000042,2,183,1.092896174863388E-2,39.5
2026-04-06,1000000121,1000000043,1,183,5.46448087431694E-3,16
2026-04-06,1000000121,1000000044,1,183,5.46448087431694E-3,13
2026-04-06,1000000121,1000000064,2,183,1.092896174863388E-2,5.5
2026-04-06,1000000121,1000000070,1,183,5.46448087431694E-3,8
2026-04-06,1000000121,1000000086,2,183,1.092896174863388E-2,35.5
2026-04-06,1000000121,1000000087,1,183,5.46448087431694E-3,0
2026-04-06,1000000121,1000000093,1,183,5.46448087431694E-3,24
2026-04-06,1000000121,1000000111,1,183,5.46448087431694E-3,6
2026-04-06,1000000121,1000000121,17,183,9.289617486338798E-2,8.588235294117647
2026-04-06,1000000127,1000000045,2,246,8.130081300813009E-3,0
2026-04-06,1000000127,1000000062,2,246,8.130081300813009E-3,0
2026-04-06,1000000127,1000000063,1,246,4.0650406504065045E-3,0
2026-04-06,1000000127,1000000064,13,246,5.2845528455284556E-2,24.76923076923077
2026-04-06,1000000127,1000000086,2,246,8.130081300813009E-3,18
2026-04-06,1000000127,1000000088,1,246,4.0650406504065045E-3,0
2026-04-06,1000000127,1000000090,1,246,4.0650406504065045E-3,41
2026-04-06,1000000127,1000000091,1,246,4.0650406504065045E-3,0
2026-04-06,1000000127,1000000093,1,246,4.0650406504065045E-3,14
2026-04-06,1000000127,1000000108,1,246,4.0650406504065045E-3,0
2026-04-06,1000000127,1000000111,1,246,4.0650406504065045E-3,0
2026-04-06,1000000127,1000000113,1,246,4.0650406504065045E-3,0
2026-04-06,1000000127,1000000127,2,246,8.130081300813009E-3,6
2026-04-06,1000000128,1000000027,1,61,1.639344262295082E-2,39
2026-04-06,1000000128,1000000042,1,61,1.639344262295082E-2,24
2026-04-06,1000000128,1000000043,1,61,1.639344262295082E-2,4
2026-04-06,1000000128,1000000045,1,61,1.639344262295082E-2,90
2026-04-06,1000000128,1000000064,1,61,1.639344262295082E-2,11
2026-04-06,1000000128,1000000087,1,61,1.639344262295082E-2,0
2026-04-06,1000000128,1000000093,1,61,1.639344262295082E-2,14
2026-04-06,1000000128,1000000111,1,61,1.639344262295082E-2,0
2026-04-06,1000000128,1000000143,1,61,1.639344262295082E-2,2
2026-04-06,1000000142,1000000035,2,35,5.714285714285714E-2,39
2026-04-06,1000000142,1000000043,1,35,2.857142857142857E-2,21
2026-04-06,1000000142,1000000045,1,35,2.857142857142857E-2,90
2026-04-06,1000000142,1000000064,1,35,2.857142857142857E-2,0
2026-04-06,1000000142,1000000088,1,35,2.857142857142857E-2,0
2026-04-06,1000000142,1000000108,1,35,2.857142857142857E-2,1
2026-04-06,1000000143,1000000042,2,25,8.0E-2,20.5
2026-04-06,1000000143,1000000043,1,25,4.0E-2,22
2026-04-06,1000000143,1000000088,1,25,4.0E-2,0
2026-04-06,1000000143,1000000091,1,25,4.0E-2,1
2026-04-06,1000000144,1000000064,2,61,3.278688524590164E-2,31
2026-04-06,1000000144,1000000087,1,61,1.639344262295082E-2,0
2026-04-06,1000000144,1000000089,1,61,1.639344262295082E-2,79
2026-04-06,1000000144,1000000111,1,61,1.639344262295082E-2,0
2026-04-06,1000000144,1000000128,1,61,1.639344262295082E-2,32
2026-04-06,1000000153,1000000042,1,55,1.818181818181818E-2,0
2026-04-06,1000000153,1000000045,1,55,1.818181818181818E-2,0
2026-04-06,1000000153,1000000062,1,55,1.818181818181818E-2,0
2026-04-06,1000000153,1000000153,3,55,5.454545454545454E-2,29.333333333333332
2026-04-06,1000000153,1000000156,2,55,3.636363636363636E-2,7.5
2026-04-06,1000000154,1000000045,1,36,2.7777777777777776E-2,51
2026-04-06,1000000154,1000000153,1,36,2.7777777777777776E-2,28
2026-04-06,1000000154,1000000154,4,36,1.111111111111111E-1,28
2026-04-06,1000000156,1000000042,1,68,1.4705882352941176E-2,0
2026-04-06,1000000156,1000000044,1,68,1.4705882352941176E-2,0
2026-04-06,1000000156,1000000153,1,68,1.4705882352941176E-2,0
2026-04-06,1000000156,1000000156,10,68,1.4705882352941177E-1,18.7
2026-04-07,1000000027,1000000027,2,15,1.3333333333333333E-1,63.5
2026-04-07,1000000027,1000000043,1,15,6.666666666666667E-2,30
2026-04-07,1000000027,1000000062,1,15,6.666666666666667E-2,0
2026-04-07,1000000028,1000000028,1,14,7.142857142857142E-2,11
2026-04-07,1000000028,1000000071,1,14,7.142857142857142E-2,17
2026-04-07,1000000033,1000000033,3,46,6.521739130434782E-2,40
2026-04-07,1000000033,1000000042,1,46,2.1739130434782608E-2,0
2026-04-07,1000000033,1000000043,1,46,2.1739130434782608E-2,54
2026-04-07,1000000033,1000000045,2,46,4.3478260869565216E-2,3
2026-04-07,1000000033,1000000128,1,46,2.1739130434782608E-2,32
2026-04-07,1000000035,1000000033,2,77,2.5974025974025976E-2,32.5
2026-04-07,1000000035,1000000035,1,77,1.2987012987012988E-2,19
2026-04-07,1000000035,1000000042,2,77,2.5974025974025976E-2,37
2026-04-07,1000000035,1000000043,1,77,1.2987012987012988E-2,0
2026-04-07,1000000035,1000000063,1,77,1.2987012987012988E-2,8
2026-04-07,1000000035,1000000064,1,77,1.2987012987012988E-2,28
2026-04-07,1000000035,1000000083,1,77,1.2987012987012988E-2,24
2026-04-07,1000000035,1000000084,1,77,1.2987012987012988E-2,18
2026-04-07,1000000035,1000000087,1,77,1.2987012987012988E-2,20
2026-04-07,1000000035,1000000089,1,77,1.2987012987012988E-2,9
2026-04-07,1000000035,1000000094,1,77,1.2987012987012988E-2,0
2026-04-07,1000000035,1000000121,2,77,2.5974025974025976E-2,36.5
2026-04-07,1000000035,1000000156,1,77,1.2987012987012988E-2,56
2026-04-07,1000000042,1000000027,2,189,1.0582010582010581E-2,19.5
2026-04-07,1000000042,1000000033,1,189,5.291005291005291E-3,0
2026-04-07,1000000042,1000000035,1,189,5.291005291005291E-3,78
2026-04-07,1000000042,1000000042,22,189,1.164021164021164E-1,32.27272727272727
2026-04-07,1000000042,1000000043,4,189,2.1164021164021163E-2,10.75
2026-04-07,1000000042,1000000044,1,189,5.291005291005291E-3,13
2026-04-07,1000000042,1000000045,4,189,2.1164021164021163E-2,31.5
2026-04-07,1000000042,1000000063,1,189,5.291005291005291E-3,1
2026-04-07,1000000042,1000000064,4,189,2.1164021164021163E-2,22
2026-04-07,1000000042,1000000065,1,189,5.291005291005291E-3,0
2026-04-07,1000000042,1000000084,1,189,5.291005291005291E-3,8
2026-04-07,1000000042,1000000087,1,189,5.291005291005291E-3,1
2026-04-07,1000000042,1000000088,1,189,5.291005291005291E-3,0
2026-04-07,1000000042,1000000112,1,189,5.291005291005291E-3,9
2026-04-07,1000000042,1000000121,3,189,1.5873015873015872E-2,16
2026-04-07,1000000043,1000000033,1,194,5.154639175257732E-3,33
2026-04-07,1000000043,1000000042,10,194,5.154639175257732E-2,25.6
2026-04-07,1000000043,1000000043,12,194,6.1855670103092786E-2,19.666666666666668
2026-04-07,1000000043,1000000044,5,194,2.577319587628866E-2,9.8
2026-04-07,1000000043,1000000045,3,194,1.5463917525773196E-2,2.3333333333333335
2026-04-07,1000000043,1000000062,1,194,5.154639175257732E-3,35
2026-04-07,1000000043,1000000064,2,194,1.0309278350515464E-2,31.5
2026-04-07,1000000043,1000000087,2,194,1.0309278350515464E-2,10.5
2026-04-07,1000000043,1000000108,2,194,1.0309278350515464E-2,1.5
2026-04-07,1000000043,1000000111,1,194,5.154639175257732E-3,29
2026-04-07,1000000043,1000000121,2,194,1.0309278350515464E-2,11
2026-04-07,1000000044,1000000027,1,142,7.042253521126761E-3,39
2026-04-07,1000000044,1000000033,1,142,7.042253521126761E-3,46
2026-04-07,1000000044,1000000042,6,142,4.225352112676056E-2,27.833333333333332
2026-04-07,1000000044,1000000043,3,142,2.112676056338028E-2,10.333333333333334
2026-04-07,1000000044,1000000044,4,142,2.8169014084507043E-2,21.5
2026-04-07,1000000044,1000000045,2,142,1.4084507042253521E-2,32.5
2026-04-07,1000000044,1000000062,1,142,7.042253521126761E-3,0
2026-04-07,1000000044,1000000066,1,142,7.042253521126761E-3,11
2026-04-07,1000000044,1000000070,1,142,7.042253521126761E-3,8
2026-04-07,1000000044,1000000084,1,142,7.042253521126761E-3,18
2026-04-07,1000000044,1000000085,1,142,7.042253521126761E-3,45
2026-04-07,1000000044,1000000088,1,142,7.042253521126761E-3,16
2026-04-07,1000000044,1000000112,1,142,7.042253521126761E-3,9
2026-04-07,1000000044,1000000113,1,142,7.042253521126761E-3,0
2026-04-07,1000000044,1000000121,2,142,1.4084507042253521E-2,21.5
2026-04-07,1000000044,1000000156,1,142,7.042253521126761E-3,0
2026-04-07,1000000045,1000000027,1,311,3.215434083601286E-3,39
2026-04-07,1000000045,1000000033,2,311,6.430868167202572E-3,23
2026-04-07,1000000045,1000000035,1,311,3.215434083601286E-3,27
2026-04-07,1000000045,1000000042,8,311,2.572347266881029E-2,17.875
2026-04-07,1000000045,1000000043,5,311,1.607717041800643E-2,6.8
2026-04-07,1000000045,1000000044,2,311,6.430868167202572E-3,10.5
2026-04-07,1000000045,1000000045,18,311,5.787781350482315E-2,17.944444444444443
2026-04-07,1000000045,1000000063,3,311,9.64630225080386E-3,12.333333333333334
2026-04-07,1000000045,1000000064,7,311,2.2508038585209004E-2,21.857142857142858
2026-04-07,1000000045,1000000066,1,311,3.215434083601286E-3,11
2026-04-07,1000000045,1000000085,1,311,3.215434083601286E-3,0
2026-04-07,1000000045,1000000086,1,311,3.215434083601286E-3,56
2026-04-07,1000000045,1000000091,2,311,6.430868167202572E-3,5.0E-1
2026-04-07,1000000045,1000000108,3,311,9.64630225080386E-3,18.666666666666668
2026-04-07,1000000045,1000000112,1,311,3.215434083601286E-3,9
2026-04-07,1000000045,1000000113,1,311,3.215434083601286E-3,0
2026-04-07,1000000045,1000000121,2,311,6.430868167202572E-3,6.5
2026-04-07,1000000045,1000000153,2,311,6.430868167202572E-3,0
2026-04-07,1000000045,1000000156,2,311,6.430868167202572E-3,21
2026-04-07,1000000062,1000000027,1,240,4.166666666666667E-3,0
2026-04-07,1000000062,1000000028,1,240,4.166666666666667E-3,7
2026-04-07,1000000062,1000000042,2,240,8.333333333333333E-3,51
2026-04-07,1000000062,1000000045,3,240,1.25E-2,32
2026-04-07,1000000062,1000000062,6,240,2.5E-2,7.166666666666667
2026-04-07,1000000062,1000000063,1,240,4.166666666666667E-3,0
2026-04-07,1000000062,1000000064,6,240,2.5E-2,15.666666666666666
2026-04-07,1000000062,1000000065,1,240,4.166666666666667E-3,12
2026-04-07,1000000062,1000000066,1,240,4.166666666666667E-3,11
2026-04-07,1000000062,1000000087,1,240,4.166666666666667E-3,71
2026-04-07,1000000062,1000000093,1,240,4.166666666666667E-3,22
2026-04-07,1000000062,1000000111,1,240,4.166666666666667E-3,37
2026-04-07,1000000062,1000000121,1,240,4.166666666666667E-3,1
2026-04-07,1000000062,1000000153,1,240,4.166666666666667E-3,0
2026-04-07,1000000063,1000000042,4,296,1.3513513513513514E-2,39.75
2026-04-07,1000000063,1000000043,3,296,1.0135135135135136E-2,1.3333333333333333
2026-04-07,1000000063,1000000044,4,296,1.3513513513513514E-2,29.25
2026-04-07,1000000063,1000000045,1,296,3.3783783783783786E-3,6
2026-04-07,1000000063,1000000062,6,296,2.027027027027027E-2,10.166666666666666
2026-04-07,1000000063,1000000063,11,296,3.7162162162162164E-2,22
2026-04-07,1000000063,1000000064,9,296,3.0405405405405407E-2,19.333333333333332
2026-04-07,1000000063,1000000069,1,296,3.3783783783783786E-3,9
2026-04-07,1000000063,1000000087,3,296,1.0135135135135136E-2,16
2026-04-07,1000000063,1000000088,1,296,3.3783783783783786E-3,0
2026-04-07,1000000063,1000000090,2,296,6.756756756756757E-3,20.5
2026-04-07,1000000063,1000000092,1,296,3.3783783783783786E-3,1
2026-04-07,1000000063,1000000093,2,296,6.756756756756757E-3,48.5
2026-04-07,1000000063,1000000108,2,296,6.756756756756757E-3,28
2026-04-07,1000000063,1000000112,1,296,3.3783783783783786E-3,9
2026-04-07,1000000063,1000000127,1,296,3.3783783783783786E-3,0
2026-04-07,1000000064,1000000033,1,1667,5.998800239952009E-4,0
2026-04-07,1000000064,1000000035,1,1667,5.998800239952009E-4,46
2026-04-07,1000000064,1000000042,13,1667,7.798440311937612E-3,22.384615384615383
2026-04-07,1000000064,1000000043,8,1667,4.799040191961607E-3,17.375
2026-04-07,1000000064,1000000044,5,1667,2.999400119976005E-3,16
2026-04-07,1000000064,1000000045,6,1667,3.599280143971206E-3,21.333333333333332
2026-04-07,1000000064,1000000062,3,1667,1.799640071985603E-3,23.333333333333332
2026-04-07,1000000064,1000000063,9,1667,5.398920215956809E-3,20.444444444444443
2026-04-07,1000000064,1000000064,134,1667,8.038392321535692E-2,13.194029850746269
2026-04-07,1000000064,1000000069,1,1667,5.998800239952009E-4,0
2026-04-07,1000000064,1000000083,1,1667,5.998800239952009E-4,0
2026-04-07,1000000064,1000000084,2,1667,1.1997600479904018E-3,35
2026-04-07,1000000064,1000000085,4,1667,2.3995200959808036E-3,17.5
2026-04-07,1000000064,1000000086,2,1667,1.1997600479904018E-3,48.5
2026-04-07,1000000064,1000000088,5,1667,2.999400119976005E-3,21.4
2026-04-07,1000000064,1000000090,1,1667,5.998800239952009E-4,3
2026-04-07,1000000064,1000000091,5,1667,2.999400119976005E-3,7.8
2026-04-07,1000000064,1000000092,2,1667,1.1997600479904018E-3,24.5
2026-04-07,1000000064,1000000093,7,1667,4.199160167966407E-3,2.857142857142857
2026-04-07,1000000064,1000000094,2,1667,1.1997600479904018E-3,15
2026-04-07,1000000064,1000000108,2,1667,1.1997600479904018E-3,0
2026-04-07,1000000064,1000000111,2,1667,1.1997600479904018E-3,10
2026-04-07,1000000064,1000000113,2,1667,1.1997600479904018E-3,5.0E-1
2026-04-07,1000000064,1000000121,2,1667,1.1997600479904018E-3,6.5
2026-04-07,1000000064,1000000127,3,1667,1.799640071985603E-3,19.666666666666668
2026-04-07,1000000064,1000000128,1,1667,5.998800239952009E-4,24
2026-04-07,1000000064,1000000142,2,1667,1.1997600479904018E-3,2
2026-04-07,1000000064,1000000153,2,1667,1.1997600479904018E-3,0
2026-04-07,1000000064,1000000156,3,1667,1.799640071985603E-3,32.666666666666664
2026-04-07,1000000065,1000000027,1,50,2.0E-2,39
2026-04-07,1000000065,1000000035,1,50,2.0E-2,19
2026-04-07,1000000065,1000000042,2,50,4.0E-2,8
2026-04-07,1000000065,1000000043,2,50,4.0E-2,11
2026-04-07,1000000065,1000000045,1,50,2.0E-2,90
2026-04-07,1000000065,1000000065,1,50,2.0E-2,20
2026-04-07,1000000065,1000000111,1,50,2.0E-2,6
2026-04-07,1000000066,1000000042,1,86,1.1627906976744186E-2,24
2026-04-07,1000000066,1000000043,2,86,2.3255813953488372E-2,51
2026-04-07,1000000066,1000000044,3,86,3.488372093023256E-2,6.666666666666667
2026-04-07,1000000066,1000000063,1,86,1.1627906976744186E-2,23
2026-04-07,1000000066,1000000064,2,86,2.3255813953488372E-2,5.5
2026-04-07,1000000066,1000000065,1,86,1.1627906976744186E-2,20
2026-04-07,1000000066,1000000066,1,86,1.1627906976744186E-2,0
2026-04-07,1000000066,1000000084,1,86,1.1627906976744186E-2,18
2026-04-07,1000000066,1000000087,1,86,1.1627906976744186E-2,1
2026-04-07,1000000066,1000000111,1,86,1.1627906976744186E-2,0
2026-04-07,1000000069,1000000028,1,103,9.708737864077669E-3,12
2026-04-07,1000000069,1000000042,2,103,1.9417475728155338E-2,20
2026-04-07,1000000069,1000000043,1,103,9.708737864077669E-3,0
2026-04-07,1000000069,1000000044,1,103,9.708737864077669E-3,36
2026-04-07,1000000069,1000000045,1,103,9.708737864077669E-3,15
2026-04-07,1000000069,1000000063,1,103,9.708737864077669E-3,35
2026-04-07,1000000069,1000000064,2,103,1.9417475728155338E-2,41
2026-04-07,1000000069,1000000086,1,103,9.708737864077669E-3,0
2026-04-07,1000000069,1000000091,1,103,9.708737864077669E-3,0
2026-04-07,1000000069,1000000121,1,103,9.708737864077669E-3,12
2026-04-07,1000000069,1000000154,1,103,9.708737864077669E-3,36
2026-04-07,1000000070,1000000044,1,23,4.3478260869565216E-2,20
2026-04-07,1000000070,1000000062,1,23,4.3478260869565216E-2,53
2026-04-07,1000000070,1000000064,1,23,4.3478260869565216E-2,4
2026-04-07,1000000070,1000000070,1,23,4.3478260869565216E-2,8
2026-04-07,1000000071,1000000042,1,35,2.857142857142857E-2,9
2026-04-07,1000000071,1000000043,1,35,2.857142857142857E-2,21
2026-04-07,1000000071,1000000064,1,35,2.857142857142857E-2,33
2026-04-07,1000000071,1000000065,1,35,2.857142857142857E-2,12
2026-04-07,1000000071,1000000108,1,35,2.857142857142857E-2,0
2026-04-07,1000000071,1000000121,1,35,2.857142857142857E-2,21
2026-04-07,1000000072,1000000062,1,13,7.692307692307693E-2,11
2026-04-07,1000000072,1000000064,1,13,7.692307692307693E-2,8
2026-04-07,1000000083,1000000028,1,78,1.282051282051282E-2,18
2026-04-07,1000000083,1000000035,1,78,1.282051282051282E-2,19
2026-04-07,1000000083,1000000042,3,78,3.8461538461538464E-2,29
2026-04-07,1000000083,1000000044,1,78,1.282051282051282E-2,13
2026-04-07,1000000083,1000000045,1,78,1.282051282051282E-2,0
2026-04-07,1000000083,1000000064,3,78,3.8461538461538464E-2,26.333333333333332
2026-04-07,1000000083,1000000069,1,78,1.282051282051282E-2,9
2026-04-07,1000000083,1000000083,1,78,1.282051282051282E-2,43
2026-04-07,1000000083,1000000088,1,78,1.282051282051282E-2,12
2026-04-07,1000000083,1000000094,1,78,1.282051282051282E-2,0
2026-04-07,1000000083,1000000108,1,78,1.282051282051282E-2,0
2026-04-07,1000000083,1000000121,1,78,1.282051282051282E-2,1
2026-04-07,1000000084,1000000064,2,147,1.3605442176870748E-2,25.5
2026-04-07,1000000084,1000000083,1,147,6.802721088435374E-3,1
2026-04-07,1000000084,1000000084,4,147,2.7210884353741496E-2,2.5
2026-04-07,1000000084,1000000087,1,147,6.802721088435374E-3,0
2026-04-07,1000000084,1000000088,2,147,1.3605442176870748E-2,3.5
2026-04-07,1000000084,1000000092,1,147,6.802721088435374E-3,0
2026-04-07,1000000084,1000000093,2,147,1.3605442176870748E-2,41
2026-04-07,1000000084,1000000108,2,147,1.3605442176870748E-2,0
2026-04-07,1000000084,1000000110,2,147,1.3605442176870748E-2,1
2026-04-07,1000000085,1000000033,1,318,3.1446540880503146E-3,4
2026-04-07,1000000085,1000000035,1,318,3.1446540880503146E-3,47
2026-04-07,1000000085,1000000042,1,318,3.1446540880503146E-3,27
2026-04-07,1000000085,1000000045,2,318,6.289308176100629E-3,0
2026-04-07,1000000085,1000000064,2,318,6.289308176100629E-3,0
2026-04-07,1000000085,1000000084,4,318,1.2578616352201259E-2,23.5
2026-04-07,1000000085,1000000085,17,318,5.345911949685535E-2,9.588235294117647
2026-04-07,1000000085,1000000086,10,318,3.1446540880503145E-2,7
2026-04-07,1000000085,1000000087,7,318,2.20125786163522E-2,4.142857142857143
2026-04-07,1000000085,1000000088,7,318,2.20125786163522E-2,7.142857142857143E-1
2026-04-07,1000000085,1000000089,1,318,3.1446540880503146E-3,36
2026-04-07,1000000085,1000000090,2,318,6.289308176100629E-3,1.5
2026-04-07,1000000085,1000000091,2,318,6.289308176100629E-3,33.5
2026-04-07,1000000085,1000000092,3,318,9.433962264150943E-3,3.333333333333333E-1
2026-04-07,1000000085,1000000093,1,318,3.1446540880503146E-3,0
2026-04-07,1000000085,1000000108,2,318,6.289308176100629E-3,5.0E-1
2026-04-07,1000000085,1000000111,1,318,3.1446540880503146E-3,0
2026-04-07,1000000085,1000000153,1,318,3.1446540880503146E-3,1
2026-04-07,1000000086,1000000045,1,200,5.0E-3,6
2026-04-07,1000000086,1000000063,1,200,5.0E-3,60
2026-04-07,1000000086,1000000064,2,200,1.0E-2,12
2026-04-07,1000000086,1000000084,4,200,2.0E-2,21.25
2026-04-07,1000000086,1000000085,12,200,6.0E-2,12.416666666666666
2026-04-07,1000000086,1000000086,20,200,1.0E-1,11.4
2026-04-07,1000000086,1000000087,7,200,3.5E-2,4.714285714285714
2026-04-07,1000000086,1000000088,6,200,3.0E-2,0
2026-04-07,1000000086,1000000089,2,200,1.0E-2,35
2026-04-07,1000000086,1000000090,1,200,5.0E-3,0
2026-04-07,1000000086,1000000092,1,200,5.0E-3,0
2026-04-07,1000000086,1000000113,1,200,5.0E-3,0
2026-04-07,1000000087,1000000033,1,464,2.1551724137931034E-3,22
2026-04-07,1000000087,1000000035,1,464,2.1551724137931034E-3,46
2026-04-07,1000000087,1000000043,2,464,4.310344827586207E-3,1
2026-04-07,1000000087,1000000044,1,464,2.1551724137931034E-3,5
2026-04-07,1000000087,1000000064,6,464,1.293103448275862E-2,34.666666666666664
2026-04-07,1000000087,1000000084,3,464,6.46551724137931E-3,9.333333333333334
2026-04-07,1000000087,1000000085,9,464,1.939655172413793E-2,9.222222222222221
2026-04-07,1000000087,1000000086,6,464,1.293103448275862E-2,10.833333333333334
2026-04-07,1000000087,1000000087,32,464,6.896551724137931E-2,15.65625
2026-04-07,1000000087,1000000088,14,464,3.017241379310345E-2,10.714285714285714
2026-04-07,1000000087,1000000092,2,464,4.310344827586207E-3,42
2026-04-07,1000000087,1000000093,4,464,8.620689655172414E-3,2.25
2026-04-07,1000000087,1000000094,1,464,2.1551724137931034E-3,0
2026-04-07,1000000087,1000000143,1,464,2.1551724137931034E-3,2
2026-04-07,1000000088,1000000063,1,355,2.8169014084507044E-3,0
2026-04-07,1000000088,1000000064,8,355,2.2535211267605635E-2,25.625
2026-04-07,1000000088,1000000083,1,355,2.8169014084507044E-3,80
2026-04-07,1000000088,1000000084,1,355,2.8169014084507044E-3,52
2026-04-07,1000000088,1000000085,7,355,1.971830985915493E-2,8.571428571428571
2026-04-07,1000000088,1000000086,8,355,2.2535211267605635E-2,9.5
2026-04-07,1000000088,1000000087,10,355,2.8169014084507043E-2,4.1
2026-04-07,1000000088,1000000088,39,355,1.0985915492957747E-1,8.615384615384615
2026-04-07,1000000088,1000000089,2,355,5.633802816901409E-3,4.5
2026-04-07,1000000088,1000000090,1,355,2.8169014084507044E-3,0
2026-04-07,1000000088,1000000092,1,355,2.8169014084507044E-3,0
2026-04-07,1000000088,1000000094,2,355,5.633802816901409E-3,37
2026-04-07,1000000088,1000000112,2,355,5.633802816901409E-3,5.0E-1
2026-04-07,1000000088,1000000121,1,355,2.8169014084507044E-3,13
2026-04-07,1000000088,1000000142,2,355,5.633802816901409E-3,4.5
2026-04-07,1000000089,1000000033,1,50,2.0E-2,87
2026-04-07,1000000089,1000000086,1,50,2.0E-2,0
2026-04-07,1000000089,1000000087,3,50,6.0E-2,3.333333333333333E-1
2026-04-07,1000000089,1000000088,4,50,8.0E-2,4.75
2026-04-07,1000000089,1000000089,4,50,8.0E-2,8.75
2026-04-07,1000000089,1000000091,1,50,2.0E-2,0
2026-04-07,1000000089,1000000111,1,50,2.0E-2,32
2026-04-07,1000000089,1000000112,1,50,2.0E-2,0
2026-04-07,1000000090,1000000028,1,128,7.8125E-3,12
2026-04-07,1000000090,1000000063,1,128,7.8125E-3,0
2026-04-07,1000000090,1000000064,1,128,7.8125E-3,76
2026-04-07,1000000090,1000000085,1,128,7.8125E-3,0
2026-04-07,1000000090,1000000090,3,128,2.34375E-2,2
2026-04-07,1000000090,1000000091,1,128,7.8125E-3,4
2026-04-07,1000000090,1000000092,1,128,7.8125E-3,0
2026-04-07,1000000090,1000000093,1,128,7.8125E-3,0
2026-04-07,1000000090,1000000094,1,128,7.8125E-3,0
2026-04-07,1000000090,1000000111,1,128,7.8125E-3,2
2026-04-07,1000000090,1000000112,1,128,7.8125E-3,0
2026-04-07,1000000091,1000000028,1,180,5.555555555555556E-3,12
2026-04-07,1000000091,1000000035,1,180,5.555555555555556E-3,47
2026-04-07,1000000091,1000000045,3,180,1.6666666666666666E-2,2
2026-04-07,1000000091,1000000064,4,180,2.2222222222222223E-2,13
2026-04-07,1000000091,1000000085,2,180,1.1111111111111112E-2,38
2026-04-07,1000000091,1000000086,2,180,1.1111111111111112E-2,14
2026-04-07,1000000091,1000000087,2,180,1.1111111111111112E-2,24.5
2026-04-07,1000000091,1000000089,1,180,5.555555555555556E-3,0
2026-04-07,1000000091,1000000090,3,180,1.6666666666666666E-2,4.333333333333333
2026-04-07,1000000091,1000000091,11,180,6.111111111111111E-2,7.454545454545454
2026-04-07,1000000091,1000000092,2,180,1.1111111111111112E-2,10
2026-04-07,1000000091,1000000093,2,180,1.1111111111111112E-2,9
2026-04-07,1000000091,1000000094,2,180,1.1111111111111112E-2,0
2026-04-07,1000000091,1000000111,1,180,5.555555555555556E-3,4
2026-04-07,1000000092,1000000028,1,156,6.41025641025641E-3,12
2026-04-07,1000000092,1000000064,4,156,2.564102564102564E-2,12
2026-04-07,1000000092,1000000084,1,156,6.41025641025641E-3,0
2026-04-07,1000000092,1000000085,2,156,1.282051282051282E-2,0
2026-04-07,1000000092,1000000086,1,156,6.41025641025641E-3,0
2026-04-07,1000000092,1000000087,2,156,1.282051282051282E-2,1
2026-04-07,1000000092,1000000088,1,156,6.41025641025641E-3,0
2026-04-07,1000000092,1000000090,3,156,1.9230769230769232E-2,1
2026-04-07,1000000092,1000000091,3,156,1.9230769230769232E-2,9.333333333333334
2026-04-07,1000000092,1000000092,8,156,5.128205128205128E-2,8.875
2026-04-07,1000000092,1000000093,1,156,6.41025641025641E-3,6
2026-04-07,1000000092,1000000111,1,156,6.41025641025641E-3,0
2026-04-07,1000000093,1000000044,2,706,2.8328611898017E-3,49.5
2026-04-07,1000000093,1000000045,2,706,2.8328611898017E-3,8
2026-04-07,1000000093,1000000062,4,706,5.6657223796034E-3,50.75
2026-04-07,1000000093,1000000064,9,706,1.2747875354107648E-2,3.3333333333333335
2026-04-07,1000000093,1000000084,1,706,1.41643059490085E-3,3
2026-04-07,1000000093,1000000085,2,706,2.8328611898017E-3,0
2026-04-07,1000000093,1000000086,1,706,1.41643059490085E-3,6
2026-04-07,1000000093,1000000087,4,706,5.6657223796034E-3,3.5
2026-04-07,1000000093,1000000088,1,706,1.41643059490085E-3,62
2026-04-07,1000000093,1000000090,1,706,1.41643059490085E-3,0
2026-04-07,1000000093,1000000091,2,706,2.8328611898017E-3,0
2026-04-07,1000000093,1000000093,78,706,1.1048158640226628E-1,6.448717948717949
2026-04-07,1000000093,1000000094,3,706,4.24929178470255E-3,0
2026-04-07,1000000093,1000000108,6,706,8.4985835694051E-3,24.333333333333332
2026-04-07,1000000093,1000000110,2,706,2.8328611898017E-3,0
2026-04-07,1000000093,1000000111,7,706,9.915014164305949E-3,7.142857142857143E-1
2026-04-07,1000000093,1000000112,2,706,2.8328611898017E-3,2
2026-04-07,1000000093,1000000113,1,706,1.41643059490085E-3,14
2026-04-07,1000000094,1000000035,1,190,5.263157894736842E-3,0
2026-04-07,1000000094,1000000044,1,190,5.263157894736842E-3,13
2026-04-07,1000000094,1000000064,1,190,5.263157894736842E-3,5
2026-04-07,1000000094,1000000084,1,190,5.263157894736842E-3,30
2026-04-07,1000000094,1000000086,1,190,5.263157894736842E-3,73
2026-04-07,1000000094,1000000088,1,190,5.263157894736842E-3,16
2026-04-07,1000000094,1000000089,1,190,5.263157894736842E-3,36
2026-04-07,1000000094,1000000090,1,190,5.263157894736842E-3,25
2026-04-07,1000000094,1000000091,2,190,1.0526315789473684E-2,2.5
2026-04-07,1000000094,1000000092,1,190,5.263157894736842E-3,18
2026-04-07,1000000094,1000000093,2,190,1.0526315789473684E-2,0
2026-04-07,1000000094,1000000094,16,190,8.421052631578947E-2,12.875
2026-04-07,1000000094,1000000095,1,190,5.263157894736842E-3,40
2026-04-07,1000000094,1000000108,3,190,1.5789473684210527E-2,4.333333333333333
2026-04-07,1000000094,1000000110,2,190,1.0526315789473684E-2,1
2026-04-07,1000000094,1000000111,4,190,2.1052631578947368E-2,34.25
2026-04-07,1000000095,1000000094,1,7,1.4285714285714285E-1,21
2026-04-07,1000000108,1000000035,1,248,4.032258064516129E-3,15
2026-04-07,1000000108,1000000042,1,248,4.032258064516129E-3,83
2026-04-07,1000000108,1000000043,1,248,4.032258064516129E-3,0
2026-04-07,1000000108,1000000044,1,248,4.032258064516129E-3,82
2026-04-07,1000000108,1000000045,3,248,1.2096774193548387E-2,0
2026-04-07,1000000108,1000000064,2,248,8.064516129032258E-3,43
2026-04-07,1000000108,1000000071,1,248,4.032258064516129E-3,12
2026-04-07,1000000108,1000000083,1,248,4.032258064516129E-3,0
2026-04-07,1000000108,1000000084,1,248,4.032258064516129E-3,0
2026-04-07,1000000108,1000000087,1,248,4.032258064516129E-3,0
2026-04-07,1000000108,1000000091,1,248,4.032258064516129E-3,0
2026-04-07,1000000108,1000000092,2,248,8.064516129032258E-3,21
2026-04-07,1000000108,1000000093,7,248,2.8225806451612902E-2,9.142857142857142
2026-04-07,1000000108,1000000094,3,248,1.2096774193548387E-2,5.666666666666667
2026-04-07,1000000108,1000000108,23,248,9.274193548387097E-2,9.478260869565217
2026-04-07,1000000108,1000000111,1,248,4.032258064516129E-3,0
2026-04-07,1000000108,1000000112,2,248,8.064516129032258E-3,19
2026-04-07,1000000110,1000000027,1,71,1.4084507042253521E-2,39
2026-04-07,1000000110,1000000083,1,71,1.4084507042253521E-2,2
2026-04-07,1000000110,1000000093,1,71,1.4084507042253521E-2,0
2026-04-07,1000000110,1000000094,1,71,1.4084507042253521E-2,0
2026-04-07,1000000110,1000000108,1,71,1.4084507042253521E-2,0
2026-04-07,1000000110,1000000110,7,71,9.859154929577464E-2,5.857142857142857
2026-04-07,1000000110,1000000112,1,71,1.4084507042253521E-2,0
2026-04-07,1000000111,1000000045,1,337,2.967359050445104E-3,14
2026-04-07,1000000111,1000000062,2,337,5.934718100890208E-3,1.5
2026-04-07,1000000111,1000000064,8,337,2.373887240356083E-2,16.5
2026-04-07,1000000111,1000000066,1,337,2.967359050445104E-3,0
2026-04-07,1000000111,1000000085,1,337,2.967359050445104E-3,0
2026-04-07,1000000111,1000000086,1,337,2.967359050445104E-3,73
2026-04-07,1000000111,1000000087,1,337,2.967359050445104E-3,3
2026-04-07,1000000111,1000000088,2,337,5.934718100890208E-3,31
2026-04-07,1000000111,1000000091,2,337,5.934718100890208E-3,15
2026-04-07,1000000111,1000000092,1,337,2.967359050445104E-3,0
2026-04-07,1000000111,1000000093,11,337,3.2640949554896145E-2,9.181818181818182
2026-04-07,1000000111,1000000094,1,337,2.967359050445104E-3,0
2026-04-07,1000000111,1000000108,1,337,2.967359050445104E-3,0
2026-04-07,1000000111,1000000110,2,337,5.934718100890208E-3,1
2026-04-07,1000000111,1000000111,34,337,1.0089020771513353E-1,9.352941176470589
2026-04-07,1000000111,1000000112,1,337,2.967359050445104E-3,0
2026-04-07,1000000111,1000000113,1,337,2.967359050445104E-3,0
2026-04-07,1000000111,1000000156,1,337,2.967359050445104E-3,41
2026-04-07,1000000112,1000000042,1,93,1.0752688172043012E-2,1
2026-04-07,1000000112,1000000043,1,93,1.0752688172043012E-2,66
2026-04-07,1000000112,1000000044,1,93,1.0752688172043012E-2,82
2026-04-07,1000000112,1000000045,1,93,1.0752688172043012E-2,0
2026-04-07,1000000112,1000000064,2,93,2.1505376344086023E-2,54.5
2026-04-07,1000000112,1000000072,1,93,1.0752688172043012E-2,1
2026-04-07,1000000112,1000000086,1,93,1.0752688172043012E-2,0
2026-04-07,1000000112,1000000088,2,93,2.1505376344086023E-2,2
2026-04-07,1000000112,1000000090,1,93,1.0752688172043012E-2,0
2026-04-07,1000000112,1000000093,1,93,1.0752688172043012E-2,0
2026-04-07,1000000112,1000000110,1,93,1.0752688172043012E-2,0
2026-04-07,1000000112,1000000112,3,93,3.225806451612903E-2,0
2026-04-07,1000000113,1000000044,1,102,9.80392156862745E-3,0
2026-04-07,1000000113,1000000045,2,102,1.96078431372549E-2,3
2026-04-07,1000000113,1000000063,2,102,1.96078431372549E-2,3
2026-04-07,1000000113,1000000064,3,102,2.9411764705882353E-2,11.666666666666666
2026-04-07,1000000113,1000000085,1,102,9.80392156862745E-3,14
2026-04-07,1000000113,1000000111,2,102,1.96078431372549E-2,5.0E-1
2026-04-07,1000000113,1000000113,8,102,7.84313725490196E-2,7.25
2026-04-07,1000000113,1000000127,1,102,9.80392156862745E-3,0
2026-04-07,1000000121,1000000035,1,184,5.434782608695652E-3,52
2026-04-07,1000000121,1000000042,2,184,1.0869565217391304E-2,39.5
2026-04-07,1000000121,1000000043,1,184,5.434782608695652E-3,16
2026-04-07,1000000121,1000000044,1,184,5.434782608695652E-3,13
2026-04-07,1000000121,1000000064,2,184,1.0869565217391304E-2,5.5
2026-04-07,1000000121,1000000070,1,184,5.434782608695652E-3,8
2026-04-07,1000000121,1000000086,2,184,1.0869565217391304E-2,35.5
2026-04-07,1000000121,1000000087,1,184,5.434782608695652E-3,0
2026-04-07,1000000121,1000000093,1,184,5.434782608695652E-3,24
2026-04-07,1000000121,1000000111,1,184,5.434782608695652E-3,6
2026-04-07,1000000121,1000000121,17,184,9.239130434782608E-2,8.588235294117647
2026-04-07,1000000127,1000000045,2,247,8.097165991902834E-3,0
2026-04-07,1000000127,1000000062,2,247,8.097165991902834E-3,0
2026-04-07,1000000127,1000000063,1,247,4.048582995951417E-3,0
2026-04-07,1000000127,1000000064,13,247,5.263157894736842E-2,24.76923076923077
2026-04-07,1000000127,1000000086,2,247,8.097165991902834E-3,18
2026-04-07,1000000127,1000000088,1,247,4.048582995951417E-3,0
2026-04-07,1000000127,1000000090,1,247,4.048582995951417E-3,41
2026-04-07,1000000127,1000000091,1,247,4.048582995951417E-3,0
2026-04-07,1000000127,1000000093,1,247,4.048582995951417E-3,14
2026-04-07,1000000127,1000000108,1,247,4.048582995951417E-3,0
2026-04-07,1000000127,1000000111,1,247,4.048582995951417E-3,0
2026-04-07,1000000127,1000000113,1,247,4.048582995951417E-3,0
2026-04-07,1000000127,1000000127,2,247,8.097165991902834E-3,6
2026-04-07,1000000128,1000000027,1,61,1.639344262295082E-2,39
2026-04-07,1000000128,1000000042,1,61,1.639344262295082E-2,24
2026-04-07,1000000128,1000000043,1,61,1.639344262295082E-2,4
2026-04-07,1000000128,1000000045,1,61,1.639344262295082E-2,90
2026-04-07,1000000128,1000000064,1,61,1.639344262295082E-2,11
2026-04-07,1000000128,1000000087,1,61,1.639344262295082E-2,0
2026-04-07,1000000128,1000000093,1,61,1.639344262295082E-2,14
2026-04-07,1000000128,1000000111,1,61,1.639344262295082E-2,0
2026-04-07,1000000128,1000000143,1,61,1.639344262295082E-2,2
2026-04-07,1000000142,1000000035,2,35,5.714285714285714E-2,39
2026-04-07,1000000142,1000000043,1,35,2.857142857142857E-2,21
2026-04-07,1000000142,1000000045,1,35,2.857142857142857E-2,90
2026-04-07,1000000142,1000000064,1,35,2.857142857142857E-2,0
2026-04-07,1000000142,1000000088,1,35,2.857142857142857E-2,0
2026-04-07,1000000142,1000000108,1,35,2.857142857142857E-2,1
2026-04-07,1000000143,1000000042,2,25,8.0E-2,20.5
2026-04-07,1000000143,1000000043,1,25,4.0E-2,22
2026-04-07,1000000143,1000000088,1,25,4.0E-2,0
2026-04-07,1000000143,1000000091,1,25,4.0E-2,1
2026-04-07,1000000144,1000000064,2,61,3.278688524590164E-2,31
2026-04-07,1000000144,1000000087,1,61,1.639344262295082E-2,0
2026-04-07,1000000144,1000000089,1,61,1.639344262295082E-2,79
2026-04-07,1000000144,1000000111,1,61,1.639344262295082E-2,0
2026-04-07,1000000144,1000000128,1,61,1.639344262295082E-2,32
2026-04-07,1000000153,1000000042,1,55,1.818181818181818E-2,0
2026-04-07,1000000153,1000000045,1,55,1.818181818181818E-2,0
2026-04-07,1000000153,1000000062,1,55,1.818181818181818E-2,0
2026-04-07,1000000153,1000000153,3,55,5.454545454545454E-2,29.333333333333332
2026-04-07,1000000153,1000000156,2,55,3.636363636363636E-2,7.5
2026-04-07,1000000154,1000000045,1,36,2.7777777777777776E-2,51
2026-04-07,1000000154,1000000153,1,36,2.7777777777777776E-2,28
2026-04-07,1000000154,1000000154,4,36,1.111111111111111E-1,28
2026-04-07,1000000156,1000000042,1,68,1.4705882352941176E-2,0
2026-04-07,1000000156,1000000044,1,68,1.4705882352941176E-2,0
2026-04-07,1000000156,1000000153,1,68,1.4705882352941176E-2,0
2026-04-07,1000000156,1000000156,10,68,1.4705882352941177E-1,18.7
2026-04-08,1000000027,1000000027,2,15,1.3333333333333333E-1,63.5
2026-04-08,1000000027,1000000043,1,15,6.666666666666667E-2,30
2026-04-08,1000000027,1000000062,1,15,6.666666666666667E-2,0
2026-04-08,1000000028,1000000028,1,14,7.142857142857142E-2,11
2026-04-08,1000000028,1000000071,1,14,7.142857142857142E-2,17
2026-04-08,1000000033,1000000033,3,46,6.521739130434782E-2,40
2026-04-08,1000000033,1000000042,1,46,2.1739130434782608E-2,0
2026-04-08,1000000033,1000000043,1,46,2.1739130434782608E-2,54
2026-04-08,1000000033,1000000045,2,46,4.3478260869565216E-2,3
2026-04-08,1000000033,1000000128,1,46,2.1739130434782608E-2,32
2026-04-08,1000000035,1000000033,2,77,2.5974025974025976E-2,32.5
2026-04-08,1000000035,1000000035,1,77,1.2987012987012988E-2,19
2026-04-08,1000000035,1000000042,2,77,2.5974025974025976E-2,37
2026-04-08,1000000035,1000000043,1,77,1.2987012987012988E-2,0
2026-04-08,1000000035,1000000063,1,77,1.2987012987012988E-2,8
2026-04-08,1000000035,1000000064,1,77,1.2987012987012988E-2,28
2026-04-08,1000000035,1000000083,1,77,1.2987012987012988E-2,24
2026-04-08,1000000035,1000000084,1,77,1.2987012987012988E-2,18
2026-04-08,1000000035,1000000087,1,77,1.2987012987012988E-2,20
2026-04-08,1000000035,1000000089,1,77,1.2987012987012988E-2,9
2026-04-08,1000000035,1000000094,1,77,1.2987012987012988E-2,0
2026-04-08,1000000035,1000000121,2,77,2.5974025974025976E-2,36.5
2026-04-08,1000000035,1000000156,1,77,1.2987012987012988E-2,56
2026-04-08,1000000042,1000000027,2,188,1.0638297872340425E-2,19.5
2026-04-08,1000000042,1000000033,1,188,5.319148936170213E-3,0
2026-04-08,1000000042,1000000035,1,188,5.319148936170213E-3,78
2026-04-08,1000000042,1000000042,22,188,1.1702127659574468E-1,32.27272727272727
2026-04-08,1000000042,1000000043,4,188,2.127659574468085E-2,10.75
2026-04-08,1000000042,1000000044,1,188,5.319148936170213E-3,13
2026-04-08,1000000042,1000000045,4,188,2.127659574468085E-2,31.5
2026-04-08,1000000042,1000000063,1,188,5.319148936170213E-3,1
2026-04-08,1000000042,1000000064,4,188,2.127659574468085E-2,22
2026-04-08,1000000042,1000000065,1,188,5.319148936170213E-3,0
2026-04-08,1000000042,1000000084,1,188,5.319148936170213E-3,8
2026-04-08,1000000042,1000000087,1,188,5.319148936170213E-3,1
2026-04-08,1000000042,1000000088,1,188,5.319148936170213E-3,0
2026-04-08,1000000042,1000000112,1,188,5.319148936170213E-3,9
2026-04-08,1000000042,1000000121,3,188,1.5957446808510637E-2,16
2026-04-08,1000000043,1000000033,1,194,5.154639175257732E-3,33
2026-04-08,1000000043,1000000042,10,194,5.154639175257732E-2,25.6
2026-04-08,1000000043,1000000043,12,194,6.1855670103092786E-2,19.666666666666668
2026-04-08,1000000043,1000000044,5,194,2.577319587628866E-2,9.8
2026-04-08,1000000043,1000000045,3,194,1.5463917525773196E-2,2.3333333333333335
2026-04-08,1000000043,1000000062,1,194,5.154639175257732E-3,35
2026-04-08,1000000043,1000000064,2,194,1.0309278350515464E-2,31.5
2026-04-08,1000000043,1000000087,2,194,1.0309278350515464E-2,10.5
2026-04-08,1000000043,1000000108,2,194,1.0309278350515464E-2,1.5
2026-04-08,1000000043,1000000111,1,194,5.154639175257732E-3,29
2026-04-08,1000000043,1000000121,2,194,1.0309278350515464E-2,11
2026-04-08,1000000044,1000000027,1,141,7.0921985815602835E-3,39
2026-04-08,1000000044,1000000033,1,141,7.0921985815602835E-3,46
2026-04-08,1000000044,1000000042,7,141,4.964539007092199E-2,27.428571428571427
2026-04-08,1000000044,1000000043,3,141,2.127659574468085E-2,10.333333333333334
2026-04-08,1000000044,1000000044,4,141,2.8368794326241134E-2,21.5
2026-04-08,1000000044,1000000045,2,141,1.4184397163120567E-2,32.5
2026-04-08,1000000044,1000000062,1,141,7.0921985815602835E-3,0
2026-04-08,1000000044,1000000070,1,141,7.0921985815602835E-3,8
2026-04-08,1000000044,1000000084,1,141,7.0921985815602835E-3,18
2026-04-08,1000000044,1000000085,1,141,7.0921985815602835E-3,45
2026-04-08,1000000044,1000000088,1,141,7.0921985815602835E-3,16
2026-04-08,1000000044,1000000112,1,141,7.0921985815602835E-3,9
2026-04-08,1000000044,1000000113,1,141,7.0921985815602835E-3,0
2026-04-08,1000000044,1000000121,2,141,1.4184397163120567E-2,21.5
2026-04-08,1000000044,1000000156,1,141,7.0921985815602835E-3,0
2026-04-08,1000000045,1000000027,1,310,3.2258064516129032E-3,39
2026-04-08,1000000045,1000000033,2,310,6.4516129032258064E-3,23
2026-04-08,1000000045,1000000035,1,310,3.2258064516129032E-3,27
2026-04-08,1000000045,1000000042,9,310,2.903225806451613E-2,18.666666666666668
2026-04-08,1000000045,1000000043,5,310,1.6129032258064516E-2,6.8
2026-04-08,1000000045,1000000044,2,310,6.4516129032258064E-3,10.5
2026-04-08,1000000045,1000000045,18,310,5.806451612903226E-2,17.944444444444443
2026-04-08,1000000045,1000000063,3,310,9.67741935483871E-3,12.333333333333334
2026-04-08,1000000045,1000000064,7,310,2.258064516129032E-2,21.857142857142858
2026-04-08,1000000045,1000000085,1,310,3.2258064516129032E-3,0
2026-04-08,1000000045,1000000086,1,310,3.2258064516129032E-3,56
2026-04-08,1000000045,1000000091,2,310,6.4516129032258064E-3,5.0E-1
2026-04-08,1000000045,1000000108,3,310,9.67741935483871E-3,18.666666666666668
2026-04-08,1000000045,1000000112,1,310,3.2258064516129032E-3,9
2026-04-08,1000000045,1000000113,1,310,3.2258064516129032E-3,0
2026-04-08,1000000045,1000000121,2,310,6.4516129032258064E-3,6.5
2026-04-08,1000000045,1000000153,2,310,6.4516129032258064E-3,0
2026-04-08,1000000045,1000000156,2,310,6.4516129032258064E-3,21
2026-04-08,1000000062,1000000027,1,237,4.219409282700422E-3,0
2026-04-08,1000000062,1000000028,1,237,4.219409282700422E-3,7
2026-04-08,1000000062,1000000042,2,237,8.438818565400843E-3,51
2026-04-08,1000000062,1000000045,3,237,1.2658227848101266E-2,32
2026-04-08,1000000062,1000000062,6,237,2.531645569620253E-2,7.166666666666667
2026-04-08,1000000062,1000000063,1,237,4.219409282700422E-3,0
2026-04-08,1000000062,1000000064,6,237,2.531645569620253E-2,15.666666666666666
2026-04-08,1000000062,1000000065,1,237,4.219409282700422E-3,12
2026-04-08,1000000062,1000000087,1,237,4.219409282700422E-3,71
2026-04-08,1000000062,1000000093,1,237,4.219409282700422E-3,22
2026-04-08,1000000062,1000000111,1,237,4.219409282700422E-3,37
2026-04-08,1000000062,1000000121,1,237,4.219409282700422E-3,1
2026-04-08,1000000062,1000000153,1,237,4.219409282700422E-3,0
2026-04-08,1000000063,1000000042,4,299,1.3377926421404682E-2,39.75
2026-04-08,1000000063,1000000043,3,299,1.0033444816053512E-2,1.3333333333333333
2026-04-08,1000000063,1000000044,4,299,1.3377926421404682E-2,29.25
2026-04-08,1000000063,1000000045,1,299,3.3444816053511705E-3,6
2026-04-08,1000000063,1000000062,6,299,2.0066889632107024E-2,10.166666666666666
2026-04-08,1000000063,1000000063,12,299,4.013377926421405E-2,20.166666666666668
2026-04-08,1000000063,1000000064,9,299,3.0100334448160536E-2,19.333333333333332
2026-04-08,1000000063,1000000069,1,299,3.3444816053511705E-3,9
2026-04-08,1000000063,1000000087,3,299,1.0033444816053512E-2,16
2026-04-08,1000000063,1000000088,1,299,3.3444816053511705E-3,0
2026-04-08,1000000063,1000000090,2,299,6.688963210702341E-3,20.5
2026-04-08,1000000063,1000000092,1,299,3.3444816053511705E-3,1
2026-04-08,1000000063,1000000093,2,299,6.688963210702341E-3,48.5
2026-04-08,1000000063,1000000108,2,299,6.688963210702341E-3,28
2026-04-08,1000000063,1000000112,1,299,3.3444816053511705E-3,9
2026-04-08,1000000063,1000000127,1,299,3.3444816053511705E-3,0
2026-04-08,1000000064,1000000033,1,1668,5.995203836930455E-4,0
2026-04-08,1000000064,1000000035,1,1668,5.995203836930455E-4,46
2026-04-08,1000000064,1000000042,13,1668,7.7937649880095924E-3,22.384615384615383
2026-04-08,1000000064,1000000043,8,1668,4.796163069544364E-3,17.375
2026-04-08,1000000064,1000000044,5,1668,2.997601918465228E-3,16
2026-04-08,1000000064,1000000045,6,1668,3.5971223021582736E-3,21.333333333333332
2026-04-08,1000000064,1000000062,3,1668,1.7985611510791368E-3,23.333333333333332
2026-04-08,1000000064,1000000063,9,1668,5.39568345323741E-3,20.444444444444443
2026-04-08,1000000064,1000000064,135,1668,8.093525179856115E-2,13.607407407407408
2026-04-08,1000000064,1000000069,1,1668,5.995203836930455E-4,0
2026-04-08,1000000064,1000000083,1,1668,5.995203836930455E-4,0
2026-04-08,1000000064,1000000084,2,1668,1.199040767386091E-3,35
2026-04-08,1000000064,1000000085,4,1668,2.398081534772182E-3,17.5
2026-04-08,1000000064,1000000086,2,1668,1.199040767386091E-3,48.5
2026-04-08,1000000064,1000000088,5,1668,2.997601918465228E-3,21.4
2026-04-08,1000000064,1000000090,1,1668,5.995203836930455E-4,3
2026-04-08,1000000064,1000000091,5,1668,2.997601918465228E-3,7.8
2026-04-08,1000000064,1000000092,2,1668,1.199040767386091E-3,24.5
2026-04-08,1000000064,1000000093,7,1668,4.196642685851319E-3,2.857142857142857
2026-04-08,1000000064,1000000094,2,1668,1.199040767386091E-3,15
2026-04-08,1000000064,1000000108,2,1668,1.199040767386091E-3,0
2026-04-08,1000000064,1000000111,2,1668,1.199040767386091E-3,10
2026-04-08,1000000064,1000000113,2,1668,1.199040767386091E-3,5.0E-1
2026-04-08,1000000064,1000000121,2,1668,1.199040767386091E-3,6.5
2026-04-08,1000000064,1000000127,4,1668,2.398081534772182E-3,14.75
2026-04-08,1000000064,1000000128,1,1668,5.995203836930455E-4,24
2026-04-08,1000000064,1000000142,2,1668,1.199040767386091E-3,2
2026-04-08,1000000064,1000000153,2,1668,1.199040767386091E-3,0
2026-04-08,1000000064,1000000156,3,1668,1.7985611510791368E-3,32.666666666666664
2026-04-08,1000000065,1000000027,1,50,2.0E-2,39
2026-04-08,1000000065,1000000035,1,50,2.0E-2,19
2026-04-08,1000000065,1000000042,2,50,4.0E-2,8
2026-04-08,1000000065,1000000043,2,50,4.0E-2,11
2026-04-08,1000000065,1000000045,1,50,2.0E-2,90
2026-04-08,1000000065,1000000065,1,50,2.0E-2,20
2026-04-08,1000000065,1000000111,1,50,2.0E-2,6
2026-04-08,1000000066,1000000042,1,86,1.1627906976744186E-2,24
2026-04-08,1000000066,1000000043,3,86,3.488372093023256E-2,45.666666666666664
2026-04-08,1000000066,1000000044,3,86,3.488372093023256E-2,6.666666666666667
2026-04-08,1000000066,1000000063,1,86,1.1627906976744186E-2,23
2026-04-08,1000000066,1000000064,2,86,2.3255813953488372E-2,5.5
2026-04-08,1000000066,1000000065,1,86,1.1627906976744186E-2,20
2026-04-08,1000000066,1000000066,1,86,1.1627906976744186E-2,0
2026-04-08,1000000066,1000000084,1,86,1.1627906976744186E-2,18
2026-04-08,1000000066,1000000087,1,86,1.1627906976744186E-2,1
2026-04-08,1000000066,1000000111,1,86,1.1627906976744186E-2,0
2026-04-08,1000000069,1000000028,1,104,9.615384615384616E-3,12
2026-04-08,1000000069,1000000042,2,104,1.9230769230769232E-2,20
2026-04-08,1000000069,1000000043,1,104,9.615384615384616E-3,0
2026-04-08,1000000069,1000000044,1,104,9.615384615384616E-3,36
2026-04-08,1000000069,1000000045,1,104,9.615384615384616E-3,15
2026-04-08,1000000069,1000000063,1,104,9.615384615384616E-3,35
2026-04-08,1000000069,1000000064,2,104,1.9230769230769232E-2,41
2026-04-08,1000000069,1000000086,1,104,9.615384615384616E-3,0
2026-04-08,1000000069,1000000091,1,104,9.615384615384616E-3,0
2026-04-08,1000000069,1000000121,1,104,9.615384615384616E-3,12
2026-04-08,1000000069,1000000154,1,104,9.615384615384616E-3,36
2026-04-08,1000000070,1000000044,1,22,4.5454545454545456E-2,20
2026-04-08,1000000070,1000000062,1,22,4.5454545454545456E-2,53
2026-04-08,1000000070,1000000064,1,22,4.5454545454545456E-2,4
2026-04-08,1000000070,1000000070,1,22,4.5454545454545456E-2,8
2026-04-08,1000000071,1000000042,1,35,2.857142857142857E-2,9
2026-04-08,1000000071,1000000043,1,35,2.857142857142857E-2,21
2026-04-08,1000000071,1000000064,1,35,2.857142857142857E-2,33
2026-04-08,1000000071,1000000065,1,35,2.857142857142857E-2,12
2026-04-08,1000000071,1000000108,1,35,2.857142857142857E-2,0
2026-04-08,1000000071,1000000121,1,35,2.857142857142857E-2,21
2026-04-08,1000000072,1000000062,1,13,7.692307692307693E-2,11
2026-04-08,1000000072,1000000064,1,13,7.692307692307693E-2,8
2026-04-08,1000000083,1000000028,1,78,1.282051282051282E-2,18
2026-04-08,1000000083,1000000035,1,78,1.282051282051282E-2,19
2026-04-08,1000000083,1000000042,3,78,3.8461538461538464E-2,29
2026-04-08,1000000083,1000000044,1,78,1.282051282051282E-2,13
2026-04-08,1000000083,1000000045,1,78,1.282051282051282E-2,0
2026-04-08,1000000083,1000000064,3,78,3.8461538461538464E-2,26.333333333333332
2026-04-08,1000000083,1000000069,1,78,1.282051282051282E-2,9
2026-04-08,1000000083,1000000083,1,78,1.282051282051282E-2,43
2026-04-08,1000000083,1000000088,1,78,1.282051282051282E-2,12
2026-04-08,1000000083,1000000094,1,78,1.282051282051282E-2,0
2026-04-08,1000000083,1000000108,1,78,1.282051282051282E-2,0
2026-04-08,1000000083,1000000121,1,78,1.282051282051282E-2,1
2026-04-08,1000000083,1000000127,1,78,1.282051282051282E-2,0
2026-04-08,1000000084,1000000064,2,148,1.3513513513513514E-2,25.5
2026-04-08,1000000084,1000000083,1,148,6.756756756756757E-3,1
2026-04-08,1000000084,1000000084,4,148,2.702702702702703E-2,2.5
2026-04-08,1000000084,1000000087,1,148,6.756756756756757E-3,0
2026-04-08,1000000084,1000000088,2,148,1.3513513513513514E-2,3.5
2026-04-08,1000000084,1000000092,1,148,6.756756756756757E-3,0
2026-04-08,1000000084,1000000093,2,148,1.3513513513513514E-2,41
2026-04-08,1000000084,1000000108,2,148,1.3513513513513514E-2,0
2026-04-08,1000000084,1000000110,2,148,1.3513513513513514E-2,1
2026-04-08,1000000085,1000000033,1,318,3.1446540880503146E-3,4
2026-04-08,1000000085,1000000035,1,318,3.1446540880503146E-3,47
2026-04-08,1000000085,1000000042,1,318,3.1446540880503146E-3,27
2026-04-08,1000000085,1000000045,2,318,6.289308176100629E-3,0
2026-04-08,1000000085,1000000064,2,318,6.289308176100629E-3,0
2026-04-08,1000000085,1000000084,4,318,1.2578616352201259E-2,23.5
2026-04-08,1000000085,1000000085,17,318,5.345911949685535E-2,9.588235294117647
2026-04-08,1000000085,1000000086,10,318,3.1446540880503145E-2,7
2026-04-08,1000000085,1000000087,6,318,1.8867924528301886E-2,4.833333333333333
2026-04-08,1000000085,1000000088,7,318,2.20125786163522E-2,7.142857142857143E-1
2026-04-08,1000000085,1000000089,1,318,3.1446540880503146E-3,36
2026-04-08,1000000085,1000000090,2,318,6.289308176100629E-3,1.5
2026-04-08,1000000085,1000000091,2,318,6.289308176100629E-3,33.5
2026-04-08,1000000085,1000000092,3,318,9.433962264150943E-3,3.333333333333333E-1
2026-04-08,1000000085,1000000093,1,318,3.1446540880503146E-3,0
2026-04-08,1000000085,1000000108,2,318,6.289308176100629E-3,5.0E-1
2026-04-08,1000000085,1000000111,1,318,3.1446540880503146E-3,0
2026-04-08,1000000085,1000000127,1,318,3.1446540880503146E-3,0
2026-04-08,1000000085,1000000153,1,318,3.1446540880503146E-3,1
2026-04-08,1000000086,1000000045,1,200,5.0E-3,6
2026-04-08,1000000086,1000000063,1,200,5.0E-3,60
2026-04-08,1000000086,1000000064,2,200,1.0E-2,12
2026-04-08,1000000086,1000000084,4,200,2.0E-2,21.25
2026-04-08,1000000086,1000000085,12,200,6.0E-2,12.416666666666666
2026-04-08,1000000086,1000000086,20,200,1.0E-1,11.4
2026-04-08,1000000086,1000000087,7,200,3.5E-2,4.714285714285714
2026-04-08,1000000086,1000000088,6,200,3.0E-2,0
2026-04-08,1000000086,1000000089,2,200,1.0E-2,35
2026-04-08,1000000086,1000000090,1,200,5.0E-3,0
2026-04-08,1000000086,1000000092,1,200,5.0E-3,0
2026-04-08,1000000086,1000000113,1,200,5.0E-3,0
2026-04-08,1000000087,1000000033,1,462,2.1645021645021645E-3,22
2026-04-08,1000000087,1000000035,1,462,2.1645021645021645E-3,46
2026-04-08,1000000087,1000000043,2,462,4.329004329004329E-3,1
2026-04-08,1000000087,1000000044,1,462,2.1645021645021645E-3,5
2026-04-08,1000000087,1000000064,6,462,1.2987012987012988E-2,34.666666666666664
2026-04-08,1000000087,1000000084,3,462,6.493506493506494E-3,9.333333333333334
2026-04-08,1000000087,1000000085,8,462,1.7316017316017316E-2,10.375
2026-04-08,1000000087,1000000086,6,462,1.2987012987012988E-2,10.833333333333334
2026-04-08,1000000087,1000000087,31,462,6.70995670995671E-2,16.06451612903226
2026-04-08,1000000087,1000000088,14,462,3.0303030303030304E-2,10.714285714285714
2026-04-08,1000000087,1000000092,2,462,4.329004329004329E-3,42
2026-04-08,1000000087,1000000093,4,462,8.658008658008658E-3,2.25
2026-04-08,1000000087,1000000094,1,462,2.1645021645021645E-3,0
2026-04-08,1000000087,1000000143,1,462,2.1645021645021645E-3,2
2026-04-08,1000000088,1000000063,1,355,2.8169014084507044E-3,0
2026-04-08,1000000088,1000000064,8,355,2.2535211267605635E-2,25.625
2026-04-08,1000000088,1000000083,1,355,2.8169014084507044E-3,80
2026-04-08,1000000088,1000000084,1,355,2.8169014084507044E-3,52
2026-04-08,1000000088,1000000085,7,355,1.971830985915493E-2,8.571428571428571
2026-04-08,1000000088,1000000086,8,355,2.2535211267605635E-2,9.5
2026-04-08,1000000088,1000000087,10,355,2.8169014084507043E-2,4.1
2026-04-08,1000000088,1000000088,39,355,1.0985915492957747E-1,8.615384615384615
2026-04-08,1000000088,1000000089,2,355,5.633802816901409E-3,4.5
2026-04-08,1000000088,1000000090,1,355,2.8169014084507044E-3,0
2026-04-08,1000000088,1000000092,1,355,2.8169014084507044E-3,0
2026-04-08,1000000088,1000000094,2,355,5.633802816901409E-3,37
2026-04-08,1000000088,1000000112,2,355,5.633802816901409E-3,5.0E-1
2026-04-08,1000000088,1000000121,1,355,2.8169014084507044E-3,13
2026-04-08,1000000088,1000000142,2,355,5.633802816901409E-3,4.5
2026-04-08,1000000089,1000000033,1,50,2.0E-2,87
2026-04-08,1000000089,1000000086,1,50,2.0E-2,0
2026-04-08,1000000089,1000000087,3,50,6.0E-2,3.333333333333333E-1
2026-04-08,1000000089,1000000088,4,50,8.0E-2,4.75
2026-04-08,1000000089,1000000089,4,50,8.0E-2,8.75
2026-04-08,1000000089,1000000091,1,50,2.0E-2,0
2026-04-08,1000000089,1000000111,1,50,2.0E-2,32
2026-04-08,1000000089,1000000112,1,50,2.0E-2,0
2026-04-08,1000000090,1000000028,1,127,7.874015748031496E-3,12
2026-04-08,1000000090,1000000063,1,127,7.874015748031496E-3,0
2026-04-08,1000000090,1000000064,1,127,7.874015748031496E-3,76
2026-04-08,1000000090,1000000085,1,127,7.874015748031496E-3,0
2026-04-08,1000000090,1000000090,3,127,2.3622047244094488E-2,2
2026-04-08,1000000090,1000000091,1,127,7.874015748031496E-3,4
2026-04-08,1000000090,1000000092,1,127,7.874015748031496E-3,0
2026-04-08,1000000090,1000000093,1,127,7.874015748031496E-3,0
2026-04-08,1000000090,1000000094,1,127,7.874015748031496E-3,0
2026-04-08,1000000090,1000000111,1,127,7.874015748031496E-3,2
2026-04-08,1000000090,1000000112,1,127,7.874015748031496E-3,0
2026-04-08,1000000091,1000000028,1,181,5.5248618784530384E-3,12
2026-04-08,1000000091,1000000035,1,181,5.5248618784530384E-3,47
2026-04-08,1000000091,1000000045,3,181,1.6574585635359115E-2,2
2026-04-08,1000000091,1000000064,4,181,2.2099447513812154E-2,13
2026-04-08,1000000091,1000000085,2,181,1.1049723756906077E-2,38
2026-04-08,1000000091,1000000086,2,181,1.1049723756906077E-2,14
2026-04-08,1000000091,1000000087,2,181,1.1049723756906077E-2,24.5
2026-04-08,1000000091,1000000089,1,181,5.5248618784530384E-3,0
2026-04-08,1000000091,1000000090,3,181,1.6574585635359115E-2,4.333333333333333
2026-04-08,1000000091,1000000091,11,181,6.077348066298342E-2,7.454545454545454
2026-04-08,1000000091,1000000092,2,181,1.1049723756906077E-2,10
2026-04-08,1000000091,1000000093,2,181,1.1049723756906077E-2,9
2026-04-08,1000000091,1000000094,2,181,1.1049723756906077E-2,0
2026-04-08,1000000091,1000000111,1,181,5.5248618784530384E-3,4
2026-04-08,1000000092,1000000028,1,156,6.41025641025641E-3,12
2026-04-08,1000000092,1000000064,4,156,2.564102564102564E-2,12
2026-04-08,1000000092,1000000084,1,156,6.41025641025641E-3,0
2026-04-08,1000000092,1000000085,2,156,1.282051282051282E-2,0
2026-04-08,1000000092,1000000086,1,156,6.41025641025641E-3,0
2026-04-08,1000000092,1000000087,2,156,1.282051282051282E-2,1
2026-04-08,1000000092,1000000088,1,156,6.41025641025641E-3,0
2026-04-08,1000000092,1000000090,3,156,1.9230769230769232E-2,1
2026-04-08,1000000092,1000000091,3,156,1.9230769230769232E-2,9.333333333333334
2026-04-08,1000000092,1000000092,8,156,5.128205128205128E-2,8.875
2026-04-08,1000000092,1000000093,1,156,6.41025641025641E-3,6
2026-04-08,1000000092,1000000111,1,156,6.41025641025641E-3,0
2026-04-08,1000000093,1000000044,2,709,2.8208744710860366E-3,49.5
2026-04-08,1000000093,1000000045,2,709,2.8208744710860366E-3,8
2026-04-08,1000000093,1000000062,4,709,5.641748942172073E-3,50.75
2026-04-08,1000000093,1000000064,10,709,1.4104372355430184E-2,8.6
2026-04-08,1000000093,1000000084,1,709,1.4104372355430183E-3,3
2026-04-08,1000000093,1000000085,2,709,2.8208744710860366E-3,0
2026-04-08,1000000093,1000000086,1,709,1.4104372355430183E-3,6
2026-04-08,1000000093,1000000087,5,709,7.052186177715092E-3,2.8
2026-04-08,1000000093,1000000088,1,709,1.4104372355430183E-3,62
2026-04-08,1000000093,1000000090,1,709,1.4104372355430183E-3,0
2026-04-08,1000000093,1000000091,2,709,2.8208744710860366E-3,0
2026-04-08,1000000093,1000000093,78,709,1.1001410437235543E-1,6.397435897435898
2026-04-08,1000000093,1000000094,3,709,4.231311706629055E-3,0
2026-04-08,1000000093,1000000108,6,709,8.46262341325811E-3,24.333333333333332
2026-04-08,1000000093,1000000110,2,709,2.8208744710860366E-3,0
2026-04-08,1000000093,1000000111,7,709,9.873060648801129E-3,7.142857142857143E-1
2026-04-08,1000000093,1000000112,2,709,2.8208744710860366E-3,2
2026-04-08,1000000093,1000000113,1,709,1.4104372355430183E-3,14
2026-04-08,1000000094,1000000035,1,188,5.319148936170213E-3,0
2026-04-08,1000000094,1000000044,1,188,5.319148936170213E-3,13
2026-04-08,1000000094,1000000064,1,188,5.319148936170213E-3,5
2026-04-08,1000000094,1000000084,1,188,5.319148936170213E-3,30
2026-04-08,1000000094,1000000086,1,188,5.319148936170213E-3,73
2026-04-08,1000000094,1000000088,1,188,5.319148936170213E-3,16
2026-04-08,1000000094,1000000089,1,188,5.319148936170213E-3,36
2026-04-08,1000000094,1000000090,1,188,5.319148936170213E-3,25
2026-04-08,1000000094,1000000091,2,188,1.0638297872340425E-2,2.5
2026-04-08,1000000094,1000000092,1,188,5.319148936170213E-3,18
2026-04-08,1000000094,1000000093,2,188,1.0638297872340425E-2,0
2026-04-08,1000000094,1000000094,16,188,8.51063829787234E-2,12.875
2026-04-08,1000000094,1000000095,1,188,5.319148936170213E-3,40
2026-04-08,1000000094,1000000108,3,188,1.5957446808510637E-2,4.333333333333333
2026-04-08,1000000094,1000000110,2,188,1.0638297872340425E-2,1
2026-04-08,1000000094,1000000111,4,188,2.127659574468085E-2,34.25
2026-04-08,1000000095,1000000094,1,7,1.4285714285714285E-1,21
2026-04-08,1000000108,1000000035,1,250,4.0E-3,15
2026-04-08,1000000108,1000000042,1,250,4.0E-3,83
2026-04-08,1000000108,1000000043,1,250,4.0E-3,0
2026-04-08,1000000108,1000000044,1,250,4.0E-3,82
2026-04-08,1000000108,1000000045,3,250,1.2E-2,0
2026-04-08,1000000108,1000000064,2,250,8.0E-3,43
2026-04-08,1000000108,1000000071,1,250,4.0E-3,12
2026-04-08,1000000108,1000000083,1,250,4.0E-3,0
2026-04-08,1000000108,1000000084,1,250,4.0E-3,0
2026-04-08,1000000108,1000000087,1,250,4.0E-3,0
2026-04-08,1000000108,1000000091,1,250,4.0E-3,0
2026-04-08,1000000108,1000000092,2,250,8.0E-3,21
2026-04-08,1000000108,1000000093,7,250,2.8E-2,9.142857142857142
2026-04-08,1000000108,1000000094,3,250,1.2E-2,5.666666666666667
2026-04-08,1000000108,1000000108,24,250,9.6E-2,9.083333333333334
2026-04-08,1000000108,1000000111,1,250,4.0E-3,0
2026-04-08,1000000108,1000000112,2,250,8.0E-3,19
2026-04-08,1000000108,1000000127,1,250,4.0E-3,0
2026-04-08,1000000110,1000000027,1,72,1.3888888888888888E-2,39
2026-04-08,1000000110,1000000083,1,72,1.3888888888888888E-2,2
2026-04-08,1000000110,1000000093,1,72,1.3888888888888888E-2,0
2026-04-08,1000000110,1000000094,1,72,1.3888888888888888E-2,0
2026-04-08,1000000110,1000000108,1,72,1.3888888888888888E-2,0
2026-04-08,1000000110,1000000110,7,72,9.722222222222222E-2,5.857142857142857
2026-04-08,1000000110,1000000112,1,72,1.3888888888888888E-2,0
2026-04-08,1000000111,1000000045,1,337,2.967359050445104E-3,14
2026-04-08,1000000111,1000000062,2,337,5.934718100890208E-3,1.5
2026-04-08,1000000111,1000000064,8,337,2.373887240356083E-2,16.5
2026-04-08,1000000111,1000000066,1,337,2.967359050445104E-3,0
2026-04-08,1000000111,1000000085,1,337,2.967359050445104E-3,0
2026-04-08,1000000111,1000000086,1,337,2.967359050445104E-3,73
2026-04-08,1000000111,1000000087,1,337,2.967359050445104E-3,3
2026-04-08,1000000111,1000000088,2,337,5.934718100890208E-3,31
2026-04-08,1000000111,1000000091,2,337,5.934718100890208E-3,15
2026-04-08,1000000111,1000000092,1,337,2.967359050445104E-3,0
2026-04-08,1000000111,1000000093,10,337,2.967359050445104E-2,10.1
2026-04-08,1000000111,1000000094,1,337,2.967359050445104E-3,0
2026-04-08,1000000111,1000000108,1,337,2.967359050445104E-3,0
2026-04-08,1000000111,1000000110,2,337,5.934718100890208E-3,1
2026-04-08,1000000111,1000000111,34,337,1.0089020771513353E-1,9.352941176470589
2026-04-08,1000000111,1000000112,1,337,2.967359050445104E-3,0
2026-04-08,1000000111,1000000113,1,337,2.967359050445104E-3,0
2026-04-08,1000000111,1000000156,1,337,2.967359050445104E-3,41
2026-04-08,1000000112,1000000042,1,94,1.0638297872340425E-2,1
2026-04-08,1000000112,1000000043,1,94,1.0638297872340425E-2,66
2026-04-08,1000000112,1000000044,1,94,1.0638297872340425E-2,82
2026-04-08,1000000112,1000000045,1,94,1.0638297872340425E-2,0
2026-04-08,1000000112,1000000064,2,94,2.127659574468085E-2,54.5
2026-04-08,1000000112,1000000072,1,94,1.0638297872340425E-2,1
2026-04-08,1000000112,1000000086,1,94,1.0638297872340425E-2,0
2026-04-08,1000000112,1000000088,2,94,2.127659574468085E-2,2
2026-04-08,1000000112,1000000090,1,94,1.0638297872340425E-2,0
2026-04-08,1000000112,1000000093,1,94,1.0638297872340425E-2,0
2026-04-08,1000000112,1000000110,1,94,1.0638297872340425E-2,0
2026-04-08,1000000112,1000000112,3,94,3.1914893617021274E-2,0
2026-04-08,1000000113,1000000044,1,101,9.900990099009901E-3,0
2026-04-08,1000000113,1000000045,2,101,1.9801980198019802E-2,3
2026-04-08,1000000113,1000000063,2,101,1.9801980198019802E-2,3
2026-04-08,1000000113,1000000064,3,101,2.97029702970297E-2,11.666666666666666
2026-04-08,1000000113,1000000085,1,101,9.900990099009901E-3,14
2026-04-08,1000000113,1000000111,2,101,1.9801980198019802E-2,5.0E-1
2026-04-08,1000000113,1000000113,8,101,7.920792079207921E-2,7.25
2026-04-08,1000000113,1000000127,1,101,9.900990099009901E-3,0
2026-04-08,1000000121,1000000035,1,184,5.434782608695652E-3,52
2026-04-08,1000000121,1000000042,2,184,1.0869565217391304E-2,39.5
2026-04-08,1000000121,1000000043,1,184,5.434782608695652E-3,16
2026-04-08,1000000121,1000000044,1,184,5.434782608695652E-3,13
2026-04-08,1000000121,1000000064,2,184,1.0869565217391304E-2,5.5
2026-04-08,1000000121,1000000070,1,184,5.434782608695652E-3,8
2026-04-08,1000000121,1000000086,2,184,1.0869565217391304E-2,35.5
2026-04-08,1000000121,1000000087,1,184,5.434782608695652E-3,0
2026-04-08,1000000121,1000000093,1,184,5.434782608695652E-3,24
2026-04-08,1000000121,1000000111,1,184,5.434782608695652E-3,6
2026-04-08,1000000121,1000000121,17,184,9.239130434782608E-2,8.588235294117647
2026-04-08,1000000127,1000000045,2,248,8.064516129032258E-3,0
2026-04-08,1000000127,1000000062,2,248,8.064516129032258E-3,0
2026-04-08,1000000127,1000000063,1,248,4.032258064516129E-3,0
2026-04-08,1000000127,1000000064,14,248,5.6451612903225805E-2,23
2026-04-08,1000000127,1000000086,2,248,8.064516129032258E-3,18
2026-04-08,1000000127,1000000088,1,248,4.032258064516129E-3,0
2026-04-08,1000000127,1000000090,1,248,4.032258064516129E-3,41
2026-04-08,1000000127,1000000091,1,248,4.032258064516129E-3,0
2026-04-08,1000000127,1000000093,1,248,4.032258064516129E-3,14
2026-04-08,1000000127,1000000108,1,248,4.032258064516129E-3,0
2026-04-08,1000000127,1000000111,1,248,4.032258064516129E-3,0
2026-04-08,1000000127,1000000113,1,248,4.032258064516129E-3,0
2026-04-08,1000000127,1000000127,2,248,8.064516129032258E-3,6
2026-04-08,1000000128,1000000027,1,61,1.639344262295082E-2,39
2026-04-08,1000000128,1000000042,1,61,1.639344262295082E-2,24
2026-04-08,1000000128,1000000043,1,61,1.639344262295082E-2,4
2026-04-08,1000000128,1000000045,1,61,1.639344262295082E-2,90
2026-04-08,1000000128,1000000064,1,61,1.639344262295082E-2,11
2026-04-08,1000000128,1000000087,1,61,1.639344262295082E-2,0
2026-04-08,1000000128,1000000093,1,61,1.639344262295082E-2,14
2026-04-08,1000000128,1000000111,1,61,1.639344262295082E-2,0
2026-04-08,1000000128,1000000143,1,61,1.639344262295082E-2,2
2026-04-08,1000000142,1000000035,2,36,5.555555555555555E-2,39
2026-04-08,1000000142,1000000043,1,36,2.7777777777777776E-2,21
2026-04-08,1000000142,1000000045,1,36,2.7777777777777776E-2,90
2026-04-08,1000000142,1000000064,1,36,2.7777777777777776E-2,0
2026-04-08,1000000142,1000000088,1,36,2.7777777777777776E-2,0
2026-04-08,1000000142,1000000108,1,36,2.7777777777777776E-2,1
2026-04-08,1000000143,1000000042,2,25,8.0E-2,20.5
2026-04-08,1000000143,1000000043,1,25,4.0E-2,22
2026-04-08,1000000143,1000000088,1,25,4.0E-2,0
2026-04-08,1000000143,1000000091,1,25,4.0E-2,1
2026-04-08,1000000144,1000000064,2,61,3.278688524590164E-2,31
2026-04-08,1000000144,1000000087,1,61,1.639344262295082E-2,0
2026-04-08,1000000144,1000000089,1,61,1.639344262295082E-2,79
2026-04-08,1000000144,1000000111,1,61,1.639344262295082E-2,0
2026-04-08,1000000144,1000000128,1,61,1.639344262295082E-2,32
2026-04-08,1000000153,1000000042,1,55,1.818181818181818E-2,0
2026-04-08,1000000153,1000000045,1,55,1.818181818181818E-2,0
2026-04-08,1000000153,1000000062,1,55,1.818181818181818E-2,0
2026-04-08,1000000153,1000000153,3,55,5.454545454545454E-2,29.333333333333332
2026-04-08,1000000153,1000000156,2,55,3.636363636363636E-2,7.5
2026-04-08,1000000154,1000000045,1,36,2.7777777777777776E-2,51
2026-04-08,1000000154,1000000153,1,36,2.7777777777777776E-2,28
2026-04-08,1000000154,1000000154,4,36,1.111111111111111E-1,28
2026-04-08,1000000156,1000000042,1,68,1.4705882352941176E-2,0
2026-04-08,1000000156,1000000044,1,68,1.4705882352941176E-2,0
2026-04-08,1000000156,1000000153,1,68,1.4705882352941176E-2,0
2026-04-08,1000000156,1000000156,10,68,1.4705882352941177E-1,18.7
2026-04-09,1000000027,1000000027,2,16,1.25E-1,63.5
2026-04-09,1000000027,1000000043,1,16,6.25E-2,30
2026-04-09,1000000027,1000000062,1,16,6.25E-2,0
2026-04-09,1000000028,1000000028,1,15,6.666666666666667E-2,11
2026-04-09,1000000028,1000000071,1,15,6.666666666666667E-2,17
2026-04-09,1000000033,1000000033,3,47,6.382978723404255E-2,40
2026-04-09,1000000033,1000000042,1,47,2.127659574468085E-2,0
2026-04-09,1000000033,1000000043,1,47,2.127659574468085E-2,54
2026-04-09,1000000033,1000000045,2,47,4.25531914893617E-2,3
2026-04-09,1000000033,1000000128,1,47,2.127659574468085E-2,32
2026-04-09,1000000035,1000000033,2,77,2.5974025974025976E-2,32.5
2026-04-09,1000000035,1000000035,1,77,1.2987012987012988E-2,19
2026-04-09,1000000035,1000000042,2,77,2.5974025974025976E-2,37
2026-04-09,1000000035,1000000043,1,77,1.2987012987012988E-2,0
2026-04-09,1000000035,1000000063,1,77,1.2987012987012988E-2,8
2026-04-09,1000000035,1000000064,1,77,1.2987012987012988E-2,28
2026-04-09,1000000035,1000000083,1,77,1.2987012987012988E-2,24
2026-04-09,1000000035,1000000084,1,77,1.2987012987012988E-2,18
2026-04-09,1000000035,1000000087,1,77,1.2987012987012988E-2,20
2026-04-09,1000000035,1000000089,1,77,1.2987012987012988E-2,9
2026-04-09,1000000035,1000000094,1,77,1.2987012987012988E-2,0
2026-04-09,1000000035,1000000121,2,77,2.5974025974025976E-2,36.5
2026-04-09,1000000035,1000000156,1,77,1.2987012987012988E-2,56
2026-04-09,1000000042,1000000027,2,189,1.0582010582010581E-2,19.5
2026-04-09,1000000042,1000000033,1,189,5.291005291005291E-3,0
2026-04-09,1000000042,1000000035,1,189,5.291005291005291E-3,78
2026-04-09,1000000042,1000000042,21,189,1.111111111111111E-1,30.428571428571427
2026-04-09,1000000042,1000000043,4,189,2.1164021164021163E-2,10.75
2026-04-09,1000000042,1000000044,1,189,5.291005291005291E-3,13
2026-04-09,1000000042,1000000045,4,189,2.1164021164021163E-2,31.5
2026-04-09,1000000042,1000000063,1,189,5.291005291005291E-3,1
2026-04-09,1000000042,1000000064,4,189,2.1164021164021163E-2,22
2026-04-09,1000000042,1000000065,1,189,5.291005291005291E-3,0
2026-04-09,1000000042,1000000084,1,189,5.291005291005291E-3,8
2026-04-09,1000000042,1000000087,1,189,5.291005291005291E-3,1
2026-04-09,1000000042,1000000088,1,189,5.291005291005291E-3,0
2026-04-09,1000000042,1000000112,1,189,5.291005291005291E-3,9
2026-04-09,1000000042,1000000121,3,189,1.5873015873015872E-2,16
2026-04-09,1000000042,1000000153,1,189,5.291005291005291E-3,0
2026-04-09,1000000043,1000000033,1,196,5.10204081632653E-3,33
2026-04-09,1000000043,1000000042,9,196,4.591836734693878E-2,20.555555555555557
2026-04-09,1000000043,1000000043,12,196,6.1224489795918366E-2,19.666666666666668
2026-04-09,1000000043,1000000044,5,196,2.5510204081632654E-2,9.8
2026-04-09,1000000043,1000000045,3,196,1.5306122448979591E-2,2.3333333333333335
2026-04-09,1000000043,1000000062,1,196,5.10204081632653E-3,35
2026-04-09,1000000043,1000000064,2,196,1.020408163265306E-2,31.5
2026-04-09,1000000043,1000000087,2,196,1.020408163265306E-2,10.5
2026-04-09,1000000043,1000000108,2,196,1.020408163265306E-2,1.5
2026-04-09,1000000043,1000000111,1,196,5.10204081632653E-3,29
2026-04-09,1000000043,1000000121,2,196,1.020408163265306E-2,11
2026-04-09,1000000043,1000000153,1,196,5.10204081632653E-3,0
2026-04-09,1000000044,1000000027,1,141,7.0921985815602835E-3,39
2026-04-09,1000000044,1000000033,1,141,7.0921985815602835E-3,46
2026-04-09,1000000044,1000000042,7,141,4.964539007092199E-2,27.428571428571427
2026-04-09,1000000044,1000000043,3,141,2.127659574468085E-2,10.333333333333334
2026-04-09,1000000044,1000000044,4,141,2.8368794326241134E-2,21.5
2026-04-09,1000000044,1000000045,2,141,1.4184397163120567E-2,32.5
2026-04-09,1000000044,1000000062,1,141,7.0921985815602835E-3,0
2026-04-09,1000000044,1000000070,1,141,7.0921985815602835E-3,8
2026-04-09,1000000044,1000000084,1,141,7.0921985815602835E-3,18
2026-04-09,1000000044,1000000085,1,141,7.0921985815602835E-3,45
2026-04-09,1000000044,1000000088,1,141,7.0921985815602835E-3,16
2026-04-09,1000000044,1000000112,1,141,7.0921985815602835E-3,9
2026-04-09,1000000044,1000000113,1,141,7.0921985815602835E-3,0
2026-04-09,1000000044,1000000121,2,141,1.4184397163120567E-2,21.5
2026-04-09,1000000044,1000000156,1,141,7.0921985815602835E-3,0
2026-04-09,1000000045,1000000027,1,309,3.236245954692557E-3,39
2026-04-09,1000000045,1000000033,2,309,6.472491909385114E-3,23
2026-04-09,1000000045,1000000035,1,309,3.236245954692557E-3,27
2026-04-09,1000000045,1000000042,9,309,2.912621359223301E-2,18.666666666666668
2026-04-09,1000000045,1000000043,5,309,1.6181229773462782E-2,6.8
2026-04-09,1000000045,1000000044,2,309,6.472491909385114E-3,10.5
2026-04-09,1000000045,1000000045,19,309,6.1488673139158574E-2,17
2026-04-09,1000000045,1000000063,2,309,6.472491909385114E-3,18.5
2026-04-09,1000000045,1000000064,7,309,2.2653721682847898E-2,21.857142857142858
2026-04-09,1000000045,1000000085,1,309,3.236245954692557E-3,0
2026-04-09,1000000045,1000000086,1,309,3.236245954692557E-3,56
2026-04-09,1000000045,1000000091,2,309,6.472491909385114E-3,5.0E-1
2026-04-09,1000000045,1000000108,3,309,9.708737864077669E-3,18.666666666666668
2026-04-09,1000000045,1000000112,1,309,3.236245954692557E-3,9
2026-04-09,1000000045,1000000113,1,309,3.236245954692557E-3,0
2026-04-09,1000000045,1000000121,2,309,6.472491909385114E-3,6.5
2026-04-09,1000000045,1000000153,2,309,6.472491909385114E-3,0
2026-04-09,1000000045,1000000156,2,309,6.472491909385114E-3,21
2026-04-09,1000000062,1000000027,1,238,4.201680672268907E-3,0
2026-04-09,1000000062,1000000028,1,238,4.201680672268907E-3,7
2026-04-09,1000000062,1000000042,2,238,8.403361344537815E-3,51
2026-04-09,1000000062,1000000045,3,238,1.2605042016806723E-2,32
2026-04-09,1000000062,1000000062,6,238,2.5210084033613446E-2,7.166666666666667
2026-04-09,1000000062,1000000064,7,238,2.9411764705882353E-2,24.571428571428573
2026-04-09,1000000062,1000000065,1,238,4.201680672268907E-3,12
2026-04-09,1000000062,1000000087,1,238,4.201680672268907E-3,71
2026-04-09,1000000062,1000000093,1,238,4.201680672268907E-3,22
2026-04-09,1000000062,1000000111,1,238,4.201680672268907E-3,37
2026-04-09,1000000062,1000000121,1,238,4.201680672268907E-3,1
2026-04-09,1000000062,1000000153,1,238,4.201680672268907E-3,0
2026-04-09,1000000063,1000000042,4,297,1.3468013468013467E-2,39.75
2026-04-09,1000000063,1000000043,3,297,1.0101010101010102E-2,1.3333333333333333
2026-04-09,1000000063,1000000044,4,297,1.3468013468013467E-2,29.25
2026-04-09,1000000063,1000000045,1,297,3.367003367003367E-3,6
2026-04-09,1000000063,1000000062,5,297,1.6835016835016835E-2,12.2
2026-04-09,1000000063,1000000063,12,297,4.040404040404041E-2,20.166666666666668
2026-04-09,1000000063,1000000064,10,297,3.367003367003367E-2,25.2
2026-04-09,1000000063,1000000069,1,297,3.367003367003367E-3,9
2026-04-09,1000000063,1000000087,3,297,1.0101010101010102E-2,16
2026-04-09,1000000063,1000000088,1,297,3.367003367003367E-3,0
2026-04-09,1000000063,1000000090,2,297,6.734006734006734E-3,20.5
2026-04-09,1000000063,1000000092,1,297,3.367003367003367E-3,1
2026-04-09,1000000063,1000000093,2,297,6.734006734006734E-3,48.5
2026-04-09,1000000063,1000000108,2,297,6.734006734006734E-3,28
2026-04-09,1000000063,1000000112,1,297,3.367003367003367E-3,9
2026-04-09,1000000063,1000000127,1,297,3.367003367003367E-3,0
2026-04-09,1000000064,1000000033,1,1669,5.991611743559018E-4,0
2026-04-09,1000000064,1000000035,1,1669,5.991611743559018E-4,46
2026-04-09,1000000064,1000000042,12,1669,7.189934092270821E-3,18.333333333333332
2026-04-09,1000000064,1000000043,8,1669,4.793289394847214E-3,17.375
2026-04-09,1000000064,1000000044,5,1669,2.9958058717795086E-3,16
2026-04-09,1000000064,1000000045,6,1669,3.5949670461354103E-3,21.333333333333332
2026-04-09,1000000064,1000000062,3,1669,1.7974835230677051E-3,23.333333333333332
2026-04-09,1000000064,1000000063,9,1669,5.392450569203115E-3,20.444444444444443
2026-04-09,1000000064,1000000064,137,1669,8.208508088675853E-2,14.138686131386862
2026-04-09,1000000064,1000000069,1,1669,5.991611743559018E-4,0
2026-04-09,1000000064,1000000083,1,1669,5.991611743559018E-4,0
2026-04-09,1000000064,1000000084,2,1669,1.1983223487118035E-3,35
2026-04-09,1000000064,1000000085,4,1669,2.396644697423607E-3,17.5
2026-04-09,1000000064,1000000086,2,1669,1.1983223487118035E-3,48.5
2026-04-09,1000000064,1000000088,5,1669,2.9958058717795086E-3,21.4
2026-04-09,1000000064,1000000090,1,1669,5.991611743559018E-4,3
2026-04-09,1000000064,1000000091,5,1669,2.9958058717795086E-3,7.8
2026-04-09,1000000064,1000000092,2,1669,1.1983223487118035E-3,24.5
2026-04-09,1000000064,1000000093,7,1669,4.194128220491312E-3,2.857142857142857
2026-04-09,1000000064,1000000094,2,1669,1.1983223487118035E-3,15
2026-04-09,1000000064,1000000108,2,1669,1.1983223487118035E-3,0
2026-04-09,1000000064,1000000111,2,1669,1.1983223487118035E-3,10
2026-04-09,1000000064,1000000113,2,1669,1.1983223487118035E-3,5.0E-1
2026-04-09,1000000064,1000000121,2,1669,1.1983223487118035E-3,6.5
2026-04-09,1000000064,1000000127,4,1669,2.396644697423607E-3,14.75
2026-04-09,1000000064,1000000128,1,1669,5.991611743559018E-4,24
2026-04-09,1000000064,1000000142,2,1669,1.1983223487118035E-3,2
2026-04-09,1000000064,1000000153,2,1669,1.1983223487118035E-3,0
2026-04-09,1000000064,1000000156,3,1669,1.7974835230677051E-3,32.666666666666664
2026-04-09,1000000065,1000000027,1,50,2.0E-2,39
2026-04-09,1000000065,1000000035,1,50,2.0E-2,19
2026-04-09,1000000065,1000000042,2,50,4.0E-2,8
2026-04-09,1000000065,1000000043,2,50,4.0E-2,11
2026-04-09,1000000065,1000000045,1,50,2.0E-2,90
2026-04-09,1000000065,1000000065,1,50,2.0E-2,20
2026-04-09,1000000065,1000000111,1,50,2.0E-2,6
2026-04-09,1000000066,1000000042,1,86,1.1627906976744186E-2,24
2026-04-09,1000000066,1000000043,3,86,3.488372093023256E-2,45.666666666666664
2026-04-09,1000000066,1000000044,3,86,3.488372093023256E-2,6.666666666666667
2026-04-09,1000000066,1000000063,1,86,1.1627906976744186E-2,23
2026-04-09,1000000066,1000000064,2,86,2.3255813953488372E-2,5.5
2026-04-09,1000000066,1000000065,1,86,1.1627906976744186E-2,20
2026-04-09,1000000066,1000000066,1,86,1.1627906976744186E-2,0
2026-04-09,1000000066,1000000084,1,86,1.1627906976744186E-2,18
2026-04-09,1000000066,1000000087,1,86,1.1627906976744186E-2,1
2026-04-09,1000000066,1000000111,1,86,1.1627906976744186E-2,0
2026-04-09,1000000069,1000000028,1,104,9.615384615384616E-3,12
2026-04-09,1000000069,1000000042,2,104,1.9230769230769232E-2,20
2026-04-09,1000000069,1000000043,1,104,9.615384615384616E-3,0
2026-04-09,1000000069,1000000044,1,104,9.615384615384616E-3,36
2026-04-09,1000000069,1000000045,1,104,9.615384615384616E-3,15
2026-04-09,1000000069,1000000063,1,104,9.615384615384616E-3,35
2026-04-09,1000000069,1000000064,2,104,1.9230769230769232E-2,41
2026-04-09,1000000069,1000000086,1,104,9.615384615384616E-3,0
2026-04-09,1000000069,1000000091,1,104,9.615384615384616E-3,0
2026-04-09,1000000069,1000000121,1,104,9.615384615384616E-3,12
2026-04-09,1000000069,1000000154,1,104,9.615384615384616E-3,36
2026-04-09,1000000070,1000000044,1,23,4.3478260869565216E-2,20
2026-04-09,1000000070,1000000062,1,23,4.3478260869565216E-2,53
2026-04-09,1000000070,1000000064,1,23,4.3478260869565216E-2,4
2026-04-09,1000000070,1000000070,1,23,4.3478260869565216E-2,8
2026-04-09,1000000071,1000000042,1,35,2.857142857142857E-2,9
2026-04-09,1000000071,1000000043,1,35,2.857142857142857E-2,21
2026-04-09,1000000071,1000000064,1,35,2.857142857142857E-2,33
2026-04-09,1000000071,1000000065,1,35,2.857142857142857E-2,12
2026-04-09,1000000071,1000000108,1,35,2.857142857142857E-2,0
2026-04-09,1000000071,1000000121,1,35,2.857142857142857E-2,21
2026-04-09,1000000072,1000000062,1,13,7.692307692307693E-2,11
2026-04-09,1000000072,1000000064,1,13,7.692307692307693E-2,8
2026-04-09,1000000083,1000000028,1,78,1.282051282051282E-2,18
2026-04-09,1000000083,1000000035,1,78,1.282051282051282E-2,19
2026-04-09,1000000083,1000000042,3,78,3.8461538461538464E-2,29
2026-04-09,1000000083,1000000044,1,78,1.282051282051282E-2,13
2026-04-09,1000000083,1000000045,1,78,1.282051282051282E-2,0
2026-04-09,1000000083,1000000064,3,78,3.8461538461538464E-2,26.333333333333332
2026-04-09,1000000083,1000000069,1,78,1.282051282051282E-2,9
2026-04-09,1000000083,1000000083,1,78,1.282051282051282E-2,43
2026-04-09,1000000083,1000000088,1,78,1.282051282051282E-2,12
2026-04-09,1000000083,1000000094,1,78,1.282051282051282E-2,0
2026-04-09,1000000083,1000000108,1,78,1.282051282051282E-2,0
2026-04-09,1000000083,1000000121,1,78,1.282051282051282E-2,1
2026-04-09,1000000083,1000000127,1,78,1.282051282051282E-2,0
2026-04-09,1000000084,1000000064,2,148,1.3513513513513514E-2,25.5
2026-04-09,1000000084,1000000083,1,148,6.756756756756757E-3,1
2026-04-09,1000000084,1000000084,4,148,2.702702702702703E-2,2.5
2026-04-09,1000000084,1000000087,1,148,6.756756756756757E-3,0
2026-04-09,1000000084,1000000088,2,148,1.3513513513513514E-2,3.5
2026-04-09,1000000084,1000000092,1,148,6.756756756756757E-3,0
2026-04-09,1000000084,1000000093,2,148,1.3513513513513514E-2,41
2026-04-09,1000000084,1000000108,2,148,1.3513513513513514E-2,0
2026-04-09,1000000084,1000000110,2,148,1.3513513513513514E-2,1
2026-04-09,1000000085,1000000033,1,319,3.134796238244514E-3,4
2026-04-09,1000000085,1000000035,1,319,3.134796238244514E-3,47
2026-04-09,1000000085,1000000042,1,319,3.134796238244514E-3,27
2026-04-09,1000000085,1000000045,2,319,6.269592476489028E-3,0
2026-04-09,1000000085,1000000064,2,319,6.269592476489028E-3,0
2026-04-09,1000000085,1000000084,4,319,1.2539184952978056E-2,23.5
2026-04-09,1000000085,1000000085,17,319,5.329153605015674E-2,9.588235294117647
2026-04-09,1000000085,1000000086,10,319,3.134796238244514E-2,7
2026-04-09,1000000085,1000000087,6,319,1.8808777429467086E-2,4.833333333333333
2026-04-09,1000000085,1000000088,7,319,2.19435736677116E-2,7.142857142857143E-1
2026-04-09,1000000085,1000000089,1,319,3.134796238244514E-3,36
2026-04-09,1000000085,1000000090,2,319,6.269592476489028E-3,1.5
2026-04-09,1000000085,1000000091,2,319,6.269592476489028E-3,33.5
2026-04-09,1000000085,1000000092,3,319,9.404388714733543E-3,3.333333333333333E-1
2026-04-09,1000000085,1000000093,1,319,3.134796238244514E-3,0
2026-04-09,1000000085,1000000108,2,319,6.269592476489028E-3,5.0E-1
2026-04-09,1000000085,1000000111,1,319,3.134796238244514E-3,0
2026-04-09,1000000085,1000000127,1,319,3.134796238244514E-3,0
2026-04-09,1000000085,1000000153,1,319,3.134796238244514E-3,1
2026-04-09,1000000086,1000000045,1,200,5.0E-3,6
2026-04-09,1000000086,1000000063,1,200,5.0E-3,60
2026-04-09,1000000086,1000000064,2,200,1.0E-2,12
2026-04-09,1000000086,1000000084,4,200,2.0E-2,21.25
2026-04-09,1000000086,1000000085,12,200,6.0E-2,12.416666666666666
2026-04-09,1000000086,1000000086,20,200,1.0E-1,11.4
2026-04-09,1000000086,1000000087,7,200,3.5E-2,4.714285714285714
2026-04-09,1000000086,1000000088,6,200,3.0E-2,0
2026-04-09,1000000086,1000000089,2,200,1.0E-2,35
2026-04-09,1000000086,1000000090,1,200,5.0E-3,0
2026-04-09,1000000086,1000000113,1,200,5.0E-3,0
2026-04-09,1000000087,1000000033,1,460,2.173913043478261E-3,22
2026-04-09,1000000087,1000000035,1,460,2.173913043478261E-3,46
2026-04-09,1000000087,1000000043,2,460,4.347826086956522E-3,1
2026-04-09,1000000087,1000000044,1,460,2.173913043478261E-3,5
2026-04-09,1000000087,1000000064,6,460,1.3043478260869565E-2,34.666666666666664
2026-04-09,1000000087,1000000084,3,460,6.521739130434782E-3,9.333333333333334
2026-04-09,1000000087,1000000085,8,460,1.7391304347826087E-2,10.375
2026-04-09,1000000087,1000000086,7,460,1.5217391304347827E-2,9.714285714285714
2026-04-09,1000000087,1000000087,31,460,6.739130434782609E-2,16.06451612903226
2026-04-09,1000000087,1000000088,14,460,3.0434782608695653E-2,10.714285714285714
2026-04-09,1000000087,1000000092,2,460,4.347826086956522E-3,42
2026-04-09,1000000087,1000000093,4,460,8.695652173913044E-3,2.25
2026-04-09,1000000087,1000000094,1,460,2.173913043478261E-3,0
2026-04-09,1000000087,1000000143,1,460,2.173913043478261E-3,2
2026-04-09,1000000088,1000000063,1,356,2.8089887640449437E-3,0
2026-04-09,1000000088,1000000064,8,356,2.247191011235955E-2,25.625
2026-04-09,1000000088,1000000083,1,356,2.8089887640449437E-3,80
2026-04-09,1000000088,1000000084,1,356,2.8089887640449437E-3,52
2026-04-09,1000000088,1000000085,7,356,1.9662921348314606E-2,8.571428571428571
2026-04-09,1000000088,1000000086,8,356,2.247191011235955E-2,9.5
2026-04-09,1000000088,1000000087,10,356,2.8089887640449437E-2,4.1
2026-04-09,1000000088,1000000088,39,356,1.0955056179775281E-1,8.615384615384615
2026-04-09,1000000088,1000000089,2,356,5.6179775280898875E-3,4.5
2026-04-09,1000000088,1000000090,1,356,2.8089887640449437E-3,0
2026-04-09,1000000088,1000000092,1,356,2.8089887640449437E-3,0
2026-04-09,1000000088,1000000094,2,356,5.6179775280898875E-3,37
2026-04-09,1000000088,1000000112,2,356,5.6179775280898875E-3,5.0E-1
2026-04-09,1000000088,1000000121,1,356,2.8089887640449437E-3,13
2026-04-09,1000000088,1000000142,2,356,5.6179775280898875E-3,4.5
2026-04-09,1000000089,1000000033,1,50,2.0E-2,87
2026-04-09,1000000089,1000000086,1,50,2.0E-2,0
2026-04-09,1000000089,1000000087,3,50,6.0E-2,3.333333333333333E-1
2026-04-09,1000000089,1000000088,4,50,8.0E-2,4.75
2026-04-09,1000000089,1000000089,4,50,8.0E-2,8.75
2026-04-09,1000000089,1000000091,1,50,2.0E-2,0
2026-04-09,1000000089,1000000111,1,50,2.0E-2,32
2026-04-09,1000000089,1000000112,1,50,2.0E-2,0
2026-04-09,1000000090,1000000028,1,127,7.874015748031496E-3,12
2026-04-09,1000000090,1000000063,1,127,7.874015748031496E-3,0
2026-04-09,1000000090,1000000064,1,127,7.874015748031496E-3,76
2026-04-09,1000000090,1000000085,1,127,7.874015748031496E-3,0
2026-04-09,1000000090,1000000090,3,127,2.3622047244094488E-2,2
2026-04-09,1000000090,1000000091,1,127,7.874015748031496E-3,4
2026-04-09,1000000090,1000000092,1,127,7.874015748031496E-3,0
2026-04-09,1000000090,1000000093,1,127,7.874015748031496E-3,0
2026-04-09,1000000090,1000000094,1,127,7.874015748031496E-3,0
2026-04-09,1000000090,1000000111,1,127,7.874015748031496E-3,2
2026-04-09,1000000090,1000000112,1,127,7.874015748031496E-3,0
2026-04-09,1000000091,1000000028,1,180,5.555555555555556E-3,12
2026-04-09,1000000091,1000000035,1,180,5.555555555555556E-3,47
2026-04-09,1000000091,1000000045,3,180,1.6666666666666666E-2,2
2026-04-09,1000000091,1000000064,4,180,2.2222222222222223E-2,13
2026-04-09,1000000091,1000000085,2,180,1.1111111111111112E-2,38
2026-04-09,1000000091,1000000086,2,180,1.1111111111111112E-2,14
2026-04-09,1000000091,1000000087,2,180,1.1111111111111112E-2,24.5
2026-04-09,1000000091,1000000089,1,180,5.555555555555556E-3,0
2026-04-09,1000000091,1000000090,3,180,1.6666666666666666E-2,4.333333333333333
2026-04-09,1000000091,1000000091,11,180,6.111111111111111E-2,7.454545454545454
2026-04-09,1000000091,1000000092,2,180,1.1111111111111112E-2,10
2026-04-09,1000000091,1000000093,2,180,1.1111111111111112E-2,9
2026-04-09,1000000091,1000000094,2,180,1.1111111111111112E-2,0
2026-04-09,1000000091,1000000111,1,180,5.555555555555556E-3,4
2026-04-09,1000000092,1000000028,1,155,6.4516129032258064E-3,12
2026-04-09,1000000092,1000000064,4,155,2.5806451612903226E-2,12
2026-04-09,1000000092,1000000084,1,155,6.4516129032258064E-3,0
2026-04-09,1000000092,1000000085,2,155,1.2903225806451613E-2,0
2026-04-09,1000000092,1000000087,2,155,1.2903225806451613E-2,1
2026-04-09,1000000092,1000000088,1,155,6.4516129032258064E-3,0
2026-04-09,1000000092,1000000090,3,155,1.935483870967742E-2,1
2026-04-09,1000000092,1000000091,3,155,1.935483870967742E-2,9.333333333333334
2026-04-09,1000000092,1000000092,8,155,5.161290322580645E-2,8.875
2026-04-09,1000000092,1000000093,1,155,6.4516129032258064E-3,6
2026-04-09,1000000092,1000000111,1,155,6.4516129032258064E-3,0
2026-04-09,1000000093,1000000044,2,710,2.8169014084507044E-3,49.5
2026-04-09,1000000093,1000000045,2,710,2.8169014084507044E-3,8
2026-04-09,1000000093,1000000062,4,710,5.633802816901409E-3,50.75
2026-04-09,1000000093,1000000064,10,710,1.4084507042253521E-2,8.6
2026-04-09,1000000093,1000000084,1,710,1.4084507042253522E-3,3
2026-04-09,1000000093,1000000085,2,710,2.8169014084507044E-3,0
2026-04-09,1000000093,1000000086,1,710,1.4084507042253522E-3,6
2026-04-09,1000000093,1000000087,5,710,7.042253521126761E-3,2.8
2026-04-09,1000000093,1000000088,1,710,1.4084507042253522E-3,62
2026-04-09,1000000093,1000000090,1,710,1.4084507042253522E-3,0
2026-04-09,1000000093,1000000091,2,710,2.8169014084507044E-3,0
2026-04-09,1000000093,1000000093,77,710,1.0845070422535211E-1,6.025974025974026
2026-04-09,1000000093,1000000094,3,710,4.225352112676056E-3,0
2026-04-09,1000000093,1000000108,6,710,8.450704225352112E-3,24.333333333333332
2026-04-09,1000000093,1000000110,2,710,2.8169014084507044E-3,0
2026-04-09,1000000093,1000000111,7,710,9.859154929577466E-3,7.142857142857143E-1
2026-04-09,1000000093,1000000112,2,710,2.8169014084507044E-3,2
2026-04-09,1000000093,1000000113,1,710,1.4084507042253522E-3,14
2026-04-09,1000000094,1000000035,1,187,5.3475935828877E-3,0
2026-04-09,1000000094,1000000044,1,187,5.3475935828877E-3,13
2026-04-09,1000000094,1000000064,1,187,5.3475935828877E-3,5
2026-04-09,1000000094,1000000084,1,187,5.3475935828877E-3,30
2026-04-09,1000000094,1000000086,1,187,5.3475935828877E-3,73
2026-04-09,1000000094,1000000088,1,187,5.3475935828877E-3,16
2026-04-09,1000000094,1000000089,1,187,5.3475935828877E-3,36
2026-04-09,1000000094,1000000090,1,187,5.3475935828877E-3,25
2026-04-09,1000000094,1000000091,2,187,1.06951871657754E-2,2.5
2026-04-09,1000000094,1000000092,1,187,5.3475935828877E-3,18
2026-04-09,1000000094,1000000093,2,187,1.06951871657754E-2,0
2026-04-09,1000000094,1000000094,16,187,8.55614973262032E-2,12.875
2026-04-09,1000000094,1000000095,1,187,5.3475935828877E-3,40
2026-04-09,1000000094,1000000108,3,187,1.6042780748663103E-2,4.333333333333333
2026-04-09,1000000094,1000000110,2,187,1.06951871657754E-2,1
2026-04-09,1000000094,1000000111,4,187,2.13903743315508E-2,34.25
2026-04-09,1000000095,1000000094,1,7,1.4285714285714285E-1,21
2026-04-09,1000000108,1000000035,1,249,4.016064257028112E-3,15
2026-04-09,1000000108,1000000042,1,249,4.016064257028112E-3,83
2026-04-09,1000000108,1000000043,1,249,4.016064257028112E-3,0
2026-04-09,1000000108,1000000044,1,249,4.016064257028112E-3,82
2026-04-09,1000000108,1000000045,3,249,1.2048192771084338E-2,0
2026-04-09,1000000108,1000000064,2,249,8.032128514056224E-3,43
2026-04-09,1000000108,1000000071,1,249,4.016064257028112E-3,12
2026-04-09,1000000108,1000000083,1,249,4.016064257028112E-3,0
2026-04-09,1000000108,1000000084,1,249,4.016064257028112E-3,0
2026-04-09,1000000108,1000000087,1,249,4.016064257028112E-3,0
2026-04-09,1000000108,1000000091,1,249,4.016064257028112E-3,0
2026-04-09,1000000108,1000000092,2,249,8.032128514056224E-3,21
2026-04-09,1000000108,1000000093,7,249,2.8112449799196786E-2,9.142857142857142
2026-04-09,1000000108,1000000094,3,249,1.2048192771084338E-2,5.666666666666667
2026-04-09,1000000108,1000000108,24,249,9.63855421686747E-2,9.083333333333334
2026-04-09,1000000108,1000000111,1,249,4.016064257028112E-3,0
2026-04-09,1000000108,1000000112,2,249,8.032128514056224E-3,19
2026-04-09,1000000108,1000000127,1,249,4.016064257028112E-3,0
2026-04-09,1000000110,1000000027,1,72,1.3888888888888888E-2,39
2026-04-09,1000000110,1000000083,1,72,1.3888888888888888E-2,2
2026-04-09,1000000110,1000000093,1,72,1.3888888888888888E-2,0
2026-04-09,1000000110,1000000094,1,72,1.3888888888888888E-2,0
2026-04-09,1000000110,1000000108,1,72,1.3888888888888888E-2,0
2026-04-09,1000000110,1000000110,7,72,9.722222222222222E-2,5.857142857142857
2026-04-09,1000000110,1000000112,1,72,1.3888888888888888E-2,0
2026-04-09,1000000111,1000000045,1,338,2.9585798816568047E-3,14
2026-04-09,1000000111,1000000062,2,338,5.917159763313609E-3,1.5
2026-04-09,1000000111,1000000064,8,338,2.3668639053254437E-2,16.5
2026-04-09,1000000111,1000000066,1,338,2.9585798816568047E-3,0
2026-04-09,1000000111,1000000085,1,338,2.9585798816568047E-3,0
2026-04-09,1000000111,1000000086,1,338,2.9585798816568047E-3,73
2026-04-09,1000000111,1000000087,1,338,2.9585798816568047E-3,3
2026-04-09,1000000111,1000000088,2,338,5.917159763313609E-3,31
2026-04-09,1000000111,1000000091,2,338,5.917159763313609E-3,15
2026-04-09,1000000111,1000000092,1,338,2.9585798816568047E-3,0
2026-04-09,1000000111,1000000093,10,338,2.9585798816568046E-2,10.1
2026-04-09,1000000111,1000000094,1,338,2.9585798816568047E-3,0
2026-04-09,1000000111,1000000108,1,338,2.9585798816568047E-3,0
2026-04-09,1000000111,1000000110,2,338,5.917159763313609E-3,1
2026-04-09,1000000111,1000000111,34,338,1.0059171597633136E-1,9.352941176470589
2026-04-09,1000000111,1000000112,1,338,2.9585798816568047E-3,0
2026-04-09,1000000111,1000000113,1,338,2.9585798816568047E-3,0
2026-04-09,1000000111,1000000156,1,338,2.9585798816568047E-3,41
2026-04-09,1000000112,1000000042,1,93,1.0752688172043012E-2,1
2026-04-09,1000000112,1000000043,1,93,1.0752688172043012E-2,66
2026-04-09,1000000112,1000000044,1,93,1.0752688172043012E-2,82
2026-04-09,1000000112,1000000045,1,93,1.0752688172043012E-2,0
2026-04-09,1000000112,1000000064,2,93,2.1505376344086023E-2,54.5
2026-04-09,1000000112,1000000072,1,93,1.0752688172043012E-2,1
2026-04-09,1000000112,1000000086,1,93,1.0752688172043012E-2,0
2026-04-09,1000000112,1000000088,2,93,2.1505376344086023E-2,2
2026-04-09,1000000112,1000000090,1,93,1.0752688172043012E-2,0
2026-04-09,1000000112,1000000093,1,93,1.0752688172043012E-2,0
2026-04-09,1000000112,1000000110,1,93,1.0752688172043012E-2,0
2026-04-09,1000000112,1000000112,3,93,3.225806451612903E-2,0
2026-04-09,1000000113,1000000044,1,101,9.900990099009901E-3,0
2026-04-09,1000000113,1000000045,2,101,1.9801980198019802E-2,3
2026-04-09,1000000113,1000000063,2,101,1.9801980198019802E-2,3
2026-04-09,1000000113,1000000064,3,101,2.97029702970297E-2,11.666666666666666
2026-04-09,1000000113,1000000085,1,101,9.900990099009901E-3,14
2026-04-09,1000000113,1000000111,2,101,1.9801980198019802E-2,5.0E-1
2026-04-09,1000000113,1000000113,8,101,7.920792079207921E-2,7.25
2026-04-09,1000000113,1000000127,1,101,9.900990099009901E-3,0
2026-04-09,1000000121,1000000035,1,184,5.434782608695652E-3,52
2026-04-09,1000000121,1000000042,2,184,1.0869565217391304E-2,39.5
2026-04-09,1000000121,1000000043,1,184,5.434782608695652E-3,16
2026-04-09,1000000121,1000000044,1,184,5.434782608695652E-3,13
2026-04-09,1000000121,1000000064,2,184,1.0869565217391304E-2,5.5
2026-04-09,1000000121,1000000070,1,184,5.434782608695652E-3,8
2026-04-09,1000000121,1000000086,2,184,1.0869565217391304E-2,35.5
2026-04-09,1000000121,1000000087,1,184,5.434782608695652E-3,0
2026-04-09,1000000121,1000000093,1,184,5.434782608695652E-3,24
2026-04-09,1000000121,1000000111,1,184,5.434782608695652E-3,6
2026-04-09,1000000121,1000000121,17,184,9.239130434782608E-2,8.588235294117647
2026-04-09,1000000127,1000000045,2,248,8.064516129032258E-3,0
2026-04-09,1000000127,1000000062,2,248,8.064516129032258E-3,0
2026-04-09,1000000127,1000000063,1,248,4.032258064516129E-3,0
2026-04-09,1000000127,1000000064,14,248,5.6451612903225805E-2,23
2026-04-09,1000000127,1000000086,2,248,8.064516129032258E-3,18
2026-04-09,1000000127,1000000088,1,248,4.032258064516129E-3,0
2026-04-09,1000000127,1000000090,1,248,4.032258064516129E-3,41
2026-04-09,1000000127,1000000091,1,248,4.032258064516129E-3,0
2026-04-09,1000000127,1000000093,1,248,4.032258064516129E-3,14
2026-04-09,1000000127,1000000108,1,248,4.032258064516129E-3,0
2026-04-09,1000000127,1000000111,1,248,4.032258064516129E-3,0
2026-04-09,1000000127,1000000113,1,248,4.032258064516129E-3,0
2026-04-09,1000000127,1000000127,2,248,8.064516129032258E-3,6
2026-04-09,1000000128,1000000027,1,61,1.639344262295082E-2,39
2026-04-09,1000000128,1000000042,1,61,1.639344262295082E-2,24
2026-04-09,1000000128,1000000043,1,61,1.639344262295082E-2,4
2026-04-09,1000000128,1000000045,1,61,1.639344262295082E-2,90
2026-04-09,1000000128,1000000064,1,61,1.639344262295082E-2,11
2026-04-09,1000000128,1000000087,1,61,1.639344262295082E-2,0
2026-04-09,1000000128,1000000093,1,61,1.639344262295082E-2,14
2026-04-09,1000000128,1000000111,1,61,1.639344262295082E-2,0
2026-04-09,1000000128,1000000143,1,61,1.639344262295082E-2,2
2026-04-09,1000000142,1000000035,2,36,5.555555555555555E-2,39
2026-04-09,1000000142,1000000043,1,36,2.7777777777777776E-2,21
2026-04-09,1000000142,1000000045,1,36,2.7777777777777776E-2,90
2026-04-09,1000000142,1000000064,1,36,2.7777777777777776E-2,0
2026-04-09,1000000142,1000000088,1,36,2.7777777777777776E-2,0
2026-04-09,1000000142,1000000108,1,36,2.7777777777777776E-2,1
2026-04-09,1000000143,1000000042,2,25,8.0E-2,20.5
2026-04-09,1000000143,1000000043,1,25,4.0E-2,22
2026-04-09,1000000143,1000000088,1,25,4.0E-2,0
2026-04-09,1000000143,1000000091,1,25,4.0E-2,1
2026-04-09,1000000144,1000000064,2,61,3.278688524590164E-2,31
2026-04-09,1000000144,1000000087,1,61,1.639344262295082E-2,0
2026-04-09,1000000144,1000000089,1,61,1.639344262295082E-2,79
2026-04-09,1000000144,1000000111,1,61,1.639344262295082E-2,0
2026-04-09,1000000144,1000000128,1,61,1.639344262295082E-2,32
2026-04-09,1000000153,1000000042,1,55,1.818181818181818E-2,0
2026-04-09,1000000153,1000000045,1,55,1.818181818181818E-2,0
2026-04-09,1000000153,1000000062,1,55,1.818181818181818E-2,0
2026-04-09,1000000153,1000000153,3,55,5.454545454545454E-2,29.333333333333332
2026-04-09,1000000153,1000000156,2,55,3.636363636363636E-2,7.5
2026-04-09,1000000154,1000000045,1,38,2.631578947368421E-2,51
2026-04-09,1000000154,1000000153,1,38,2.631578947368421E-2,28
2026-04-09,1000000154,1000000154,4,38,1.0526315789473684E-1,28
2026-04-09,1000000156,1000000042,1,70,1.4285714285714285E-2,0
2026-04-09,1000000156,1000000044,1,70,1.4285714285714285E-2,0
2026-04-09,1000000156,1000000153,1,70,1.4285714285714285E-2,0
2026-04-09,1000000156,1000000156,10,70,1.4285714285714285E-1,18.7
2026-04-10,1000000027,1000000027,2,16,1.25E-1,63.5
2026-04-10,1000000027,1000000043,1,16,6.25E-2,30
2026-04-10,1000000027,1000000062,1,16,6.25E-2,0
2026-04-10,1000000028,1000000028,1,15,6.666666666666667E-2,11
2026-04-10,1000000028,1000000071,1,15,6.666666666666667E-2,17
2026-04-10,1000000033,1000000033,3,47,6.382978723404255E-2,40
2026-04-10,1000000033,1000000042,1,47,2.127659574468085E-2,0
2026-04-10,1000000033,1000000043,1,47,2.127659574468085E-2,54
2026-04-10,1000000033,1000000045,2,47,4.25531914893617E-2,3
2026-04-10,1000000033,1000000128,1,47,2.127659574468085E-2,32
2026-04-10,1000000035,1000000033,2,77,2.5974025974025976E-2,32.5
2026-04-10,1000000035,1000000035,1,77,1.2987012987012988E-2,19
2026-04-10,1000000035,1000000042,2,77,2.5974025974025976E-2,37
2026-04-10,1000000035,1000000043,1,77,1.2987012987012988E-2,0
2026-04-10,1000000035,1000000063,1,77,1.2987012987012988E-2,8
2026-04-10,1000000035,1000000064,1,77,1.2987012987012988E-2,28
2026-04-10,1000000035,1000000083,1,77,1.2987012987012988E-2,24
2026-04-10,1000000035,1000000084,1,77,1.2987012987012988E-2,18
2026-04-10,1000000035,1000000087,1,77,1.2987012987012988E-2,20
2026-04-10,1000000035,1000000089,1,77,1.2987012987012988E-2,9
2026-04-10,1000000035,1000000094,1,77,1.2987012987012988E-2,0
2026-04-10,1000000035,1000000121,2,77,2.5974025974025976E-2,36.5
2026-04-10,1000000035,1000000156,1,77,1.2987012987012988E-2,56
2026-04-10,1000000042,1000000027,2,192,1.0416666666666666E-2,19.5
2026-04-10,1000000042,1000000033,1,192,5.208333333333333E-3,0
2026-04-10,1000000042,1000000035,1,192,5.208333333333333E-3,78
2026-04-10,1000000042,1000000042,21,192,1.09375E-1,30.428571428571427
2026-04-10,1000000042,1000000043,4,192,2.0833333333333332E-2,10.75
2026-04-10,1000000042,1000000044,1,192,5.208333333333333E-3,13
2026-04-10,1000000042,1000000045,4,192,2.0833333333333332E-2,31.5
2026-04-10,1000000042,1000000063,1,192,5.208333333333333E-3,1
2026-04-10,1000000042,1000000064,4,192,2.0833333333333332E-2,22
2026-04-10,1000000042,1000000065,1,192,5.208333333333333E-3,0
2026-04-10,1000000042,1000000084,1,192,5.208333333333333E-3,8
2026-04-10,1000000042,1000000087,1,192,5.208333333333333E-3,1
2026-04-10,1000000042,1000000088,1,192,5.208333333333333E-3,0
2026-04-10,1000000042,1000000112,1,192,5.208333333333333E-3,9
2026-04-10,1000000042,1000000121,3,192,1.5625E-2,16
2026-04-10,1000000042,1000000153,1,192,5.208333333333333E-3,0
2026-04-10,1000000043,1000000033,1,197,5.076142131979695E-3,33
2026-04-10,1000000043,1000000042,9,197,4.568527918781726E-2,20.555555555555557
2026-04-10,1000000043,1000000043,13,197,6.598984771573604E-2,19.23076923076923
2026-04-10,1000000043,1000000044,5,197,2.5380710659898477E-2,9.8
2026-04-10,1000000043,1000000045,3,197,1.5228426395939087E-2,2.3333333333333335
2026-04-10,1000000043,1000000062,1,197,5.076142131979695E-3,35
2026-04-10,1000000043,1000000064,2,197,1.015228426395939E-2,31.5
2026-04-10,1000000043,1000000084,1,197,5.076142131979695E-3,73
2026-04-10,1000000043,1000000087,2,197,1.015228426395939E-2,10.5
2026-04-10,1000000043,1000000108,2,197,1.015228426395939E-2,1.5
2026-04-10,1000000043,1000000111,1,197,5.076142131979695E-3,29
2026-04-10,1000000043,1000000121,2,197,1.015228426395939E-2,11
2026-04-10,1000000043,1000000153,1,197,5.076142131979695E-3,0
2026-04-10,1000000044,1000000027,1,140,7.142857142857143E-3,39
2026-04-10,1000000044,1000000033,1,140,7.142857142857143E-3,46
2026-04-10,1000000044,1000000042,7,140,5.0E-2,27.428571428571427
2026-04-10,1000000044,1000000043,3,140,2.142857142857143E-2,10.333333333333334
2026-04-10,1000000044,1000000044,4,140,2.857142857142857E-2,21.5
2026-04-10,1000000044,1000000045,2,140,1.4285714285714285E-2,32.5
2026-04-10,1000000044,1000000062,1,140,7.142857142857143E-3,0
2026-04-10,1000000044,1000000070,1,140,7.142857142857143E-3,8
2026-04-10,1000000044,1000000084,1,140,7.142857142857143E-3,18
2026-04-10,1000000044,1000000085,1,140,7.142857142857143E-3,45
2026-04-10,1000000044,1000000088,1,140,7.142857142857143E-3,16
2026-04-10,1000000044,1000000112,1,140,7.142857142857143E-3,9
2026-04-10,1000000044,1000000113,1,140,7.142857142857143E-3,0
2026-04-10,1000000044,1000000121,2,140,1.4285714285714285E-2,21.5
2026-04-10,1000000044,1000000156,1,140,7.142857142857143E-3,0
2026-04-10,1000000045,1000000027,1,309,3.236245954692557E-3,39
2026-04-10,1000000045,1000000033,2,309,6.472491909385114E-3,23
2026-04-10,1000000045,1000000035,1,309,3.236245954692557E-3,27
2026-04-10,1000000045,1000000042,10,309,3.2362459546925564E-2,18.5
2026-04-10,1000000045,1000000043,5,309,1.6181229773462782E-2,6.8
2026-04-10,1000000045,1000000044,2,309,6.472491909385114E-3,10.5
2026-04-10,1000000045,1000000045,19,309,6.1488673139158574E-2,17
2026-04-10,1000000045,1000000063,2,309,6.472491909385114E-3,18.5
2026-04-10,1000000045,1000000064,7,309,2.2653721682847898E-2,21.857142857142858
2026-04-10,1000000045,1000000085,1,309,3.236245954692557E-3,0
2026-04-10,1000000045,1000000086,1,309,3.236245954692557E-3,56
2026-04-10,1000000045,1000000091,2,309,6.472491909385114E-3,5.0E-1
2026-04-10,1000000045,1000000108,3,309,9.708737864077669E-3,18.666666666666668
2026-04-10,1000000045,1000000112,1,309,3.236245954692557E-3,9
2026-04-10,1000000045,1000000113,1,309,3.236245954692557E-3,0
2026-04-10,1000000045,1000000121,2,309,6.472491909385114E-3,6.5
2026-04-10,1000000045,1000000153,2,309,6.472491909385114E-3,0
2026-04-10,1000000045,1000000156,2,309,6.472491909385114E-3,21
2026-04-10,1000000062,1000000027,1,238,4.201680672268907E-3,0
2026-04-10,1000000062,1000000028,1,238,4.201680672268907E-3,7
2026-04-10,1000000062,1000000042,2,238,8.403361344537815E-3,51
2026-04-10,1000000062,1000000045,3,238,1.2605042016806723E-2,32
2026-04-10,1000000062,1000000062,6,238,2.5210084033613446E-2,7.166666666666667
2026-04-10,1000000062,1000000064,7,238,2.9411764705882353E-2,24.571428571428573
2026-04-10,1000000062,1000000065,1,238,4.201680672268907E-3,12
2026-04-10,1000000062,1000000087,1,238,4.201680672268907E-3,71
2026-04-10,1000000062,1000000093,1,238,4.201680672268907E-3,22
2026-04-10,1000000062,1000000111,1,238,4.201680672268907E-3,37
2026-04-10,1000000062,1000000121,1,238,4.201680672268907E-3,1
2026-04-10,1000000062,1000000153,1,238,4.201680672268907E-3,0
2026-04-10,1000000063,1000000042,4,298,1.3422818791946308E-2,39.75
2026-04-10,1000000063,1000000043,3,298,1.0067114093959731E-2,1.3333333333333333
2026-04-10,1000000063,1000000044,4,298,1.3422818791946308E-2,29.25
2026-04-10,1000000063,1000000045,1,298,3.355704697986577E-3,6
2026-04-10,1000000063,1000000062,5,298,1.6778523489932886E-2,12.2
2026-04-10,1000000063,1000000063,12,298,4.0268456375838924E-2,20.166666666666668
2026-04-10,1000000063,1000000064,10,298,3.355704697986577E-2,25.2
2026-04-10,1000000063,1000000069,1,298,3.355704697986577E-3,9
2026-04-10,1000000063,1000000087,3,298,1.0067114093959731E-2,16
2026-04-10,1000000063,1000000088,1,298,3.355704697986577E-3,0
2026-04-10,1000000063,1000000090,2,298,6.711409395973154E-3,20.5
2026-04-10,1000000063,1000000092,1,298,3.355704697986577E-3,1
2026-04-10,1000000063,1000000093,2,298,6.711409395973154E-3,48.5
2026-04-10,1000000063,1000000108,2,298,6.711409395973154E-3,28
2026-04-10,1000000063,1000000112,1,298,3.355704697986577E-3,9
2026-04-10,1000000063,1000000127,1,298,3.355704697986577E-3,0
2026-04-10,1000000064,1000000033,1,1660,6.024096385542169E-4,0
2026-04-10,1000000064,1000000035,1,1660,6.024096385542169E-4,46
2026-04-10,1000000064,1000000042,13,1660,7.83132530120482E-3,18.23076923076923
2026-04-10,1000000064,1000000043,9,1660,5.421686746987952E-3,17
2026-04-10,1000000064,1000000044,5,1660,3.0120481927710845E-3,16
2026-04-10,1000000064,1000000045,6,1660,3.6144578313253013E-3,21.333333333333332
2026-04-10,1000000064,1000000062,3,1660,1.8072289156626507E-3,23.333333333333332
2026-04-10,1000000064,1000000063,9,1660,5.421686746987952E-3,20.444444444444443
2026-04-10,1000000064,1000000064,136,1660,8.19277108433735E-2,14.205882352941176
2026-04-10,1000000064,1000000069,1,1660,6.024096385542169E-4,0
2026-04-10,1000000064,1000000083,1,1660,6.024096385542169E-4,0
2026-04-10,1000000064,1000000084,3,1660,1.8072289156626507E-3,47.666666666666664
2026-04-10,1000000064,1000000085,4,1660,2.4096385542168677E-3,17.5
2026-04-10,1000000064,1000000086,2,1660,1.2048192771084338E-3,48.5
2026-04-10,1000000064,1000000088,5,1660,3.0120481927710845E-3,21.4
2026-04-10,1000000064,1000000090,1,1660,6.024096385542169E-4,3
2026-04-10,1000000064,1000000091,5,1660,3.0120481927710845E-3,7.8
2026-04-10,1000000064,1000000092,2,1660,1.2048192771084338E-3,24.5
2026-04-10,1000000064,1000000093,8,1660,4.819277108433735E-3,9.625
2026-04-10,1000000064,1000000094,2,1660,1.2048192771084338E-3,15
2026-04-10,1000000064,1000000108,2,1660,1.2048192771084338E-3,0
2026-04-10,1000000064,1000000111,2,1660,1.2048192771084338E-3,10
2026-04-10,1000000064,1000000113,2,1660,1.2048192771084338E-3,5.0E-1
2026-04-10,1000000064,1000000121,2,1660,1.2048192771084338E-3,6.5
2026-04-10,1000000064,1000000127,4,1660,2.4096385542168677E-3,14.75
2026-04-10,1000000064,1000000128,1,1660,6.024096385542169E-4,24
2026-04-10,1000000064,1000000142,2,1660,1.2048192771084338E-3,2
2026-04-10,1000000064,1000000153,2,1660,1.2048192771084338E-3,0
2026-04-10,1000000064,1000000156,3,1660,1.8072289156626507E-3,32.666666666666664
2026-04-10,1000000065,1000000027,1,50,2.0E-2,39
2026-04-10,1000000065,1000000035,1,50,2.0E-2,19
2026-04-10,1000000065,1000000042,2,50,4.0E-2,8
2026-04-10,1000000065,1000000043,2,50,4.0E-2,11
2026-04-10,1000000065,1000000045,1,50,2.0E-2,90
2026-04-10,1000000065,1000000065,1,50,2.0E-2,20
2026-04-10,1000000065,1000000111,1,50,2.0E-2,6
2026-04-10,1000000066,1000000042,1,85,1.1764705882352941E-2,24
2026-04-10,1000000066,1000000043,3,85,3.529411764705882E-2,45.666666666666664
2026-04-10,1000000066,1000000044,3,85,3.529411764705882E-2,6.666666666666667
2026-04-10,1000000066,1000000063,1,85,1.1764705882352941E-2,23
2026-04-10,1000000066,1000000064,2,85,2.3529411764705882E-2,5.5
2026-04-10,1000000066,1000000065,1,85,1.1764705882352941E-2,20
2026-04-10,1000000066,1000000066,1,85,1.1764705882352941E-2,0
2026-04-10,1000000066,1000000084,1,85,1.1764705882352941E-2,18
2026-04-10,1000000066,1000000087,1,85,1.1764705882352941E-2,1
2026-04-10,1000000066,1000000111,1,85,1.1764705882352941E-2,0
2026-04-10,1000000069,1000000028,1,103,9.708737864077669E-3,12
2026-04-10,1000000069,1000000042,2,103,1.9417475728155338E-2,20
2026-04-10,1000000069,1000000043,1,103,9.708737864077669E-3,0
2026-04-10,1000000069,1000000044,1,103,9.708737864077669E-3,36
2026-04-10,1000000069,1000000045,1,103,9.708737864077669E-3,15
2026-04-10,1000000069,1000000063,1,103,9.708737864077669E-3,35
2026-04-10,1000000069,1000000064,2,103,1.9417475728155338E-2,41
2026-04-10,1000000069,1000000086,1,103,9.708737864077669E-3,0
2026-04-10,1000000069,1000000091,1,103,9.708737864077669E-3,0
2026-04-10,1000000069,1000000121,1,103,9.708737864077669E-3,12
2026-04-10,1000000069,1000000154,1,103,9.708737864077669E-3,36
2026-04-10,1000000070,1000000044,1,23,4.3478260869565216E-2,20
2026-04-10,1000000070,1000000062,1,23,4.3478260869565216E-2,53
2026-04-10,1000000070,1000000064,1,23,4.3478260869565216E-2,4
2026-04-10,1000000070,1000000070,1,23,4.3478260869565216E-2,8
2026-04-10,1000000071,1000000042,1,36,2.7777777777777776E-2,9
2026-04-10,1000000071,1000000043,1,36,2.7777777777777776E-2,21
2026-04-10,1000000071,1000000064,1,36,2.7777777777777776E-2,33
2026-04-10,1000000071,1000000065,1,36,2.7777777777777776E-2,12
2026-04-10,1000000071,1000000108,1,36,2.7777777777777776E-2,0
2026-04-10,1000000071,1000000121,1,36,2.7777777777777776E-2,21
2026-04-10,1000000072,1000000062,1,13,7.692307692307693E-2,11
2026-04-10,1000000072,1000000064,1,13,7.692307692307693E-2,8
2026-04-10,1000000083,1000000028,1,77,1.2987012987012988E-2,18
2026-04-10,1000000083,1000000035,1,77,1.2987012987012988E-2,19
2026-04-10,1000000083,1000000042,4,77,5.194805194805195E-2,26
2026-04-10,1000000083,1000000044,1,77,1.2987012987012988E-2,13
2026-04-10,1000000083,1000000045,1,77,1.2987012987012988E-2,0
2026-04-10,1000000083,1000000064,3,77,3.896103896103896E-2,26.333333333333332
2026-04-10,1000000083,1000000069,1,77,1.2987012987012988E-2,9
2026-04-10,1000000083,1000000083,1,77,1.2987012987012988E-2,43
2026-04-10,1000000083,1000000088,1,77,1.2987012987012988E-2,12
2026-04-10,1000000083,1000000094,1,77,1.2987012987012988E-2,0
2026-04-10,1000000083,1000000108,1,77,1.2987012987012988E-2,0
2026-04-10,1000000083,1000000121,1,77,1.2987012987012988E-2,1
2026-04-10,1000000083,1000000127,1,77,1.2987012987012988E-2,0
2026-04-10,1000000084,1000000064,2,147,1.3605442176870748E-2,25.5
2026-04-10,1000000084,1000000083,1,147,6.802721088435374E-3,1
2026-04-10,1000000084,1000000084,4,147,2.7210884353741496E-2,2.5
2026-04-10,1000000084,1000000087,1,147,6.802721088435374E-3,0
2026-04-10,1000000084,1000000088,2,147,1.3605442176870748E-2,3.5
2026-04-10,1000000084,1000000092,1,147,6.802721088435374E-3,0
2026-04-10,1000000084,1000000093,2,147,1.3605442176870748E-2,41
2026-04-10,1000000084,1000000108,2,147,1.3605442176870748E-2,0
2026-04-10,1000000084,1000000110,2,147,1.3605442176870748E-2,1
2026-04-10,1000000085,1000000033,1,318,3.1446540880503146E-3,4
2026-04-10,1000000085,1000000035,1,318,3.1446540880503146E-3,47
2026-04-10,1000000085,1000000042,1,318,3.1446540880503146E-3,27
2026-04-10,1000000085,1000000045,2,318,6.289308176100629E-3,0
2026-04-10,1000000085,1000000064,2,318,6.289308176100629E-3,0
2026-04-10,1000000085,1000000084,4,318,1.2578616352201259E-2,23.5
2026-04-10,1000000085,1000000085,16,318,5.0314465408805034E-2,10.1875
2026-04-10,1000000085,1000000086,10,318,3.1446540880503145E-2,7
2026-04-10,1000000085,1000000087,6,318,1.8867924528301886E-2,4.833333333333333
2026-04-10,1000000085,1000000088,8,318,2.5157232704402517E-2,6.25E-1
2026-04-10,1000000085,1000000089,1,318,3.1446540880503146E-3,36
2026-04-10,1000000085,1000000090,2,318,6.289308176100629E-3,1.5
2026-04-10,1000000085,1000000091,2,318,6.289308176100629E-3,33.5
2026-04-10,1000000085,1000000092,3,318,9.433962264150943E-3,3.333333333333333E-1
2026-04-10,1000000085,1000000093,1,318,3.1446540880503146E-3,0
2026-04-10,1000000085,1000000108,2,318,6.289308176100629E-3,5.0E-1
2026-04-10,1000000085,1000000111,1,318,3.1446540880503146E-3,0
2026-04-10,1000000085,1000000127,1,318,3.1446540880503146E-3,0
2026-04-10,1000000085,1000000153,1,318,3.1446540880503146E-3,1
2026-04-10,1000000086,1000000045,1,200,5.0E-3,6
2026-04-10,1000000086,1000000063,1,200,5.0E-3,60
2026-04-10,1000000086,1000000064,2,200,1.0E-2,12
2026-04-10,1000000086,1000000084,4,200,2.0E-2,21.25
2026-04-10,1000000086,1000000085,12,200,6.0E-2,12.416666666666666
2026-04-10,1000000086,1000000086,20,200,1.0E-1,11.4
2026-04-10,1000000086,1000000087,7,200,3.5E-2,4.714285714285714
2026-04-10,1000000086,1000000088,6,200,3.0E-2,0
2026-04-10,1000000086,1000000089,2,200,1.0E-2,35
2026-04-10,1000000086,1000000090,1,200,5.0E-3,0
2026-04-10,1000000086,1000000113,1,200,5.0E-3,0
2026-04-10,1000000087,1000000033,1,457,2.188183807439825E-3,22
2026-04-10,1000000087,1000000035,1,457,2.188183807439825E-3,46
2026-04-10,1000000087,1000000043,2,457,4.37636761487965E-3,1
2026-04-10,1000000087,1000000044,1,457,2.188183807439825E-3,5
2026-04-10,1000000087,1000000064,6,457,1.312910284463895E-2,34.666666666666664
2026-04-10,1000000087,1000000084,3,457,6.564551422319475E-3,9.333333333333334
2026-04-10,1000000087,1000000085,8,457,1.75054704595186E-2,10.375
2026-04-10,1000000087,1000000086,7,457,1.5317286652078774E-2,9.714285714285714
2026-04-10,1000000087,1000000087,31,457,6.783369803063458E-2,16.06451612903226
2026-04-10,1000000087,1000000088,15,457,3.282275711159737E-2,10
2026-04-10,1000000087,1000000092,2,457,4.37636761487965E-3,42
2026-04-10,1000000087,1000000093,4,457,8.7527352297593E-3,2.25
2026-04-10,1000000087,1000000094,1,457,2.188183807439825E-3,0
2026-04-10,1000000087,1000000143,1,457,2.188183807439825E-3,2
2026-04-10,1000000088,1000000063,1,355,2.8169014084507044E-3,0
2026-04-10,1000000088,1000000064,8,355,2.2535211267605635E-2,25.625
2026-04-10,1000000088,1000000083,1,355,2.8169014084507044E-3,80
2026-04-10,1000000088,1000000084,1,355,2.8169014084507044E-3,52
2026-04-10,1000000088,1000000085,8,355,2.2535211267605635E-2,7.5
2026-04-10,1000000088,1000000086,8,355,2.2535211267605635E-2,9.5
2026-04-10,1000000088,1000000087,10,355,2.8169014084507043E-2,4.1
2026-04-10,1000000088,1000000088,39,355,1.0985915492957747E-1,8.615384615384615
2026-04-10,1000000088,1000000089,2,355,5.633802816901409E-3,4.5
2026-04-10,1000000088,1000000090,1,355,2.8169014084507044E-3,0
2026-04-10,1000000088,1000000092,1,355,2.8169014084507044E-3,0
2026-04-10,1000000088,1000000094,2,355,5.633802816901409E-3,37
2026-04-10,1000000088,1000000112,2,355,5.633802816901409E-3,5.0E-1
2026-04-10,1000000088,1000000121,1,355,2.8169014084507044E-3,13
2026-04-10,1000000088,1000000142,2,355,5.633802816901409E-3,4.5
2026-04-10,1000000089,1000000033,1,50,2.0E-2,87
2026-04-10,1000000089,1000000086,1,50,2.0E-2,0
2026-04-10,1000000089,1000000087,3,50,6.0E-2,3.333333333333333E-1
2026-04-10,1000000089,1000000088,4,50,8.0E-2,4.75
2026-04-10,1000000089,1000000089,4,50,8.0E-2,8.75
2026-04-10,1000000089,1000000091,1,50,2.0E-2,0
2026-04-10,1000000089,1000000111,1,50,2.0E-2,32
2026-04-10,1000000089,1000000112,1,50,2.0E-2,0
2026-04-10,1000000090,1000000028,1,127,7.874015748031496E-3,12
2026-04-10,1000000090,1000000063,1,127,7.874015748031496E-3,0
2026-04-10,1000000090,1000000064,1,127,7.874015748031496E-3,76
2026-04-10,1000000090,1000000085,1,127,7.874015748031496E-3,0
2026-04-10,1000000090,1000000090,3,127,2.3622047244094488E-2,2
2026-04-10,1000000090,1000000091,1,127,7.874015748031496E-3,4
2026-04-10,1000000090,1000000092,1,127,7.874015748031496E-3,0
2026-04-10,1000000090,1000000093,1,127,7.874015748031496E-3,0
2026-04-10,1000000090,1000000094,1,127,7.874015748031496E-3,0
2026-04-10,1000000090,1000000111,1,127,7.874015748031496E-3,2
2026-04-10,1000000090,1000000112,1,127,7.874015748031496E-3,0
2026-04-10,1000000091,1000000028,1,182,5.494505494505495E-3,12
2026-04-10,1000000091,1000000035,1,182,5.494505494505495E-3,47
2026-04-10,1000000091,1000000045,3,182,1.6483516483516484E-2,2
2026-04-10,1000000091,1000000064,4,182,2.197802197802198E-2,13
2026-04-10,1000000091,1000000085,2,182,1.098901098901099E-2,38
2026-04-10,1000000091,1000000086,2,182,1.098901098901099E-2,14
2026-04-10,1000000091,1000000087,2,182,1.098901098901099E-2,24.5
2026-04-10,1000000091,1000000089,1,182,5.494505494505495E-3,0
2026-04-10,1000000091,1000000090,3,182,1.6483516483516484E-2,4.333333333333333
2026-04-10,1000000091,1000000091,11,182,6.043956043956044E-2,7.454545454545454
2026-04-10,1000000091,1000000092,2,182,1.098901098901099E-2,10
2026-04-10,1000000091,1000000093,2,182,1.098901098901099E-2,9
2026-04-10,1000000091,1000000094,2,182,1.098901098901099E-2,0
2026-04-10,1000000091,1000000111,1,182,5.494505494505495E-3,4
2026-04-10,1000000092,1000000028,1,154,6.493506493506494E-3,12
2026-04-10,1000000092,1000000064,4,154,2.5974025974025976E-2,12
2026-04-10,1000000092,1000000084,1,154,6.493506493506494E-3,0
2026-04-10,1000000092,1000000085,2,154,1.2987012987012988E-2,0
2026-04-10,1000000092,1000000087,2,154,1.2987012987012988E-2,1
2026-04-10,1000000092,1000000088,1,154,6.493506493506494E-3,0
2026-04-10,1000000092,1000000090,3,154,1.948051948051948E-2,1
2026-04-10,1000000092,1000000091,3,154,1.948051948051948E-2,9.333333333333334
2026-04-10,1000000092,1000000092,8,154,5.194805194805195E-2,8.875
2026-04-10,1000000092,1000000093,1,154,6.493506493506494E-3,6
2026-04-10,1000000092,1000000111,1,154,6.493506493506494E-3,0
2026-04-10,1000000093,1000000044,2,710,2.8169014084507044E-3,49.5
2026-04-10,1000000093,1000000045,2,710,2.8169014084507044E-3,8
2026-04-10,1000000093,1000000062,4,710,5.633802816901409E-3,50.75
2026-04-10,1000000093,1000000064,10,710,1.4084507042253521E-2,8.6
2026-04-10,1000000093,1000000084,1,710,1.4084507042253522E-3,3
2026-04-10,1000000093,1000000085,2,710,2.8169014084507044E-3,0
2026-04-10,1000000093,1000000086,1,710,1.4084507042253522E-3,6
2026-04-10,1000000093,1000000087,5,710,7.042253521126761E-3,2.8
2026-04-10,1000000093,1000000088,1,710,1.4084507042253522E-3,62
2026-04-10,1000000093,1000000090,1,710,1.4084507042253522E-3,0
2026-04-10,1000000093,1000000091,2,710,2.8169014084507044E-3,0
2026-04-10,1000000093,1000000093,77,710,1.0845070422535211E-1,6.025974025974026
2026-04-10,1000000093,1000000094,3,710,4.225352112676056E-3,0
2026-04-10,1000000093,1000000108,6,710,8.450704225352112E-3,24.333333333333332
2026-04-10,1000000093,1000000110,2,710,2.8169014084507044E-3,0
2026-04-10,1000000093,1000000111,7,710,9.859154929577466E-3,7.142857142857143E-1
2026-04-10,1000000093,1000000112,2,710,2.8169014084507044E-3,2
2026-04-10,1000000093,1000000113,1,710,1.4084507042253522E-3,14
2026-04-10,1000000094,1000000035,1,188,5.319148936170213E-3,0
2026-04-10,1000000094,1000000044,1,188,5.319148936170213E-3,13
2026-04-10,1000000094,1000000064,1,188,5.319148936170213E-3,5
2026-04-10,1000000094,1000000084,1,188,5.319148936170213E-3,30
2026-04-10,1000000094,1000000086,1,188,5.319148936170213E-3,73
2026-04-10,1000000094,1000000088,1,188,5.319148936170213E-3,16
2026-04-10,1000000094,1000000089,1,188,5.319148936170213E-3,36
2026-04-10,1000000094,1000000090,1,188,5.319148936170213E-3,25
2026-04-10,1000000094,1000000091,2,188,1.0638297872340425E-2,2.5
2026-04-10,1000000094,1000000092,1,188,5.319148936170213E-3,18
2026-04-10,1000000094,1000000093,2,188,1.0638297872340425E-2,0
2026-04-10,1000000094,1000000094,16,188,8.51063829787234E-2,12.875
2026-04-10,1000000094,1000000095,1,188,5.319148936170213E-3,40
2026-04-10,1000000094,1000000108,3,188,1.5957446808510637E-2,4.333333333333333
2026-04-10,1000000094,1000000110,2,188,1.0638297872340425E-2,1
2026-04-10,1000000094,1000000111,4,188,2.127659574468085E-2,34.25
2026-04-10,1000000095,1000000094,1,7,1.4285714285714285E-1,21
2026-04-10,1000000108,1000000035,1,249,4.016064257028112E-3,15
2026-04-10,1000000108,1000000042,1,249,4.016064257028112E-3,83
2026-04-10,1000000108,1000000043,1,249,4.016064257028112E-3,0
2026-04-10,1000000108,1000000044,1,249,4.016064257028112E-3,82
2026-04-10,1000000108,1000000045,3,249,1.2048192771084338E-2,0
2026-04-10,1000000108,1000000064,2,249,8.032128514056224E-3,43
2026-04-10,1000000108,1000000071,1,249,4.016064257028112E-3,12
2026-04-10,1000000108,1000000083,1,249,4.016064257028112E-3,0
2026-04-10,1000000108,1000000084,1,249,4.016064257028112E-3,0
2026-04-10,1000000108,1000000087,1,249,4.016064257028112E-3,0
2026-04-10,1000000108,1000000091,1,249,4.016064257028112E-3,0
2026-04-10,1000000108,1000000092,2,249,8.032128514056224E-3,21
2026-04-10,1000000108,1000000093,7,249,2.8112449799196786E-2,9.142857142857142
2026-04-10,1000000108,1000000094,3,249,1.2048192771084338E-2,5.666666666666667
2026-04-10,1000000108,1000000108,24,249,9.63855421686747E-2,9.083333333333334
2026-04-10,1000000108,1000000111,1,249,4.016064257028112E-3,0
2026-04-10,1000000108,1000000112,2,249,8.032128514056224E-3,19
2026-04-10,1000000108,1000000127,1,249,4.016064257028112E-3,0
2026-04-10,1000000110,1000000027,1,71,1.4084507042253521E-2,39
2026-04-10,1000000110,1000000083,1,71,1.4084507042253521E-2,2
2026-04-10,1000000110,1000000093,1,71,1.4084507042253521E-2,0
2026-04-10,1000000110,1000000094,1,71,1.4084507042253521E-2,0
2026-04-10,1000000110,1000000108,1,71,1.4084507042253521E-2,0
2026-04-10,1000000110,1000000110,7,71,9.859154929577464E-2,5.857142857142857
2026-04-10,1000000110,1000000112,1,71,1.4084507042253521E-2,0
2026-04-10,1000000111,1000000045,1,338,2.9585798816568047E-3,14
2026-04-10,1000000111,1000000062,2,338,5.917159763313609E-3,1.5
2026-04-10,1000000111,1000000064,8,338,2.3668639053254437E-2,16.5
2026-04-10,1000000111,1000000066,1,338,2.9585798816568047E-3,0
2026-04-10,1000000111,1000000085,1,338,2.9585798816568047E-3,0
2026-04-10,1000000111,1000000086,1,338,2.9585798816568047E-3,73
2026-04-10,1000000111,1000000087,1,338,2.9585798816568047E-3,3
2026-04-10,1000000111,1000000088,2,338,5.917159763313609E-3,31
2026-04-10,1000000111,1000000091,2,338,5.917159763313609E-3,15
2026-04-10,1000000111,1000000092,1,338,2.9585798816568047E-3,0
2026-04-10,1000000111,1000000093,10,338,2.9585798816568046E-2,10.1
2026-04-10,1000000111,1000000094,1,338,2.9585798816568047E-3,0
2026-04-10,1000000111,1000000108,1,338,2.9585798816568047E-3,0
2026-04-10,1000000111,1000000110,2,338,5.917159763313609E-3,1
2026-04-10,1000000111,1000000111,34,338,1.0059171597633136E-1,7.323529411764706
2026-04-10,1000000111,1000000112,1,338,2.9585798816568047E-3,0
2026-04-10,1000000111,1000000113,1,338,2.9585798816568047E-3,0
2026-04-10,1000000111,1000000156,1,338,2.9585798816568047E-3,41
2026-04-10,1000000112,1000000042,1,93,1.0752688172043012E-2,1
2026-04-10,1000000112,1000000043,1,93,1.0752688172043012E-2,66
2026-04-10,1000000112,1000000044,1,93,1.0752688172043012E-2,82
2026-04-10,1000000112,1000000045,1,93,1.0752688172043012E-2,0
2026-04-10,1000000112,1000000064,2,93,2.1505376344086023E-2,54.5
2026-04-10,1000000112,1000000072,1,93,1.0752688172043012E-2,1
2026-04-10,1000000112,1000000086,1,93,1.0752688172043012E-2,0
2026-04-10,1000000112,1000000088,2,93,2.1505376344086023E-2,2
2026-04-10,1000000112,1000000090,1,93,1.0752688172043012E-2,0
2026-04-10,1000000112,1000000093,1,93,1.0752688172043012E-2,0
2026-04-10,1000000112,1000000110,1,93,1.0752688172043012E-2,0
2026-04-10,1000000112,1000000112,3,93,3.225806451612903E-2,0
2026-04-10,1000000113,1000000044,1,102,9.80392156862745E-3,0
2026-04-10,1000000113,1000000045,2,102,1.96078431372549E-2,3
2026-04-10,1000000113,1000000063,2,102,1.96078431372549E-2,3
2026-04-10,1000000113,1000000064,3,102,2.9411764705882353E-2,11.666666666666666
2026-04-10,1000000113,1000000085,1,102,9.80392156862745E-3,14
2026-04-10,1000000113,1000000111,2,102,1.96078431372549E-2,5.0E-1
2026-04-10,1000000113,1000000113,8,102,7.84313725490196E-2,7.25
2026-04-10,1000000113,1000000127,1,102,9.80392156862745E-3,0
2026-04-10,1000000121,1000000035,1,184,5.434782608695652E-3,52
2026-04-10,1000000121,1000000042,2,184,1.0869565217391304E-2,39.5
2026-04-10,1000000121,1000000043,1,184,5.434782608695652E-3,16
2026-04-10,1000000121,1000000044,1,184,5.434782608695652E-3,13
2026-04-10,1000000121,1000000064,2,184,1.0869565217391304E-2,5.5
2026-04-10,1000000121,1000000070,1,184,5.434782608695652E-3,8
2026-04-10,1000000121,1000000086,2,184,1.0869565217391304E-2,35.5
2026-04-10,1000000121,1000000087,1,184,5.434782608695652E-3,0
2026-04-10,1000000121,1000000093,1,184,5.434782608695652E-3,24
2026-04-10,1000000121,1000000111,1,184,5.434782608695652E-3,6
2026-04-10,1000000121,1000000121,17,184,9.239130434782608E-2,8.588235294117647
2026-04-10,1000000127,1000000045,2,249,8.032128514056224E-3,0
2026-04-10,1000000127,1000000062,2,249,8.032128514056224E-3,0
2026-04-10,1000000127,1000000063,1,249,4.016064257028112E-3,0
2026-04-10,1000000127,1000000064,14,249,5.622489959839357E-2,23
2026-04-10,1000000127,1000000084,1,249,4.016064257028112E-3,73
2026-04-10,1000000127,1000000086,2,249,8.032128514056224E-3,18
2026-04-10,1000000127,1000000088,1,249,4.016064257028112E-3,0
2026-04-10,1000000127,1000000090,1,249,4.016064257028112E-3,41
2026-04-10,1000000127,1000000091,1,249,4.016064257028112E-3,0
2026-04-10,1000000127,1000000093,1,249,4.016064257028112E-3,14
2026-04-10,1000000127,1000000108,1,249,4.016064257028112E-3,0
2026-04-10,1000000127,1000000111,1,249,4.016064257028112E-3,0
2026-04-10,1000000127,1000000113,1,249,4.016064257028112E-3,0
2026-04-10,1000000127,1000000127,2,249,8.032128514056224E-3,6
2026-04-10,1000000128,1000000027,1,61,1.639344262295082E-2,39
2026-04-10,1000000128,1000000042,1,61,1.639344262295082E-2,24
2026-04-10,1000000128,1000000043,1,61,1.639344262295082E-2,4
2026-04-10,1000000128,1000000045,1,61,1.639344262295082E-2,90
2026-04-10,1000000128,1000000064,1,61,1.639344262295082E-2,11
2026-04-10,1000000128,1000000087,1,61,1.639344262295082E-2,0
2026-04-10,1000000128,1000000093,1,61,1.639344262295082E-2,14
2026-04-10,1000000128,1000000111,1,61,1.639344262295082E-2,0
2026-04-10,1000000128,1000000143,1,61,1.639344262295082E-2,2
2026-04-10,1000000142,1000000035,2,37,5.405405405405406E-2,39
2026-04-10,1000000142,1000000043,1,37,2.702702702702703E-2,21
2026-04-10,1000000142,1000000045,1,37,2.702702702702703E-2,90
2026-04-10,1000000142,1000000064,1,37,2.702702702702703E-2,0
2026-04-10,1000000142,1000000088,1,37,2.702702702702703E-2,0
2026-04-10,1000000142,1000000108,1,37,2.702702702702703E-2,1
2026-04-10,1000000143,1000000042,2,25,8.0E-2,20.5
2026-04-10,1000000143,1000000043,1,25,4.0E-2,22
2026-04-10,1000000143,1000000088,1,25,4.0E-2,0
2026-04-10,1000000143,1000000091,1,25,4.0E-2,1
2026-04-10,1000000144,1000000064,2,61,3.278688524590164E-2,31
2026-04-10,1000000144,1000000084,1,61,1.639344262295082E-2,73
2026-04-10,1000000144,1000000087,1,61,1.639344262295082E-2,0
2026-04-10,1000000144,1000000089,1,61,1.639344262295082E-2,79
2026-04-10,1000000144,1000000111,1,61,1.639344262295082E-2,0
2026-04-10,1000000144,1000000128,1,61,1.639344262295082E-2,32
2026-04-10,1000000153,1000000042,1,55,1.818181818181818E-2,0
2026-04-10,1000000153,1000000045,1,55,1.818181818181818E-2,0
2026-04-10,1000000153,1000000062,1,55,1.818181818181818E-2,0
2026-04-10,1000000153,1000000153,3,55,5.454545454545454E-2,29.333333333333332
2026-04-10,1000000153,1000000156,2,55,3.636363636363636E-2,7.5
2026-04-10,1000000154,1000000045,1,38,2.631578947368421E-2,51
2026-04-10,1000000154,1000000153,1,38,2.631578947368421E-2,28
2026-04-10,1000000154,1000000154,4,38,1.0526315789473684E-1,28
2026-04-10,1000000156,1000000042,1,70,1.4285714285714285E-2,0
2026-04-10,1000000156,1000000044,1,70,1.4285714285714285E-2,0
2026-04-10,1000000156,1000000153,1,70,1.4285714285714285E-2,0
2026-04-10,1000000156,1000000156,10,70,1.4285714285714285E-1,18.7
2026-04-11,1000000027,1000000027,2,16,1.25E-1,63.5
2026-04-11,1000000027,1000000043,1,16,6.25E-2,30
2026-04-11,1000000027,1000000062,1,16,6.25E-2,0
2026-04-11,1000000028,1000000028,1,15,6.666666666666667E-2,11
2026-04-11,1000000028,1000000071,1,15,6.666666666666667E-2,17
2026-04-11,1000000033,1000000033,3,47,6.382978723404255E-2,40
2026-04-11,1000000033,1000000042,1,47,2.127659574468085E-2,0
2026-04-11,1000000033,1000000043,1,47,2.127659574468085E-2,54
2026-04-11,1000000033,1000000045,2,47,4.25531914893617E-2,3
2026-04-11,1000000033,1000000128,1,47,2.127659574468085E-2,32
2026-04-11,1000000035,1000000033,2,77,2.5974025974025976E-2,32.5
2026-04-11,1000000035,1000000035,1,77,1.2987012987012988E-2,19
2026-04-11,1000000035,1000000042,2,77,2.5974025974025976E-2,37
2026-04-11,1000000035,1000000043,1,77,1.2987012987012988E-2,0
2026-04-11,1000000035,1000000063,1,77,1.2987012987012988E-2,8
2026-04-11,1000000035,1000000064,1,77,1.2987012987012988E-2,28
2026-04-11,1000000035,1000000083,1,77,1.2987012987012988E-2,24
2026-04-11,1000000035,1000000084,1,77,1.2987012987012988E-2,18
2026-04-11,1000000035,1000000087,1,77,1.2987012987012988E-2,20
2026-04-11,1000000035,1000000089,1,77,1.2987012987012988E-2,9
2026-04-11,1000000035,1000000094,1,77,1.2987012987012988E-2,0
2026-04-11,1000000035,1000000121,2,77,2.5974025974025976E-2,36.5
2026-04-11,1000000035,1000000156,1,77,1.2987012987012988E-2,56
2026-04-11,1000000042,1000000027,2,192,1.0416666666666666E-2,19.5
2026-04-11,1000000042,1000000033,1,192,5.208333333333333E-3,0
2026-04-11,1000000042,1000000035,1,192,5.208333333333333E-3,78
2026-04-11,1000000042,1000000042,21,192,1.09375E-1,30.428571428571427
2026-04-11,1000000042,1000000043,4,192,2.0833333333333332E-2,10.75
2026-04-11,1000000042,1000000044,1,192,5.208333333333333E-3,13
2026-04-11,1000000042,1000000045,4,192,2.0833333333333332E-2,31.5
2026-04-11,1000000042,1000000063,1,192,5.208333333333333E-3,1
2026-04-11,1000000042,1000000064,4,192,2.0833333333333332E-2,22
2026-04-11,1000000042,1000000065,1,192,5.208333333333333E-3,0
2026-04-11,1000000042,1000000084,1,192,5.208333333333333E-3,8
2026-04-11,1000000042,1000000087,1,192,5.208333333333333E-3,1
2026-04-11,1000000042,1000000088,1,192,5.208333333333333E-3,0
2026-04-11,1000000042,1000000112,1,192,5.208333333333333E-3,9
2026-04-11,1000000042,1000000121,3,192,1.5625E-2,16
2026-04-11,1000000042,1000000153,1,192,5.208333333333333E-3,0
2026-04-11,1000000043,1000000033,1,197,5.076142131979695E-3,33
2026-04-11,1000000043,1000000042,9,197,4.568527918781726E-2,20.555555555555557
2026-04-11,1000000043,1000000043,13,197,6.598984771573604E-2,19.23076923076923
2026-04-11,1000000043,1000000044,5,197,2.5380710659898477E-2,9.8
2026-04-11,1000000043,1000000045,3,197,1.5228426395939087E-2,2.3333333333333335
2026-04-11,1000000043,1000000062,1,197,5.076142131979695E-3,35
2026-04-11,1000000043,1000000064,2,197,1.015228426395939E-2,31.5
2026-04-11,1000000043,1000000084,1,197,5.076142131979695E-3,73
2026-04-11,1000000043,1000000087,2,197,1.015228426395939E-2,10.5
2026-04-11,1000000043,1000000108,2,197,1.015228426395939E-2,1.5
2026-04-11,1000000043,1000000111,1,197,5.076142131979695E-3,29
2026-04-11,1000000043,1000000121,2,197,1.015228426395939E-2,11
2026-04-11,1000000043,1000000153,1,197,5.076142131979695E-3,0
2026-04-11,1000000044,1000000027,1,140,7.142857142857143E-3,39
2026-04-11,1000000044,1000000033,1,140,7.142857142857143E-3,46
2026-04-11,1000000044,1000000042,7,140,5.0E-2,27.428571428571427
2026-04-11,1000000044,1000000043,3,140,2.142857142857143E-2,10.333333333333334
2026-04-11,1000000044,1000000044,4,140,2.857142857142857E-2,21.5
2026-04-11,1000000044,1000000045,2,140,1.4285714285714285E-2,32.5
2026-04-11,1000000044,1000000062,1,140,7.142857142857143E-3,0
2026-04-11,1000000044,1000000070,1,140,7.142857142857143E-3,8
2026-04-11,1000000044,1000000084,1,140,7.142857142857143E-3,18
2026-04-11,1000000044,1000000085,1,140,7.142857142857143E-3,45
2026-04-11,1000000044,1000000088,1,140,7.142857142857143E-3,16
2026-04-11,1000000044,1000000112,1,140,7.142857142857143E-3,9
2026-04-11,1000000044,1000000113,1,140,7.142857142857143E-3,0
2026-04-11,1000000044,1000000121,2,140,1.4285714285714285E-2,21.5
2026-04-11,1000000044,1000000156,1,140,7.142857142857143E-3,0
2026-04-11,1000000045,1000000027,1,309,3.236245954692557E-3,39
2026-04-11,1000000045,1000000033,2,309,6.472491909385114E-3,23
2026-04-11,1000000045,1000000035,1,309,3.236245954692557E-3,27
2026-04-11,1000000045,1000000042,10,309,3.2362459546925564E-2,18.5
2026-04-11,1000000045,1000000043,5,309,1.6181229773462782E-2,6.8
2026-04-11,1000000045,1000000044,2,309,6.472491909385114E-3,10.5
2026-04-11,1000000045,1000000045,19,309,6.1488673139158574E-2,17
2026-04-11,1000000045,1000000063,2,309,6.472491909385114E-3,18.5
2026-04-11,1000000045,1000000064,7,309,2.2653721682847898E-2,21.857142857142858
2026-04-11,1000000045,1000000085,1,309,3.236245954692557E-3,0
2026-04-11,1000000045,1000000086,1,309,3.236245954692557E-3,56
2026-04-11,1000000045,1000000091,2,309,6.472491909385114E-3,5.0E-1
2026-04-11,1000000045,1000000108,3,309,9.708737864077669E-3,18.666666666666668
2026-04-11,1000000045,1000000112,1,309,3.236245954692557E-3,9
2026-04-11,1000000045,1000000113,1,309,3.236245954692557E-3,0
2026-04-11,1000000045,1000000121,2,309,6.472491909385114E-3,6.5
2026-04-11,1000000045,1000000153,2,309,6.472491909385114E-3,0
2026-04-11,1000000045,1000000156,2,309,6.472491909385114E-3,21
2026-04-11,1000000062,1000000027,1,239,4.1841004184100415E-3,0
2026-04-11,1000000062,1000000028,1,239,4.1841004184100415E-3,7
2026-04-11,1000000062,1000000042,2,239,8.368200836820083E-3,51
2026-04-11,1000000062,1000000045,3,239,1.2552301255230125E-2,32
2026-04-11,1000000062,1000000062,6,239,2.510460251046025E-2,7.166666666666667
2026-04-11,1000000062,1000000064,7,239,2.9288702928870293E-2,24.571428571428573
2026-04-11,1000000062,1000000065,1,239,4.1841004184100415E-3,12
2026-04-11,1000000062,1000000087,1,239,4.1841004184100415E-3,71
2026-04-11,1000000062,1000000093,1,239,4.1841004184100415E-3,22
2026-04-11,1000000062,1000000111,1,239,4.1841004184100415E-3,37
2026-04-11,1000000062,1000000121,1,239,4.1841004184100415E-3,1
2026-04-11,1000000062,1000000153,1,239,4.1841004184100415E-3,0
2026-04-11,1000000063,1000000042,4,298,1.3422818791946308E-2,39.75
2026-04-11,1000000063,1000000043,3,298,1.0067114093959731E-2,1.3333333333333333
2026-04-11,1000000063,1000000044,4,298,1.3422818791946308E-2,29.25
2026-04-11,1000000063,1000000045,1,298,3.355704697986577E-3,6
2026-04-11,1000000063,1000000062,5,298,1.6778523489932886E-2,12.2
2026-04-11,1000000063,1000000063,12,298,4.0268456375838924E-2,20.166666666666668
2026-04-11,1000000063,1000000064,10,298,3.355704697986577E-2,25.2
2026-04-11,1000000063,1000000069,1,298,3.355704697986577E-3,9
2026-04-11,1000000063,1000000087,3,298,1.0067114093959731E-2,16
2026-04-11,1000000063,1000000088,1,298,3.355704697986577E-3,0
2026-04-11,1000000063,1000000090,2,298,6.711409395973154E-3,20.5
2026-04-11,1000000063,1000000092,1,298,3.355704697986577E-3,1
2026-04-11,1000000063,1000000093,2,298,6.711409395973154E-3,48.5
2026-04-11,1000000063,1000000108,2,298,6.711409395973154E-3,28
2026-04-11,1000000063,1000000112,1,298,3.355704697986577E-3,9
2026-04-11,1000000063,1000000127,1,298,3.355704697986577E-3,0
2026-04-11,1000000064,1000000033,1,1655,6.042296072507553E-4,0
2026-04-11,1000000064,1000000035,1,1655,6.042296072507553E-4,46
2026-04-11,1000000064,1000000042,13,1655,7.85498489425982E-3,18.23076923076923
2026-04-11,1000000064,1000000043,9,1655,5.438066465256798E-3,17
2026-04-11,1000000064,1000000044,5,1655,3.0211480362537764E-3,16
2026-04-11,1000000064,1000000045,6,1655,3.6253776435045317E-3,21.333333333333332
2026-04-11,1000000064,1000000062,3,1655,1.8126888217522659E-3,23.333333333333332
2026-04-11,1000000064,1000000063,9,1655,5.438066465256798E-3,20.444444444444443
2026-04-11,1000000064,1000000064,136,1655,8.217522658610273E-2,14.205882352941176
2026-04-11,1000000064,1000000069,1,1655,6.042296072507553E-4,0
2026-04-11,1000000064,1000000083,1,1655,6.042296072507553E-4,0
2026-04-11,1000000064,1000000084,3,1655,1.8126888217522659E-3,47.666666666666664
2026-04-11,1000000064,1000000085,4,1655,2.416918429003021E-3,17.5
2026-04-11,1000000064,1000000086,2,1655,1.2084592145015106E-3,48.5
2026-04-11,1000000064,1000000088,4,1655,2.416918429003021E-3,11.25
2026-04-11,1000000064,1000000090,1,1655,6.042296072507553E-4,3
2026-04-11,1000000064,1000000091,5,1655,3.0211480362537764E-3,7.8
2026-04-11,1000000064,1000000092,2,1655,1.2084592145015106E-3,24.5
2026-04-11,1000000064,1000000093,8,1655,4.833836858006042E-3,9.625
2026-04-11,1000000064,1000000094,2,1655,1.2084592145015106E-3,15
2026-04-11,1000000064,1000000108,2,1655,1.2084592145015106E-3,0
2026-04-11,1000000064,1000000111,2,1655,1.2084592145015106E-3,10
2026-04-11,1000000064,1000000113,2,1655,1.2084592145015106E-3,5.0E-1
2026-04-11,1000000064,1000000121,2,1655,1.2084592145015106E-3,6.5
2026-04-11,1000000064,1000000127,3,1655,1.8126888217522659E-3,0
2026-04-11,1000000064,1000000128,1,1655,6.042296072507553E-4,24
2026-04-11,1000000064,1000000142,2,1655,1.2084592145015106E-3,2
2026-04-11,1000000064,1000000153,2,1655,1.2084592145015106E-3,0
2026-04-11,1000000064,1000000156,3,1655,1.8126888217522659E-3,32.666666666666664
2026-04-11,1000000065,1000000027,1,50,2.0E-2,39
2026-04-11,1000000065,1000000035,1,50,2.0E-2,19
2026-04-11,1000000065,1000000042,2,50,4.0E-2,8
2026-04-11,1000000065,1000000043,2,50,4.0E-2,11
2026-04-11,1000000065,1000000045,1,50,2.0E-2,90
2026-04-11,1000000065,1000000065,1,50,2.0E-2,20
2026-04-11,1000000065,1000000111,1,50,2.0E-2,6
2026-04-11,1000000066,1000000042,1,85,1.1764705882352941E-2,24
2026-04-11,1000000066,1000000043,3,85,3.529411764705882E-2,45.666666666666664
2026-04-11,1000000066,1000000044,3,85,3.529411764705882E-2,6.666666666666667
2026-04-11,1000000066,1000000063,1,85,1.1764705882352941E-2,23
2026-04-11,1000000066,1000000064,2,85,2.3529411764705882E-2,5.5
2026-04-11,1000000066,1000000065,1,85,1.1764705882352941E-2,20
2026-04-11,1000000066,1000000066,1,85,1.1764705882352941E-2,0
2026-04-11,1000000066,1000000084,1,85,1.1764705882352941E-2,18
2026-04-11,1000000066,1000000087,1,85,1.1764705882352941E-2,1
2026-04-11,1000000066,1000000111,1,85,1.1764705882352941E-2,0
2026-04-11,1000000069,1000000028,1,102,9.80392156862745E-3,12
2026-04-11,1000000069,1000000042,2,102,1.96078431372549E-2,20
2026-04-11,1000000069,1000000043,1,102,9.80392156862745E-3,0
2026-04-11,1000000069,1000000044,1,102,9.80392156862745E-3,36
2026-04-11,1000000069,1000000045,1,102,9.80392156862745E-3,15
2026-04-11,1000000069,1000000063,1,102,9.80392156862745E-3,35
2026-04-11,1000000069,1000000064,2,102,1.96078431372549E-2,41
2026-04-11,1000000069,1000000086,1,102,9.80392156862745E-3,0
2026-04-11,1000000069,1000000091,1,102,9.80392156862745E-3,0
2026-04-11,1000000069,1000000121,1,102,9.80392156862745E-3,12
2026-04-11,1000000069,1000000154,1,102,9.80392156862745E-3,36
2026-04-11,1000000070,1000000044,1,23,4.3478260869565216E-2,20
2026-04-11,1000000070,1000000062,1,23,4.3478260869565216E-2,53
2026-04-11,1000000070,1000000064,1,23,4.3478260869565216E-2,4
2026-04-11,1000000070,1000000070,1,23,4.3478260869565216E-2,8
2026-04-11,1000000071,1000000042,1,36,2.7777777777777776E-2,9
2026-04-11,1000000071,1000000043,1,36,2.7777777777777776E-2,21
2026-04-11,1000000071,1000000064,1,36,2.7777777777777776E-2,33
2026-04-11,1000000071,1000000065,1,36,2.7777777777777776E-2,12
2026-04-11,1000000071,1000000108,1,36,2.7777777777777776E-2,0
2026-04-11,1000000071,1000000121,1,36,2.7777777777777776E-2,21
2026-04-11,1000000072,1000000062,1,13,7.692307692307693E-2,11
2026-04-11,1000000072,1000000064,1,13,7.692307692307693E-2,8
2026-04-11,1000000083,1000000028,1,78,1.282051282051282E-2,18
2026-04-11,1000000083,1000000035,1,78,1.282051282051282E-2,19
2026-04-11,1000000083,1000000042,4,78,5.128205128205128E-2,26
2026-04-11,1000000083,1000000044,1,78,1.282051282051282E-2,13
2026-04-11,1000000083,1000000045,1,78,1.282051282051282E-2,0
2026-04-11,1000000083,1000000064,3,78,3.8461538461538464E-2,26.333333333333332
2026-04-11,1000000083,1000000069,1,78,1.282051282051282E-2,9
2026-04-11,1000000083,1000000083,1,78,1.282051282051282E-2,43
2026-04-11,1000000083,1000000088,1,78,1.282051282051282E-2,12
2026-04-11,1000000083,1000000094,1,78,1.282051282051282E-2,0
2026-04-11,1000000083,1000000108,1,78,1.282051282051282E-2,0
2026-04-11,1000000083,1000000121,1,78,1.282051282051282E-2,1
2026-04-11,1000000083,1000000127,1,78,1.282051282051282E-2,0
2026-04-11,1000000084,1000000064,2,147,1.3605442176870748E-2,25.5
2026-04-11,1000000084,1000000083,1,147,6.802721088435374E-3,1
2026-04-11,1000000084,1000000084,4,147,2.7210884353741496E-2,2.5
2026-04-11,1000000084,1000000087,1,147,6.802721088435374E-3,0
2026-04-11,1000000084,1000000088,2,147,1.3605442176870748E-2,3.5
2026-04-11,1000000084,1000000092,1,147,6.802721088435374E-3,0
2026-04-11,1000000084,1000000093,2,147,1.3605442176870748E-2,41
2026-04-11,1000000084,1000000108,2,147,1.3605442176870748E-2,0
2026-04-11,1000000084,1000000110,2,147,1.3605442176870748E-2,1
2026-04-11,1000000085,1000000033,1,318,3.1446540880503146E-3,4
2026-04-11,1000000085,1000000035,1,318,3.1446540880503146E-3,47
2026-04-11,1000000085,1000000042,1,318,3.1446540880503146E-3,27
2026-04-11,1000000085,1000000045,2,318,6.289308176100629E-3,0
2026-04-11,1000000085,1000000064,2,318,6.289308176100629E-3,0
2026-04-11,1000000085,1000000084,4,318,1.2578616352201259E-2,23.5
2026-04-11,1000000085,1000000085,16,318,5.0314465408805034E-2,10.1875
2026-04-11,1000000085,1000000086,10,318,3.1446540880503145E-2,7
2026-04-11,1000000085,1000000087,6,318,1.8867924528301886E-2,4.833333333333333
2026-04-11,1000000085,1000000088,8,318,2.5157232704402517E-2,6.25E-1
2026-04-11,1000000085,1000000089,1,318,3.1446540880503146E-3,36
2026-04-11,1000000085,1000000090,2,318,6.289308176100629E-3,1.5
2026-04-11,1000000085,1000000091,2,318,6.289308176100629E-3,33.5
2026-04-11,1000000085,1000000092,3,318,9.433962264150943E-3,3.333333333333333E-1
2026-04-11,1000000085,1000000093,1,318,3.1446540880503146E-3,0
2026-04-11,1000000085,1000000108,2,318,6.289308176100629E-3,5.0E-1
2026-04-11,1000000085,1000000111,1,318,3.1446540880503146E-3,0
2026-04-11,1000000085,1000000127,1,318,3.1446540880503146E-3,0
2026-04-11,1000000085,1000000153,1,318,3.1446540880503146E-3,1
2026-04-11,1000000086,1000000045,1,200,5.0E-3,6
2026-04-11,1000000086,1000000063,1,200,5.0E-3,60
2026-04-11,1000000086,1000000064,2,200,1.0E-2,12
2026-04-11,1000000086,1000000084,4,200,2.0E-2,21.25
2026-04-11,1000000086,1000000085,12,200,6.0E-2,12.416666666666666
2026-04-11,1000000086,1000000086,20,200,1.0E-1,11.4
2026-04-11,1000000086,1000000087,7,200,3.5E-2,4.714285714285714
2026-04-11,1000000086,1000000088,6,200,3.0E-2,0
2026-04-11,1000000086,1000000089,2,200,1.0E-2,35
2026-04-11,1000000086,1000000090,1,200,5.0E-3,0
2026-04-11,1000000086,1000000113,1,200,5.0E-3,0
2026-04-11,1000000087,1000000033,1,454,2.2026431718061676E-3,22
2026-04-11,1000000087,1000000035,1,454,2.2026431718061676E-3,46
2026-04-11,1000000087,1000000043,2,454,4.405286343612335E-3,1
2026-04-11,1000000087,1000000044,1,454,2.2026431718061676E-3,5
2026-04-11,1000000087,1000000064,6,454,1.3215859030837005E-2,34.666666666666664
2026-04-11,1000000087,1000000084,3,454,6.607929515418502E-3,9.333333333333334
2026-04-11,1000000087,1000000085,8,454,1.762114537444934E-2,10.375
2026-04-11,1000000087,1000000086,7,454,1.5418502202643172E-2,9.714285714285714
2026-04-11,1000000087,1000000087,31,454,6.828193832599119E-2,16.06451612903226
2026-04-11,1000000087,1000000088,15,454,3.303964757709251E-2,10
2026-04-11,1000000087,1000000092,2,454,4.405286343612335E-3,42
2026-04-11,1000000087,1000000093,4,454,8.81057268722467E-3,2.25
2026-04-11,1000000087,1000000094,1,454,2.2026431718061676E-3,0
2026-04-11,1000000087,1000000143,1,454,2.2026431718061676E-3,2
2026-04-11,1000000088,1000000063,1,355,2.8169014084507044E-3,0
2026-04-11,1000000088,1000000064,8,355,2.2535211267605635E-2,25.625
2026-04-11,1000000088,1000000083,1,355,2.8169014084507044E-3,80
2026-04-11,1000000088,1000000084,1,355,2.8169014084507044E-3,52
2026-04-11,1000000088,1000000085,7,355,1.971830985915493E-2,0
2026-04-11,1000000088,1000000086,8,355,2.2535211267605635E-2,9.5
2026-04-11,1000000088,1000000087,10,355,2.8169014084507043E-2,4.1
2026-04-11,1000000088,1000000088,39,355,1.0985915492957747E-1,8.615384615384615
2026-04-11,1000000088,1000000089,2,355,5.633802816901409E-3,4.5
2026-04-11,1000000088,1000000090,1,355,2.8169014084507044E-3,0
2026-04-11,1000000088,1000000092,1,355,2.8169014084507044E-3,0
2026-04-11,1000000088,1000000094,2,355,5.633802816901409E-3,37
2026-04-11,1000000088,1000000112,2,355,5.633802816901409E-3,5.0E-1
2026-04-11,1000000088,1000000121,1,355,2.8169014084507044E-3,13
2026-04-11,1000000088,1000000142,2,355,5.633802816901409E-3,4.5
2026-04-11,1000000089,1000000033,1,50,2.0E-2,87
2026-04-11,1000000089,1000000086,1,50,2.0E-2,0
2026-04-11,1000000089,1000000087,3,50,6.0E-2,3.333333333333333E-1
2026-04-11,1000000089,1000000088,4,50,8.0E-2,4.75
2026-04-11,1000000089,1000000089,4,50,8.0E-2,8.75
2026-04-11,1000000089,1000000091,1,50,2.0E-2,0
2026-04-11,1000000089,1000000111,1,50,2.0E-2,32
2026-04-11,1000000089,1000000112,1,50,2.0E-2,0
2026-04-11,1000000090,1000000028,1,127,7.874015748031496E-3,12
2026-04-11,1000000090,1000000063,1,127,7.874015748031496E-3,0
2026-04-11,1000000090,1000000064,1,127,7.874015748031496E-3,76
2026-04-11,1000000090,1000000085,1,127,7.874015748031496E-3,0
2026-04-11,1000000090,1000000090,3,127,2.3622047244094488E-2,2
2026-04-11,1000000090,1000000091,1,127,7.874015748031496E-3,4
2026-04-11,1000000090,1000000092,1,127,7.874015748031496E-3,0
2026-04-11,1000000090,1000000093,1,127,7.874015748031496E-3,0
2026-04-11,1000000090,1000000094,1,127,7.874015748031496E-3,0
2026-04-11,1000000090,1000000111,1,127,7.874015748031496E-3,2
2026-04-11,1000000090,1000000112,1,127,7.874015748031496E-3,0
2026-04-11,1000000091,1000000028,1,182,5.494505494505495E-3,12
2026-04-11,1000000091,1000000035,1,182,5.494505494505495E-3,47
2026-04-11,1000000091,1000000045,3,182,1.6483516483516484E-2,2
2026-04-11,1000000091,1000000064,4,182,2.197802197802198E-2,13
2026-04-11,1000000091,1000000085,2,182,1.098901098901099E-2,38
2026-04-11,1000000091,1000000086,2,182,1.098901098901099E-2,14
2026-04-11,1000000091,1000000087,2,182,1.098901098901099E-2,24.5
2026-04-11,1000000091,1000000089,1,182,5.494505494505495E-3,0
2026-04-11,1000000091,1000000090,3,182,1.6483516483516484E-2,4.333333333333333
2026-04-11,1000000091,1000000091,11,182,6.043956043956044E-2,7.454545454545454
2026-04-11,1000000091,1000000092,2,182,1.098901098901099E-2,10
2026-04-11,1000000091,1000000093,2,182,1.098901098901099E-2,9
2026-04-11,1000000091,1000000094,2,182,1.098901098901099E-2,0
2026-04-11,1000000091,1000000111,1,182,5.494505494505495E-3,4
2026-04-11,1000000092,1000000028,1,154,6.493506493506494E-3,12
2026-04-11,1000000092,1000000064,4,154,2.5974025974025976E-2,12
2026-04-11,1000000092,1000000084,1,154,6.493506493506494E-3,0
2026-04-11,1000000092,1000000085,2,154,1.2987012987012988E-2,0
2026-04-11,1000000092,1000000087,2,154,1.2987012987012988E-2,1
2026-04-11,1000000092,1000000088,1,154,6.493506493506494E-3,0
2026-04-11,1000000092,1000000090,3,154,1.948051948051948E-2,1
2026-04-11,1000000092,1000000091,3,154,1.948051948051948E-2,9.333333333333334
2026-04-11,1000000092,1000000092,8,154,5.194805194805195E-2,8.875
2026-04-11,1000000092,1000000093,1,154,6.493506493506494E-3,6
2026-04-11,1000000092,1000000111,1,154,6.493506493506494E-3,0
2026-04-11,1000000093,1000000044,2,707,2.828854314002829E-3,49.5
2026-04-11,1000000093,1000000045,2,707,2.828854314002829E-3,8
2026-04-11,1000000093,1000000062,4,707,5.657708628005658E-3,50.75
2026-04-11,1000000093,1000000064,9,707,1.272984441301273E-2,9
2026-04-11,1000000093,1000000084,1,707,1.4144271570014145E-3,3
2026-04-11,1000000093,1000000085,2,707,2.828854314002829E-3,0
2026-04-11,1000000093,1000000086,1,707,1.4144271570014145E-3,6
2026-04-11,1000000093,1000000087,5,707,7.072135785007072E-3,2.8
2026-04-11,1000000093,1000000088,1,707,1.4144271570014145E-3,62
2026-04-11,1000000093,1000000090,1,707,1.4144271570014145E-3,0
2026-04-11,1000000093,1000000091,2,707,2.828854314002829E-3,0
2026-04-11,1000000093,1000000093,77,707,1.0891089108910891E-1,6.025974025974026
2026-04-11,1000000093,1000000094,3,707,4.243281471004243E-3,0
2026-04-11,1000000093,1000000108,6,707,8.486562942008486E-3,24.333333333333332
2026-04-11,1000000093,1000000110,2,707,2.828854314002829E-3,0
2026-04-11,1000000093,1000000111,7,707,9.900990099009901E-3,7.142857142857143E-1
2026-04-11,1000000093,1000000112,2,707,2.828854314002829E-3,2
2026-04-11,1000000093,1000000113,1,707,1.4144271570014145E-3,14
2026-04-11,1000000094,1000000035,1,188,5.319148936170213E-3,0
2026-04-11,1000000094,1000000044,1,188,5.319148936170213E-3,13
2026-04-11,1000000094,1000000064,1,188,5.319148936170213E-3,5
2026-04-11,1000000094,1000000084,1,188,5.319148936170213E-3,30
2026-04-11,1000000094,1000000086,1,188,5.319148936170213E-3,73
2026-04-11,1000000094,1000000088,1,188,5.319148936170213E-3,16
2026-04-11,1000000094,1000000089,1,188,5.319148936170213E-3,36
2026-04-11,1000000094,1000000090,1,188,5.319148936170213E-3,25
2026-04-11,1000000094,1000000091,2,188,1.0638297872340425E-2,2.5
2026-04-11,1000000094,1000000092,1,188,5.319148936170213E-3,18
2026-04-11,1000000094,1000000093,2,188,1.0638297872340425E-2,0
2026-04-11,1000000094,1000000094,16,188,8.51063829787234E-2,12.875
2026-04-11,1000000094,1000000095,1,188,5.319148936170213E-3,40
2026-04-11,1000000094,1000000108,3,188,1.5957446808510637E-2,4.333333333333333
2026-04-11,1000000094,1000000110,2,188,1.0638297872340425E-2,1
2026-04-11,1000000094,1000000111,4,188,2.127659574468085E-2,34.25
2026-04-11,1000000095,1000000094,1,7,1.4285714285714285E-1,21
2026-04-11,1000000108,1000000035,1,249,4.016064257028112E-3,15
2026-04-11,1000000108,1000000042,1,249,4.016064257028112E-3,83
2026-04-11,1000000108,1000000043,1,249,4.016064257028112E-3,0
2026-04-11,1000000108,1000000044,1,249,4.016064257028112E-3,82
2026-04-11,1000000108,1000000045,3,249,1.2048192771084338E-2,0
2026-04-11,1000000108,1000000064,2,249,8.032128514056224E-3,43
2026-04-11,1000000108,1000000071,1,249,4.016064257028112E-3,12
2026-04-11,1000000108,1000000083,1,249,4.016064257028112E-3,0
2026-04-11,1000000108,1000000084,1,249,4.016064257028112E-3,0
2026-04-11,1000000108,1000000087,1,249,4.016064257028112E-3,0
2026-04-11,1000000108,1000000091,1,249,4.016064257028112E-3,0
2026-04-11,1000000108,1000000092,2,249,8.032128514056224E-3,21
2026-04-11,1000000108,1000000093,7,249,2.8112449799196786E-2,9.142857142857142
2026-04-11,1000000108,1000000094,3,249,1.2048192771084338E-2,5.666666666666667
2026-04-11,1000000108,1000000108,24,249,9.63855421686747E-2,9.083333333333334
2026-04-11,1000000108,1000000111,1,249,4.016064257028112E-3,0
2026-04-11,1000000108,1000000112,2,249,8.032128514056224E-3,19
2026-04-11,1000000108,1000000127,1,249,4.016064257028112E-3,0
2026-04-11,1000000110,1000000027,1,71,1.4084507042253521E-2,39
2026-04-11,1000000110,1000000083,1,71,1.4084507042253521E-2,2
2026-04-11,1000000110,1000000093,1,71,1.4084507042253521E-2,0
2026-04-11,1000000110,1000000094,1,71,1.4084507042253521E-2,0
2026-04-11,1000000110,1000000108,1,71,1.4084507042253521E-2,0
2026-04-11,1000000110,1000000110,7,71,9.859154929577464E-2,5.857142857142857
2026-04-11,1000000110,1000000112,1,71,1.4084507042253521E-2,0
2026-04-11,1000000111,1000000045,1,339,2.9498525073746312E-3,14
2026-04-11,1000000111,1000000062,2,339,5.8997050147492625E-3,1.5
2026-04-11,1000000111,1000000064,8,339,2.359882005899705E-2,16.5
2026-04-11,1000000111,1000000066,1,339,2.9498525073746312E-3,0
2026-04-11,1000000111,1000000085,1,339,2.9498525073746312E-3,0
2026-04-11,1000000111,1000000086,1,339,2.9498525073746312E-3,73
2026-04-11,1000000111,1000000087,1,339,2.9498525073746312E-3,3
2026-04-11,1000000111,1000000088,2,339,5.8997050147492625E-3,31
2026-04-11,1000000111,1000000091,2,339,5.8997050147492625E-3,15
2026-04-11,1000000111,1000000092,1,339,2.9498525073746312E-3,0
2026-04-11,1000000111,1000000093,10,339,2.9498525073746312E-2,10.1
2026-04-11,1000000111,1000000094,1,339,2.9498525073746312E-3,0
2026-04-11,1000000111,1000000108,1,339,2.9498525073746312E-3,0
2026-04-11,1000000111,1000000110,2,339,5.8997050147492625E-3,1
2026-04-11,1000000111,1000000111,34,339,1.0029498525073746E-1,7.323529411764706
2026-04-11,1000000111,1000000112,1,339,2.9498525073746312E-3,0
2026-04-11,1000000111,1000000113,1,339,2.9498525073746312E-3,0
2026-04-11,1000000111,1000000156,1,339,2.9498525073746312E-3,41
2026-04-11,1000000112,1000000042,1,93,1.0752688172043012E-2,1
2026-04-11,1000000112,1000000043,1,93,1.0752688172043012E-2,66
2026-04-11,1000000112,1000000044,1,93,1.0752688172043012E-2,82
2026-04-11,1000000112,1000000045,1,93,1.0752688172043012E-2,0
2026-04-11,1000000112,1000000064,2,93,2.1505376344086023E-2,54.5
2026-04-11,1000000112,1000000072,1,93,1.0752688172043012E-2,1
2026-04-11,1000000112,1000000086,1,93,1.0752688172043012E-2,0
2026-04-11,1000000112,1000000088,2,93,2.1505376344086023E-2,2
2026-04-11,1000000112,1000000090,1,93,1.0752688172043012E-2,0
2026-04-11,1000000112,1000000093,1,93,1.0752688172043012E-2,0
2026-04-11,1000000112,1000000110,1,93,1.0752688172043012E-2,0
2026-04-11,1000000112,1000000112,3,93,3.225806451612903E-2,0
2026-04-11,1000000113,1000000044,1,102,9.80392156862745E-3,0
2026-04-11,1000000113,1000000045,2,102,1.96078431372549E-2,3
2026-04-11,1000000113,1000000063,2,102,1.96078431372549E-2,3
2026-04-11,1000000113,1000000064,3,102,2.9411764705882353E-2,11.666666666666666
2026-04-11,1000000113,1000000085,1,102,9.80392156862745E-3,14
2026-04-11,1000000113,1000000111,2,102,1.96078431372549E-2,5.0E-1
2026-04-11,1000000113,1000000113,8,102,7.84313725490196E-2,7.25
2026-04-11,1000000113,1000000127,1,102,9.80392156862745E-3,0
2026-04-11,1000000121,1000000035,1,184,5.434782608695652E-3,52
2026-04-11,1000000121,1000000042,2,184,1.0869565217391304E-2,39.5
2026-04-11,1000000121,1000000043,1,184,5.434782608695652E-3,16
2026-04-11,1000000121,1000000044,1,184,5.434782608695652E-3,13
2026-04-11,1000000121,1000000064,2,184,1.0869565217391304E-2,5.5
2026-04-11,1000000121,1000000070,1,184,5.434782608695652E-3,8
2026-04-11,1000000121,1000000086,2,184,1.0869565217391304E-2,35.5
2026-04-11,1000000121,1000000087,1,184,5.434782608695652E-3,0
2026-04-11,1000000121,1000000093,1,184,5.434782608695652E-3,24
2026-04-11,1000000121,1000000111,1,184,5.434782608695652E-3,6
2026-04-11,1000000121,1000000121,17,184,9.239130434782608E-2,8.588235294117647
2026-04-11,1000000127,1000000045,2,249,8.032128514056224E-3,0
2026-04-11,1000000127,1000000062,2,249,8.032128514056224E-3,0
2026-04-11,1000000127,1000000063,1,249,4.016064257028112E-3,0
2026-04-11,1000000127,1000000064,14,249,5.622489959839357E-2,23
2026-04-11,1000000127,1000000084,1,249,4.016064257028112E-3,73
2026-04-11,1000000127,1000000086,2,249,8.032128514056224E-3,18
2026-04-11,1000000127,1000000088,1,249,4.016064257028112E-3,0
2026-04-11,1000000127,1000000090,1,249,4.016064257028112E-3,41
2026-04-11,1000000127,1000000091,1,249,4.016064257028112E-3,0
2026-04-11,1000000127,1000000093,1,249,4.016064257028112E-3,14
2026-04-11,1000000127,1000000108,1,249,4.016064257028112E-3,0
2026-04-11,1000000127,1000000111,1,249,4.016064257028112E-3,0
2026-04-11,1000000127,1000000113,1,249,4.016064257028112E-3,0
2026-04-11,1000000127,1000000127,2,249,8.032128514056224E-3,6
2026-04-11,1000000128,1000000027,1,61,1.639344262295082E-2,39
2026-04-11,1000000128,1000000042,1,61,1.639344262295082E-2,24
2026-04-11,1000000128,1000000043,1,61,1.639344262295082E-2,4
2026-04-11,1000000128,1000000045,1,61,1.639344262295082E-2,90
2026-04-11,1000000128,1000000064,1,61,1.639344262295082E-2,11
2026-04-11,1000000128,1000000087,1,61,1.639344262295082E-2,0
2026-04-11,1000000128,1000000093,1,61,1.639344262295082E-2,14
2026-04-11,1000000128,1000000111,1,61,1.639344262295082E-2,0
2026-04-11,1000000128,1000000143,1,61,1.639344262295082E-2,2
2026-04-11,1000000142,1000000035,2,37,5.405405405405406E-2,39
2026-04-11,1000000142,1000000043,1,37,2.702702702702703E-2,21
2026-04-11,1000000142,1000000045,1,37,2.702702702702703E-2,90
2026-04-11,1000000142,1000000064,1,37,2.702702702702703E-2,0
2026-04-11,1000000142,1000000088,1,37,2.702702702702703E-2,0
2026-04-11,1000000142,1000000108,1,37,2.702702702702703E-2,1
2026-04-11,1000000143,1000000042,2,25,8.0E-2,20.5
2026-04-11,1000000143,1000000043,1,25,4.0E-2,22
2026-04-11,1000000143,1000000088,1,25,4.0E-2,0
2026-04-11,1000000143,1000000091,1,25,4.0E-2,1
2026-04-11,1000000144,1000000064,2,61,3.278688524590164E-2,31
2026-04-11,1000000144,1000000084,1,61,1.639344262295082E-2,73
2026-04-11,1000000144,1000000087,1,61,1.639344262295082E-2,0
2026-04-11,1000000144,1000000089,1,61,1.639344262295082E-2,79
2026-04-11,1000000144,1000000111,1,61,1.639344262295082E-2,0
2026-04-11,1000000144,1000000128,1,61,1.639344262295082E-2,32
2026-04-11,1000000153,1000000042,1,55,1.818181818181818E-2,0
2026-04-11,1000000153,1000000045,1,55,1.818181818181818E-2,0
2026-04-11,1000000153,1000000062,1,55,1.818181818181818E-2,0
2026-04-11,1000000153,1000000153,3,55,5.454545454545454E-2,29.333333333333332
2026-04-11,1000000153,1000000156,2,55,3.636363636363636E-2,7.5
2026-04-11,1000000154,1000000045,1,38,2.631578947368421E-2,51
2026-04-11,1000000154,1000000153,1,38,2.631578947368421E-2,28
2026-04-11,1000000154,1000000154,4,38,1.0526315789473684E-1,28
2026-04-11,1000000156,1000000042,1,70,1.4285714285714285E-2,0
2026-04-11,1000000156,1000000044,1,70,1.4285714285714285E-2,0
2026-04-11,1000000156,1000000153,1,70,1.4285714285714285E-2,0
2026-04-11,1000000156,1000000156,10,70,1.4285714285714285E-1,18.7
2026-04-12,1000000027,1000000027,2,16,1.25E-1,63.5
2026-04-12,1000000027,1000000043,1,16,6.25E-2,30
2026-04-12,1000000027,1000000062,1,16,6.25E-2,0
2026-04-12,1000000028,1000000028,1,15,6.666666666666667E-2,11
2026-04-12,1000000028,1000000071,1,15,6.666666666666667E-2,17
2026-04-12,1000000033,1000000033,3,47,6.382978723404255E-2,40
2026-04-12,1000000033,1000000042,1,47,2.127659574468085E-2,0
2026-04-12,1000000033,1000000043,1,47,2.127659574468085E-2,54
2026-04-12,1000000033,1000000045,2,47,4.25531914893617E-2,3
2026-04-12,1000000033,1000000128,1,47,2.127659574468085E-2,32
2026-04-12,1000000035,1000000033,2,77,2.5974025974025976E-2,32.5
2026-04-12,1000000035,1000000035,1,77,1.2987012987012988E-2,19
2026-04-12,1000000035,1000000042,2,77,2.5974025974025976E-2,37
2026-04-12,1000000035,1000000043,1,77,1.2987012987012988E-2,0
2026-04-12,1000000035,1000000063,1,77,1.2987012987012988E-2,8
2026-04-12,1000000035,1000000064,1,77,1.2987012987012988E-2,28
2026-04-12,1000000035,1000000083,1,77,1.2987012987012988E-2,24
2026-04-12,1000000035,1000000084,1,77,1.2987012987012988E-2,18
2026-04-12,1000000035,1000000087,1,77,1.2987012987012988E-2,20
2026-04-12,1000000035,1000000089,1,77,1.2987012987012988E-2,9
2026-04-12,1000000035,1000000094,1,77,1.2987012987012988E-2,0
2026-04-12,1000000035,1000000121,2,77,2.5974025974025976E-2,36.5
2026-04-12,1000000035,1000000156,1,77,1.2987012987012988E-2,56
2026-04-12,1000000042,1000000027,2,192,1.0416666666666666E-2,19.5
2026-04-12,1000000042,1000000033,1,192,5.208333333333333E-3,0
2026-04-12,1000000042,1000000035,1,192,5.208333333333333E-3,78
2026-04-12,1000000042,1000000042,21,192,1.09375E-1,30.428571428571427
2026-04-12,1000000042,1000000043,4,192,2.0833333333333332E-2,10.75
2026-04-12,1000000042,1000000044,1,192,5.208333333333333E-3,13
2026-04-12,1000000042,1000000045,4,192,2.0833333333333332E-2,31.5
2026-04-12,1000000042,1000000063,1,192,5.208333333333333E-3,1
2026-04-12,1000000042,1000000064,4,192,2.0833333333333332E-2,22
2026-04-12,1000000042,1000000065,1,192,5.208333333333333E-3,0
2026-04-12,1000000042,1000000084,1,192,5.208333333333333E-3,8
2026-04-12,1000000042,1000000087,1,192,5.208333333333333E-3,1
2026-04-12,1000000042,1000000088,1,192,5.208333333333333E-3,0
2026-04-12,1000000042,1000000121,3,192,1.5625E-2,16
2026-04-12,1000000042,1000000153,1,192,5.208333333333333E-3,0
2026-04-12,1000000043,1000000033,1,198,5.050505050505051E-3,33
2026-04-12,1000000043,1000000042,9,198,4.5454545454545456E-2,20.555555555555557
2026-04-12,1000000043,1000000043,13,198,6.565656565656566E-2,19.23076923076923
2026-04-12,1000000043,1000000044,5,198,2.5252525252525252E-2,9.8
2026-04-12,1000000043,1000000045,3,198,1.5151515151515152E-2,2.3333333333333335
2026-04-12,1000000043,1000000062,1,198,5.050505050505051E-3,35
2026-04-12,1000000043,1000000064,2,198,1.0101010101010102E-2,31.5
2026-04-12,1000000043,1000000084,1,198,5.050505050505051E-3,73
2026-04-12,1000000043,1000000087,2,198,1.0101010101010102E-2,10.5
2026-04-12,1000000043,1000000108,2,198,1.0101010101010102E-2,1.5
2026-04-12,1000000043,1000000111,1,198,5.050505050505051E-3,29
2026-04-12,1000000043,1000000121,2,198,1.0101010101010102E-2,11
2026-04-12,1000000043,1000000153,1,198,5.050505050505051E-3,0
2026-04-12,1000000044,1000000027,1,141,7.0921985815602835E-3,39
2026-04-12,1000000044,1000000033,1,141,7.0921985815602835E-3,46
2026-04-12,1000000044,1000000042,7,141,4.964539007092199E-2,27.428571428571427
2026-04-12,1000000044,1000000043,3,141,2.127659574468085E-2,10.333333333333334
2026-04-12,1000000044,1000000044,4,141,2.8368794326241134E-2,21.5
2026-04-12,1000000044,1000000045,2,141,1.4184397163120567E-2,32.5
2026-04-12,1000000044,1000000062,1,141,7.0921985815602835E-3,0
2026-04-12,1000000044,1000000070,1,141,7.0921985815602835E-3,8
2026-04-12,1000000044,1000000084,1,141,7.0921985815602835E-3,18
2026-04-12,1000000044,1000000085,1,141,7.0921985815602835E-3,45
2026-04-12,1000000044,1000000088,1,141,7.0921985815602835E-3,16
2026-04-12,1000000044,1000000113,1,141,7.0921985815602835E-3,0
2026-04-12,1000000044,1000000121,2,141,1.4184397163120567E-2,21.5
2026-04-12,1000000044,1000000156,1,141,7.0921985815602835E-3,0
2026-04-12,1000000045,1000000027,1,308,3.246753246753247E-3,39
2026-04-12,1000000045,1000000033,2,308,6.493506493506494E-3,23
2026-04-12,1000000045,1000000035,1,308,3.246753246753247E-3,27
2026-04-12,1000000045,1000000042,10,308,3.2467532467532464E-2,18.5
2026-04-12,1000000045,1000000043,5,308,1.6233766233766232E-2,6.8
2026-04-12,1000000045,1000000044,2,308,6.493506493506494E-3,10.5
2026-04-12,1000000045,1000000045,19,308,6.168831168831169E-2,17
2026-04-12,1000000045,1000000063,2,308,6.493506493506494E-3,18.5
2026-04-12,1000000045,1000000064,7,308,2.2727272727272728E-2,21.857142857142858
2026-04-12,1000000045,1000000085,1,308,3.246753246753247E-3,0
2026-04-12,1000000045,1000000086,1,308,3.246753246753247E-3,56
2026-04-12,1000000045,1000000091,2,308,6.493506493506494E-3,5.0E-1
2026-04-12,1000000045,1000000108,3,308,9.74025974025974E-3,18.666666666666668
2026-04-12,1000000045,1000000113,1,308,3.246753246753247E-3,0
2026-04-12,1000000045,1000000121,2,308,6.493506493506494E-3,6.5
2026-04-12,1000000045,1000000153,2,308,6.493506493506494E-3,0
2026-04-12,1000000045,1000000156,2,308,6.493506493506494E-3,21
2026-04-12,1000000062,1000000027,1,239,4.1841004184100415E-3,0
2026-04-12,1000000062,1000000028,1,239,4.1841004184100415E-3,7
2026-04-12,1000000062,1000000042,2,239,8.368200836820083E-3,51
2026-04-12,1000000062,1000000045,3,239,1.2552301255230125E-2,32
2026-04-12,1000000062,1000000062,6,239,2.510460251046025E-2,7.166666666666667
2026-04-12,1000000062,1000000064,7,239,2.9288702928870293E-2,24.571428571428573
2026-04-12,1000000062,1000000065,1,239,4.1841004184100415E-3,12
2026-04-12,1000000062,1000000087,1,239,4.1841004184100415E-3,71
2026-04-12,1000000062,1000000093,1,239,4.1841004184100415E-3,22
2026-04-12,1000000062,1000000111,1,239,4.1841004184100415E-3,37
2026-04-12,1000000062,1000000121,1,239,4.1841004184100415E-3,1
2026-04-12,1000000062,1000000153,1,239,4.1841004184100415E-3,0
2026-04-12,1000000063,1000000042,4,298,1.3422818791946308E-2,39.75
2026-04-12,1000000063,1000000043,3,298,1.0067114093959731E-2,1.3333333333333333
2026-04-12,1000000063,1000000044,4,298,1.3422818791946308E-2,29.25
2026-04-12,1000000063,1000000045,1,298,3.355704697986577E-3,6
2026-04-12,1000000063,1000000062,5,298,1.6778523489932886E-2,12.2
2026-04-12,1000000063,1000000063,12,298,4.0268456375838924E-2,20.166666666666668
2026-04-12,1000000063,1000000064,10,298,3.355704697986577E-2,25.2
2026-04-12,1000000063,1000000069,1,298,3.355704697986577E-3,9
2026-04-12,1000000063,1000000087,3,298,1.0067114093959731E-2,16
2026-04-12,1000000063,1000000088,1,298,3.355704697986577E-3,0
2026-04-12,1000000063,1000000090,2,298,6.711409395973154E-3,20.5
2026-04-12,1000000063,1000000092,1,298,3.355704697986577E-3,1
2026-04-12,1000000063,1000000093,2,298,6.711409395973154E-3,48.5
2026-04-12,1000000063,1000000108,2,298,6.711409395973154E-3,28
2026-04-12,1000000063,1000000127,1,298,3.355704697986577E-3,0
2026-04-12,1000000064,1000000033,1,1656,6.038647342995169E-4,0
2026-04-12,1000000064,1000000035,1,1656,6.038647342995169E-4,46
2026-04-12,1000000064,1000000042,13,1656,7.85024154589372E-3,18.23076923076923
2026-04-12,1000000064,1000000043,9,1656,5.434782608695652E-3,17
2026-04-12,1000000064,1000000044,5,1656,3.0193236714975845E-3,16
2026-04-12,1000000064,1000000045,6,1656,3.6231884057971015E-3,21.333333333333332
2026-04-12,1000000064,1000000062,3,1656,1.8115942028985507E-3,23.333333333333332
2026-04-12,1000000064,1000000063,9,1656,5.434782608695652E-3,20.444444444444443
2026-04-12,1000000064,1000000064,136,1656,8.21256038647343E-2,14.205882352941176
2026-04-12,1000000064,1000000069,1,1656,6.038647342995169E-4,0
2026-04-12,1000000064,1000000083,1,1656,6.038647342995169E-4,0
2026-04-12,1000000064,1000000084,3,1656,1.8115942028985507E-3,47.666666666666664
2026-04-12,1000000064,1000000085,4,1656,2.4154589371980675E-3,17.5
2026-04-12,1000000064,1000000086,2,1656,1.2077294685990338E-3,48.5
2026-04-12,1000000064,1000000088,4,1656,2.4154589371980675E-3,11.25
2026-04-12,1000000064,1000000090,1,1656,6.038647342995169E-4,3
2026-04-12,1000000064,1000000091,5,1656,3.0193236714975845E-3,7.8
2026-04-12,1000000064,1000000092,2,1656,1.2077294685990338E-3,24.5
2026-04-12,1000000064,1000000093,8,1656,4.830917874396135E-3,9.625
2026-04-12,1000000064,1000000094,2,1656,1.2077294685990338E-3,15
2026-04-12,1000000064,1000000108,2,1656,1.2077294685990338E-3,0
2026-04-12,1000000064,1000000111,2,1656,1.2077294685990338E-3,10
2026-04-12,1000000064,1000000113,2,1656,1.2077294685990338E-3,5.0E-1
2026-04-12,1000000064,1000000121,2,1656,1.2077294685990338E-3,6.5
2026-04-12,1000000064,1000000127,3,1656,1.8115942028985507E-3,0
2026-04-12,1000000064,1000000128,1,1656,6.038647342995169E-4,24
2026-04-12,1000000064,1000000142,2,1656,1.2077294685990338E-3,2
2026-04-12,1000000064,1000000153,2,1656,1.2077294685990338E-3,0
2026-04-12,1000000064,1000000156,3,1656,1.8115942028985507E-3,32.666666666666664
2026-04-12,1000000065,1000000027,1,50,2.0E-2,39
2026-04-12,1000000065,1000000035,1,50,2.0E-2,19
2026-04-12,1000000065,1000000042,2,50,4.0E-2,8
2026-04-12,1000000065,1000000043,2,50,4.0E-2,11
2026-04-12,1000000065,1000000045,1,50,2.0E-2,90
2026-04-12,1000000065,1000000065,1,50,2.0E-2,20
2026-04-12,1000000065,1000000111,1,50,2.0E-2,6
2026-04-12,1000000066,1000000042,1,86,1.1627906976744186E-2,24
2026-04-12,1000000066,1000000043,3,86,3.488372093023256E-2,45.666666666666664
2026-04-12,1000000066,1000000044,3,86,3.488372093023256E-2,6.666666666666667
2026-04-12,1000000066,1000000063,1,86,1.1627906976744186E-2,23
2026-04-12,1000000066,1000000064,2,86,2.3255813953488372E-2,5.5
2026-04-12,1000000066,1000000065,1,86,1.1627906976744186E-2,20
2026-04-12,1000000066,1000000066,1,86,1.1627906976744186E-2,0
2026-04-12,1000000066,1000000084,1,86,1.1627906976744186E-2,18
2026-04-12,1000000066,1000000087,1,86,1.1627906976744186E-2,1
2026-04-12,1000000066,1000000111,1,86,1.1627906976744186E-2,0
2026-04-12,1000000069,1000000028,1,102,9.80392156862745E-3,12
2026-04-12,1000000069,1000000042,2,102,1.96078431372549E-2,20
2026-04-12,1000000069,1000000043,1,102,9.80392156862745E-3,0
2026-04-12,1000000069,1000000044,1,102,9.80392156862745E-3,36
2026-04-12,1000000069,1000000045,1,102,9.80392156862745E-3,15
2026-04-12,1000000069,1000000063,1,102,9.80392156862745E-3,35
2026-04-12,1000000069,1000000064,2,102,1.96078431372549E-2,41
2026-04-12,1000000069,1000000086,1,102,9.80392156862745E-3,0
2026-04-12,1000000069,1000000091,1,102,9.80392156862745E-3,0
2026-04-12,1000000069,1000000121,1,102,9.80392156862745E-3,12
2026-04-12,1000000069,1000000154,1,102,9.80392156862745E-3,36
2026-04-12,1000000070,1000000044,1,23,4.3478260869565216E-2,20
2026-04-12,1000000070,1000000062,1,23,4.3478260869565216E-2,53
2026-04-12,1000000070,1000000064,1,23,4.3478260869565216E-2,4
2026-04-12,1000000070,1000000070,1,23,4.3478260869565216E-2,8
2026-04-12,1000000071,1000000042,1,36,2.7777777777777776E-2,9
2026-04-12,1000000071,1000000043,1,36,2.7777777777777776E-2,21
2026-04-12,1000000071,1000000064,1,36,2.7777777777777776E-2,33
2026-04-12,1000000071,1000000065,1,36,2.7777777777777776E-2,12
2026-04-12,1000000071,1000000108,1,36,2.7777777777777776E-2,0
2026-04-12,1000000071,1000000121,1,36,2.7777777777777776E-2,21
2026-04-12,1000000072,1000000062,1,13,7.692307692307693E-2,11
2026-04-12,1000000072,1000000064,1,13,7.692307692307693E-2,8
2026-04-12,1000000083,1000000028,1,78,1.282051282051282E-2,18
2026-04-12,1000000083,1000000035,1,78,1.282051282051282E-2,19
2026-04-12,1000000083,1000000042,4,78,5.128205128205128E-2,26
2026-04-12,1000000083,1000000044,1,78,1.282051282051282E-2,13
2026-04-12,1000000083,1000000045,1,78,1.282051282051282E-2,0
2026-04-12,1000000083,1000000064,3,78,3.8461538461538464E-2,26.333333333333332
2026-04-12,1000000083,1000000069,1,78,1.282051282051282E-2,9
2026-04-12,1000000083,1000000083,1,78,1.282051282051282E-2,43
2026-04-12,1000000083,1000000087,1,78,1.282051282051282E-2,20
2026-04-12,1000000083,1000000094,1,78,1.282051282051282E-2,0
2026-04-12,1000000083,1000000108,1,78,1.282051282051282E-2,0
2026-04-12,1000000083,1000000121,1,78,1.282051282051282E-2,1
2026-04-12,1000000083,1000000127,1,78,1.282051282051282E-2,0
2026-04-12,1000000084,1000000064,2,148,1.3513513513513514E-2,25.5
2026-04-12,1000000084,1000000083,1,148,6.756756756756757E-3,1
2026-04-12,1000000084,1000000084,4,148,2.702702702702703E-2,2.5
2026-04-12,1000000084,1000000087,1,148,6.756756756756757E-3,0
2026-04-12,1000000084,1000000088,2,148,1.3513513513513514E-2,3.5
2026-04-12,1000000084,1000000092,1,148,6.756756756756757E-3,0
2026-04-12,1000000084,1000000093,2,148,1.3513513513513514E-2,41
2026-04-12,1000000084,1000000108,2,148,1.3513513513513514E-2,0
2026-04-12,1000000084,1000000110,2,148,1.3513513513513514E-2,1
2026-04-12,1000000085,1000000033,1,318,3.1446540880503146E-3,4
2026-04-12,1000000085,1000000035,1,318,3.1446540880503146E-3,47
2026-04-12,1000000085,1000000042,1,318,3.1446540880503146E-3,27
2026-04-12,1000000085,1000000045,2,318,6.289308176100629E-3,0
2026-04-12,1000000085,1000000064,2,318,6.289308176100629E-3,0
2026-04-12,1000000085,1000000084,4,318,1.2578616352201259E-2,23.5
2026-04-12,1000000085,1000000085,16,318,5.0314465408805034E-2,10.1875
2026-04-12,1000000085,1000000086,10,318,3.1446540880503145E-2,7
2026-04-12,1000000085,1000000087,6,318,1.8867924528301886E-2,4.833333333333333
2026-04-12,1000000085,1000000088,8,318,2.5157232704402517E-2,6.25E-1
2026-04-12,1000000085,1000000089,1,318,3.1446540880503146E-3,36
2026-04-12,1000000085,1000000090,2,318,6.289308176100629E-3,1.5
2026-04-12,1000000085,1000000091,2,318,6.289308176100629E-3,33.5
2026-04-12,1000000085,1000000092,3,318,9.433962264150943E-3,3.333333333333333E-1
2026-04-12,1000000085,1000000093,1,318,3.1446540880503146E-3,0
2026-04-12,1000000085,1000000108,2,318,6.289308176100629E-3,5.0E-1
2026-04-12,1000000085,1000000111,1,318,3.1446540880503146E-3,0
2026-04-12,1000000085,1000000127,1,318,3.1446540880503146E-3,0
2026-04-12,1000000085,1000000153,1,318,3.1446540880503146E-3,1
2026-04-12,1000000086,1000000045,1,200,5.0E-3,6
2026-04-12,1000000086,1000000063,1,200,5.0E-3,60
2026-04-12,1000000086,1000000064,2,200,1.0E-2,12
2026-04-12,1000000086,1000000084,4,200,2.0E-2,21.25
2026-04-12,1000000086,1000000085,12,200,6.0E-2,12.416666666666666
2026-04-12,1000000086,1000000086,21,200,1.05E-1,11.19047619047619
2026-04-12,1000000086,1000000087,7,200,3.5E-2,4.714285714285714
2026-04-12,1000000086,1000000088,6,200,3.0E-2,0
2026-04-12,1000000086,1000000089,2,200,1.0E-2,35
2026-04-12,1000000086,1000000090,1,200,5.0E-3,0
2026-04-12,1000000086,1000000113,1,200,5.0E-3,0
2026-04-12,1000000087,1000000033,1,453,2.207505518763797E-3,22
2026-04-12,1000000087,1000000035,2,453,4.415011037527594E-3,53.5
2026-04-12,1000000087,1000000043,2,453,4.415011037527594E-3,1
2026-04-12,1000000087,1000000044,1,453,2.207505518763797E-3,5
2026-04-12,1000000087,1000000064,6,453,1.3245033112582781E-2,34.666666666666664
2026-04-12,1000000087,1000000084,3,453,6.622516556291391E-3,9.333333333333334
2026-04-12,1000000087,1000000085,8,453,1.7660044150110375E-2,10.375
2026-04-12,1000000087,1000000086,7,453,1.545253863134658E-2,9.714285714285714
2026-04-12,1000000087,1000000087,31,453,6.84326710816777E-2,16.06451612903226
2026-04-12,1000000087,1000000088,14,453,3.090507726269316E-2,9.857142857142858
2026-04-12,1000000087,1000000092,2,453,4.415011037527594E-3,42
2026-04-12,1000000087,1000000093,4,453,8.830022075055188E-3,2.25
2026-04-12,1000000087,1000000094,1,453,2.207505518763797E-3,0
2026-04-12,1000000087,1000000143,1,453,2.207505518763797E-3,2
2026-04-12,1000000088,1000000035,1,354,2.824858757062147E-3,75
2026-04-12,1000000088,1000000063,1,354,2.824858757062147E-3,0
2026-04-12,1000000088,1000000064,8,354,2.2598870056497175E-2,25.625
2026-04-12,1000000088,1000000083,1,354,2.824858757062147E-3,80
2026-04-12,1000000088,1000000084,1,354,2.824858757062147E-3,52
2026-04-12,1000000088,1000000085,7,354,1.977401129943503E-2,0
2026-04-12,1000000088,1000000086,8,354,2.2598870056497175E-2,9.5
2026-04-12,1000000088,1000000087,10,354,2.824858757062147E-2,4.1
2026-04-12,1000000088,1000000088,38,354,1.0734463276836158E-1,8.526315789473685
2026-04-12,1000000088,1000000089,2,354,5.649717514124294E-3,4.5
2026-04-12,1000000088,1000000090,1,354,2.824858757062147E-3,0
2026-04-12,1000000088,1000000092,1,354,2.824858757062147E-3,0
2026-04-12,1000000088,1000000094,2,354,5.649717514124294E-3,37
2026-04-12,1000000088,1000000112,2,354,5.649717514124294E-3,5.0E-1
2026-04-12,1000000088,1000000121,1,354,2.824858757062147E-3,13
2026-04-12,1000000088,1000000142,2,354,5.649717514124294E-3,4.5
2026-04-12,1000000089,1000000033,1,49,2.040816326530612E-2,87
2026-04-12,1000000089,1000000086,1,49,2.040816326530612E-2,0
2026-04-12,1000000089,1000000087,3,49,6.1224489795918366E-2,3.333333333333333E-1
2026-04-12,1000000089,1000000088,3,49,6.1224489795918366E-2,27
2026-04-12,1000000089,1000000089,4,49,8.163265306122448E-2,8.75
2026-04-12,1000000089,1000000091,1,49,2.040816326530612E-2,0
2026-04-12,1000000089,1000000111,1,49,2.040816326530612E-2,32
2026-04-12,1000000089,1000000112,1,49,2.040816326530612E-2,0
2026-04-12,1000000090,1000000028,1,128,7.8125E-3,12
2026-04-12,1000000090,1000000063,1,128,7.8125E-3,0
2026-04-12,1000000090,1000000064,1,128,7.8125E-3,76
2026-04-12,1000000090,1000000085,1,128,7.8125E-3,0
2026-04-12,1000000090,1000000090,3,128,2.34375E-2,2
2026-04-12,1000000090,1000000091,1,128,7.8125E-3,4
2026-04-12,1000000090,1000000092,1,128,7.8125E-3,0
2026-04-12,1000000090,1000000093,1,128,7.8125E-3,0
2026-04-12,1000000090,1000000094,1,128,7.8125E-3,0
2026-04-12,1000000090,1000000111,1,128,7.8125E-3,2
2026-04-12,1000000090,1000000112,1,128,7.8125E-3,0
2026-04-12,1000000091,1000000028,1,182,5.494505494505495E-3,12
2026-04-12,1000000091,1000000035,1,182,5.494505494505495E-3,47
2026-04-12,1000000091,1000000045,3,182,1.6483516483516484E-2,2
2026-04-12,1000000091,1000000064,4,182,2.197802197802198E-2,13
2026-04-12,1000000091,1000000085,2,182,1.098901098901099E-2,38
2026-04-12,1000000091,1000000086,2,182,1.098901098901099E-2,14
2026-04-12,1000000091,1000000087,2,182,1.098901098901099E-2,24.5
2026-04-12,1000000091,1000000089,1,182,5.494505494505495E-3,0
2026-04-12,1000000091,1000000090,3,182,1.6483516483516484E-2,4.333333333333333
2026-04-12,1000000091,1000000091,11,182,6.043956043956044E-2,7.454545454545454
2026-04-12,1000000091,1000000092,2,182,1.098901098901099E-2,10
2026-04-12,1000000091,1000000093,2,182,1.098901098901099E-2,9
2026-04-12,1000000091,1000000094,2,182,1.098901098901099E-2,0
2026-04-12,1000000091,1000000111,1,182,5.494505494505495E-3,4
2026-04-12,1000000092,1000000028,1,153,6.535947712418301E-3,12
2026-04-12,1000000092,1000000064,4,153,2.6143790849673203E-2,12
2026-04-12,1000000092,1000000084,1,153,6.535947712418301E-3,0
2026-04-12,1000000092,1000000085,2,153,1.3071895424836602E-2,0
2026-04-12,1000000092,1000000087,2,153,1.3071895424836602E-2,1
2026-04-12,1000000092,1000000088,1,153,6.535947712418301E-3,0
2026-04-12,1000000092,1000000090,3,153,1.96078431372549E-2,1
2026-04-12,1000000092,1000000091,3,153,1.96078431372549E-2,9.333333333333334
2026-04-12,1000000092,1000000092,8,153,5.228758169934641E-2,8.875
2026-04-12,1000000092,1000000093,1,153,6.535947712418301E-3,6
2026-04-12,1000000092,1000000111,1,153,6.535947712418301E-3,0
2026-04-12,1000000093,1000000044,2,707,2.828854314002829E-3,49.5
2026-04-12,1000000093,1000000045,2,707,2.828854314002829E-3,8
2026-04-12,1000000093,1000000062,4,707,5.657708628005658E-3,50.75
2026-04-12,1000000093,1000000064,9,707,1.272984441301273E-2,9
2026-04-12,1000000093,1000000084,1,707,1.4144271570014145E-3,3
2026-04-12,1000000093,1000000085,2,707,2.828854314002829E-3,0
2026-04-12,1000000093,1000000086,1,707,1.4144271570014145E-3,6
2026-04-12,1000000093,1000000087,5,707,7.072135785007072E-3,2.8
2026-04-12,1000000093,1000000088,1,707,1.4144271570014145E-3,62
2026-04-12,1000000093,1000000090,1,707,1.4144271570014145E-3,0
2026-04-12,1000000093,1000000091,2,707,2.828854314002829E-3,0
2026-04-12,1000000093,1000000093,77,707,1.0891089108910891E-1,6.025974025974026
2026-04-12,1000000093,1000000094,3,707,4.243281471004243E-3,0
2026-04-12,1000000093,1000000108,6,707,8.486562942008486E-3,24.333333333333332
2026-04-12,1000000093,1000000110,2,707,2.828854314002829E-3,0
2026-04-12,1000000093,1000000111,7,707,9.900990099009901E-3,7.142857142857143E-1
2026-04-12,1000000093,1000000112,2,707,2.828854314002829E-3,2
2026-04-12,1000000093,1000000113,1,707,1.4144271570014145E-3,14
2026-04-12,1000000094,1000000035,1,188,5.319148936170213E-3,0
2026-04-12,1000000094,1000000044,1,188,5.319148936170213E-3,13
2026-04-12,1000000094,1000000064,1,188,5.319148936170213E-3,5
2026-04-12,1000000094,1000000084,1,188,5.319148936170213E-3,30
2026-04-12,1000000094,1000000086,1,188,5.319148936170213E-3,73
2026-04-12,1000000094,1000000088,1,188,5.319148936170213E-3,16
2026-04-12,1000000094,1000000089,1,188,5.319148936170213E-3,36
2026-04-12,1000000094,1000000090,1,188,5.319148936170213E-3,25
2026-04-12,1000000094,1000000091,2,188,1.0638297872340425E-2,2.5
2026-04-12,1000000094,1000000092,1,188,5.319148936170213E-3,18
2026-04-12,1000000094,1000000093,2,188,1.0638297872340425E-2,0
2026-04-12,1000000094,1000000094,17,188,9.042553191489362E-2,15.705882352941176
2026-04-12,1000000094,1000000108,3,188,1.5957446808510637E-2,4.333333333333333
2026-04-12,1000000094,1000000110,2,188,1.0638297872340425E-2,1
2026-04-12,1000000094,1000000111,4,188,2.127659574468085E-2,34.25
2026-04-12,1000000108,1000000035,1,249,4.016064257028112E-3,15
2026-04-12,1000000108,1000000042,1,249,4.016064257028112E-3,83
2026-04-12,1000000108,1000000043,1,249,4.016064257028112E-3,0
2026-04-12,1000000108,1000000044,1,249,4.016064257028112E-3,82
2026-04-12,1000000108,1000000045,3,249,1.2048192771084338E-2,0
2026-04-12,1000000108,1000000064,2,249,8.032128514056224E-3,43
2026-04-12,1000000108,1000000071,1,249,4.016064257028112E-3,12
2026-04-12,1000000108,1000000083,1,249,4.016064257028112E-3,0
2026-04-12,1000000108,1000000084,1,249,4.016064257028112E-3,0
2026-04-12,1000000108,1000000087,1,249,4.016064257028112E-3,0
2026-04-12,1000000108,1000000091,1,249,4.016064257028112E-3,0
2026-04-12,1000000108,1000000092,2,249,8.032128514056224E-3,21
2026-04-12,1000000108,1000000093,7,249,2.8112449799196786E-2,9.142857142857142
2026-04-12,1000000108,1000000094,3,249,1.2048192771084338E-2,5.666666666666667
2026-04-12,1000000108,1000000108,24,249,9.63855421686747E-2,9.083333333333334
2026-04-12,1000000108,1000000111,1,249,4.016064257028112E-3,0
2026-04-12,1000000108,1000000112,2,249,8.032128514056224E-3,19
2026-04-12,1000000108,1000000127,1,249,4.016064257028112E-3,0
2026-04-12,1000000110,1000000027,1,71,1.4084507042253521E-2,39
2026-04-12,1000000110,1000000083,1,71,1.4084507042253521E-2,2
2026-04-12,1000000110,1000000093,1,71,1.4084507042253521E-2,0
2026-04-12,1000000110,1000000094,1,71,1.4084507042253521E-2,0
2026-04-12,1000000110,1000000108,1,71,1.4084507042253521E-2,0
2026-04-12,1000000110,1000000110,7,71,9.859154929577464E-2,5.857142857142857
2026-04-12,1000000110,1000000112,1,71,1.4084507042253521E-2,0
2026-04-12,1000000111,1000000045,1,340,2.9411764705882353E-3,14
2026-04-12,1000000111,1000000062,2,340,5.8823529411764705E-3,1.5
2026-04-12,1000000111,1000000064,8,340,2.3529411764705882E-2,16.5
2026-04-12,1000000111,1000000066,1,340,2.9411764705882353E-3,0
2026-04-12,1000000111,1000000085,1,340,2.9411764705882353E-3,0
2026-04-12,1000000111,1000000086,1,340,2.9411764705882353E-3,73
2026-04-12,1000000111,1000000087,1,340,2.9411764705882353E-3,3
2026-04-12,1000000111,1000000088,2,340,5.8823529411764705E-3,31
2026-04-12,1000000111,1000000091,2,340,5.8823529411764705E-3,15
2026-04-12,1000000111,1000000092,1,340,2.9411764705882353E-3,0
2026-04-12,1000000111,1000000093,10,340,2.9411764705882353E-2,10.1
2026-04-12,1000000111,1000000094,1,340,2.9411764705882353E-3,0
2026-04-12,1000000111,1000000108,1,340,2.9411764705882353E-3,0
2026-04-12,1000000111,1000000110,2,340,5.8823529411764705E-3,1
2026-04-12,1000000111,1000000111,34,340,1.0E-1,7.323529411764706
2026-04-12,1000000111,1000000112,1,340,2.9411764705882353E-3,0
2026-04-12,1000000111,1000000113,1,340,2.9411764705882353E-3,0
2026-04-12,1000000111,1000000156,1,340,2.9411764705882353E-3,41
2026-04-12,1000000112,1000000042,1,93,1.0752688172043012E-2,1
2026-04-12,1000000112,1000000043,1,93,1.0752688172043012E-2,66
2026-04-12,1000000112,1000000044,1,93,1.0752688172043012E-2,82
2026-04-12,1000000112,1000000045,1,93,1.0752688172043012E-2,0
2026-04-12,1000000112,1000000064,2,93,2.1505376344086023E-2,54.5
2026-04-12,1000000112,1000000072,1,93,1.0752688172043012E-2,1
2026-04-12,1000000112,1000000086,1,93,1.0752688172043012E-2,0
2026-04-12,1000000112,1000000088,2,93,2.1505376344086023E-2,2
2026-04-12,1000000112,1000000090,1,93,1.0752688172043012E-2,0
2026-04-12,1000000112,1000000093,1,93,1.0752688172043012E-2,0
2026-04-12,1000000112,1000000110,1,93,1.0752688172043012E-2,0
2026-04-12,1000000112,1000000112,3,93,3.225806451612903E-2,0
2026-04-12,1000000113,1000000044,1,103,9.708737864077669E-3,0
2026-04-12,1000000113,1000000045,2,103,1.9417475728155338E-2,3
2026-04-12,1000000113,1000000063,2,103,1.9417475728155338E-2,3
2026-04-12,1000000113,1000000064,3,103,2.912621359223301E-2,11.666666666666666
2026-04-12,1000000113,1000000085,1,103,9.708737864077669E-3,14
2026-04-12,1000000113,1000000111,2,103,1.9417475728155338E-2,5.0E-1
2026-04-12,1000000113,1000000113,8,103,7.766990291262135E-2,7.25
2026-04-12,1000000113,1000000127,1,103,9.708737864077669E-3,0
2026-04-12,1000000121,1000000035,1,184,5.434782608695652E-3,52
2026-04-12,1000000121,1000000042,2,184,1.0869565217391304E-2,39.5
2026-04-12,1000000121,1000000043,1,184,5.434782608695652E-3,16
2026-04-12,1000000121,1000000044,1,184,5.434782608695652E-3,13
2026-04-12,1000000121,1000000064,2,184,1.0869565217391304E-2,5.5
2026-04-12,1000000121,1000000070,1,184,5.434782608695652E-3,8
2026-04-12,1000000121,1000000086,2,184,1.0869565217391304E-2,35.5
2026-04-12,1000000121,1000000087,1,184,5.434782608695652E-3,0
2026-04-12,1000000121,1000000093,1,184,5.434782608695652E-3,24
2026-04-12,1000000121,1000000111,1,184,5.434782608695652E-3,6
2026-04-12,1000000121,1000000121,17,184,9.239130434782608E-2,8.588235294117647
2026-04-12,1000000127,1000000045,2,248,8.064516129032258E-3,0
2026-04-12,1000000127,1000000062,2,248,8.064516129032258E-3,0
2026-04-12,1000000127,1000000063,1,248,4.032258064516129E-3,0
2026-04-12,1000000127,1000000064,14,248,5.6451612903225805E-2,23
2026-04-12,1000000127,1000000084,1,248,4.032258064516129E-3,73
2026-04-12,1000000127,1000000086,2,248,8.064516129032258E-3,18
2026-04-12,1000000127,1000000088,1,248,4.032258064516129E-3,0
2026-04-12,1000000127,1000000090,1,248,4.032258064516129E-3,41
2026-04-12,1000000127,1000000091,1,248,4.032258064516129E-3,0
2026-04-12,1000000127,1000000093,1,248,4.032258064516129E-3,14
2026-04-12,1000000127,1000000108,1,248,4.032258064516129E-3,0
2026-04-12,1000000127,1000000111,1,248,4.032258064516129E-3,0
2026-04-12,1000000127,1000000113,1,248,4.032258064516129E-3,0
2026-04-12,1000000127,1000000127,2,248,8.064516129032258E-3,6
2026-04-12,1000000128,1000000027,1,61,1.639344262295082E-2,39
2026-04-12,1000000128,1000000042,1,61,1.639344262295082E-2,24
2026-04-12,1000000128,1000000043,1,61,1.639344262295082E-2,4
2026-04-12,1000000128,1000000045,1,61,1.639344262295082E-2,90
2026-04-12,1000000128,1000000064,1,61,1.639344262295082E-2,11
2026-04-12,1000000128,1000000087,1,61,1.639344262295082E-2,0
2026-04-12,1000000128,1000000093,1,61,1.639344262295082E-2,14
2026-04-12,1000000128,1000000111,1,61,1.639344262295082E-2,0
2026-04-12,1000000128,1000000143,1,61,1.639344262295082E-2,2
2026-04-12,1000000142,1000000035,2,37,5.405405405405406E-2,39
2026-04-12,1000000142,1000000043,1,37,2.702702702702703E-2,21
2026-04-12,1000000142,1000000045,1,37,2.702702702702703E-2,90
2026-04-12,1000000142,1000000064,1,37,2.702702702702703E-2,0
2026-04-12,1000000142,1000000088,1,37,2.702702702702703E-2,0
2026-04-12,1000000142,1000000108,1,37,2.702702702702703E-2,1
2026-04-12,1000000143,1000000042,2,26,7.692307692307693E-2,20.5
2026-04-12,1000000143,1000000043,1,26,3.8461538461538464E-2,22
2026-04-12,1000000143,1000000088,1,26,3.8461538461538464E-2,0
2026-04-12,1000000143,1000000091,1,26,3.8461538461538464E-2,1
2026-04-12,1000000144,1000000064,2,61,3.278688524590164E-2,31
2026-04-12,1000000144,1000000084,1,61,1.639344262295082E-2,73
2026-04-12,1000000144,1000000087,1,61,1.639344262295082E-2,0
2026-04-12,1000000144,1000000089,1,61,1.639344262295082E-2,79
2026-04-12,1000000144,1000000111,1,61,1.639344262295082E-2,0
2026-04-12,1000000144,1000000128,1,61,1.639344262295082E-2,32
2026-04-12,1000000153,1000000042,1,55,1.818181818181818E-2,0
2026-04-12,1000000153,1000000045,1,55,1.818181818181818E-2,0
2026-04-12,1000000153,1000000062,1,55,1.818181818181818E-2,0
2026-04-12,1000000153,1000000153,3,55,5.454545454545454E-2,29.333333333333332
2026-04-12,1000000153,1000000156,2,55,3.636363636363636E-2,7.5
2026-04-12,1000000154,1000000045,1,38,2.631578947368421E-2,51
2026-04-12,1000000154,1000000153,1,38,2.631578947368421E-2,28
2026-04-12,1000000154,1000000154,4,38,1.0526315789473684E-1,28
2026-04-12,1000000156,1000000042,1,70,1.4285714285714285E-2,0
2026-04-12,1000000156,1000000044,1,70,1.4285714285714285E-2,0
2026-04-12,1000000156,1000000153,1,70,1.4285714285714285E-2,0
2026-04-12,1000000156,1000000156,10,70,1.4285714285714285E-1,18.7
2026-04-13,1000000027,1000000027,2,16,1.25E-1,63.5
2026-04-13,1000000027,1000000043,1,16,6.25E-2,30
2026-04-13,1000000027,1000000062,1,16,6.25E-2,0
2026-04-13,1000000028,1000000028,1,15,6.666666666666667E-2,11
2026-04-13,1000000028,1000000071,1,15,6.666666666666667E-2,17
2026-04-13,1000000033,1000000033,3,47,6.382978723404255E-2,40
2026-04-13,1000000033,1000000042,1,47,2.127659574468085E-2,0
2026-04-13,1000000033,1000000043,1,47,2.127659574468085E-2,54
2026-04-13,1000000033,1000000045,2,47,4.25531914893617E-2,3
2026-04-13,1000000033,1000000128,1,47,2.127659574468085E-2,32
2026-04-13,1000000035,1000000033,2,77,2.5974025974025976E-2,32.5
2026-04-13,1000000035,1000000035,1,77,1.2987012987012988E-2,19
2026-04-13,1000000035,1000000042,2,77,2.5974025974025976E-2,37
2026-04-13,1000000035,1000000043,1,77,1.2987012987012988E-2,0
2026-04-13,1000000035,1000000063,1,77,1.2987012987012988E-2,8
2026-04-13,1000000035,1000000064,1,77,1.2987012987012988E-2,28
2026-04-13,1000000035,1000000083,1,77,1.2987012987012988E-2,24
2026-04-13,1000000035,1000000084,1,77,1.2987012987012988E-2,18
2026-04-13,1000000035,1000000087,1,77,1.2987012987012988E-2,20
2026-04-13,1000000035,1000000089,1,77,1.2987012987012988E-2,9
2026-04-13,1000000035,1000000094,1,77,1.2987012987012988E-2,0
2026-04-13,1000000035,1000000121,2,77,2.5974025974025976E-2,36.5
2026-04-13,1000000035,1000000156,1,77,1.2987012987012988E-2,56
2026-04-13,1000000042,1000000027,2,192,1.0416666666666666E-2,19.5
2026-04-13,1000000042,1000000033,1,192,5.208333333333333E-3,0
2026-04-13,1000000042,1000000035,1,192,5.208333333333333E-3,78
2026-04-13,1000000042,1000000042,21,192,1.09375E-1,30.428571428571427
2026-04-13,1000000042,1000000043,4,192,2.0833333333333332E-2,10.75
2026-04-13,1000000042,1000000044,1,192,5.208333333333333E-3,13
2026-04-13,1000000042,1000000045,4,192,2.0833333333333332E-2,31.5
2026-04-13,1000000042,1000000063,1,192,5.208333333333333E-3,1
2026-04-13,1000000042,1000000064,4,192,2.0833333333333332E-2,22
2026-04-13,1000000042,1000000065,1,192,5.208333333333333E-3,0
2026-04-13,1000000042,1000000084,1,192,5.208333333333333E-3,8
2026-04-13,1000000042,1000000087,1,192,5.208333333333333E-3,1
2026-04-13,1000000042,1000000088,1,192,5.208333333333333E-3,0
2026-04-13,1000000042,1000000121,3,192,1.5625E-2,16
2026-04-13,1000000042,1000000153,1,192,5.208333333333333E-3,0
2026-04-13,1000000043,1000000033,1,198,5.050505050505051E-3,33
2026-04-13,1000000043,1000000042,9,198,4.5454545454545456E-2,20.555555555555557
2026-04-13,1000000043,1000000043,13,198,6.565656565656566E-2,19.23076923076923
2026-04-13,1000000043,1000000044,5,198,2.5252525252525252E-2,9.8
2026-04-13,1000000043,1000000045,3,198,1.5151515151515152E-2,2.3333333333333335
2026-04-13,1000000043,1000000062,1,198,5.050505050505051E-3,35
2026-04-13,1000000043,1000000064,2,198,1.0101010101010102E-2,31.5
2026-04-13,1000000043,1000000084,1,198,5.050505050505051E-3,73
2026-04-13,1000000043,1000000087,2,198,1.0101010101010102E-2,10.5
2026-04-13,1000000043,1000000108,2,198,1.0101010101010102E-2,1.5
2026-04-13,1000000043,1000000111,1,198,5.050505050505051E-3,29
2026-04-13,1000000043,1000000121,2,198,1.0101010101010102E-2,11
2026-04-13,1000000043,1000000153,1,198,5.050505050505051E-3,0
2026-04-13,1000000044,1000000027,1,142,7.042253521126761E-3,39
2026-04-13,1000000044,1000000033,1,142,7.042253521126761E-3,46
2026-04-13,1000000044,1000000042,7,142,4.929577464788732E-2,27.428571428571427
2026-04-13,1000000044,1000000043,3,142,2.112676056338028E-2,10.333333333333334
2026-04-13,1000000044,1000000044,4,142,2.8169014084507043E-2,21.5
2026-04-13,1000000044,1000000045,2,142,1.4084507042253521E-2,32.5
2026-04-13,1000000044,1000000062,1,142,7.042253521126761E-3,0
2026-04-13,1000000044,1000000070,1,142,7.042253521126761E-3,8
2026-04-13,1000000044,1000000084,1,142,7.042253521126761E-3,18
2026-04-13,1000000044,1000000085,1,142,7.042253521126761E-3,45
2026-04-13,1000000044,1000000088,1,142,7.042253521126761E-3,16
2026-04-13,1000000044,1000000113,1,142,7.042253521126761E-3,0
2026-04-13,1000000044,1000000121,2,142,1.4084507042253521E-2,21.5
2026-04-13,1000000044,1000000156,1,142,7.042253521126761E-3,0
2026-04-13,1000000045,1000000027,1,309,3.236245954692557E-3,39
2026-04-13,1000000045,1000000033,2,309,6.472491909385114E-3,23
2026-04-13,1000000045,1000000035,1,309,3.236245954692557E-3,27
2026-04-13,1000000045,1000000042,10,309,3.2362459546925564E-2,18.5
2026-04-13,1000000045,1000000043,5,309,1.6181229773462782E-2,6.8
2026-04-13,1000000045,1000000044,1,309,3.236245954692557E-3,0
2026-04-13,1000000045,1000000045,20,309,6.472491909385113E-2,19.3
2026-04-13,1000000045,1000000063,2,309,6.472491909385114E-3,18.5
2026-04-13,1000000045,1000000064,7,309,2.2653721682847898E-2,21.857142857142858
2026-04-13,1000000045,1000000085,1,309,3.236245954692557E-3,0
2026-04-13,1000000045,1000000086,1,309,3.236245954692557E-3,56
2026-04-13,1000000045,1000000091,2,309,6.472491909385114E-3,5.0E-1
2026-04-13,1000000045,1000000108,3,309,9.708737864077669E-3,18.666666666666668
2026-04-13,1000000045,1000000113,1,309,3.236245954692557E-3,0
2026-04-13,1000000045,1000000121,2,309,6.472491909385114E-3,6.5
2026-04-13,1000000045,1000000153,2,309,6.472491909385114E-3,0
2026-04-13,1000000045,1000000156,2,309,6.472491909385114E-3,21
2026-04-13,1000000062,1000000027,1,238,4.201680672268907E-3,0
2026-04-13,1000000062,1000000028,1,238,4.201680672268907E-3,7
2026-04-13,1000000062,1000000042,2,238,8.403361344537815E-3,51
2026-04-13,1000000062,1000000045,3,238,1.2605042016806723E-2,32
2026-04-13,1000000062,1000000062,6,238,2.5210084033613446E-2,7.166666666666667
2026-04-13,1000000062,1000000064,7,238,2.9411764705882353E-2,24.571428571428573
2026-04-13,1000000062,1000000065,1,238,4.201680672268907E-3,12
2026-04-13,1000000062,1000000087,1,238,4.201680672268907E-3,71
2026-04-13,1000000062,1000000093,1,238,4.201680672268907E-3,22
2026-04-13,1000000062,1000000111,1,238,4.201680672268907E-3,37
2026-04-13,1000000062,1000000121,1,238,4.201680672268907E-3,1
2026-04-13,1000000062,1000000153,1,238,4.201680672268907E-3,0
2026-04-13,1000000063,1000000042,4,298,1.3422818791946308E-2,39.75
2026-04-13,1000000063,1000000043,3,298,1.0067114093959731E-2,1.3333333333333333
2026-04-13,1000000063,1000000044,3,298,1.0067114093959731E-2,32
2026-04-13,1000000063,1000000045,1,298,3.355704697986577E-3,6
2026-04-13,1000000063,1000000062,5,298,1.6778523489932886E-2,12.2
2026-04-13,1000000063,1000000063,12,298,4.0268456375838924E-2,20.166666666666668
2026-04-13,1000000063,1000000064,10,298,3.355704697986577E-2,25.2
2026-04-13,1000000063,1000000069,1,298,3.355704697986577E-3,9
2026-04-13,1000000063,1000000087,3,298,1.0067114093959731E-2,16
2026-04-13,1000000063,1000000088,1,298,3.355704697986577E-3,0
2026-04-13,1000000063,1000000090,2,298,6.711409395973154E-3,20.5
2026-04-13,1000000063,1000000092,1,298,3.355704697986577E-3,1
2026-04-13,1000000063,1000000093,2,298,6.711409395973154E-3,48.5
2026-04-13,1000000063,1000000108,2,298,6.711409395973154E-3,28
2026-04-13,1000000063,1000000127,1,298,3.355704697986577E-3,0
2026-04-13,1000000064,1000000033,1,1664,6.009615384615385E-4,0
2026-04-13,1000000064,1000000035,1,1664,6.009615384615385E-4,46
2026-04-13,1000000064,1000000042,13,1664,7.8125E-3,18.23076923076923
2026-04-13,1000000064,1000000043,9,1664,5.408653846153846E-3,17
2026-04-13,1000000064,1000000044,5,1664,3.0048076923076925E-3,16
2026-04-13,1000000064,1000000045,6,1664,3.605769230769231E-3,21.333333333333332
2026-04-13,1000000064,1000000062,3,1664,1.8028846153846155E-3,23.333333333333332
2026-04-13,1000000064,1000000063,9,1664,5.408653846153846E-3,20.444444444444443
2026-04-13,1000000064,1000000064,137,1664,8.233173076923077E-2,14.357664233576642
2026-04-13,1000000064,1000000069,1,1664,6.009615384615385E-4,0
2026-04-13,1000000064,1000000083,1,1664,6.009615384615385E-4,0
2026-04-13,1000000064,1000000084,3,1664,1.8028846153846155E-3,47.666666666666664
2026-04-13,1000000064,1000000085,4,1664,2.403846153846154E-3,17.5
2026-04-13,1000000064,1000000086,2,1664,1.201923076923077E-3,48.5
2026-04-13,1000000064,1000000088,4,1664,2.403846153846154E-3,11.25
2026-04-13,1000000064,1000000090,1,1664,6.009615384615385E-4,3
2026-04-13,1000000064,1000000091,5,1664,3.0048076923076925E-3,7.8
2026-04-13,1000000064,1000000092,2,1664,1.201923076923077E-3,24.5
2026-04-13,1000000064,1000000093,8,1664,4.807692307692308E-3,9.625
2026-04-13,1000000064,1000000094,2,1664,1.201923076923077E-3,15
2026-04-13,1000000064,1000000108,2,1664,1.201923076923077E-3,0
2026-04-13,1000000064,1000000111,2,1664,1.201923076923077E-3,10
2026-04-13,1000000064,1000000113,2,1664,1.201923076923077E-3,5.0E-1
2026-04-13,1000000064,1000000121,2,1664,1.201923076923077E-3,6.5
2026-04-13,1000000064,1000000127,3,1664,1.8028846153846155E-3,0
2026-04-13,1000000064,1000000128,1,1664,6.009615384615385E-4,24
2026-04-13,1000000064,1000000142,2,1664,1.201923076923077E-3,2
2026-04-13,1000000064,1000000153,2,1664,1.201923076923077E-3,0
2026-04-13,1000000064,1000000156,3,1664,1.8028846153846155E-3,32.666666666666664
2026-04-13,1000000065,1000000027,1,50,2.0E-2,39
2026-04-13,1000000065,1000000035,1,50,2.0E-2,19
2026-04-13,1000000065,1000000042,2,50,4.0E-2,8
2026-04-13,1000000065,1000000043,2,50,4.0E-2,11
2026-04-13,1000000065,1000000045,1,50,2.0E-2,90
2026-04-13,1000000065,1000000065,1,50,2.0E-2,20
2026-04-13,1000000065,1000000111,1,50,2.0E-2,6
2026-04-13,1000000066,1000000042,1,86,1.1627906976744186E-2,24
2026-04-13,1000000066,1000000043,3,86,3.488372093023256E-2,45.666666666666664
2026-04-13,1000000066,1000000044,3,86,3.488372093023256E-2,6.666666666666667
2026-04-13,1000000066,1000000063,1,86,1.1627906976744186E-2,23
2026-04-13,1000000066,1000000064,2,86,2.3255813953488372E-2,5.5
2026-04-13,1000000066,1000000065,1,86,1.1627906976744186E-2,20
2026-04-13,1000000066,1000000066,1,86,1.1627906976744186E-2,0
2026-04-13,1000000066,1000000084,1,86,1.1627906976744186E-2,18
2026-04-13,1000000066,1000000087,1,86,1.1627906976744186E-2,1
2026-04-13,1000000066,1000000111,1,86,1.1627906976744186E-2,0
2026-04-13,1000000069,1000000028,1,102,9.80392156862745E-3,12
2026-04-13,1000000069,1000000042,2,102,1.96078431372549E-2,20
2026-04-13,1000000069,1000000043,1,102,9.80392156862745E-3,0
2026-04-13,1000000069,1000000044,1,102,9.80392156862745E-3,36
2026-04-13,1000000069,1000000045,1,102,9.80392156862745E-3,15
2026-04-13,1000000069,1000000063,1,102,9.80392156862745E-3,35
2026-04-13,1000000069,1000000064,2,102,1.96078431372549E-2,41
2026-04-13,1000000069,1000000086,1,102,9.80392156862745E-3,0
2026-04-13,1000000069,1000000091,1,102,9.80392156862745E-3,0
2026-04-13,1000000069,1000000121,1,102,9.80392156862745E-3,12
2026-04-13,1000000069,1000000154,1,102,9.80392156862745E-3,36
2026-04-13,1000000070,1000000044,1,23,4.3478260869565216E-2,20
2026-04-13,1000000070,1000000062,1,23,4.3478260869565216E-2,53
2026-04-13,1000000070,1000000064,1,23,4.3478260869565216E-2,4
2026-04-13,1000000070,1000000070,1,23,4.3478260869565216E-2,8
2026-04-13,1000000071,1000000042,1,36,2.7777777777777776E-2,9
2026-04-13,1000000071,1000000043,1,36,2.7777777777777776E-2,21
2026-04-13,1000000071,1000000064,1,36,2.7777777777777776E-2,33
2026-04-13,1000000071,1000000065,1,36,2.7777777777777776E-2,12
2026-04-13,1000000071,1000000108,1,36,2.7777777777777776E-2,0
2026-04-13,1000000071,1000000121,1,36,2.7777777777777776E-2,21
2026-04-13,1000000072,1000000062,1,13,7.692307692307693E-2,11
2026-04-13,1000000072,1000000064,1,13,7.692307692307693E-2,8
2026-04-13,1000000083,1000000028,1,78,1.282051282051282E-2,18
2026-04-13,1000000083,1000000035,1,78,1.282051282051282E-2,19
2026-04-13,1000000083,1000000042,4,78,5.128205128205128E-2,26
2026-04-13,1000000083,1000000044,1,78,1.282051282051282E-2,13
2026-04-13,1000000083,1000000045,1,78,1.282051282051282E-2,0
2026-04-13,1000000083,1000000064,3,78,3.8461538461538464E-2,26.333333333333332
2026-04-13,1000000083,1000000069,1,78,1.282051282051282E-2,9
2026-04-13,1000000083,1000000083,1,78,1.282051282051282E-2,43
2026-04-13,1000000083,1000000087,1,78,1.282051282051282E-2,20
2026-04-13,1000000083,1000000094,1,78,1.282051282051282E-2,0
2026-04-13,1000000083,1000000108,1,78,1.282051282051282E-2,0
2026-04-13,1000000083,1000000121,1,78,1.282051282051282E-2,1
2026-04-13,1000000083,1000000127,1,78,1.282051282051282E-2,0
2026-04-13,1000000084,1000000064,2,148,1.3513513513513514E-2,25.5
2026-04-13,1000000084,1000000083,1,148,6.756756756756757E-3,1
2026-04-13,1000000084,1000000084,4,148,2.702702702702703E-2,2.5
2026-04-13,1000000084,1000000087,1,148,6.756756756756757E-3,0
2026-04-13,1000000084,1000000088,2,148,1.3513513513513514E-2,3.5
2026-04-13,1000000084,1000000092,1,148,6.756756756756757E-3,0
2026-04-13,1000000084,1000000093,2,148,1.3513513513513514E-2,41
2026-04-13,1000000084,1000000108,2,148,1.3513513513513514E-2,0
2026-04-13,1000000084,1000000110,2,148,1.3513513513513514E-2,1
2026-04-13,1000000085,1000000033,1,319,3.134796238244514E-3,4
2026-04-13,1000000085,1000000035,1,319,3.134796238244514E-3,47
2026-04-13,1000000085,1000000042,1,319,3.134796238244514E-3,27
2026-04-13,1000000085,1000000045,2,319,6.269592476489028E-3,0
2026-04-13,1000000085,1000000064,2,319,6.269592476489028E-3,0
2026-04-13,1000000085,1000000084,4,319,1.2539184952978056E-2,23.5
2026-04-13,1000000085,1000000085,16,319,5.0156739811912224E-2,10.1875
2026-04-13,1000000085,1000000086,10,319,3.134796238244514E-2,7
2026-04-13,1000000085,1000000087,6,319,1.8808777429467086E-2,4.833333333333333
2026-04-13,1000000085,1000000088,8,319,2.5078369905956112E-2,6.25E-1
2026-04-13,1000000085,1000000089,1,319,3.134796238244514E-3,36
2026-04-13,1000000085,1000000090,2,319,6.269592476489028E-3,1.5
2026-04-13,1000000085,1000000091,2,319,6.269592476489028E-3,33.5
2026-04-13,1000000085,1000000092,3,319,9.404388714733543E-3,3.333333333333333E-1
2026-04-13,1000000085,1000000093,1,319,3.134796238244514E-3,0
2026-04-13,1000000085,1000000108,2,319,6.269592476489028E-3,5.0E-1
2026-04-13,1000000085,1000000111,1,319,3.134796238244514E-3,0
2026-04-13,1000000085,1000000127,1,319,3.134796238244514E-3,0
2026-04-13,1000000085,1000000153,1,319,3.134796238244514E-3,1
2026-04-13,1000000086,1000000045,1,201,4.975124378109453E-3,6
2026-04-13,1000000086,1000000063,1,201,4.975124378109453E-3,60
2026-04-13,1000000086,1000000064,2,201,9.950248756218905E-3,12
2026-04-13,1000000086,1000000084,4,201,1.990049751243781E-2,21.25
2026-04-13,1000000086,1000000085,12,201,5.970149253731343E-2,12.416666666666666
2026-04-13,1000000086,1000000086,21,201,1.044776119402985E-1,11.19047619047619
2026-04-13,1000000086,1000000087,8,201,3.980099502487562E-2,12.125
2026-04-13,1000000086,1000000088,6,201,2.9850746268656716E-2,0
2026-04-13,1000000086,1000000089,2,201,9.950248756218905E-3,35
2026-04-13,1000000086,1000000090,1,201,4.975124378109453E-3,0
2026-04-13,1000000086,1000000113,1,201,4.975124378109453E-3,0
2026-04-13,1000000087,1000000033,1,454,2.2026431718061676E-3,22
2026-04-13,1000000087,1000000035,2,454,4.405286343612335E-3,53.5
2026-04-13,1000000087,1000000043,2,454,4.405286343612335E-3,1
2026-04-13,1000000087,1000000044,1,454,2.2026431718061676E-3,5
2026-04-13,1000000087,1000000064,6,454,1.3215859030837005E-2,34.666666666666664
2026-04-13,1000000087,1000000084,3,454,6.607929515418502E-3,9.333333333333334
2026-04-13,1000000087,1000000085,8,454,1.762114537444934E-2,10.375
2026-04-13,1000000087,1000000086,7,454,1.5418502202643172E-2,9.714285714285714
2026-04-13,1000000087,1000000087,31,454,6.828193832599119E-2,16.06451612903226
2026-04-13,1000000087,1000000088,14,454,3.0837004405286344E-2,9.857142857142858
2026-04-13,1000000087,1000000092,2,454,4.405286343612335E-3,42
2026-04-13,1000000087,1000000093,4,454,8.81057268722467E-3,2.25
2026-04-13,1000000087,1000000094,1,454,2.2026431718061676E-3,0
2026-04-13,1000000087,1000000143,1,454,2.2026431718061676E-3,2
2026-04-13,1000000088,1000000035,1,355,2.8169014084507044E-3,75
2026-04-13,1000000088,1000000063,1,355,2.8169014084507044E-3,0
2026-04-13,1000000088,1000000064,8,355,2.2535211267605635E-2,25.625
2026-04-13,1000000088,1000000083,1,355,2.8169014084507044E-3,80
2026-04-13,1000000088,1000000084,1,355,2.8169014084507044E-3,52
2026-04-13,1000000088,1000000085,7,355,1.971830985915493E-2,0
2026-04-13,1000000088,1000000086,8,355,2.2535211267605635E-2,9.5
2026-04-13,1000000088,1000000087,10,355,2.8169014084507043E-2,4.1
2026-04-13,1000000088,1000000088,38,355,1.0704225352112676E-1,8.526315789473685
2026-04-13,1000000088,1000000089,2,355,5.633802816901409E-3,4.5
2026-04-13,1000000088,1000000090,1,355,2.8169014084507044E-3,0
2026-04-13,1000000088,1000000092,1,355,2.8169014084507044E-3,0
2026-04-13,1000000088,1000000094,2,355,5.633802816901409E-3,37
2026-04-13,1000000088,1000000112,2,355,5.633802816901409E-3,5.0E-1
2026-04-13,1000000088,1000000121,1,355,2.8169014084507044E-3,13
2026-04-13,1000000088,1000000142,2,355,5.633802816901409E-3,4.5
2026-04-13,1000000089,1000000033,1,50,2.0E-2,87
2026-04-13,1000000089,1000000086,1,50,2.0E-2,0
2026-04-13,1000000089,1000000087,3,50,6.0E-2,3.333333333333333E-1
2026-04-13,1000000089,1000000088,3,50,6.0E-2,27
2026-04-13,1000000089,1000000089,4,50,8.0E-2,8.75
2026-04-13,1000000089,1000000091,1,50,2.0E-2,0
2026-04-13,1000000089,1000000111,1,50,2.0E-2,32
2026-04-13,1000000089,1000000112,1,50,2.0E-2,0
2026-04-13,1000000090,1000000028,1,128,7.8125E-3,12
2026-04-13,1000000090,1000000063,1,128,7.8125E-3,0
2026-04-13,1000000090,1000000064,1,128,7.8125E-3,76
2026-04-13,1000000090,1000000085,1,128,7.8125E-3,0
2026-04-13,1000000090,1000000090,3,128,2.34375E-2,2
2026-04-13,1000000090,1000000091,1,128,7.8125E-3,4
2026-04-13,1000000090,1000000092,1,128,7.8125E-3,0
2026-04-13,1000000090,1000000093,1,128,7.8125E-3,0
2026-04-13,1000000090,1000000094,1,128,7.8125E-3,0
2026-04-13,1000000090,1000000111,1,128,7.8125E-3,2
2026-04-13,1000000090,1000000112,1,128,7.8125E-3,0
2026-04-13,1000000091,1000000028,1,182,5.494505494505495E-3,12
2026-04-13,1000000091,1000000035,1,182,5.494505494505495E-3,47
2026-04-13,1000000091,1000000045,3,182,1.6483516483516484E-2,2
2026-04-13,1000000091,1000000064,4,182,2.197802197802198E-2,13
2026-04-13,1000000091,1000000085,2,182,1.098901098901099E-2,38
2026-04-13,1000000091,1000000086,2,182,1.098901098901099E-2,14
2026-04-13,1000000091,1000000087,2,182,1.098901098901099E-2,24.5
2026-04-13,1000000091,1000000089,1,182,5.494505494505495E-3,0
2026-04-13,1000000091,1000000090,3,182,1.6483516483516484E-2,4.333333333333333
2026-04-13,1000000091,1000000091,11,182,6.043956043956044E-2,7.454545454545454
2026-04-13,1000000091,1000000092,2,182,1.098901098901099E-2,10
2026-04-13,1000000091,1000000093,2,182,1.098901098901099E-2,9
2026-04-13,1000000091,1000000094,2,182,1.098901098901099E-2,0
2026-04-13,1000000091,1000000111,1,182,5.494505494505495E-3,4
2026-04-13,1000000092,1000000028,1,153,6.535947712418301E-3,12
2026-04-13,1000000092,1000000064,4,153,2.6143790849673203E-2,12
2026-04-13,1000000092,1000000084,1,153,6.535947712418301E-3,0
2026-04-13,1000000092,1000000085,2,153,1.3071895424836602E-2,0
2026-04-13,1000000092,1000000087,2,153,1.3071895424836602E-2,1
2026-04-13,1000000092,1000000088,1,153,6.535947712418301E-3,0
2026-04-13,1000000092,1000000090,3,153,1.96078431372549E-2,1
2026-04-13,1000000092,1000000091,3,153,1.96078431372549E-2,9.333333333333334
2026-04-13,1000000092,1000000092,8,153,5.228758169934641E-2,8.875
2026-04-13,1000000092,1000000093,1,153,6.535947712418301E-3,6
2026-04-13,1000000092,1000000111,1,153,6.535947712418301E-3,0
2026-04-13,1000000093,1000000044,2,710,2.8169014084507044E-3,49.5
2026-04-13,1000000093,1000000045,2,710,2.8169014084507044E-3,8
2026-04-13,1000000093,1000000062,4,710,5.633802816901409E-3,50.75
2026-04-13,1000000093,1000000064,9,710,1.267605633802817E-2,9
2026-04-13,1000000093,1000000084,1,710,1.4084507042253522E-3,3
2026-04-13,1000000093,1000000085,2,710,2.8169014084507044E-3,0
2026-04-13,1000000093,1000000086,1,710,1.4084507042253522E-3,6
2026-04-13,1000000093,1000000087,5,710,7.042253521126761E-3,2.8
2026-04-13,1000000093,1000000088,1,710,1.4084507042253522E-3,62
2026-04-13,1000000093,1000000090,1,710,1.4084507042253522E-3,0
2026-04-13,1000000093,1000000091,2,710,2.8169014084507044E-3,0
2026-04-13,1000000093,1000000093,77,710,1.0845070422535211E-1,6.025974025974026
2026-04-13,1000000093,1000000094,3,710,4.225352112676056E-3,0
2026-04-13,1000000093,1000000108,6,710,8.450704225352112E-3,24.333333333333332
2026-04-13,1000000093,1000000110,2,710,2.8169014084507044E-3,0
2026-04-13,1000000093,1000000111,7,710,9.859154929577466E-3,7.142857142857143E-1
2026-04-13,1000000093,1000000112,2,710,2.8169014084507044E-3,2
2026-04-13,1000000093,1000000113,1,710,1.4084507042253522E-3,14
2026-04-13,1000000094,1000000035,1,187,5.3475935828877E-3,0
2026-04-13,1000000094,1000000044,1,187,5.3475935828877E-3,13
2026-04-13,1000000094,1000000064,1,187,5.3475935828877E-3,5
2026-04-13,1000000094,1000000084,1,187,5.3475935828877E-3,30
2026-04-13,1000000094,1000000086,1,187,5.3475935828877E-3,73
2026-04-13,1000000094,1000000088,1,187,5.3475935828877E-3,16
2026-04-13,1000000094,1000000089,1,187,5.3475935828877E-3,36
2026-04-13,1000000094,1000000090,1,187,5.3475935828877E-3,25
2026-04-13,1000000094,1000000091,2,187,1.06951871657754E-2,2.5
2026-04-13,1000000094,1000000092,1,187,5.3475935828877E-3,18
2026-04-13,1000000094,1000000093,2,187,1.06951871657754E-2,0
2026-04-13,1000000094,1000000094,17,187,9.090909090909091E-2,15.705882352941176
2026-04-13,1000000094,1000000108,3,187,1.6042780748663103E-2,4.333333333333333
2026-04-13,1000000094,1000000110,2,187,1.06951871657754E-2,1
2026-04-13,1000000094,1000000111,4,187,2.13903743315508E-2,34.25
2026-04-13,1000000108,1000000035,1,249,4.016064257028112E-3,15
2026-04-13,1000000108,1000000042,1,249,4.016064257028112E-3,83
2026-04-13,1000000108,1000000043,1,249,4.016064257028112E-3,0
2026-04-13,1000000108,1000000044,1,249,4.016064257028112E-3,82
2026-04-13,1000000108,1000000045,3,249,1.2048192771084338E-2,0
2026-04-13,1000000108,1000000064,2,249,8.032128514056224E-3,43
2026-04-13,1000000108,1000000071,1,249,4.016064257028112E-3,12
2026-04-13,1000000108,1000000083,1,249,4.016064257028112E-3,0
2026-04-13,1000000108,1000000084,1,249,4.016064257028112E-3,0
2026-04-13,1000000108,1000000087,1,249,4.016064257028112E-3,0
2026-04-13,1000000108,1000000091,1,249,4.016064257028112E-3,0
2026-04-13,1000000108,1000000092,2,249,8.032128514056224E-3,21
2026-04-13,1000000108,1000000093,7,249,2.8112449799196786E-2,9.142857142857142
2026-04-13,1000000108,1000000094,3,249,1.2048192771084338E-2,5.666666666666667
2026-04-13,1000000108,1000000108,24,249,9.63855421686747E-2,9.083333333333334
2026-04-13,1000000108,1000000111,1,249,4.016064257028112E-3,0
2026-04-13,1000000108,1000000112,2,249,8.032128514056224E-3,19
2026-04-13,1000000108,1000000127,1,249,4.016064257028112E-3,0
2026-04-13,1000000110,1000000027,1,71,1.4084507042253521E-2,39
2026-04-13,1000000110,1000000083,1,71,1.4084507042253521E-2,2
2026-04-13,1000000110,1000000093,1,71,1.4084507042253521E-2,0
2026-04-13,1000000110,1000000094,1,71,1.4084507042253521E-2,0
2026-04-13,1000000110,1000000108,1,71,1.4084507042253521E-2,0
2026-04-13,1000000110,1000000110,7,71,9.859154929577464E-2,5.857142857142857
2026-04-13,1000000110,1000000112,1,71,1.4084507042253521E-2,0
2026-04-13,1000000111,1000000045,1,340,2.9411764705882353E-3,14
2026-04-13,1000000111,1000000062,2,340,5.8823529411764705E-3,1.5
2026-04-13,1000000111,1000000064,8,340,2.3529411764705882E-2,16.5
2026-04-13,1000000111,1000000066,1,340,2.9411764705882353E-3,0
2026-04-13,1000000111,1000000085,1,340,2.9411764705882353E-3,0
2026-04-13,1000000111,1000000086,1,340,2.9411764705882353E-3,73
2026-04-13,1000000111,1000000087,1,340,2.9411764705882353E-3,3
2026-04-13,1000000111,1000000088,2,340,5.8823529411764705E-3,31
2026-04-13,1000000111,1000000091,2,340,5.8823529411764705E-3,15
2026-04-13,1000000111,1000000092,1,340,2.9411764705882353E-3,0
2026-04-13,1000000111,1000000093,10,340,2.9411764705882353E-2,10.1
2026-04-13,1000000111,1000000094,1,340,2.9411764705882353E-3,0
2026-04-13,1000000111,1000000108,1,340,2.9411764705882353E-3,0
2026-04-13,1000000111,1000000110,2,340,5.8823529411764705E-3,1
2026-04-13,1000000111,1000000111,34,340,1.0E-1,7.323529411764706
2026-04-13,1000000111,1000000112,1,340,2.9411764705882353E-3,0
2026-04-13,1000000111,1000000113,1,340,2.9411764705882353E-3,0
2026-04-13,1000000111,1000000156,1,340,2.9411764705882353E-3,41
2026-04-13,1000000112,1000000042,1,94,1.0638297872340425E-2,1
2026-04-13,1000000112,1000000043,1,94,1.0638297872340425E-2,66
2026-04-13,1000000112,1000000044,1,94,1.0638297872340425E-2,82
2026-04-13,1000000112,1000000045,1,94,1.0638297872340425E-2,0
2026-04-13,1000000112,1000000064,2,94,2.127659574468085E-2,54.5
2026-04-13,1000000112,1000000072,1,94,1.0638297872340425E-2,1
2026-04-13,1000000112,1000000086,1,94,1.0638297872340425E-2,0
2026-04-13,1000000112,1000000088,2,94,2.127659574468085E-2,2
2026-04-13,1000000112,1000000090,1,94,1.0638297872340425E-2,0
2026-04-13,1000000112,1000000093,1,94,1.0638297872340425E-2,0
2026-04-13,1000000112,1000000110,1,94,1.0638297872340425E-2,0
2026-04-13,1000000112,1000000112,3,94,3.1914893617021274E-2,0
2026-04-13,1000000113,1000000044,1,104,9.615384615384616E-3,0
2026-04-13,1000000113,1000000045,2,104,1.9230769230769232E-2,3
2026-04-13,1000000113,1000000063,2,104,1.9230769230769232E-2,3
2026-04-13,1000000113,1000000064,3,104,2.8846153846153848E-2,11.666666666666666
2026-04-13,1000000113,1000000085,1,104,9.615384615384616E-3,14
2026-04-13,1000000113,1000000111,2,104,1.9230769230769232E-2,5.0E-1
2026-04-13,1000000113,1000000113,8,104,7.692307692307693E-2,7.25
2026-04-13,1000000113,1000000127,1,104,9.615384615384616E-3,0
2026-04-13,1000000121,1000000035,1,184,5.434782608695652E-3,52
2026-04-13,1000000121,1000000042,2,184,1.0869565217391304E-2,39.5
2026-04-13,1000000121,1000000043,1,184,5.434782608695652E-3,16
2026-04-13,1000000121,1000000044,1,184,5.434782608695652E-3,13
2026-04-13,1000000121,1000000064,2,184,1.0869565217391304E-2,5.5
2026-04-13,1000000121,1000000070,1,184,5.434782608695652E-3,8
2026-04-13,1000000121,1000000086,2,184,1.0869565217391304E-2,35.5
2026-04-13,1000000121,1000000087,1,184,5.434782608695652E-3,0
2026-04-13,1000000121,1000000093,1,184,5.434782608695652E-3,24
2026-04-13,1000000121,1000000111,1,184,5.434782608695652E-3,6
2026-04-13,1000000121,1000000121,17,184,9.239130434782608E-2,8.588235294117647
2026-04-13,1000000127,1000000045,2,248,8.064516129032258E-3,0
2026-04-13,1000000127,1000000062,2,248,8.064516129032258E-3,0
2026-04-13,1000000127,1000000063,1,248,4.032258064516129E-3,0
2026-04-13,1000000127,1000000064,14,248,5.6451612903225805E-2,23
2026-04-13,1000000127,1000000084,1,248,4.032258064516129E-3,73
2026-04-13,1000000127,1000000086,2,248,8.064516129032258E-3,18
2026-04-13,1000000127,1000000088,1,248,4.032258064516129E-3,0
2026-04-13,1000000127,1000000090,1,248,4.032258064516129E-3,41
2026-04-13,1000000127,1000000091,1,248,4.032258064516129E-3,0
2026-04-13,1000000127,1000000093,1,248,4.032258064516129E-3,14
2026-04-13,1000000127,1000000108,1,248,4.032258064516129E-3,0
2026-04-13,1000000127,1000000111,1,248,4.032258064516129E-3,0
2026-04-13,1000000127,1000000113,1,248,4.032258064516129E-3,0
2026-04-13,1000000127,1000000127,2,248,8.064516129032258E-3,6
2026-04-13,1000000128,1000000027,1,61,1.639344262295082E-2,39
2026-04-13,1000000128,1000000042,1,61,1.639344262295082E-2,24
2026-04-13,1000000128,1000000043,1,61,1.639344262295082E-2,4
2026-04-13,1000000128,1000000045,1,61,1.639344262295082E-2,90
2026-04-13,1000000128,1000000064,1,61,1.639344262295082E-2,11
2026-04-13,1000000128,1000000087,1,61,1.639344262295082E-2,0
2026-04-13,1000000128,1000000093,1,61,1.639344262295082E-2,14
2026-04-13,1000000128,1000000111,1,61,1.639344262295082E-2,0
2026-04-13,1000000128,1000000143,1,61,1.639344262295082E-2,2
2026-04-13,1000000142,1000000035,2,37,5.405405405405406E-2,39
2026-04-13,1000000142,1000000043,1,37,2.702702702702703E-2,21
2026-04-13,1000000142,1000000045,1,37,2.702702702702703E-2,90
2026-04-13,1000000142,1000000064,1,37,2.702702702702703E-2,0
2026-04-13,1000000142,1000000088,1,37,2.702702702702703E-2,0
2026-04-13,1000000142,1000000108,1,37,2.702702702702703E-2,1
2026-04-13,1000000143,1000000042,2,26,7.692307692307693E-2,20.5
2026-04-13,1000000143,1000000043,1,26,3.8461538461538464E-2,22
2026-04-13,1000000143,1000000088,1,26,3.8461538461538464E-2,0
2026-04-13,1000000143,1000000091,1,26,3.8461538461538464E-2,1
2026-04-13,1000000153,1000000042,1,55,1.818181818181818E-2,0
2026-04-13,1000000153,1000000045,1,55,1.818181818181818E-2,0
2026-04-13,1000000153,1000000062,1,55,1.818181818181818E-2,0
2026-04-13,1000000153,1000000153,3,55,5.454545454545454E-2,29.333333333333332
2026-04-13,1000000153,1000000156,2,55,3.636363636363636E-2,7.5
2026-04-13,1000000154,1000000045,1,38,2.631578947368421E-2,51
2026-04-13,1000000154,1000000153,1,38,2.631578947368421E-2,28
2026-04-13,1000000154,1000000154,4,38,1.0526315789473684E-1,28
2026-04-13,1000000156,1000000042,1,70,1.4285714285714285E-2,0
2026-04-13,1000000156,1000000044,1,70,1.4285714285714285E-2,0
2026-04-13,1000000156,1000000064,1,70,1.4285714285714285E-2,63
2026-04-13,1000000156,1000000153,1,70,1.4285714285714285E-2,0
2026-04-13,1000000156,1000000156,10,70,1.4285714285714285E-1,18.7
2026-04-14,1000000027,1000000027,2,16,1.25E-1,63.5
2026-04-14,1000000027,1000000043,1,16,6.25E-2,30
2026-04-14,1000000027,1000000062,1,16,6.25E-2,0
2026-04-14,1000000028,1000000028,1,15,6.666666666666667E-2,11
2026-04-14,1000000028,1000000071,1,15,6.666666666666667E-2,17
2026-04-14,1000000033,1000000033,3,47,6.382978723404255E-2,40
2026-04-14,1000000033,1000000042,1,47,2.127659574468085E-2,0
2026-04-14,1000000033,1000000043,1,47,2.127659574468085E-2,54
2026-04-14,1000000033,1000000045,2,47,4.25531914893617E-2,3
2026-04-14,1000000033,1000000128,1,47,2.127659574468085E-2,32
2026-04-14,1000000035,1000000033,2,77,2.5974025974025976E-2,32.5
2026-04-14,1000000035,1000000035,1,77,1.2987012987012988E-2,19
2026-04-14,1000000035,1000000042,2,77,2.5974025974025976E-2,37
2026-04-14,1000000035,1000000043,1,77,1.2987012987012988E-2,0
2026-04-14,1000000035,1000000063,1,77,1.2987012987012988E-2,8
2026-04-14,1000000035,1000000064,1,77,1.2987012987012988E-2,28
2026-04-14,1000000035,1000000083,1,77,1.2987012987012988E-2,24
2026-04-14,1000000035,1000000084,1,77,1.2987012987012988E-2,18
2026-04-14,1000000035,1000000087,1,77,1.2987012987012988E-2,20
2026-04-14,1000000035,1000000089,1,77,1.2987012987012988E-2,9
2026-04-14,1000000035,1000000094,1,77,1.2987012987012988E-2,0
2026-04-14,1000000035,1000000121,2,77,2.5974025974025976E-2,36.5
2026-04-14,1000000035,1000000156,1,77,1.2987012987012988E-2,56
2026-04-14,1000000042,1000000027,2,191,1.0471204188481676E-2,19.5
2026-04-14,1000000042,1000000033,1,191,5.235602094240838E-3,0
2026-04-14,1000000042,1000000035,1,191,5.235602094240838E-3,78
2026-04-14,1000000042,1000000042,21,191,1.099476439790576E-1,30.428571428571427
2026-04-14,1000000042,1000000043,4,191,2.0942408376963352E-2,10.75
2026-04-14,1000000042,1000000044,1,191,5.235602094240838E-3,13
2026-04-14,1000000042,1000000045,4,191,2.0942408376963352E-2,31.5
2026-04-14,1000000042,1000000063,1,191,5.235602094240838E-3,1
2026-04-14,1000000042,1000000064,4,191,2.0942408376963352E-2,22
2026-04-14,1000000042,1000000065,1,191,5.235602094240838E-3,0
2026-04-14,1000000042,1000000084,1,191,5.235602094240838E-3,8
2026-04-14,1000000042,1000000087,1,191,5.235602094240838E-3,1
2026-04-14,1000000042,1000000088,1,191,5.235602094240838E-3,0
2026-04-14,1000000042,1000000121,3,191,1.5706806282722512E-2,16
2026-04-14,1000000042,1000000153,1,191,5.235602094240838E-3,0
2026-04-14,1000000043,1000000033,1,198,5.050505050505051E-3,33
2026-04-14,1000000043,1000000042,9,198,4.5454545454545456E-2,20.555555555555557
2026-04-14,1000000043,1000000043,13,198,6.565656565656566E-2,19.23076923076923
2026-04-14,1000000043,1000000044,5,198,2.5252525252525252E-2,9.8
2026-04-14,1000000043,1000000045,3,198,1.5151515151515152E-2,2.3333333333333335
2026-04-14,1000000043,1000000062,1,198,5.050505050505051E-3,35
2026-04-14,1000000043,1000000064,2,198,1.0101010101010102E-2,31.5
2026-04-14,1000000043,1000000084,1,198,5.050505050505051E-3,73
2026-04-14,1000000043,1000000087,2,198,1.0101010101010102E-2,10.5
2026-04-14,1000000043,1000000108,2,198,1.0101010101010102E-2,1.5
2026-04-14,1000000043,1000000111,1,198,5.050505050505051E-3,29
2026-04-14,1000000043,1000000121,2,198,1.0101010101010102E-2,11
2026-04-14,1000000043,1000000153,1,198,5.050505050505051E-3,0
2026-04-14,1000000044,1000000027,1,142,7.042253521126761E-3,39
2026-04-14,1000000044,1000000033,1,142,7.042253521126761E-3,46
2026-04-14,1000000044,1000000042,7,142,4.929577464788732E-2,27.428571428571427
2026-04-14,1000000044,1000000043,3,142,2.112676056338028E-2,10.333333333333334
2026-04-14,1000000044,1000000044,4,142,2.8169014084507043E-2,21.5
2026-04-14,1000000044,1000000045,2,142,1.4084507042253521E-2,32.5
2026-04-14,1000000044,1000000062,1,142,7.042253521126761E-3,0
2026-04-14,1000000044,1000000070,1,142,7.042253521126761E-3,8
2026-04-14,1000000044,1000000084,1,142,7.042253521126761E-3,18
2026-04-14,1000000044,1000000085,1,142,7.042253521126761E-3,45
2026-04-14,1000000044,1000000088,1,142,7.042253521126761E-3,16
2026-04-14,1000000044,1000000113,1,142,7.042253521126761E-3,0
2026-04-14,1000000044,1000000121,2,142,1.4084507042253521E-2,21.5
2026-04-14,1000000044,1000000156,1,142,7.042253521126761E-3,0
2026-04-14,1000000045,1000000027,1,312,3.205128205128205E-3,39
2026-04-14,1000000045,1000000033,2,312,6.41025641025641E-3,23
2026-04-14,1000000045,1000000035,1,312,3.205128205128205E-3,27
2026-04-14,1000000045,1000000042,10,312,3.205128205128205E-2,18.5
2026-04-14,1000000045,1000000043,5,312,1.6025641025641024E-2,6.8
2026-04-14,1000000045,1000000044,1,312,3.205128205128205E-3,0
2026-04-14,1000000045,1000000045,20,312,6.41025641025641E-2,19.3
2026-04-14,1000000045,1000000063,2,312,6.41025641025641E-3,18.5
2026-04-14,1000000045,1000000064,7,312,2.2435897435897436E-2,21.857142857142858
2026-04-14,1000000045,1000000085,1,312,3.205128205128205E-3,0
2026-04-14,1000000045,1000000086,1,312,3.205128205128205E-3,56
2026-04-14,1000000045,1000000091,2,312,6.41025641025641E-3,5.0E-1
2026-04-14,1000000045,1000000108,3,312,9.615384615384616E-3,18.666666666666668
2026-04-14,1000000045,1000000113,1,312,3.205128205128205E-3,0
2026-04-14,1000000045,1000000121,2,312,6.41025641025641E-3,6.5
2026-04-14,1000000045,1000000153,2,312,6.41025641025641E-3,0
2026-04-14,1000000045,1000000156,2,312,6.41025641025641E-3,21
2026-04-14,1000000062,1000000027,1,239,4.1841004184100415E-3,0
2026-04-14,1000000062,1000000028,1,239,4.1841004184100415E-3,7
2026-04-14,1000000062,1000000042,2,239,8.368200836820083E-3,51
2026-04-14,1000000062,1000000045,3,239,1.2552301255230125E-2,32
2026-04-14,1000000062,1000000062,7,239,2.9288702928870293E-2,12.285714285714286
2026-04-14,1000000062,1000000064,7,239,2.9288702928870293E-2,24.571428571428573
2026-04-14,1000000062,1000000065,1,239,4.1841004184100415E-3,12
2026-04-14,1000000062,1000000087,1,239,4.1841004184100415E-3,71
2026-04-14,1000000062,1000000093,1,239,4.1841004184100415E-3,22
2026-04-14,1000000062,1000000111,1,239,4.1841004184100415E-3,37
2026-04-14,1000000062,1000000121,1,239,4.1841004184100415E-3,1
2026-04-14,1000000062,1000000153,1,239,4.1841004184100415E-3,0
2026-04-14,1000000063,1000000042,4,298,1.3422818791946308E-2,39.75
2026-04-14,1000000063,1000000043,3,298,1.0067114093959731E-2,1.3333333333333333
2026-04-14,1000000063,1000000044,3,298,1.0067114093959731E-2,32
2026-04-14,1000000063,1000000045,1,298,3.355704697986577E-3,6
2026-04-14,1000000063,1000000062,6,298,2.0134228187919462E-2,17.333333333333332
2026-04-14,1000000063,1000000063,12,298,4.0268456375838924E-2,20.166666666666668
2026-04-14,1000000063,1000000064,10,298,3.355704697986577E-2,25.2
2026-04-14,1000000063,1000000069,1,298,3.355704697986577E-3,9
2026-04-14,1000000063,1000000087,3,298,1.0067114093959731E-2,16
2026-04-14,1000000063,1000000088,1,298,3.355704697986577E-3,0
2026-04-14,1000000063,1000000090,2,298,6.711409395973154E-3,20.5
2026-04-14,1000000063,1000000092,1,298,3.355704697986577E-3,1
2026-04-14,1000000063,1000000093,2,298,6.711409395973154E-3,48.5
2026-04-14,1000000063,1000000108,2,298,6.711409395973154E-3,28
2026-04-14,1000000063,1000000127,1,298,3.355704697986577E-3,0
2026-04-14,1000000064,1000000033,1,1666,6.002400960384153E-4,0
2026-04-14,1000000064,1000000035,1,1666,6.002400960384153E-4,46
2026-04-14,1000000064,1000000042,13,1666,7.8031212484993995E-3,18.23076923076923
2026-04-14,1000000064,1000000043,9,1666,5.402160864345739E-3,17
2026-04-14,1000000064,1000000044,5,1666,3.001200480192077E-3,16
2026-04-14,1000000064,1000000045,6,1666,3.601440576230492E-3,21.333333333333332
2026-04-14,1000000064,1000000062,3,1666,1.800720288115246E-3,23.333333333333332
2026-04-14,1000000064,1000000063,9,1666,5.402160864345739E-3,20.444444444444443
2026-04-14,1000000064,1000000064,138,1666,8.283313325330131E-2,14.594202898550725
2026-04-14,1000000064,1000000069,1,1666,6.002400960384153E-4,0
2026-04-14,1000000064,1000000083,1,1666,6.002400960384153E-4,0
2026-04-14,1000000064,1000000084,3,1666,1.800720288115246E-3,47.666666666666664
2026-04-14,1000000064,1000000085,4,1666,2.4009603841536613E-3,17.5
2026-04-14,1000000064,1000000086,2,1666,1.2004801920768306E-3,48.5
2026-04-14,1000000064,1000000088,4,1666,2.4009603841536613E-3,11.25
2026-04-14,1000000064,1000000090,1,1666,6.002400960384153E-4,3
2026-04-14,1000000064,1000000091,5,1666,3.001200480192077E-3,7.8
2026-04-14,1000000064,1000000092,2,1666,1.2004801920768306E-3,24.5
2026-04-14,1000000064,1000000093,8,1666,4.801920768307323E-3,9.625
2026-04-14,1000000064,1000000094,2,1666,1.2004801920768306E-3,15
2026-04-14,1000000064,1000000108,2,1666,1.2004801920768306E-3,0
2026-04-14,1000000064,1000000111,2,1666,1.2004801920768306E-3,10
2026-04-14,1000000064,1000000113,2,1666,1.2004801920768306E-3,5.0E-1
2026-04-14,1000000064,1000000121,2,1666,1.2004801920768306E-3,6.5
2026-04-14,1000000064,1000000127,3,1666,1.800720288115246E-3,0
2026-04-14,1000000064,1000000128,1,1666,6.002400960384153E-4,24
2026-04-14,1000000064,1000000142,2,1666,1.2004801920768306E-3,2
2026-04-14,1000000064,1000000153,2,1666,1.2004801920768306E-3,0
2026-04-14,1000000064,1000000156,3,1666,1.800720288115246E-3,32.666666666666664
2026-04-14,1000000065,1000000027,1,50,2.0E-2,39
2026-04-14,1000000065,1000000035,1,50,2.0E-2,19
2026-04-14,1000000065,1000000042,2,50,4.0E-2,8
2026-04-14,1000000065,1000000043,2,50,4.0E-2,11
2026-04-14,1000000065,1000000045,1,50,2.0E-2,90
2026-04-14,1000000065,1000000065,1,50,2.0E-2,20
2026-04-14,1000000065,1000000111,1,50,2.0E-2,6
2026-04-14,1000000066,1000000042,1,87,1.1494252873563218E-2,24
2026-04-14,1000000066,1000000043,3,87,3.4482758620689655E-2,45.666666666666664
2026-04-14,1000000066,1000000044,3,87,3.4482758620689655E-2,6.666666666666667
2026-04-14,1000000066,1000000062,1,87,1.1494252873563218E-2,43
2026-04-14,1000000066,1000000063,1,87,1.1494252873563218E-2,23
2026-04-14,1000000066,1000000064,2,87,2.2988505747126436E-2,5.5
2026-04-14,1000000066,1000000065,1,87,1.1494252873563218E-2,20
2026-04-14,1000000066,1000000066,1,87,1.1494252873563218E-2,0
2026-04-14,1000000066,1000000084,1,87,1.1494252873563218E-2,18
2026-04-14,1000000066,1000000087,1,87,1.1494252873563218E-2,1
2026-04-14,1000000066,1000000111,1,87,1.1494252873563218E-2,0
2026-04-14,1000000069,1000000028,1,101,9.900990099009901E-3,12
2026-04-14,1000000069,1000000042,2,101,1.9801980198019802E-2,20
2026-04-14,1000000069,1000000043,1,101,9.900990099009901E-3,0
2026-04-14,1000000069,1000000044,1,101,9.900990099009901E-3,36
2026-04-14,1000000069,1000000045,1,101,9.900990099009901E-3,15
2026-04-14,1000000069,1000000063,1,101,9.900990099009901E-3,35
2026-04-14,1000000069,1000000064,2,101,1.9801980198019802E-2,41
2026-04-14,1000000069,1000000086,1,101,9.900990099009901E-3,0
2026-04-14,1000000069,1000000091,1,101,9.900990099009901E-3,0
2026-04-14,1000000069,1000000121,1,101,9.900990099009901E-3,12
2026-04-14,1000000069,1000000154,1,101,9.900990099009901E-3,36
2026-04-14,1000000070,1000000044,1,23,4.3478260869565216E-2,20
2026-04-14,1000000070,1000000062,1,23,4.3478260869565216E-2,53
2026-04-14,1000000070,1000000064,1,23,4.3478260869565216E-2,4
2026-04-14,1000000070,1000000070,1,23,4.3478260869565216E-2,8
2026-04-14,1000000071,1000000042,1,36,2.7777777777777776E-2,9
2026-04-14,1000000071,1000000043,1,36,2.7777777777777776E-2,21
2026-04-14,1000000071,1000000064,1,36,2.7777777777777776E-2,33
2026-04-14,1000000071,1000000065,1,36,2.7777777777777776E-2,12
2026-04-14,1000000071,1000000108,1,36,2.7777777777777776E-2,0
2026-04-14,1000000071,1000000121,1,36,2.7777777777777776E-2,21
2026-04-14,1000000072,1000000062,1,13,7.692307692307693E-2,11
2026-04-14,1000000072,1000000064,1,13,7.692307692307693E-2,8
2026-04-14,1000000083,1000000028,1,78,1.282051282051282E-2,18
2026-04-14,1000000083,1000000035,1,78,1.282051282051282E-2,19
2026-04-14,1000000083,1000000042,4,78,5.128205128205128E-2,26
2026-04-14,1000000083,1000000044,1,78,1.282051282051282E-2,13
2026-04-14,1000000083,1000000045,1,78,1.282051282051282E-2,0
2026-04-14,1000000083,1000000064,3,78,3.8461538461538464E-2,26.333333333333332
2026-04-14,1000000083,1000000069,1,78,1.282051282051282E-2,9
2026-04-14,1000000083,1000000083,1,78,1.282051282051282E-2,43
2026-04-14,1000000083,1000000087,1,78,1.282051282051282E-2,20
2026-04-14,1000000083,1000000094,1,78,1.282051282051282E-2,0
2026-04-14,1000000083,1000000108,1,78,1.282051282051282E-2,0
2026-04-14,1000000083,1000000121,1,78,1.282051282051282E-2,1
2026-04-14,1000000083,1000000127,1,78,1.282051282051282E-2,0
2026-04-14,1000000084,1000000064,2,148,1.3513513513513514E-2,25.5
2026-04-14,1000000084,1000000083,1,148,6.756756756756757E-3,1
2026-04-14,1000000084,1000000084,4,148,2.702702702702703E-2,2.5
2026-04-14,1000000084,1000000087,1,148,6.756756756756757E-3,0
2026-04-14,1000000084,1000000088,2,148,1.3513513513513514E-2,3.5
2026-04-14,1000000084,1000000092,1,148,6.756756756756757E-3,0
2026-04-14,1000000084,1000000093,2,148,1.3513513513513514E-2,41
2026-04-14,1000000084,1000000108,2,148,1.3513513513513514E-2,0
2026-04-14,1000000084,1000000110,2,148,1.3513513513513514E-2,1
2026-04-14,1000000085,1000000033,1,322,3.105590062111801E-3,4
2026-04-14,1000000085,1000000035,1,322,3.105590062111801E-3,47
2026-04-14,1000000085,1000000042,1,322,3.105590062111801E-3,27
2026-04-14,1000000085,1000000045,2,322,6.211180124223602E-3,0
2026-04-14,1000000085,1000000064,2,322,6.211180124223602E-3,0
2026-04-14,1000000085,1000000084,4,322,1.2422360248447204E-2,23.5
2026-04-14,1000000085,1000000085,16,322,4.9689440993788817E-2,10.1875
2026-04-14,1000000085,1000000086,10,322,3.1055900621118012E-2,7
2026-04-14,1000000085,1000000087,7,322,2.1739130434782608E-2,4.142857142857143
2026-04-14,1000000085,1000000088,8,322,2.4844720496894408E-2,6.25E-1
2026-04-14,1000000085,1000000089,1,322,3.105590062111801E-3,36
2026-04-14,1000000085,1000000090,2,322,6.211180124223602E-3,1.5
2026-04-14,1000000085,1000000091,2,322,6.211180124223602E-3,33.5
2026-04-14,1000000085,1000000092,3,322,9.316770186335404E-3,3.333333333333333E-1
2026-04-14,1000000085,1000000093,1,322,3.105590062111801E-3,0
2026-04-14,1000000085,1000000108,2,322,6.211180124223602E-3,5.0E-1
2026-04-14,1000000085,1000000111,1,322,3.105590062111801E-3,0
2026-04-14,1000000085,1000000127,1,322,3.105590062111801E-3,0
2026-04-14,1000000085,1000000153,1,322,3.105590062111801E-3,1
2026-04-14,1000000086,1000000045,1,201,4.975124378109453E-3,6
2026-04-14,1000000086,1000000063,1,201,4.975124378109453E-3,60
2026-04-14,1000000086,1000000064,2,201,9.950248756218905E-3,12
2026-04-14,1000000086,1000000084,4,201,1.990049751243781E-2,21.25
2026-04-14,1000000086,1000000085,12,201,5.970149253731343E-2,12.416666666666666
2026-04-14,1000000086,1000000086,21,201,1.044776119402985E-1,11.19047619047619
2026-04-14,1000000086,1000000087,8,201,3.980099502487562E-2,12.125
2026-04-14,1000000086,1000000088,6,201,2.9850746268656716E-2,0
2026-04-14,1000000086,1000000089,2,201,9.950248756218905E-3,35
2026-04-14,1000000086,1000000090,1,201,4.975124378109453E-3,0
2026-04-14,1000000086,1000000113,1,201,4.975124378109453E-3,0
2026-04-14,1000000087,1000000033,1,456,2.1929824561403508E-3,22
2026-04-14,1000000087,1000000035,2,456,4.3859649122807015E-3,53.5
2026-04-14,1000000087,1000000043,2,456,4.3859649122807015E-3,1
2026-04-14,1000000087,1000000044,1,456,2.1929824561403508E-3,5
2026-04-14,1000000087,1000000064,6,456,1.3157894736842105E-2,34.666666666666664
2026-04-14,1000000087,1000000084,3,456,6.578947368421052E-3,9.333333333333334
2026-04-14,1000000087,1000000085,9,456,1.9736842105263157E-2,9.222222222222221
2026-04-14,1000000087,1000000086,7,456,1.5350877192982455E-2,9.714285714285714
2026-04-14,1000000087,1000000087,31,456,6.798245614035088E-2,16.06451612903226
2026-04-14,1000000087,1000000088,14,456,3.070175438596491E-2,9.857142857142858
2026-04-14,1000000087,1000000092,2,456,4.3859649122807015E-3,42
2026-04-14,1000000087,1000000093,4,456,8.771929824561403E-3,2.25
2026-04-14,1000000087,1000000094,1,456,2.1929824561403508E-3,0
2026-04-14,1000000087,1000000143,1,456,2.1929824561403508E-3,2
2026-04-14,1000000088,1000000035,1,355,2.8169014084507044E-3,75
2026-04-14,1000000088,1000000063,1,355,2.8169014084507044E-3,0
2026-04-14,1000000088,1000000064,8,355,2.2535211267605635E-2,25.625
2026-04-14,1000000088,1000000083,1,355,2.8169014084507044E-3,80
2026-04-14,1000000088,1000000084,1,355,2.8169014084507044E-3,52
2026-04-14,1000000088,1000000085,7,355,1.971830985915493E-2,0
2026-04-14,1000000088,1000000086,8,355,2.2535211267605635E-2,9.5
2026-04-14,1000000088,1000000087,10,355,2.8169014084507043E-2,4.1
2026-04-14,1000000088,1000000088,38,355,1.0704225352112676E-1,8.526315789473685
2026-04-14,1000000088,1000000089,2,355,5.633802816901409E-3,4.5
2026-04-14,1000000088,1000000090,1,355,2.8169014084507044E-3,0
2026-04-14,1000000088,1000000092,1,355,2.8169014084507044E-3,0
2026-04-14,1000000088,1000000094,2,355,5.633802816901409E-3,37
2026-04-14,1000000088,1000000112,2,355,5.633802816901409E-3,5.0E-1
2026-04-14,1000000088,1000000121,1,355,2.8169014084507044E-3,13
2026-04-14,1000000088,1000000142,2,355,5.633802816901409E-3,4.5
2026-04-14,1000000089,1000000033,1,51,1.96078431372549E-2,87
2026-04-14,1000000089,1000000086,1,51,1.96078431372549E-2,0
2026-04-14,1000000089,1000000087,3,51,5.8823529411764705E-2,3.333333333333333E-1
2026-04-14,1000000089,1000000088,3,51,5.8823529411764705E-2,27
2026-04-14,1000000089,1000000089,4,51,7.84313725490196E-2,8.75
2026-04-14,1000000089,1000000091,1,51,1.96078431372549E-2,0
2026-04-14,1000000089,1000000111,1,51,1.96078431372549E-2,32
2026-04-14,1000000089,1000000112,1,51,1.96078431372549E-2,0
2026-04-14,1000000090,1000000028,1,129,7.751937984496124E-3,12
2026-04-14,1000000090,1000000063,1,129,7.751937984496124E-3,0
2026-04-14,1000000090,1000000064,1,129,7.751937984496124E-3,76
2026-04-14,1000000090,1000000085,1,129,7.751937984496124E-3,0
2026-04-14,1000000090,1000000090,3,129,2.3255813953488372E-2,2
2026-04-14,1000000090,1000000091,1,129,7.751937984496124E-3,4
2026-04-14,1000000090,1000000092,1,129,7.751937984496124E-3,0
2026-04-14,1000000090,1000000093,1,129,7.751937984496124E-3,0
2026-04-14,1000000090,1000000094,1,129,7.751937984496124E-3,0
2026-04-14,1000000090,1000000111,1,129,7.751937984496124E-3,2
2026-04-14,1000000090,1000000112,1,129,7.751937984496124E-3,0
2026-04-14,1000000091,1000000028,1,182,5.494505494505495E-3,12
2026-04-14,1000000091,1000000035,1,182,5.494505494505495E-3,47
2026-04-14,1000000091,1000000045,3,182,1.6483516483516484E-2,2
2026-04-14,1000000091,1000000064,4,182,2.197802197802198E-2,13
2026-04-14,1000000091,1000000085,2,182,1.098901098901099E-2,38
2026-04-14,1000000091,1000000086,2,182,1.098901098901099E-2,14
2026-04-14,1000000091,1000000087,2,182,1.098901098901099E-2,24.5
2026-04-14,1000000091,1000000089,1,182,5.494505494505495E-3,0
2026-04-14,1000000091,1000000090,3,182,1.6483516483516484E-2,4.333333333333333
2026-04-14,1000000091,1000000091,11,182,6.043956043956044E-2,7.454545454545454
2026-04-14,1000000091,1000000092,2,182,1.098901098901099E-2,10
2026-04-14,1000000091,1000000093,2,182,1.098901098901099E-2,9
2026-04-14,1000000091,1000000094,2,182,1.098901098901099E-2,0
2026-04-14,1000000091,1000000111,1,182,5.494505494505495E-3,4
2026-04-14,1000000092,1000000028,1,153,6.535947712418301E-3,12
2026-04-14,1000000092,1000000064,4,153,2.6143790849673203E-2,12
2026-04-14,1000000092,1000000084,1,153,6.535947712418301E-3,0
2026-04-14,1000000092,1000000085,2,153,1.3071895424836602E-2,0
2026-04-14,1000000092,1000000087,2,153,1.3071895424836602E-2,1
2026-04-14,1000000092,1000000088,1,153,6.535947712418301E-3,0
2026-04-14,1000000092,1000000090,3,153,1.96078431372549E-2,1
2026-04-14,1000000092,1000000091,3,153,1.96078431372549E-2,9.333333333333334
2026-04-14,1000000092,1000000092,8,153,5.228758169934641E-2,8.875
2026-04-14,1000000092,1000000093,1,153,6.535947712418301E-3,6
2026-04-14,1000000092,1000000111,1,153,6.535947712418301E-3,0
2026-04-14,1000000093,1000000044,2,710,2.8169014084507044E-3,49.5
2026-04-14,1000000093,1000000045,2,710,2.8169014084507044E-3,8
2026-04-14,1000000093,1000000062,4,710,5.633802816901409E-3,50.75
2026-04-14,1000000093,1000000064,9,710,1.267605633802817E-2,9
2026-04-14,1000000093,1000000084,1,710,1.4084507042253522E-3,3
2026-04-14,1000000093,1000000085,2,710,2.8169014084507044E-3,0
2026-04-14,1000000093,1000000086,1,710,1.4084507042253522E-3,6
2026-04-14,1000000093,1000000087,5,710,7.042253521126761E-3,2.8
2026-04-14,1000000093,1000000088,1,710,1.4084507042253522E-3,62
2026-04-14,1000000093,1000000090,1,710,1.4084507042253522E-3,0
2026-04-14,1000000093,1000000091,2,710,2.8169014084507044E-3,0
2026-04-14,1000000093,1000000093,77,710,1.0845070422535211E-1,6.025974025974026
2026-04-14,1000000093,1000000094,3,710,4.225352112676056E-3,0
2026-04-14,1000000093,1000000108,6,710,8.450704225352112E-3,24.333333333333332
2026-04-14,1000000093,1000000110,2,710,2.8169014084507044E-3,0
2026-04-14,1000000093,1000000111,7,710,9.859154929577466E-3,7.142857142857143E-1
2026-04-14,1000000093,1000000112,2,710,2.8169014084507044E-3,2
2026-04-14,1000000093,1000000113,1,710,1.4084507042253522E-3,14
2026-04-14,1000000094,1000000035,1,188,5.319148936170213E-3,0
2026-04-14,1000000094,1000000044,1,188,5.319148936170213E-3,13
2026-04-14,1000000094,1000000064,1,188,5.319148936170213E-3,5
2026-04-14,1000000094,1000000084,1,188,5.319148936170213E-3,30
2026-04-14,1000000094,1000000086,1,188,5.319148936170213E-3,73
2026-04-14,1000000094,1000000088,1,188,5.319148936170213E-3,16
2026-04-14,1000000094,1000000089,1,188,5.319148936170213E-3,36
2026-04-14,1000000094,1000000090,1,188,5.319148936170213E-3,25
2026-04-14,1000000094,1000000091,2,188,1.0638297872340425E-2,2.5
2026-04-14,1000000094,1000000092,1,188,5.319148936170213E-3,18
2026-04-14,1000000094,1000000093,2,188,1.0638297872340425E-2,0
2026-04-14,1000000094,1000000094,17,188,9.042553191489362E-2,15.705882352941176
2026-04-14,1000000094,1000000108,3,188,1.5957446808510637E-2,4.333333333333333
2026-04-14,1000000094,1000000110,2,188,1.0638297872340425E-2,1
2026-04-14,1000000094,1000000111,4,188,2.127659574468085E-2,34.25
2026-04-14,1000000108,1000000035,1,247,4.048582995951417E-3,15
2026-04-14,1000000108,1000000042,1,247,4.048582995951417E-3,83
2026-04-14,1000000108,1000000043,1,247,4.048582995951417E-3,0
2026-04-14,1000000108,1000000044,1,247,4.048582995951417E-3,82
2026-04-14,1000000108,1000000045,3,247,1.2145748987854251E-2,0
2026-04-14,1000000108,1000000064,2,247,8.097165991902834E-3,43
2026-04-14,1000000108,1000000071,1,247,4.048582995951417E-3,12
2026-04-14,1000000108,1000000083,1,247,4.048582995951417E-3,0
2026-04-14,1000000108,1000000084,1,247,4.048582995951417E-3,0
2026-04-14,1000000108,1000000087,1,247,4.048582995951417E-3,0
2026-04-14,1000000108,1000000091,1,247,4.048582995951417E-3,0
2026-04-14,1000000108,1000000092,2,247,8.097165991902834E-3,21
2026-04-14,1000000108,1000000093,7,247,2.834008097165992E-2,9.142857142857142
2026-04-14,1000000108,1000000094,3,247,1.2145748987854251E-2,5.666666666666667
2026-04-14,1000000108,1000000108,24,247,9.716599190283401E-2,9.083333333333334
2026-04-14,1000000108,1000000111,1,247,4.048582995951417E-3,0
2026-04-14,1000000108,1000000112,2,247,8.097165991902834E-3,19
2026-04-14,1000000108,1000000127,1,247,4.048582995951417E-3,0
2026-04-14,1000000110,1000000027,1,72,1.3888888888888888E-2,39
2026-04-14,1000000110,1000000083,1,72,1.3888888888888888E-2,2
2026-04-14,1000000110,1000000093,1,72,1.3888888888888888E-2,0
2026-04-14,1000000110,1000000094,1,72,1.3888888888888888E-2,0
2026-04-14,1000000110,1000000108,1,72,1.3888888888888888E-2,0
2026-04-14,1000000110,1000000110,7,72,9.722222222222222E-2,5.857142857142857
2026-04-14,1000000110,1000000112,1,72,1.3888888888888888E-2,0
2026-04-14,1000000111,1000000045,1,340,2.9411764705882353E-3,14
2026-04-14,1000000111,1000000062,2,340,5.8823529411764705E-3,1.5
2026-04-14,1000000111,1000000064,8,340,2.3529411764705882E-2,16.5
2026-04-14,1000000111,1000000066,1,340,2.9411764705882353E-3,0
2026-04-14,1000000111,1000000085,1,340,2.9411764705882353E-3,0
2026-04-14,1000000111,1000000086,1,340,2.9411764705882353E-3,73
2026-04-14,1000000111,1000000087,1,340,2.9411764705882353E-3,3
2026-04-14,1000000111,1000000088,2,340,5.8823529411764705E-3,31
2026-04-14,1000000111,1000000091,2,340,5.8823529411764705E-3,15
2026-04-14,1000000111,1000000092,1,340,2.9411764705882353E-3,0
2026-04-14,1000000111,1000000093,10,340,2.9411764705882353E-2,10.1
2026-04-14,1000000111,1000000094,1,340,2.9411764705882353E-3,0
2026-04-14,1000000111,1000000108,1,340,2.9411764705882353E-3,0
2026-04-14,1000000111,1000000110,2,340,5.8823529411764705E-3,1
2026-04-14,1000000111,1000000111,34,340,1.0E-1,7.323529411764706
2026-04-14,1000000111,1000000112,1,340,2.9411764705882353E-3,0
2026-04-14,1000000111,1000000113,1,340,2.9411764705882353E-3,0
2026-04-14,1000000111,1000000156,1,340,2.9411764705882353E-3,41
2026-04-14,1000000112,1000000042,1,95,1.0526315789473684E-2,1
2026-04-14,1000000112,1000000043,1,95,1.0526315789473684E-2,66
2026-04-14,1000000112,1000000044,1,95,1.0526315789473684E-2,82
2026-04-14,1000000112,1000000045,1,95,1.0526315789473684E-2,0
2026-04-14,1000000112,1000000064,2,95,2.1052631578947368E-2,54.5
2026-04-14,1000000112,1000000072,1,95,1.0526315789473684E-2,1
2026-04-14,1000000112,1000000086,1,95,1.0526315789473684E-2,0
2026-04-14,1000000112,1000000088,2,95,2.1052631578947368E-2,2
2026-04-14,1000000112,1000000090,1,95,1.0526315789473684E-2,0
2026-04-14,1000000112,1000000093,1,95,1.0526315789473684E-2,0
2026-04-14,1000000112,1000000110,1,95,1.0526315789473684E-2,0
2026-04-14,1000000112,1000000112,3,95,3.1578947368421054E-2,0
2026-04-14,1000000113,1000000044,1,104,9.615384615384616E-3,0
2026-04-14,1000000113,1000000045,2,104,1.9230769230769232E-2,3
2026-04-14,1000000113,1000000063,2,104,1.9230769230769232E-2,3
2026-04-14,1000000113,1000000064,3,104,2.8846153846153848E-2,11.666666666666666
2026-04-14,1000000113,1000000085,1,104,9.615384615384616E-3,14
2026-04-14,1000000113,1000000111,2,104,1.9230769230769232E-2,5.0E-1
2026-04-14,1000000113,1000000113,8,104,7.692307692307693E-2,7.25
2026-04-14,1000000113,1000000127,1,104,9.615384615384616E-3,0
2026-04-14,1000000121,1000000035,1,184,5.434782608695652E-3,52
2026-04-14,1000000121,1000000042,2,184,1.0869565217391304E-2,39.5
2026-04-14,1000000121,1000000043,1,184,5.434782608695652E-3,16
2026-04-14,1000000121,1000000044,1,184,5.434782608695652E-3,13
2026-04-14,1000000121,1000000064,2,184,1.0869565217391304E-2,5.5
2026-04-14,1000000121,1000000070,1,184,5.434782608695652E-3,8
2026-04-14,1000000121,1000000086,2,184,1.0869565217391304E-2,35.5
2026-04-14,1000000121,1000000087,1,184,5.434782608695652E-3,0
2026-04-14,1000000121,1000000093,1,184,5.434782608695652E-3,24
2026-04-14,1000000121,1000000111,1,184,5.434782608695652E-3,6
2026-04-14,1000000121,1000000121,17,184,9.239130434782608E-2,8.588235294117647
2026-04-14,1000000127,1000000045,2,248,8.064516129032258E-3,0
2026-04-14,1000000127,1000000062,2,248,8.064516129032258E-3,0
2026-04-14,1000000127,1000000063,1,248,4.032258064516129E-3,0
2026-04-14,1000000127,1000000064,14,248,5.6451612903225805E-2,23
2026-04-14,1000000127,1000000084,1,248,4.032258064516129E-3,73
2026-04-14,1000000127,1000000086,2,248,8.064516129032258E-3,18
2026-04-14,1000000127,1000000088,1,248,4.032258064516129E-3,0
2026-04-14,1000000127,1000000090,1,248,4.032258064516129E-3,41
2026-04-14,1000000127,1000000091,1,248,4.032258064516129E-3,0
2026-04-14,1000000127,1000000093,1,248,4.032258064516129E-3,14
2026-04-14,1000000127,1000000108,1,248,4.032258064516129E-3,0
2026-04-14,1000000127,1000000111,1,248,4.032258064516129E-3,0
2026-04-14,1000000127,1000000113,1,248,4.032258064516129E-3,0
2026-04-14,1000000127,1000000127,2,248,8.064516129032258E-3,6
2026-04-14,1000000128,1000000027,1,61,1.639344262295082E-2,39
2026-04-14,1000000128,1000000042,1,61,1.639344262295082E-2,24
2026-04-14,1000000128,1000000043,1,61,1.639344262295082E-2,4
2026-04-14,1000000128,1000000045,1,61,1.639344262295082E-2,90
2026-04-14,1000000128,1000000064,1,61,1.639344262295082E-2,11
2026-04-14,1000000128,1000000087,1,61,1.639344262295082E-2,0
2026-04-14,1000000128,1000000093,1,61,1.639344262295082E-2,14
2026-04-14,1000000128,1000000111,1,61,1.639344262295082E-2,0
2026-04-14,1000000128,1000000143,1,61,1.639344262295082E-2,2
2026-04-14,1000000142,1000000035,2,37,5.405405405405406E-2,39
2026-04-14,1000000142,1000000043,1,37,2.702702702702703E-2,21
2026-04-14,1000000142,1000000045,1,37,2.702702702702703E-2,90
2026-04-14,1000000142,1000000064,1,37,2.702702702702703E-2,0
2026-04-14,1000000142,1000000088,1,37,2.702702702702703E-2,0
2026-04-14,1000000142,1000000108,1,37,2.702702702702703E-2,1
2026-04-14,1000000143,1000000042,2,26,7.692307692307693E-2,20.5
2026-04-14,1000000143,1000000043,1,26,3.8461538461538464E-2,22
2026-04-14,1000000143,1000000088,1,26,3.8461538461538464E-2,0
2026-04-14,1000000143,1000000091,1,26,3.8461538461538464E-2,1
2026-04-14,1000000153,1000000042,1,55,1.818181818181818E-2,0
2026-04-14,1000000153,1000000045,1,55,1.818181818181818E-2,0
2026-04-14,1000000153,1000000062,1,55,1.818181818181818E-2,0
2026-04-14,1000000153,1000000153,3,55,5.454545454545454E-2,29.333333333333332
2026-04-14,1000000153,1000000156,2,55,3.636363636363636E-2,7.5
2026-04-14,1000000154,1000000045,1,38,2.631578947368421E-2,51
2026-04-14,1000000154,1000000153,1,38,2.631578947368421E-2,28
2026-04-14,1000000154,1000000154,4,38,1.0526315789473684E-1,28
2026-04-14,1000000156,1000000042,1,70,1.4285714285714285E-2,0
2026-04-14,1000000156,1000000044,1,70,1.4285714285714285E-2,0
2026-04-14,1000000156,1000000064,1,70,1.4285714285714285E-2,63
2026-04-14,1000000156,1000000153,1,70,1.4285714285714285E-2,0
2026-04-14,1000000156,1000000156,10,70,1.4285714285714285E-1,18.7
2026-04-15,1000000027,1000000027,2,16,1.25E-1,63.5
2026-04-15,1000000027,1000000043,1,16,6.25E-2,30
2026-04-15,1000000027,1000000062,1,16,6.25E-2,0
2026-04-15,1000000028,1000000028,1,15,6.666666666666667E-2,11
2026-04-15,1000000028,1000000071,1,15,6.666666666666667E-2,17
2026-04-15,1000000033,1000000033,3,47,6.382978723404255E-2,40
2026-04-15,1000000033,1000000042,1,47,2.127659574468085E-2,0
2026-04-15,1000000033,1000000043,1,47,2.127659574468085E-2,54
2026-04-15,1000000033,1000000045,2,47,4.25531914893617E-2,3
2026-04-15,1000000033,1000000128,1,47,2.127659574468085E-2,32
2026-04-15,1000000035,1000000033,2,77,2.5974025974025976E-2,32.5
2026-04-15,1000000035,1000000035,1,77,1.2987012987012988E-2,19
2026-04-15,1000000035,1000000042,2,77,2.5974025974025976E-2,37
2026-04-15,1000000035,1000000043,1,77,1.2987012987012988E-2,0
2026-04-15,1000000035,1000000063,1,77,1.2987012987012988E-2,8
2026-04-15,1000000035,1000000064,1,77,1.2987012987012988E-2,28
2026-04-15,1000000035,1000000083,1,77,1.2987012987012988E-2,24
2026-04-15,1000000035,1000000084,1,77,1.2987012987012988E-2,18
2026-04-15,1000000035,1000000087,1,77,1.2987012987012988E-2,20
2026-04-15,1000000035,1000000089,1,77,1.2987012987012988E-2,9
2026-04-15,1000000035,1000000094,1,77,1.2987012987012988E-2,0
2026-04-15,1000000035,1000000121,2,77,2.5974025974025976E-2,36.5
2026-04-15,1000000035,1000000156,1,77,1.2987012987012988E-2,56
2026-04-15,1000000042,1000000027,2,189,1.0582010582010581E-2,19.5
2026-04-15,1000000042,1000000033,1,189,5.291005291005291E-3,0
2026-04-15,1000000042,1000000035,1,189,5.291005291005291E-3,78
2026-04-15,1000000042,1000000042,21,189,1.111111111111111E-1,30.428571428571427
2026-04-15,1000000042,1000000043,4,189,2.1164021164021163E-2,10.75
2026-04-15,1000000042,1000000044,1,189,5.291005291005291E-3,13
2026-04-15,1000000042,1000000045,4,189,2.1164021164021163E-2,31.5
2026-04-15,1000000042,1000000063,1,189,5.291005291005291E-3,1
2026-04-15,1000000042,1000000064,4,189,2.1164021164021163E-2,22
2026-04-15,1000000042,1000000065,1,189,5.291005291005291E-3,0
2026-04-15,1000000042,1000000084,1,189,5.291005291005291E-3,8
2026-04-15,1000000042,1000000087,1,189,5.291005291005291E-3,1
2026-04-15,1000000042,1000000088,1,189,5.291005291005291E-3,0
2026-04-15,1000000042,1000000121,3,189,1.5873015873015872E-2,16
2026-04-15,1000000042,1000000153,1,189,5.291005291005291E-3,0
2026-04-15,1000000043,1000000033,1,199,5.025125628140704E-3,33
2026-04-15,1000000043,1000000042,9,199,4.522613065326633E-2,20.555555555555557
2026-04-15,1000000043,1000000043,13,199,6.532663316582915E-2,19.23076923076923
2026-04-15,1000000043,1000000044,5,199,2.512562814070352E-2,9.8
2026-04-15,1000000043,1000000045,3,199,1.507537688442211E-2,2.3333333333333335
2026-04-15,1000000043,1000000062,1,199,5.025125628140704E-3,35
2026-04-15,1000000043,1000000064,2,199,1.0050251256281407E-2,31.5
2026-04-15,1000000043,1000000084,1,199,5.025125628140704E-3,73
2026-04-15,1000000043,1000000087,2,199,1.0050251256281407E-2,10.5
2026-04-15,1000000043,1000000108,2,199,1.0050251256281407E-2,1.5
2026-04-15,1000000043,1000000111,1,199,5.025125628140704E-3,29
2026-04-15,1000000043,1000000121,2,199,1.0050251256281407E-2,11
2026-04-15,1000000043,1000000153,1,199,5.025125628140704E-3,0
2026-04-15,1000000044,1000000027,1,143,6.993006993006993E-3,39
2026-04-15,1000000044,1000000033,1,143,6.993006993006993E-3,46
2026-04-15,1000000044,1000000042,7,143,4.895104895104895E-2,27.428571428571427
2026-04-15,1000000044,1000000043,3,143,2.097902097902098E-2,10.333333333333334
2026-04-15,1000000044,1000000044,4,143,2.7972027972027972E-2,21.5
2026-04-15,1000000044,1000000045,2,143,1.3986013986013986E-2,32.5
2026-04-15,1000000044,1000000062,1,143,6.993006993006993E-3,0
2026-04-15,1000000044,1000000070,1,143,6.993006993006993E-3,8
2026-04-15,1000000044,1000000084,1,143,6.993006993006993E-3,18
2026-04-15,1000000044,1000000085,1,143,6.993006993006993E-3,45
2026-04-15,1000000044,1000000088,1,143,6.993006993006993E-3,16
2026-04-15,1000000044,1000000113,1,143,6.993006993006993E-3,0
2026-04-15,1000000044,1000000121,2,143,1.3986013986013986E-2,21.5
2026-04-15,1000000044,1000000156,1,143,6.993006993006993E-3,0
2026-04-15,1000000045,1000000027,1,310,3.2258064516129032E-3,39
2026-04-15,1000000045,1000000033,2,310,6.4516129032258064E-3,23
2026-04-15,1000000045,1000000035,1,310,3.2258064516129032E-3,27
2026-04-15,1000000045,1000000042,10,310,3.225806451612903E-2,18.5
2026-04-15,1000000045,1000000043,5,310,1.6129032258064516E-2,6.8
2026-04-15,1000000045,1000000044,1,310,3.2258064516129032E-3,0
2026-04-15,1000000045,1000000045,19,310,6.129032258064516E-2,19.63157894736842
2026-04-15,1000000045,1000000063,2,310,6.4516129032258064E-3,18.5
2026-04-15,1000000045,1000000064,7,310,2.258064516129032E-2,21.857142857142858
2026-04-15,1000000045,1000000085,1,310,3.2258064516129032E-3,0
2026-04-15,1000000045,1000000086,1,310,3.2258064516129032E-3,56
2026-04-15,1000000045,1000000091,2,310,6.4516129032258064E-3,5.0E-1
2026-04-15,1000000045,1000000108,3,310,9.67741935483871E-3,18.666666666666668
2026-04-15,1000000045,1000000113,1,310,3.2258064516129032E-3,0
2026-04-15,1000000045,1000000121,2,310,6.4516129032258064E-3,6.5
2026-04-15,1000000045,1000000153,2,310,6.4516129032258064E-3,0
2026-04-15,1000000045,1000000156,2,310,6.4516129032258064E-3,21
2026-04-15,1000000062,1000000027,1,239,4.1841004184100415E-3,0
2026-04-15,1000000062,1000000028,1,239,4.1841004184100415E-3,7
2026-04-15,1000000062,1000000042,2,239,8.368200836820083E-3,51
2026-04-15,1000000062,1000000045,3,239,1.2552301255230125E-2,32
2026-04-15,1000000062,1000000062,7,239,2.9288702928870293E-2,12.285714285714286
2026-04-15,1000000062,1000000064,7,239,2.9288702928870293E-2,24.571428571428573
2026-04-15,1000000062,1000000065,1,239,4.1841004184100415E-3,12
2026-04-15,1000000062,1000000087,1,239,4.1841004184100415E-3,71
2026-04-15,1000000062,1000000093,1,239,4.1841004184100415E-3,22
2026-04-15,1000000062,1000000111,1,239,4.1841004184100415E-3,37
2026-04-15,1000000062,1000000121,1,239,4.1841004184100415E-3,1
2026-04-15,1000000062,1000000153,1,239,4.1841004184100415E-3,0
2026-04-15,1000000063,1000000042,4,296,1.3513513513513514E-2,39.75
2026-04-15,1000000063,1000000043,3,296,1.0135135135135136E-2,1.3333333333333333
2026-04-15,1000000063,1000000044,3,296,1.0135135135135136E-2,32
2026-04-15,1000000063,1000000045,1,296,3.3783783783783786E-3,6
2026-04-15,1000000063,1000000062,6,296,2.027027027027027E-2,17.333333333333332
2026-04-15,1000000063,1000000063,12,296,4.054054054054054E-2,20.166666666666668
2026-04-15,1000000063,1000000064,10,296,3.3783783783783786E-2,25.2
2026-04-15,1000000063,1000000069,1,296,3.3783783783783786E-3,9
2026-04-15,1000000063,1000000087,3,296,1.0135135135135136E-2,16
2026-04-15,1000000063,1000000088,1,296,3.3783783783783786E-3,0
2026-04-15,1000000063,1000000090,2,296,6.756756756756757E-3,20.5
2026-04-15,1000000063,1000000092,1,296,3.3783783783783786E-3,1
2026-04-15,1000000063,1000000093,2,296,6.756756756756757E-3,48.5
2026-04-15,1000000063,1000000108,2,296,6.756756756756757E-3,28
2026-04-15,1000000063,1000000127,1,296,3.3783783783783786E-3,0
2026-04-15,1000000064,1000000033,1,1666,6.002400960384153E-4,0
2026-04-15,1000000064,1000000035,1,1666,6.002400960384153E-4,46
2026-04-15,1000000064,1000000042,13,1666,7.8031212484993995E-3,18.23076923076923
2026-04-15,1000000064,1000000043,9,1666,5.402160864345739E-3,17
2026-04-15,1000000064,1000000044,5,1666,3.001200480192077E-3,16
2026-04-15,1000000064,1000000045,6,1666,3.601440576230492E-3,21.333333333333332
2026-04-15,1000000064,1000000062,3,1666,1.800720288115246E-3,23.333333333333332
2026-04-15,1000000064,1000000063,9,1666,5.402160864345739E-3,20.444444444444443
2026-04-15,1000000064,1000000064,138,1666,8.283313325330131E-2,14.594202898550725
2026-04-15,1000000064,1000000069,1,1666,6.002400960384153E-4,0
2026-04-15,1000000064,1000000083,1,1666,6.002400960384153E-4,0
2026-04-15,1000000064,1000000084,3,1666,1.800720288115246E-3,47.666666666666664
2026-04-15,1000000064,1000000085,4,1666,2.4009603841536613E-3,17.5
2026-04-15,1000000064,1000000086,2,1666,1.2004801920768306E-3,48.5
2026-04-15,1000000064,1000000088,4,1666,2.4009603841536613E-3,11.25
2026-04-15,1000000064,1000000090,1,1666,6.002400960384153E-4,3
2026-04-15,1000000064,1000000091,5,1666,3.001200480192077E-3,7.8
2026-04-15,1000000064,1000000092,2,1666,1.2004801920768306E-3,24.5
2026-04-15,1000000064,1000000093,8,1666,4.801920768307323E-3,9.625
2026-04-15,1000000064,1000000094,2,1666,1.2004801920768306E-3,15
2026-04-15,1000000064,1000000108,2,1666,1.2004801920768306E-3,0
2026-04-15,1000000064,1000000111,2,1666,1.2004801920768306E-3,10
2026-04-15,1000000064,1000000113,2,1666,1.2004801920768306E-3,5.0E-1
2026-04-15,1000000064,1000000121,2,1666,1.2004801920768306E-3,6.5
2026-04-15,1000000064,1000000127,3,1666,1.800720288115246E-3,0
2026-04-15,1000000064,1000000128,1,1666,6.002400960384153E-4,24
2026-04-15,1000000064,1000000142,2,1666,1.2004801920768306E-3,2
2026-04-15,1000000064,1000000153,2,1666,1.2004801920768306E-3,0
2026-04-15,1000000064,1000000156,3,1666,1.800720288115246E-3,32.666666666666664
2026-04-15,1000000065,1000000027,1,49,2.040816326530612E-2,39
2026-04-15,1000000065,1000000035,1,49,2.040816326530612E-2,19
2026-04-15,1000000065,1000000042,2,49,4.081632653061224E-2,8
2026-04-15,1000000065,1000000043,2,49,4.081632653061224E-2,11
2026-04-15,1000000065,1000000045,1,49,2.040816326530612E-2,90
2026-04-15,1000000065,1000000065,1,49,2.040816326530612E-2,20
2026-04-15,1000000065,1000000111,1,49,2.040816326530612E-2,6
2026-04-15,1000000066,1000000042,1,89,1.1235955056179775E-2,24
2026-04-15,1000000066,1000000043,3,89,3.3707865168539325E-2,45.666666666666664
2026-04-15,1000000066,1000000044,3,89,3.3707865168539325E-2,6.666666666666667
2026-04-15,1000000066,1000000062,1,89,1.1235955056179775E-2,43
2026-04-15,1000000066,1000000063,1,89,1.1235955056179775E-2,23
2026-04-15,1000000066,1000000064,2,89,2.247191011235955E-2,5.5
2026-04-15,1000000066,1000000065,1,89,1.1235955056179775E-2,20
2026-04-15,1000000066,1000000066,1,89,1.1235955056179775E-2,0
2026-04-15,1000000066,1000000084,1,89,1.1235955056179775E-2,18
2026-04-15,1000000066,1000000087,1,89,1.1235955056179775E-2,1
2026-04-15,1000000066,1000000111,1,89,1.1235955056179775E-2,0
2026-04-15,1000000069,1000000028,1,102,9.80392156862745E-3,12
2026-04-15,1000000069,1000000042,2,102,1.96078431372549E-2,20
2026-04-15,1000000069,1000000043,1,102,9.80392156862745E-3,0
2026-04-15,1000000069,1000000044,1,102,9.80392156862745E-3,36
2026-04-15,1000000069,1000000045,1,102,9.80392156862745E-3,15
2026-04-15,1000000069,1000000063,1,102,9.80392156862745E-3,35
2026-04-15,1000000069,1000000064,2,102,1.96078431372549E-2,41
2026-04-15,1000000069,1000000086,1,102,9.80392156862745E-3,0
2026-04-15,1000000069,1000000091,1,102,9.80392156862745E-3,0
2026-04-15,1000000069,1000000121,1,102,9.80392156862745E-3,12
2026-04-15,1000000069,1000000154,1,102,9.80392156862745E-3,36
2026-04-15,1000000070,1000000044,1,23,4.3478260869565216E-2,20
2026-04-15,1000000070,1000000062,1,23,4.3478260869565216E-2,53
2026-04-15,1000000070,1000000064,1,23,4.3478260869565216E-2,4
2026-04-15,1000000070,1000000070,1,23,4.3478260869565216E-2,8
2026-04-15,1000000071,1000000042,1,37,2.702702702702703E-2,9
2026-04-15,1000000071,1000000043,1,37,2.702702702702703E-2,21
2026-04-15,1000000071,1000000064,1,37,2.702702702702703E-2,33
2026-04-15,1000000071,1000000065,1,37,2.702702702702703E-2,12
2026-04-15,1000000071,1000000108,1,37,2.702702702702703E-2,0
2026-04-15,1000000071,1000000121,1,37,2.702702702702703E-2,21
2026-04-15,1000000072,1000000062,1,13,7.692307692307693E-2,11
2026-04-15,1000000072,1000000064,1,13,7.692307692307693E-2,8
2026-04-15,1000000083,1000000028,1,78,1.282051282051282E-2,18
2026-04-15,1000000083,1000000035,1,78,1.282051282051282E-2,19
2026-04-15,1000000083,1000000042,4,78,5.128205128205128E-2,26
2026-04-15,1000000083,1000000044,1,78,1.282051282051282E-2,13
2026-04-15,1000000083,1000000045,1,78,1.282051282051282E-2,0
2026-04-15,1000000083,1000000064,3,78,3.8461538461538464E-2,26.333333333333332
2026-04-15,1000000083,1000000069,1,78,1.282051282051282E-2,9
2026-04-15,1000000083,1000000083,1,78,1.282051282051282E-2,43
2026-04-15,1000000083,1000000087,1,78,1.282051282051282E-2,20
2026-04-15,1000000083,1000000094,1,78,1.282051282051282E-2,0
2026-04-15,1000000083,1000000108,1,78,1.282051282051282E-2,0
2026-04-15,1000000083,1000000121,1,78,1.282051282051282E-2,1
2026-04-15,1000000083,1000000127,1,78,1.282051282051282E-2,0
2026-04-15,1000000084,1000000044,1,147,6.802721088435374E-3,17
2026-04-15,1000000084,1000000064,2,147,1.3605442176870748E-2,25.5
2026-04-15,1000000084,1000000083,1,147,6.802721088435374E-3,1
2026-04-15,1000000084,1000000084,4,147,2.7210884353741496E-2,2.5
2026-04-15,1000000084,1000000087,1,147,6.802721088435374E-3,0
2026-04-15,1000000084,1000000088,2,147,1.3605442176870748E-2,3.5
2026-04-15,1000000084,1000000092,1,147,6.802721088435374E-3,0
2026-04-15,1000000084,1000000093,2,147,1.3605442176870748E-2,41
2026-04-15,1000000084,1000000108,2,147,1.3605442176870748E-2,0
2026-04-15,1000000084,1000000110,2,147,1.3605442176870748E-2,1
2026-04-15,1000000085,1000000033,1,324,3.0864197530864196E-3,4
2026-04-15,1000000085,1000000035,1,324,3.0864197530864196E-3,47
2026-04-15,1000000085,1000000042,1,324,3.0864197530864196E-3,27
2026-04-15,1000000085,1000000045,2,324,6.172839506172839E-3,0
2026-04-15,1000000085,1000000064,2,324,6.172839506172839E-3,0
2026-04-15,1000000085,1000000084,4,324,1.2345679012345678E-2,23.5
2026-04-15,1000000085,1000000085,18,324,5.555555555555555E-2,9.444444444444445
2026-04-15,1000000085,1000000086,9,324,2.7777777777777776E-2,7.777777777777778
2026-04-15,1000000085,1000000087,7,324,2.1604938271604937E-2,4.142857142857143
2026-04-15,1000000085,1000000088,8,324,2.4691358024691357E-2,6.25E-1
2026-04-15,1000000085,1000000089,1,324,3.0864197530864196E-3,36
2026-04-15,1000000085,1000000090,2,324,6.172839506172839E-3,1.5
2026-04-15,1000000085,1000000091,2,324,6.172839506172839E-3,33.5
2026-04-15,1000000085,1000000092,3,324,9.259259259259259E-3,3.333333333333333E-1
2026-04-15,1000000085,1000000093,1,324,3.0864197530864196E-3,0
2026-04-15,1000000085,1000000108,2,324,6.172839506172839E-3,5.0E-1
2026-04-15,1000000085,1000000111,1,324,3.0864197530864196E-3,0
2026-04-15,1000000085,1000000127,1,324,3.0864197530864196E-3,0
2026-04-15,1000000085,1000000153,1,324,3.0864197530864196E-3,1
2026-04-15,1000000086,1000000045,1,199,5.025125628140704E-3,6
2026-04-15,1000000086,1000000063,1,199,5.025125628140704E-3,60
2026-04-15,1000000086,1000000064,2,199,1.0050251256281407E-2,12
2026-04-15,1000000086,1000000084,4,199,2.0100502512562814E-2,21.25
2026-04-15,1000000086,1000000085,12,199,6.030150753768844E-2,12.916666666666666
2026-04-15,1000000086,1000000086,21,199,1.0552763819095477E-1,11.19047619047619
2026-04-15,1000000086,1000000087,8,199,4.020100502512563E-2,12.125
2026-04-15,1000000086,1000000088,6,199,3.015075376884422E-2,0
2026-04-15,1000000086,1000000089,2,199,1.0050251256281407E-2,35
2026-04-15,1000000086,1000000090,1,199,5.025125628140704E-3,0
2026-04-15,1000000086,1000000113,1,199,5.025125628140704E-3,0
2026-04-15,1000000087,1000000033,1,457,2.188183807439825E-3,22
2026-04-15,1000000087,1000000035,2,457,4.37636761487965E-3,53.5
2026-04-15,1000000087,1000000043,2,457,4.37636761487965E-3,1
2026-04-15,1000000087,1000000044,1,457,2.188183807439825E-3,5
2026-04-15,1000000087,1000000064,6,457,1.312910284463895E-2,34.666666666666664
2026-04-15,1000000087,1000000084,3,457,6.564551422319475E-3,9.333333333333334
2026-04-15,1000000087,1000000085,9,457,1.9693654266958426E-2,9.222222222222221
2026-04-15,1000000087,1000000086,7,457,1.5317286652078774E-2,9.714285714285714
2026-04-15,1000000087,1000000087,31,457,6.783369803063458E-2,16.06451612903226
2026-04-15,1000000087,1000000088,14,457,3.0634573304157548E-2,9.857142857142858
2026-04-15,1000000087,1000000092,2,457,4.37636761487965E-3,42
2026-04-15,1000000087,1000000093,3,457,6.564551422319475E-3,3
2026-04-15,1000000087,1000000094,1,457,2.188183807439825E-3,0
2026-04-15,1000000087,1000000143,1,457,2.188183807439825E-3,2
2026-04-15,1000000088,1000000035,1,355,2.8169014084507044E-3,75
2026-04-15,1000000088,1000000063,1,355,2.8169014084507044E-3,0
2026-04-15,1000000088,1000000064,8,355,2.2535211267605635E-2,25.625
2026-04-15,1000000088,1000000083,1,355,2.8169014084507044E-3,80
2026-04-15,1000000088,1000000084,1,355,2.8169014084507044E-3,52
2026-04-15,1000000088,1000000085,7,355,1.971830985915493E-2,0
2026-04-15,1000000088,1000000086,8,355,2.2535211267605635E-2,9.5
2026-04-15,1000000088,1000000087,10,355,2.8169014084507043E-2,4.1
2026-04-15,1000000088,1000000088,38,355,1.0704225352112676E-1,8.526315789473685
2026-04-15,1000000088,1000000089,2,355,5.633802816901409E-3,4.5
2026-04-15,1000000088,1000000090,1,355,2.8169014084507044E-3,0
2026-04-15,1000000088,1000000092,1,355,2.8169014084507044E-3,0
2026-04-15,1000000088,1000000094,2,355,5.633802816901409E-3,37
2026-04-15,1000000088,1000000112,2,355,5.633802816901409E-3,5.0E-1
2026-04-15,1000000088,1000000121,1,355,2.8169014084507044E-3,13
2026-04-15,1000000088,1000000142,2,355,5.633802816901409E-3,4.5
2026-04-15,1000000089,1000000033,1,51,1.96078431372549E-2,87
2026-04-15,1000000089,1000000086,1,51,1.96078431372549E-2,0
2026-04-15,1000000089,1000000087,3,51,5.8823529411764705E-2,3.333333333333333E-1
2026-04-15,1000000089,1000000088,3,51,5.8823529411764705E-2,27
2026-04-15,1000000089,1000000089,4,51,7.84313725490196E-2,8.75
2026-04-15,1000000089,1000000091,1,51,1.96078431372549E-2,0
2026-04-15,1000000089,1000000111,1,51,1.96078431372549E-2,32
2026-04-15,1000000089,1000000112,1,51,1.96078431372549E-2,0
2026-04-15,1000000090,1000000028,1,127,7.874015748031496E-3,12
2026-04-15,1000000090,1000000063,1,127,7.874015748031496E-3,0
2026-04-15,1000000090,1000000064,1,127,7.874015748031496E-3,76
2026-04-15,1000000090,1000000085,1,127,7.874015748031496E-3,0
2026-04-15,1000000090,1000000090,3,127,2.3622047244094488E-2,2
2026-04-15,1000000090,1000000091,1,127,7.874015748031496E-3,4
2026-04-15,1000000090,1000000092,1,127,7.874015748031496E-3,0
2026-04-15,1000000090,1000000093,1,127,7.874015748031496E-3,0
2026-04-15,1000000090,1000000094,1,127,7.874015748031496E-3,0
2026-04-15,1000000090,1000000111,1,127,7.874015748031496E-3,2
2026-04-15,1000000091,1000000028,1,181,5.5248618784530384E-3,12
2026-04-15,1000000091,1000000035,1,181,5.5248618784530384E-3,47
2026-04-15,1000000091,1000000045,3,181,1.6574585635359115E-2,2
2026-04-15,1000000091,1000000064,4,181,2.2099447513812154E-2,13
2026-04-15,1000000091,1000000085,2,181,1.1049723756906077E-2,38
2026-04-15,1000000091,1000000086,2,181,1.1049723756906077E-2,14
2026-04-15,1000000091,1000000087,2,181,1.1049723756906077E-2,24.5
2026-04-15,1000000091,1000000089,1,181,5.5248618784530384E-3,0
2026-04-15,1000000091,1000000090,3,181,1.6574585635359115E-2,4.333333333333333
2026-04-15,1000000091,1000000091,11,181,6.077348066298342E-2,7.454545454545454
2026-04-15,1000000091,1000000092,2,181,1.1049723756906077E-2,10
2026-04-15,1000000091,1000000093,2,181,1.1049723756906077E-2,9
2026-04-15,1000000091,1000000094,2,181,1.1049723756906077E-2,0
2026-04-15,1000000091,1000000111,1,181,5.5248618784530384E-3,4
2026-04-15,1000000092,1000000028,1,151,6.622516556291391E-3,12
2026-04-15,1000000092,1000000064,4,151,2.6490066225165563E-2,12
2026-04-15,1000000092,1000000084,1,151,6.622516556291391E-3,0
2026-04-15,1000000092,1000000085,2,151,1.3245033112582781E-2,0
2026-04-15,1000000092,1000000087,2,151,1.3245033112582781E-2,1
2026-04-15,1000000092,1000000088,1,151,6.622516556291391E-3,0
2026-04-15,1000000092,1000000090,3,151,1.9867549668874173E-2,1
2026-04-15,1000000092,1000000091,3,151,1.9867549668874173E-2,9.333333333333334
2026-04-15,1000000092,1000000092,8,151,5.2980132450331126E-2,8.875
2026-04-15,1000000092,1000000093,1,151,6.622516556291391E-3,6
2026-04-15,1000000092,1000000111,1,151,6.622516556291391E-3,0
2026-04-15,1000000093,1000000044,2,712,2.8089887640449437E-3,49.5
2026-04-15,1000000093,1000000045,2,712,2.8089887640449437E-3,8
2026-04-15,1000000093,1000000062,4,712,5.6179775280898875E-3,50.75
2026-04-15,1000000093,1000000064,9,712,1.2640449438202247E-2,9
2026-04-15,1000000093,1000000084,1,712,1.4044943820224719E-3,3
2026-04-15,1000000093,1000000085,2,712,2.8089887640449437E-3,0
2026-04-15,1000000093,1000000086,1,712,1.4044943820224719E-3,6
2026-04-15,1000000093,1000000087,4,712,5.6179775280898875E-3,3.5
2026-04-15,1000000093,1000000088,1,712,1.4044943820224719E-3,62
2026-04-15,1000000093,1000000090,1,712,1.4044943820224719E-3,0
2026-04-15,1000000093,1000000091,2,712,2.8089887640449437E-3,0
2026-04-15,1000000093,1000000093,77,712,1.0814606741573034E-1,6.025974025974026
2026-04-15,1000000093,1000000094,3,712,4.213483146067416E-3,0
2026-04-15,1000000093,1000000108,6,712,8.426966292134831E-3,24.333333333333332
2026-04-15,1000000093,1000000110,2,712,2.8089887640449437E-3,0
2026-04-15,1000000093,1000000111,7,712,9.831460674157303E-3,7.142857142857143E-1
2026-04-15,1000000093,1000000112,2,712,2.8089887640449437E-3,2
2026-04-15,1000000093,1000000113,1,712,1.4044943820224719E-3,14
2026-04-15,1000000094,1000000035,1,186,5.376344086021506E-3,0
2026-04-15,1000000094,1000000044,1,186,5.376344086021506E-3,13
2026-04-15,1000000094,1000000064,1,186,5.376344086021506E-3,5
2026-04-15,1000000094,1000000084,1,186,5.376344086021506E-3,30
2026-04-15,1000000094,1000000086,1,186,5.376344086021506E-3,73
2026-04-15,1000000094,1000000088,1,186,5.376344086021506E-3,16
2026-04-15,1000000094,1000000089,1,186,5.376344086021506E-3,36
2026-04-15,1000000094,1000000090,1,186,5.376344086021506E-3,25
2026-04-15,1000000094,1000000091,2,186,1.0752688172043012E-2,2.5
2026-04-15,1000000094,1000000092,1,186,5.376344086021506E-3,18
2026-04-15,1000000094,1000000093,2,186,1.0752688172043012E-2,0
2026-04-15,1000000094,1000000094,17,186,9.13978494623656E-2,15.705882352941176
2026-04-15,1000000094,1000000108,3,186,1.6129032258064516E-2,4.333333333333333
2026-04-15,1000000094,1000000110,2,186,1.0752688172043012E-2,1
2026-04-15,1000000094,1000000111,4,186,2.1505376344086023E-2,34.25
2026-04-15,1000000108,1000000035,1,246,4.0650406504065045E-3,15
2026-04-15,1000000108,1000000042,1,246,4.0650406504065045E-3,83
2026-04-15,1000000108,1000000043,1,246,4.0650406504065045E-3,0
2026-04-15,1000000108,1000000044,1,246,4.0650406504065045E-3,82
2026-04-15,1000000108,1000000045,3,246,1.2195121951219513E-2,0
2026-04-15,1000000108,1000000064,2,246,8.130081300813009E-3,43
2026-04-15,1000000108,1000000071,1,246,4.0650406504065045E-3,12
2026-04-15,1000000108,1000000083,1,246,4.0650406504065045E-3,0
2026-04-15,1000000108,1000000084,1,246,4.0650406504065045E-3,0
2026-04-15,1000000108,1000000087,1,246,4.0650406504065045E-3,0
2026-04-15,1000000108,1000000091,1,246,4.0650406504065045E-3,0
2026-04-15,1000000108,1000000092,2,246,8.130081300813009E-3,21
2026-04-15,1000000108,1000000093,7,246,2.8455284552845527E-2,9.142857142857142
2026-04-15,1000000108,1000000094,3,246,1.2195121951219513E-2,5.666666666666667
2026-04-15,1000000108,1000000108,24,246,9.75609756097561E-2,9.083333333333334
2026-04-15,1000000108,1000000111,1,246,4.0650406504065045E-3,0
2026-04-15,1000000108,1000000112,1,246,4.0650406504065045E-3,38
2026-04-15,1000000108,1000000127,1,246,4.0650406504065045E-3,0
2026-04-15,1000000110,1000000027,1,73,1.36986301369863E-2,39
2026-04-15,1000000110,1000000083,1,73,1.36986301369863E-2,2
2026-04-15,1000000110,1000000093,1,73,1.36986301369863E-2,0
2026-04-15,1000000110,1000000094,1,73,1.36986301369863E-2,0
2026-04-15,1000000110,1000000108,1,73,1.36986301369863E-2,0
2026-04-15,1000000110,1000000110,7,73,9.58904109589041E-2,5.857142857142857
2026-04-15,1000000110,1000000112,1,73,1.36986301369863E-2,0
2026-04-15,1000000111,1000000045,1,340,2.9411764705882353E-3,14
2026-04-15,1000000111,1000000062,2,340,5.8823529411764705E-3,1.5
2026-04-15,1000000111,1000000064,8,340,2.3529411764705882E-2,16.5
2026-04-15,1000000111,1000000066,1,340,2.9411764705882353E-3,0
2026-04-15,1000000111,1000000085,1,340,2.9411764705882353E-3,0
2026-04-15,1000000111,1000000086,1,340,2.9411764705882353E-3,73
2026-04-15,1000000111,1000000087,1,340,2.9411764705882353E-3,3
2026-04-15,1000000111,1000000088,2,340,5.8823529411764705E-3,31
2026-04-15,1000000111,1000000091,2,340,5.8823529411764705E-3,15
2026-04-15,1000000111,1000000092,1,340,2.9411764705882353E-3,0
2026-04-15,1000000111,1000000093,10,340,2.9411764705882353E-2,10.1
2026-04-15,1000000111,1000000094,1,340,2.9411764705882353E-3,0
2026-04-15,1000000111,1000000108,1,340,2.9411764705882353E-3,0
2026-04-15,1000000111,1000000110,2,340,5.8823529411764705E-3,1
2026-04-15,1000000111,1000000111,34,340,1.0E-1,7.323529411764706
2026-04-15,1000000111,1000000112,1,340,2.9411764705882353E-3,0
2026-04-15,1000000111,1000000113,1,340,2.9411764705882353E-3,0
2026-04-15,1000000111,1000000156,1,340,2.9411764705882353E-3,41
2026-04-15,1000000112,1000000042,1,93,1.0752688172043012E-2,1
2026-04-15,1000000112,1000000043,1,93,1.0752688172043012E-2,66
2026-04-15,1000000112,1000000044,1,93,1.0752688172043012E-2,82
2026-04-15,1000000112,1000000045,1,93,1.0752688172043012E-2,0
2026-04-15,1000000112,1000000064,2,93,2.1505376344086023E-2,54.5
2026-04-15,1000000112,1000000072,1,93,1.0752688172043012E-2,1
2026-04-15,1000000112,1000000086,1,93,1.0752688172043012E-2,0
2026-04-15,1000000112,1000000088,2,93,2.1505376344086023E-2,2
2026-04-15,1000000112,1000000093,1,93,1.0752688172043012E-2,0
2026-04-15,1000000112,1000000110,1,93,1.0752688172043012E-2,0
2026-04-15,1000000112,1000000112,3,93,3.225806451612903E-2,0
2026-04-15,1000000113,1000000044,1,104,9.615384615384616E-3,0
2026-04-15,1000000113,1000000045,2,104,1.9230769230769232E-2,3
2026-04-15,1000000113,1000000063,2,104,1.9230769230769232E-2,3
2026-04-15,1000000113,1000000064,3,104,2.8846153846153848E-2,11.666666666666666
2026-04-15,1000000113,1000000085,1,104,9.615384615384616E-3,14
2026-04-15,1000000113,1000000111,2,104,1.9230769230769232E-2,5.0E-1
2026-04-15,1000000113,1000000113,8,104,7.692307692307693E-2,7.25
2026-04-15,1000000113,1000000127,1,104,9.615384615384616E-3,0
2026-04-15,1000000121,1000000035,1,184,5.434782608695652E-3,52
2026-04-15,1000000121,1000000042,2,184,1.0869565217391304E-2,39.5
2026-04-15,1000000121,1000000043,1,184,5.434782608695652E-3,16
2026-04-15,1000000121,1000000044,1,184,5.434782608695652E-3,13
2026-04-15,1000000121,1000000064,2,184,1.0869565217391304E-2,5.5
2026-04-15,1000000121,1000000070,1,184,5.434782608695652E-3,8
2026-04-15,1000000121,1000000086,2,184,1.0869565217391304E-2,35.5
2026-04-15,1000000121,1000000087,1,184,5.434782608695652E-3,0
2026-04-15,1000000121,1000000093,1,184,5.434782608695652E-3,24
2026-04-15,1000000121,1000000111,1,184,5.434782608695652E-3,6
2026-04-15,1000000121,1000000121,17,184,9.239130434782608E-2,8.588235294117647
2026-04-15,1000000127,1000000045,2,248,8.064516129032258E-3,0
2026-04-15,1000000127,1000000062,2,248,8.064516129032258E-3,0
2026-04-15,1000000127,1000000063,1,248,4.032258064516129E-3,0
2026-04-15,1000000127,1000000064,14,248,5.6451612903225805E-2,23
2026-04-15,1000000127,1000000084,1,248,4.032258064516129E-3,73
2026-04-15,1000000127,1000000086,2,248,8.064516129032258E-3,18
2026-04-15,1000000127,1000000088,1,248,4.032258064516129E-3,0
2026-04-15,1000000127,1000000090,1,248,4.032258064516129E-3,41
2026-04-15,1000000127,1000000091,1,248,4.032258064516129E-3,0
2026-04-15,1000000127,1000000093,1,248,4.032258064516129E-3,14
2026-04-15,1000000127,1000000108,1,248,4.032258064516129E-3,0
2026-04-15,1000000127,1000000111,1,248,4.032258064516129E-3,0
2026-04-15,1000000127,1000000113,1,248,4.032258064516129E-3,0
2026-04-15,1000000127,1000000127,2,248,8.064516129032258E-3,6
2026-04-15,1000000128,1000000027,1,62,1.6129032258064516E-2,39
2026-04-15,1000000128,1000000042,1,62,1.6129032258064516E-2,24
2026-04-15,1000000128,1000000043,1,62,1.6129032258064516E-2,4
2026-04-15,1000000128,1000000045,1,62,1.6129032258064516E-2,90
2026-04-15,1000000128,1000000064,1,62,1.6129032258064516E-2,11
2026-04-15,1000000128,1000000087,1,62,1.6129032258064516E-2,0
2026-04-15,1000000128,1000000093,1,62,1.6129032258064516E-2,14
2026-04-15,1000000128,1000000111,1,62,1.6129032258064516E-2,0
2026-04-15,1000000128,1000000143,1,62,1.6129032258064516E-2,2
2026-04-15,1000000142,1000000035,2,37,5.405405405405406E-2,39
2026-04-15,1000000142,1000000043,1,37,2.702702702702703E-2,21
2026-04-15,1000000142,1000000045,1,37,2.702702702702703E-2,90
2026-04-15,1000000142,1000000064,1,37,2.702702702702703E-2,0
2026-04-15,1000000142,1000000088,1,37,2.702702702702703E-2,0
2026-04-15,1000000142,1000000108,1,37,2.702702702702703E-2,1
2026-04-15,1000000143,1000000042,2,26,7.692307692307693E-2,20.5
2026-04-15,1000000143,1000000043,1,26,3.8461538461538464E-2,22
2026-04-15,1000000143,1000000088,1,26,3.8461538461538464E-2,0
2026-04-15,1000000143,1000000091,1,26,3.8461538461538464E-2,1
2026-04-15,1000000153,1000000042,1,55,1.818181818181818E-2,0
2026-04-15,1000000153,1000000045,1,55,1.818181818181818E-2,0
2026-04-15,1000000153,1000000062,1,55,1.818181818181818E-2,0
2026-04-15,1000000153,1000000153,3,55,5.454545454545454E-2,29.333333333333332
2026-04-15,1000000153,1000000156,2,55,3.636363636363636E-2,7.5
2026-04-15,1000000154,1000000045,1,38,2.631578947368421E-2,51
2026-04-15,1000000154,1000000153,1,38,2.631578947368421E-2,28
2026-04-15,1000000154,1000000154,4,38,1.0526315789473684E-1,28
2026-04-15,1000000156,1000000042,1,71,1.4084507042253521E-2,0
2026-04-15,1000000156,1000000044,1,71,1.4084507042253521E-2,0
2026-04-15,1000000156,1000000064,1,71,1.4084507042253521E-2,63
2026-04-15,1000000156,1000000153,1,71,1.4084507042253521E-2,0
2026-04-15,1000000156,1000000156,10,71,1.4084507042253522E-1,18.7
2026-04-16,1000000027,1000000027,2,16,1.25E-1,63.5
2026-04-16,1000000027,1000000043,1,16,6.25E-2,30
2026-04-16,1000000027,1000000062,1,16,6.25E-2,0
2026-04-16,1000000028,1000000028,1,15,6.666666666666667E-2,11
2026-04-16,1000000028,1000000071,1,15,6.666666666666667E-2,17
2026-04-16,1000000033,1000000033,3,47,6.382978723404255E-2,40
2026-04-16,1000000033,1000000042,1,47,2.127659574468085E-2,0
2026-04-16,1000000033,1000000043,1,47,2.127659574468085E-2,54
2026-04-16,1000000033,1000000045,2,47,4.25531914893617E-2,3
2026-04-16,1000000033,1000000128,1,47,2.127659574468085E-2,32
2026-04-16,1000000035,1000000033,2,77,2.5974025974025976E-2,32.5
2026-04-16,1000000035,1000000035,1,77,1.2987012987012988E-2,19
2026-04-16,1000000035,1000000042,2,77,2.5974025974025976E-2,37
2026-04-16,1000000035,1000000043,1,77,1.2987012987012988E-2,0
2026-04-16,1000000035,1000000063,1,77,1.2987012987012988E-2,8
2026-04-16,1000000035,1000000064,1,77,1.2987012987012988E-2,28
2026-04-16,1000000035,1000000083,1,77,1.2987012987012988E-2,24
2026-04-16,1000000035,1000000084,1,77,1.2987012987012988E-2,18
2026-04-16,1000000035,1000000087,1,77,1.2987012987012988E-2,20
2026-04-16,1000000035,1000000089,1,77,1.2987012987012988E-2,9
2026-04-16,1000000035,1000000094,1,77,1.2987012987012988E-2,0
2026-04-16,1000000035,1000000121,2,77,2.5974025974025976E-2,36.5
2026-04-16,1000000035,1000000156,1,77,1.2987012987012988E-2,56
2026-04-16,1000000042,1000000027,2,190,1.0526315789473684E-2,19.5
2026-04-16,1000000042,1000000033,1,190,5.263157894736842E-3,0
2026-04-16,1000000042,1000000035,1,190,5.263157894736842E-3,78
2026-04-16,1000000042,1000000042,21,190,1.1052631578947368E-1,30.428571428571427
2026-04-16,1000000042,1000000043,4,190,2.1052631578947368E-2,10.75
2026-04-16,1000000042,1000000044,1,190,5.263157894736842E-3,13
2026-04-16,1000000042,1000000045,4,190,2.1052631578947368E-2,31.5
2026-04-16,1000000042,1000000063,1,190,5.263157894736842E-3,1
2026-04-16,1000000042,1000000064,4,190,2.1052631578947368E-2,22
2026-04-16,1000000042,1000000065,1,190,5.263157894736842E-3,0
2026-04-16,1000000042,1000000084,1,190,5.263157894736842E-3,8
2026-04-16,1000000042,1000000087,1,190,5.263157894736842E-3,1
2026-04-16,1000000042,1000000088,1,190,5.263157894736842E-3,0
2026-04-16,1000000042,1000000121,3,190,1.5789473684210527E-2,16
2026-04-16,1000000042,1000000153,1,190,5.263157894736842E-3,0
2026-04-16,1000000043,1000000033,1,197,5.076142131979695E-3,33
2026-04-16,1000000043,1000000042,9,197,4.568527918781726E-2,20.555555555555557
2026-04-16,1000000043,1000000043,13,197,6.598984771573604E-2,19.23076923076923
2026-04-16,1000000043,1000000044,5,197,2.5380710659898477E-2,9.8
2026-04-16,1000000043,1000000045,3,197,1.5228426395939087E-2,2.3333333333333335
2026-04-16,1000000043,1000000062,1,197,5.076142131979695E-3,35
2026-04-16,1000000043,1000000064,2,197,1.015228426395939E-2,31.5
2026-04-16,1000000043,1000000084,1,197,5.076142131979695E-3,73
2026-04-16,1000000043,1000000087,2,197,1.015228426395939E-2,10.5
2026-04-16,1000000043,1000000108,2,197,1.015228426395939E-2,1.5
2026-04-16,1000000043,1000000111,1,197,5.076142131979695E-3,29
2026-04-16,1000000043,1000000121,2,197,1.015228426395939E-2,11
2026-04-16,1000000043,1000000153,1,197,5.076142131979695E-3,0
2026-04-16,1000000044,1000000027,1,144,6.944444444444444E-3,39
2026-04-16,1000000044,1000000033,1,144,6.944444444444444E-3,46
2026-04-16,1000000044,1000000042,7,144,4.861111111111111E-2,27.428571428571427
2026-04-16,1000000044,1000000043,3,144,2.0833333333333332E-2,10.333333333333334
2026-04-16,1000000044,1000000044,5,144,3.4722222222222224E-2,19.2
2026-04-16,1000000044,1000000045,2,144,1.3888888888888888E-2,32.5
2026-04-16,1000000044,1000000062,1,144,6.944444444444444E-3,0
2026-04-16,1000000044,1000000070,1,144,6.944444444444444E-3,8
2026-04-16,1000000044,1000000084,1,144,6.944444444444444E-3,18
2026-04-16,1000000044,1000000085,1,144,6.944444444444444E-3,45
2026-04-16,1000000044,1000000088,1,144,6.944444444444444E-3,16
2026-04-16,1000000044,1000000113,1,144,6.944444444444444E-3,0
2026-04-16,1000000044,1000000121,2,144,1.3888888888888888E-2,21.5
2026-04-16,1000000044,1000000156,1,144,6.944444444444444E-3,0
2026-04-16,1000000045,1000000027,1,307,3.257328990228013E-3,39
2026-04-16,1000000045,1000000033,2,307,6.514657980456026E-3,23
2026-04-16,1000000045,1000000035,1,307,3.257328990228013E-3,27
2026-04-16,1000000045,1000000042,10,307,3.257328990228013E-2,18.5
2026-04-16,1000000045,1000000043,5,307,1.6286644951140065E-2,6.8
2026-04-16,1000000045,1000000044,1,307,3.257328990228013E-3,0
2026-04-16,1000000045,1000000045,19,307,6.188925081433225E-2,19.63157894736842
2026-04-16,1000000045,1000000063,1,307,3.257328990228013E-3,2
2026-04-16,1000000045,1000000064,7,307,2.280130293159609E-2,21.857142857142858
2026-04-16,1000000045,1000000085,1,307,3.257328990228013E-3,0
2026-04-16,1000000045,1000000086,1,307,3.257328990228013E-3,56
2026-04-16,1000000045,1000000091,2,307,6.514657980456026E-3,5.0E-1
2026-04-16,1000000045,1000000108,3,307,9.771986970684038E-3,18.666666666666668
2026-04-16,1000000045,1000000113,1,307,3.257328990228013E-3,0
2026-04-16,1000000045,1000000121,2,307,6.514657980456026E-3,6.5
2026-04-16,1000000045,1000000153,2,307,6.514657980456026E-3,0
2026-04-16,1000000045,1000000156,2,307,6.514657980456026E-3,21
2026-04-16,1000000062,1000000027,1,239,4.1841004184100415E-3,0
2026-04-16,1000000062,1000000028,1,239,4.1841004184100415E-3,7
2026-04-16,1000000062,1000000042,2,239,8.368200836820083E-3,51
2026-04-16,1000000062,1000000045,3,239,1.2552301255230125E-2,32
2026-04-16,1000000062,1000000062,7,239,2.9288702928870293E-2,12.285714285714286
2026-04-16,1000000062,1000000064,7,239,2.9288702928870293E-2,24.571428571428573
2026-04-16,1000000062,1000000065,1,239,4.1841004184100415E-3,12
2026-04-16,1000000062,1000000087,1,239,4.1841004184100415E-3,71
2026-04-16,1000000062,1000000093,1,239,4.1841004184100415E-3,22
2026-04-16,1000000062,1000000111,1,239,4.1841004184100415E-3,37
2026-04-16,1000000062,1000000121,1,239,4.1841004184100415E-3,1
2026-04-16,1000000062,1000000153,1,239,4.1841004184100415E-3,0
2026-04-16,1000000063,1000000042,4,296,1.3513513513513514E-2,39.75
2026-04-16,1000000063,1000000043,3,296,1.0135135135135136E-2,1.3333333333333333
2026-04-16,1000000063,1000000044,3,296,1.0135135135135136E-2,32
2026-04-16,1000000063,1000000045,1,296,3.3783783783783786E-3,6
2026-04-16,1000000063,1000000062,6,296,2.027027027027027E-2,17.333333333333332
2026-04-16,1000000063,1000000063,12,296,4.054054054054054E-2,20.166666666666668
2026-04-16,1000000063,1000000064,10,296,3.3783783783783786E-2,25.2
2026-04-16,1000000063,1000000069,1,296,3.3783783783783786E-3,9
2026-04-16,1000000063,1000000087,3,296,1.0135135135135136E-2,16
2026-04-16,1000000063,1000000088,1,296,3.3783783783783786E-3,0
2026-04-16,1000000063,1000000090,2,296,6.756756756756757E-3,20.5
2026-04-16,1000000063,1000000092,1,296,3.3783783783783786E-3,1
2026-04-16,1000000063,1000000093,2,296,6.756756756756757E-3,48.5
2026-04-16,1000000063,1000000108,2,296,6.756756756756757E-3,28
2026-04-16,1000000063,1000000127,1,296,3.3783783783783786E-3,0
2026-04-16,1000000064,1000000033,1,1665,6.006006006006006E-4,0
2026-04-16,1000000064,1000000035,1,1665,6.006006006006006E-4,46
2026-04-16,1000000064,1000000042,13,1665,7.807807807807808E-3,19.53846153846154
2026-04-16,1000000064,1000000043,9,1665,5.405405405405406E-3,17
2026-04-16,1000000064,1000000044,6,1665,3.6036036036036037E-3,15
2026-04-16,1000000064,1000000045,6,1665,3.6036036036036037E-3,21.333333333333332
2026-04-16,1000000064,1000000062,3,1665,1.8018018018018018E-3,23.333333333333332
2026-04-16,1000000064,1000000063,9,1665,5.405405405405406E-3,20.444444444444443
2026-04-16,1000000064,1000000064,139,1665,8.348348348348349E-2,14.489208633093526
2026-04-16,1000000064,1000000069,1,1665,6.006006006006006E-4,0
2026-04-16,1000000064,1000000083,1,1665,6.006006006006006E-4,0
2026-04-16,1000000064,1000000084,3,1665,1.8018018018018018E-3,47.666666666666664
2026-04-16,1000000064,1000000085,4,1665,2.4024024024024023E-3,17.5
2026-04-16,1000000064,1000000086,2,1665,1.2012012012012011E-3,48.5
2026-04-16,1000000064,1000000088,4,1665,2.4024024024024023E-3,11.25
2026-04-16,1000000064,1000000090,1,1665,6.006006006006006E-4,3
2026-04-16,1000000064,1000000091,5,1665,3.003003003003003E-3,7.8
2026-04-16,1000000064,1000000092,2,1665,1.2012012012012011E-3,24.5
2026-04-16,1000000064,1000000093,8,1665,4.804804804804805E-3,9.625
2026-04-16,1000000064,1000000094,2,1665,1.2012012012012011E-3,15
2026-04-16,1000000064,1000000108,2,1665,1.2012012012012011E-3,0
2026-04-16,1000000064,1000000111,2,1665,1.2012012012012011E-3,10
2026-04-16,1000000064,1000000113,2,1665,1.2012012012012011E-3,5.0E-1
2026-04-16,1000000064,1000000121,2,1665,1.2012012012012011E-3,6.5
2026-04-16,1000000064,1000000127,3,1665,1.8018018018018018E-3,0
2026-04-16,1000000064,1000000128,1,1665,6.006006006006006E-4,24
2026-04-16,1000000064,1000000142,2,1665,1.2012012012012011E-3,2
2026-04-16,1000000064,1000000153,2,1665,1.2012012012012011E-3,0
2026-04-16,1000000064,1000000156,3,1665,1.8018018018018018E-3,32.666666666666664
2026-04-16,1000000065,1000000027,1,49,2.040816326530612E-2,39
2026-04-16,1000000065,1000000035,1,49,2.040816326530612E-2,19
2026-04-16,1000000065,1000000042,2,49,4.081632653061224E-2,8
2026-04-16,1000000065,1000000043,2,49,4.081632653061224E-2,11
2026-04-16,1000000065,1000000045,1,49,2.040816326530612E-2,90
2026-04-16,1000000065,1000000065,1,49,2.040816326530612E-2,20
2026-04-16,1000000065,1000000111,1,49,2.040816326530612E-2,6
2026-04-16,1000000066,1000000042,1,89,1.1235955056179775E-2,24
2026-04-16,1000000066,1000000043,3,89,3.3707865168539325E-2,45.666666666666664
2026-04-16,1000000066,1000000044,3,89,3.3707865168539325E-2,6.666666666666667
2026-04-16,1000000066,1000000062,1,89,1.1235955056179775E-2,43
2026-04-16,1000000066,1000000063,1,89,1.1235955056179775E-2,23
2026-04-16,1000000066,1000000064,2,89,2.247191011235955E-2,5.5
2026-04-16,1000000066,1000000065,1,89,1.1235955056179775E-2,20
2026-04-16,1000000066,1000000066,1,89,1.1235955056179775E-2,0
2026-04-16,1000000066,1000000084,1,89,1.1235955056179775E-2,18
2026-04-16,1000000066,1000000087,1,89,1.1235955056179775E-2,1
2026-04-16,1000000066,1000000111,1,89,1.1235955056179775E-2,0
2026-04-16,1000000069,1000000028,1,101,9.900990099009901E-3,12
2026-04-16,1000000069,1000000042,2,101,1.9801980198019802E-2,20
2026-04-16,1000000069,1000000043,1,101,9.900990099009901E-3,0
2026-04-16,1000000069,1000000044,1,101,9.900990099009901E-3,36
2026-04-16,1000000069,1000000045,1,101,9.900990099009901E-3,15
2026-04-16,1000000069,1000000064,2,101,1.9801980198019802E-2,41
2026-04-16,1000000069,1000000069,1,101,9.900990099009901E-3,9
2026-04-16,1000000069,1000000086,1,101,9.900990099009901E-3,0
2026-04-16,1000000069,1000000091,1,101,9.900990099009901E-3,0
2026-04-16,1000000069,1000000121,1,101,9.900990099009901E-3,12
2026-04-16,1000000069,1000000154,1,101,9.900990099009901E-3,36
2026-04-16,1000000070,1000000044,1,23,4.3478260869565216E-2,20
2026-04-16,1000000070,1000000062,1,23,4.3478260869565216E-2,53
2026-04-16,1000000070,1000000064,1,23,4.3478260869565216E-2,4
2026-04-16,1000000070,1000000070,1,23,4.3478260869565216E-2,8
2026-04-16,1000000071,1000000042,1,37,2.702702702702703E-2,9
2026-04-16,1000000071,1000000043,1,37,2.702702702702703E-2,21
2026-04-16,1000000071,1000000064,1,37,2.702702702702703E-2,33
2026-04-16,1000000071,1000000065,1,37,2.702702702702703E-2,12
2026-04-16,1000000071,1000000108,1,37,2.702702702702703E-2,0
2026-04-16,1000000071,1000000121,1,37,2.702702702702703E-2,21
2026-04-16,1000000072,1000000062,1,13,7.692307692307693E-2,11
2026-04-16,1000000072,1000000064,1,13,7.692307692307693E-2,8
2026-04-16,1000000083,1000000028,1,78,1.282051282051282E-2,18
2026-04-16,1000000083,1000000035,1,78,1.282051282051282E-2,19
2026-04-16,1000000083,1000000042,4,78,5.128205128205128E-2,26
2026-04-16,1000000083,1000000044,1,78,1.282051282051282E-2,13
2026-04-16,1000000083,1000000045,1,78,1.282051282051282E-2,0
2026-04-16,1000000083,1000000064,3,78,3.8461538461538464E-2,26.333333333333332
2026-04-16,1000000083,1000000069,1,78,1.282051282051282E-2,9
2026-04-16,1000000083,1000000083,1,78,1.282051282051282E-2,43
2026-04-16,1000000083,1000000087,1,78,1.282051282051282E-2,20
2026-04-16,1000000083,1000000094,1,78,1.282051282051282E-2,0
2026-04-16,1000000083,1000000108,1,78,1.282051282051282E-2,0
2026-04-16,1000000083,1000000121,1,78,1.282051282051282E-2,1
2026-04-16,1000000083,1000000127,1,78,1.282051282051282E-2,0
2026-04-16,1000000084,1000000044,1,149,6.711409395973154E-3,17
2026-04-16,1000000084,1000000064,2,149,1.3422818791946308E-2,25.5
2026-04-16,1000000084,1000000083,1,149,6.711409395973154E-3,1
2026-04-16,1000000084,1000000084,4,149,2.6845637583892617E-2,2.5
2026-04-16,1000000084,1000000087,1,149,6.711409395973154E-3,0
2026-04-16,1000000084,1000000088,2,149,1.3422818791946308E-2,3.5
2026-04-16,1000000084,1000000092,1,149,6.711409395973154E-3,0
2026-04-16,1000000084,1000000093,2,149,1.3422818791946308E-2,41
2026-04-16,1000000084,1000000108,2,149,1.3422818791946308E-2,0
2026-04-16,1000000084,1000000110,2,149,1.3422818791946308E-2,1
2026-04-16,1000000085,1000000033,1,322,3.105590062111801E-3,4
2026-04-16,1000000085,1000000035,1,322,3.105590062111801E-3,47
2026-04-16,1000000085,1000000042,1,322,3.105590062111801E-3,27
2026-04-16,1000000085,1000000045,2,322,6.211180124223602E-3,0
2026-04-16,1000000085,1000000064,2,322,6.211180124223602E-3,0
2026-04-16,1000000085,1000000084,4,322,1.2422360248447204E-2,23.5
2026-04-16,1000000085,1000000085,18,322,5.5900621118012424E-2,9.444444444444445
2026-04-16,1000000085,1000000086,9,322,2.7950310559006212E-2,7.777777777777778
2026-04-16,1000000085,1000000087,7,322,2.1739130434782608E-2,4.142857142857143
2026-04-16,1000000085,1000000088,8,322,2.4844720496894408E-2,6.25E-1
2026-04-16,1000000085,1000000089,1,322,3.105590062111801E-3,36
2026-04-16,1000000085,1000000090,2,322,6.211180124223602E-3,1.5
2026-04-16,1000000085,1000000091,2,322,6.211180124223602E-3,33.5
2026-04-16,1000000085,1000000092,3,322,9.316770186335404E-3,3.333333333333333E-1
2026-04-16,1000000085,1000000093,1,322,3.105590062111801E-3,0
2026-04-16,1000000085,1000000108,2,322,6.211180124223602E-3,5.0E-1
2026-04-16,1000000085,1000000111,1,322,3.105590062111801E-3,0
2026-04-16,1000000085,1000000127,1,322,3.105590062111801E-3,0
2026-04-16,1000000085,1000000153,1,322,3.105590062111801E-3,1
2026-04-16,1000000086,1000000045,1,198,5.050505050505051E-3,6
2026-04-16,1000000086,1000000063,1,198,5.050505050505051E-3,60
2026-04-16,1000000086,1000000064,2,198,1.0101010101010102E-2,12
2026-04-16,1000000086,1000000084,4,198,2.0202020202020204E-2,21.25
2026-04-16,1000000086,1000000085,12,198,6.060606060606061E-2,12.916666666666666
2026-04-16,1000000086,1000000086,21,198,1.0606060606060606E-1,11.19047619047619
2026-04-16,1000000086,1000000087,8,198,4.040404040404041E-2,12.125
2026-04-16,1000000086,1000000088,6,198,3.0303030303030304E-2,0
2026-04-16,1000000086,1000000089,2,198,1.0101010101010102E-2,35
2026-04-16,1000000086,1000000090,1,198,5.050505050505051E-3,0
2026-04-16,1000000086,1000000113,1,198,5.050505050505051E-3,0
2026-04-16,1000000087,1000000033,1,457,2.188183807439825E-3,22
2026-04-16,1000000087,1000000035,2,457,4.37636761487965E-3,53.5
2026-04-16,1000000087,1000000043,2,457,4.37636761487965E-3,1
2026-04-16,1000000087,1000000044,1,457,2.188183807439825E-3,5
2026-04-16,1000000087,1000000064,6,457,1.312910284463895E-2,34.666666666666664
2026-04-16,1000000087,1000000084,3,457,6.564551422319475E-3,9.333333333333334
2026-04-16,1000000087,1000000085,9,457,1.9693654266958426E-2,9.222222222222221
2026-04-16,1000000087,1000000086,7,457,1.5317286652078774E-2,9.714285714285714
2026-04-16,1000000087,1000000087,31,457,6.783369803063458E-2,16.06451612903226
2026-04-16,1000000087,1000000088,14,457,3.0634573304157548E-2,9.857142857142858
2026-04-16,1000000087,1000000092,2,457,4.37636761487965E-3,42
2026-04-16,1000000087,1000000093,3,457,6.564551422319475E-3,3
2026-04-16,1000000087,1000000094,1,457,2.188183807439825E-3,0
2026-04-16,1000000087,1000000143,1,457,2.188183807439825E-3,2
2026-04-16,1000000088,1000000035,1,355,2.8169014084507044E-3,75
2026-04-16,1000000088,1000000063,1,355,2.8169014084507044E-3,0
2026-04-16,1000000088,1000000064,8,355,2.2535211267605635E-2,25.625
2026-04-16,1000000088,1000000083,1,355,2.8169014084507044E-3,80
2026-04-16,1000000088,1000000084,1,355,2.8169014084507044E-3,52
2026-04-16,1000000088,1000000085,7,355,1.971830985915493E-2,0
2026-04-16,1000000088,1000000086,8,355,2.2535211267605635E-2,9.5
2026-04-16,1000000088,1000000087,10,355,2.8169014084507043E-2,4.1
2026-04-16,1000000088,1000000088,38,355,1.0704225352112676E-1,8.526315789473685
2026-04-16,1000000088,1000000089,2,355,5.633802816901409E-3,4.5
2026-04-16,1000000088,1000000090,1,355,2.8169014084507044E-3,0
2026-04-16,1000000088,1000000092,1,355,2.8169014084507044E-3,0
2026-04-16,1000000088,1000000094,2,355,5.633802816901409E-3,37
2026-04-16,1000000088,1000000112,2,355,5.633802816901409E-3,5.0E-1
2026-04-16,1000000088,1000000121,1,355,2.8169014084507044E-3,13
2026-04-16,1000000088,1000000142,2,355,5.633802816901409E-3,4.5
2026-04-16,1000000089,1000000033,1,51,1.96078431372549E-2,87
2026-04-16,1000000089,1000000086,1,51,1.96078431372549E-2,0
2026-04-16,1000000089,1000000087,3,51,5.8823529411764705E-2,3.333333333333333E-1
2026-04-16,1000000089,1000000088,3,51,5.8823529411764705E-2,27
2026-04-16,1000000089,1000000089,4,51,7.84313725490196E-2,8.75
2026-04-16,1000000089,1000000091,1,51,1.96078431372549E-2,0
2026-04-16,1000000089,1000000111,1,51,1.96078431372549E-2,32
2026-04-16,1000000089,1000000112,2,51,3.92156862745098E-2,0
2026-04-16,1000000090,1000000028,1,127,7.874015748031496E-3,12
2026-04-16,1000000090,1000000063,1,127,7.874015748031496E-3,0
2026-04-16,1000000090,1000000064,1,127,7.874015748031496E-3,76
2026-04-16,1000000090,1000000085,1,127,7.874015748031496E-3,0
2026-04-16,1000000090,1000000090,3,127,2.3622047244094488E-2,2
2026-04-16,1000000090,1000000091,1,127,7.874015748031496E-3,4
2026-04-16,1000000090,1000000092,1,127,7.874015748031496E-3,0
2026-04-16,1000000090,1000000093,1,127,7.874015748031496E-3,0
2026-04-16,1000000090,1000000094,1,127,7.874015748031496E-3,0
2026-04-16,1000000090,1000000111,1,127,7.874015748031496E-3,2
2026-04-16,1000000091,1000000028,1,181,5.5248618784530384E-3,12
2026-04-16,1000000091,1000000035,1,181,5.5248618784530384E-3,47
2026-04-16,1000000091,1000000045,3,181,1.6574585635359115E-2,2
2026-04-16,1000000091,1000000064,4,181,2.2099447513812154E-2,13
2026-04-16,1000000091,1000000085,2,181,1.1049723756906077E-2,38
2026-04-16,1000000091,1000000086,2,181,1.1049723756906077E-2,14
2026-04-16,1000000091,1000000087,2,181,1.1049723756906077E-2,24.5
2026-04-16,1000000091,1000000089,1,181,5.5248618784530384E-3,0
2026-04-16,1000000091,1000000090,3,181,1.6574585635359115E-2,4.333333333333333
2026-04-16,1000000091,1000000091,10,181,5.5248618784530384E-2,8.2
2026-04-16,1000000091,1000000092,2,181,1.1049723756906077E-2,10
2026-04-16,1000000091,1000000093,2,181,1.1049723756906077E-2,9
2026-04-16,1000000091,1000000094,2,181,1.1049723756906077E-2,0
2026-04-16,1000000091,1000000111,1,181,5.5248618784530384E-3,4
2026-04-16,1000000092,1000000028,1,149,6.711409395973154E-3,12
2026-04-16,1000000092,1000000064,3,149,2.0134228187919462E-2,14
2026-04-16,1000000092,1000000084,1,149,6.711409395973154E-3,0
2026-04-16,1000000092,1000000085,2,149,1.3422818791946308E-2,0
2026-04-16,1000000092,1000000087,2,149,1.3422818791946308E-2,1
2026-04-16,1000000092,1000000088,1,149,6.711409395973154E-3,0
2026-04-16,1000000092,1000000090,3,149,2.0134228187919462E-2,1
2026-04-16,1000000092,1000000091,3,149,2.0134228187919462E-2,9.333333333333334
2026-04-16,1000000092,1000000092,8,149,5.3691275167785234E-2,8.875
2026-04-16,1000000092,1000000093,1,149,6.711409395973154E-3,6
2026-04-16,1000000092,1000000111,1,149,6.711409395973154E-3,0
2026-04-16,1000000093,1000000044,2,713,2.805049088359046E-3,49.5
2026-04-16,1000000093,1000000045,2,713,2.805049088359046E-3,8
2026-04-16,1000000093,1000000062,4,713,5.610098176718092E-3,50.75
2026-04-16,1000000093,1000000064,9,713,1.2622720897615708E-2,9
2026-04-16,1000000093,1000000084,1,713,1.402524544179523E-3,3
2026-04-16,1000000093,1000000085,2,713,2.805049088359046E-3,0
2026-04-16,1000000093,1000000086,1,713,1.402524544179523E-3,6
2026-04-16,1000000093,1000000087,4,713,5.610098176718092E-3,3.5
2026-04-16,1000000093,1000000088,1,713,1.402524544179523E-3,62
2026-04-16,1000000093,1000000090,1,713,1.402524544179523E-3,0
2026-04-16,1000000093,1000000091,2,713,2.805049088359046E-3,0
2026-04-16,1000000093,1000000093,77,713,1.0799438990182328E-1,6.025974025974026
2026-04-16,1000000093,1000000094,3,713,4.207573632538569E-3,0
2026-04-16,1000000093,1000000108,6,713,8.415147265077139E-3,24.333333333333332
2026-04-16,1000000093,1000000110,2,713,2.805049088359046E-3,0
2026-04-16,1000000093,1000000111,7,713,9.817671809256662E-3,7.142857142857143E-1
2026-04-16,1000000093,1000000112,2,713,2.805049088359046E-3,2
2026-04-16,1000000093,1000000113,1,713,1.402524544179523E-3,14
2026-04-16,1000000094,1000000035,1,186,5.376344086021506E-3,0
2026-04-16,1000000094,1000000044,1,186,5.376344086021506E-3,13
2026-04-16,1000000094,1000000064,1,186,5.376344086021506E-3,5
2026-04-16,1000000094,1000000084,1,186,5.376344086021506E-3,30
2026-04-16,1000000094,1000000086,1,186,5.376344086021506E-3,73
2026-04-16,1000000094,1000000088,1,186,5.376344086021506E-3,16
2026-04-16,1000000094,1000000089,1,186,5.376344086021506E-3,36
2026-04-16,1000000094,1000000090,1,186,5.376344086021506E-3,25
2026-04-16,1000000094,1000000091,2,186,1.0752688172043012E-2,2.5
2026-04-16,1000000094,1000000092,1,186,5.376344086021506E-3,18
2026-04-16,1000000094,1000000093,2,186,1.0752688172043012E-2,0
2026-04-16,1000000094,1000000094,17,186,9.13978494623656E-2,15.705882352941176
2026-04-16,1000000094,1000000108,3,186,1.6129032258064516E-2,4.333333333333333
2026-04-16,1000000094,1000000110,2,186,1.0752688172043012E-2,1
2026-04-16,1000000094,1000000111,4,186,2.1505376344086023E-2,34.25
2026-04-16,1000000108,1000000035,1,246,4.0650406504065045E-3,15
2026-04-16,1000000108,1000000042,1,246,4.0650406504065045E-3,83
2026-04-16,1000000108,1000000043,1,246,4.0650406504065045E-3,0
2026-04-16,1000000108,1000000044,1,246,4.0650406504065045E-3,82
2026-04-16,1000000108,1000000045,3,246,1.2195121951219513E-2,0
2026-04-16,1000000108,1000000064,2,246,8.130081300813009E-3,43
2026-04-16,1000000108,1000000071,1,246,4.0650406504065045E-3,12
2026-04-16,1000000108,1000000083,1,246,4.0650406504065045E-3,0
2026-04-16,1000000108,1000000084,1,246,4.0650406504065045E-3,0
2026-04-16,1000000108,1000000087,1,246,4.0650406504065045E-3,0
2026-04-16,1000000108,1000000091,1,246,4.0650406504065045E-3,0
2026-04-16,1000000108,1000000092,2,246,8.130081300813009E-3,21
2026-04-16,1000000108,1000000093,7,246,2.8455284552845527E-2,9.142857142857142
2026-04-16,1000000108,1000000094,3,246,1.2195121951219513E-2,5.666666666666667
2026-04-16,1000000108,1000000108,24,246,9.75609756097561E-2,9.083333333333334
2026-04-16,1000000108,1000000111,1,246,4.0650406504065045E-3,0
2026-04-16,1000000108,1000000112,1,246,4.0650406504065045E-3,38
2026-04-16,1000000108,1000000127,1,246,4.0650406504065045E-3,0
2026-04-16,1000000110,1000000027,1,73,1.36986301369863E-2,39
2026-04-16,1000000110,1000000083,1,73,1.36986301369863E-2,2
2026-04-16,1000000110,1000000093,1,73,1.36986301369863E-2,0
2026-04-16,1000000110,1000000094,1,73,1.36986301369863E-2,0
2026-04-16,1000000110,1000000108,1,73,1.36986301369863E-2,0
2026-04-16,1000000110,1000000110,6,73,8.21917808219178E-2,3
2026-04-16,1000000110,1000000112,1,73,1.36986301369863E-2,0
2026-04-16,1000000111,1000000045,1,338,2.9585798816568047E-3,14
2026-04-16,1000000111,1000000062,2,338,5.917159763313609E-3,1.5
2026-04-16,1000000111,1000000064,8,338,2.3668639053254437E-2,16.5
2026-04-16,1000000111,1000000066,1,338,2.9585798816568047E-3,0
2026-04-16,1000000111,1000000085,1,338,2.9585798816568047E-3,0
2026-04-16,1000000111,1000000086,1,338,2.9585798816568047E-3,73
2026-04-16,1000000111,1000000087,1,338,2.9585798816568047E-3,3
2026-04-16,1000000111,1000000088,2,338,5.917159763313609E-3,31
2026-04-16,1000000111,1000000091,2,338,5.917159763313609E-3,15
2026-04-16,1000000111,1000000092,1,338,2.9585798816568047E-3,0
2026-04-16,1000000111,1000000093,10,338,2.9585798816568046E-2,10.1
2026-04-16,1000000111,1000000094,1,338,2.9585798816568047E-3,0
2026-04-16,1000000111,1000000108,1,338,2.9585798816568047E-3,0
2026-04-16,1000000111,1000000110,2,338,5.917159763313609E-3,1
2026-04-16,1000000111,1000000111,34,338,1.0059171597633136E-1,7.323529411764706
2026-04-16,1000000111,1000000112,1,338,2.9585798816568047E-3,0
2026-04-16,1000000111,1000000113,1,338,2.9585798816568047E-3,0
2026-04-16,1000000111,1000000156,1,338,2.9585798816568047E-3,41
2026-04-16,1000000112,1000000042,1,94,1.0638297872340425E-2,1
2026-04-16,1000000112,1000000043,1,94,1.0638297872340425E-2,66
2026-04-16,1000000112,1000000044,1,94,1.0638297872340425E-2,82
2026-04-16,1000000112,1000000045,1,94,1.0638297872340425E-2,0
2026-04-16,1000000112,1000000064,2,94,2.127659574468085E-2,54.5
2026-04-16,1000000112,1000000072,1,94,1.0638297872340425E-2,1
2026-04-16,1000000112,1000000086,1,94,1.0638297872340425E-2,0
2026-04-16,1000000112,1000000088,2,94,2.127659574468085E-2,2
2026-04-16,1000000112,1000000089,1,94,1.0638297872340425E-2,0
2026-04-16,1000000112,1000000093,1,94,1.0638297872340425E-2,0
2026-04-16,1000000112,1000000110,1,94,1.0638297872340425E-2,0
2026-04-16,1000000112,1000000112,3,94,3.1914893617021274E-2,0
2026-04-16,1000000113,1000000044,1,104,9.615384615384616E-3,0
2026-04-16,1000000113,1000000045,2,104,1.9230769230769232E-2,3
2026-04-16,1000000113,1000000063,2,104,1.9230769230769232E-2,3
2026-04-16,1000000113,1000000064,3,104,2.8846153846153848E-2,11.666666666666666
2026-04-16,1000000113,1000000085,1,104,9.615384615384616E-3,14
2026-04-16,1000000113,1000000111,2,104,1.9230769230769232E-2,5.0E-1
2026-04-16,1000000113,1000000113,8,104,7.692307692307693E-2,7.25
2026-04-16,1000000113,1000000127,1,104,9.615384615384616E-3,0
2026-04-16,1000000121,1000000035,1,184,5.434782608695652E-3,52
2026-04-16,1000000121,1000000042,2,184,1.0869565217391304E-2,39.5
2026-04-16,1000000121,1000000043,1,184,5.434782608695652E-3,16
2026-04-16,1000000121,1000000044,1,184,5.434782608695652E-3,13
2026-04-16,1000000121,1000000064,2,184,1.0869565217391304E-2,5.5
2026-04-16,1000000121,1000000070,1,184,5.434782608695652E-3,8
2026-04-16,1000000121,1000000086,2,184,1.0869565217391304E-2,35.5
2026-04-16,1000000121,1000000087,1,184,5.434782608695652E-3,0
2026-04-16,1000000121,1000000093,1,184,5.434782608695652E-3,24
2026-04-16,1000000121,1000000111,1,184,5.434782608695652E-3,6
2026-04-16,1000000121,1000000121,17,184,9.239130434782608E-2,8.588235294117647
2026-04-16,1000000127,1000000045,2,247,8.097165991902834E-3,0
2026-04-16,1000000127,1000000062,2,247,8.097165991902834E-3,0
2026-04-16,1000000127,1000000063,1,247,4.048582995951417E-3,0
2026-04-16,1000000127,1000000064,14,247,5.668016194331984E-2,23
2026-04-16,1000000127,1000000084,1,247,4.048582995951417E-3,73
2026-04-16,1000000127,1000000086,2,247,8.097165991902834E-3,18
2026-04-16,1000000127,1000000088,1,247,4.048582995951417E-3,0
2026-04-16,1000000127,1000000090,1,247,4.048582995951417E-3,41
2026-04-16,1000000127,1000000091,1,247,4.048582995951417E-3,0
2026-04-16,1000000127,1000000093,1,247,4.048582995951417E-3,14
2026-04-16,1000000127,1000000108,1,247,4.048582995951417E-3,0
2026-04-16,1000000127,1000000111,1,247,4.048582995951417E-3,0
2026-04-16,1000000127,1000000113,1,247,4.048582995951417E-3,0
2026-04-16,1000000127,1000000127,2,247,8.097165991902834E-3,6
2026-04-16,1000000128,1000000027,1,62,1.6129032258064516E-2,39
2026-04-16,1000000128,1000000042,1,62,1.6129032258064516E-2,24
2026-04-16,1000000128,1000000043,1,62,1.6129032258064516E-2,4
2026-04-16,1000000128,1000000045,1,62,1.6129032258064516E-2,90
2026-04-16,1000000128,1000000064,1,62,1.6129032258064516E-2,11
2026-04-16,1000000128,1000000087,1,62,1.6129032258064516E-2,0
2026-04-16,1000000128,1000000093,1,62,1.6129032258064516E-2,14
2026-04-16,1000000128,1000000111,1,62,1.6129032258064516E-2,0
2026-04-16,1000000128,1000000143,1,62,1.6129032258064516E-2,2
2026-04-16,1000000142,1000000035,2,36,5.555555555555555E-2,39
2026-04-16,1000000142,1000000043,1,36,2.7777777777777776E-2,21
2026-04-16,1000000142,1000000045,1,36,2.7777777777777776E-2,90
2026-04-16,1000000142,1000000064,1,36,2.7777777777777776E-2,0
2026-04-16,1000000142,1000000088,1,36,2.7777777777777776E-2,0
2026-04-16,1000000142,1000000108,1,36,2.7777777777777776E-2,1
2026-04-16,1000000143,1000000042,2,26,7.692307692307693E-2,20.5
2026-04-16,1000000143,1000000043,1,26,3.8461538461538464E-2,22
2026-04-16,1000000143,1000000088,1,26,3.8461538461538464E-2,0
2026-04-16,1000000143,1000000091,1,26,3.8461538461538464E-2,1
2026-04-16,1000000153,1000000042,1,55,1.818181818181818E-2,0
2026-04-16,1000000153,1000000045,1,55,1.818181818181818E-2,0
2026-04-16,1000000153,1000000062,1,55,1.818181818181818E-2,0
2026-04-16,1000000153,1000000153,3,55,5.454545454545454E-2,29.333333333333332
2026-04-16,1000000153,1000000156,2,55,3.636363636363636E-2,7.5
2026-04-16,1000000154,1000000045,1,38,2.631578947368421E-2,51
2026-04-16,1000000154,1000000153,1,38,2.631578947368421E-2,28
2026-04-16,1000000154,1000000154,4,38,1.0526315789473684E-1,28
2026-04-16,1000000156,1000000042,1,71,1.4084507042253521E-2,0
2026-04-16,1000000156,1000000044,1,71,1.4084507042253521E-2,0
2026-04-16,1000000156,1000000064,1,71,1.4084507042253521E-2,63
2026-04-16,1000000156,1000000153,1,71,1.4084507042253521E-2,0
2026-04-16,1000000156,1000000156,10,71,1.4084507042253522E-1,18.7
2026-04-17,1000000027,1000000027,2,16,1.25E-1,63.5
2026-04-17,1000000027,1000000043,1,16,6.25E-2,30
2026-04-17,1000000027,1000000062,1,16,6.25E-2,0
2026-04-17,1000000028,1000000028,1,15,6.666666666666667E-2,11
2026-04-17,1000000028,1000000071,1,15,6.666666666666667E-2,17
2026-04-17,1000000033,1000000033,3,47,6.382978723404255E-2,40
2026-04-17,1000000033,1000000042,1,47,2.127659574468085E-2,0
2026-04-17,1000000033,1000000043,1,47,2.127659574468085E-2,54
2026-04-17,1000000033,1000000045,2,47,4.25531914893617E-2,3
2026-04-17,1000000033,1000000128,1,47,2.127659574468085E-2,32
2026-04-17,1000000035,1000000033,2,77,2.5974025974025976E-2,32.5
2026-04-17,1000000035,1000000035,1,77,1.2987012987012988E-2,19
2026-04-17,1000000035,1000000042,2,77,2.5974025974025976E-2,37
2026-04-17,1000000035,1000000043,1,77,1.2987012987012988E-2,0
2026-04-17,1000000035,1000000063,1,77,1.2987012987012988E-2,8
2026-04-17,1000000035,1000000064,1,77,1.2987012987012988E-2,28
2026-04-17,1000000035,1000000083,1,77,1.2987012987012988E-2,24
2026-04-17,1000000035,1000000084,1,77,1.2987012987012988E-2,18
2026-04-17,1000000035,1000000087,1,77,1.2987012987012988E-2,20
2026-04-17,1000000035,1000000089,1,77,1.2987012987012988E-2,9
2026-04-17,1000000035,1000000094,1,77,1.2987012987012988E-2,0
2026-04-17,1000000035,1000000121,2,77,2.5974025974025976E-2,36.5
2026-04-17,1000000035,1000000156,1,77,1.2987012987012988E-2,56
2026-04-17,1000000042,1000000027,2,190,1.0526315789473684E-2,19.5
2026-04-17,1000000042,1000000033,1,190,5.263157894736842E-3,0
2026-04-17,1000000042,1000000035,1,190,5.263157894736842E-3,78
2026-04-17,1000000042,1000000042,21,190,1.1052631578947368E-1,30.428571428571427
2026-04-17,1000000042,1000000043,4,190,2.1052631578947368E-2,10.75
2026-04-17,1000000042,1000000044,1,190,5.263157894736842E-3,13
2026-04-17,1000000042,1000000045,4,190,2.1052631578947368E-2,31.5
2026-04-17,1000000042,1000000063,1,190,5.263157894736842E-3,1
2026-04-17,1000000042,1000000064,4,190,2.1052631578947368E-2,28.75
2026-04-17,1000000042,1000000065,1,190,5.263157894736842E-3,0
2026-04-17,1000000042,1000000084,1,190,5.263157894736842E-3,8
2026-04-17,1000000042,1000000087,1,190,5.263157894736842E-3,1
2026-04-17,1000000042,1000000088,1,190,5.263157894736842E-3,0
2026-04-17,1000000042,1000000121,3,190,1.5789473684210527E-2,16
2026-04-17,1000000042,1000000153,1,190,5.263157894736842E-3,0
2026-04-17,1000000043,1000000033,1,197,5.076142131979695E-3,33
2026-04-17,1000000043,1000000042,9,197,4.568527918781726E-2,20.555555555555557
2026-04-17,1000000043,1000000043,13,197,6.598984771573604E-2,19.23076923076923
2026-04-17,1000000043,1000000044,5,197,2.5380710659898477E-2,9.8
2026-04-17,1000000043,1000000045,3,197,1.5228426395939087E-2,2.3333333333333335
2026-04-17,1000000043,1000000062,1,197,5.076142131979695E-3,35
2026-04-17,1000000043,1000000064,2,197,1.015228426395939E-2,31.5
2026-04-17,1000000043,1000000084,1,197,5.076142131979695E-3,73
2026-04-17,1000000043,1000000087,2,197,1.015228426395939E-2,10.5
2026-04-17,1000000043,1000000108,2,197,1.015228426395939E-2,1.5
2026-04-17,1000000043,1000000111,1,197,5.076142131979695E-3,29
2026-04-17,1000000043,1000000121,2,197,1.015228426395939E-2,11
2026-04-17,1000000043,1000000153,1,197,5.076142131979695E-3,0
2026-04-17,1000000044,1000000027,1,145,6.896551724137931E-3,39
2026-04-17,1000000044,1000000033,1,145,6.896551724137931E-3,46
2026-04-17,1000000044,1000000042,7,145,4.827586206896552E-2,27.428571428571427
2026-04-17,1000000044,1000000043,3,145,2.0689655172413793E-2,10.333333333333334
2026-04-17,1000000044,1000000044,5,145,3.4482758620689655E-2,19.2
2026-04-17,1000000044,1000000045,2,145,1.3793103448275862E-2,32.5
2026-04-17,1000000044,1000000062,1,145,6.896551724137931E-3,0
2026-04-17,1000000044,1000000070,1,145,6.896551724137931E-3,8
2026-04-17,1000000044,1000000084,1,145,6.896551724137931E-3,18
2026-04-17,1000000044,1000000085,1,145,6.896551724137931E-3,45
2026-04-17,1000000044,1000000088,1,145,6.896551724137931E-3,16
2026-04-17,1000000044,1000000113,1,145,6.896551724137931E-3,0
2026-04-17,1000000044,1000000121,2,145,1.3793103448275862E-2,21.5
2026-04-17,1000000044,1000000156,1,145,6.896551724137931E-3,0
2026-04-17,1000000045,1000000027,1,308,3.246753246753247E-3,39
2026-04-17,1000000045,1000000033,2,308,6.493506493506494E-3,23
2026-04-17,1000000045,1000000035,1,308,3.246753246753247E-3,27
2026-04-17,1000000045,1000000042,10,308,3.2467532467532464E-2,18.5
2026-04-17,1000000045,1000000043,5,308,1.6233766233766232E-2,6.8
2026-04-17,1000000045,1000000044,1,308,3.246753246753247E-3,0
2026-04-17,1000000045,1000000045,19,308,6.168831168831169E-2,19.63157894736842
2026-04-17,1000000045,1000000063,1,308,3.246753246753247E-3,2
2026-04-17,1000000045,1000000064,7,308,2.2727272727272728E-2,21.857142857142858
2026-04-17,1000000045,1000000085,1,308,3.246753246753247E-3,0
2026-04-17,1000000045,1000000086,1,308,3.246753246753247E-3,56
2026-04-17,1000000045,1000000091,2,308,6.493506493506494E-3,5.0E-1
2026-04-17,1000000045,1000000108,3,308,9.74025974025974E-3,18.666666666666668
2026-04-17,1000000045,1000000113,1,308,3.246753246753247E-3,0
2026-04-17,1000000045,1000000121,2,308,6.493506493506494E-3,6.5
2026-04-17,1000000045,1000000153,2,308,6.493506493506494E-3,0
2026-04-17,1000000045,1000000156,2,308,6.493506493506494E-3,21
2026-04-17,1000000062,1000000027,1,240,4.166666666666667E-3,0
2026-04-17,1000000062,1000000028,1,240,4.166666666666667E-3,7
2026-04-17,1000000062,1000000042,2,240,8.333333333333333E-3,51
2026-04-17,1000000062,1000000045,3,240,1.25E-2,32
2026-04-17,1000000062,1000000062,7,240,2.9166666666666667E-2,12.285714285714286
2026-04-17,1000000062,1000000064,7,240,2.9166666666666667E-2,24.571428571428573
2026-04-17,1000000062,1000000065,1,240,4.166666666666667E-3,12
2026-04-17,1000000062,1000000087,1,240,4.166666666666667E-3,71
2026-04-17,1000000062,1000000093,1,240,4.166666666666667E-3,22
2026-04-17,1000000062,1000000111,1,240,4.166666666666667E-3,37
2026-04-17,1000000062,1000000121,1,240,4.166666666666667E-3,1
2026-04-17,1000000062,1000000153,1,240,4.166666666666667E-3,0
2026-04-17,1000000063,1000000042,4,298,1.3422818791946308E-2,39.75
2026-04-17,1000000063,1000000043,3,298,1.0067114093959731E-2,1.3333333333333333
2026-04-17,1000000063,1000000044,3,298,1.0067114093959731E-2,32
2026-04-17,1000000063,1000000045,1,298,3.355704697986577E-3,6
2026-04-17,1000000063,1000000062,6,298,2.0134228187919462E-2,17.333333333333332
2026-04-17,1000000063,1000000063,12,298,4.0268456375838924E-2,20.166666666666668
2026-04-17,1000000063,1000000064,10,298,3.355704697986577E-2,25.2
2026-04-17,1000000063,1000000069,1,298,3.355704697986577E-3,9
2026-04-17,1000000063,1000000087,3,298,1.0067114093959731E-2,16
2026-04-17,1000000063,1000000088,1,298,3.355704697986577E-3,0
2026-04-17,1000000063,1000000090,2,298,6.711409395973154E-3,20.5
2026-04-17,1000000063,1000000092,1,298,3.355704697986577E-3,1
2026-04-17,1000000063,1000000093,2,298,6.711409395973154E-3,48.5
2026-04-17,1000000063,1000000108,2,298,6.711409395973154E-3,28
2026-04-17,1000000063,1000000127,1,298,3.355704697986577E-3,0
2026-04-17,1000000064,1000000033,2,1667,1.1997600479904018E-3,27
2026-04-17,1000000064,1000000035,1,1667,5.998800239952009E-4,46
2026-04-17,1000000064,1000000042,13,1667,7.798440311937612E-3,19.53846153846154
2026-04-17,1000000064,1000000043,9,1667,5.398920215956809E-3,17
2026-04-17,1000000064,1000000044,5,1667,2.999400119976005E-3,4
2026-04-17,1000000064,1000000045,6,1667,3.599280143971206E-3,21.333333333333332
2026-04-17,1000000064,1000000062,3,1667,1.799640071985603E-3,23.333333333333332
2026-04-17,1000000064,1000000063,9,1667,5.398920215956809E-3,20.444444444444443
2026-04-17,1000000064,1000000064,139,1667,8.338332333533294E-2,14.517985611510792
2026-04-17,1000000064,1000000069,1,1667,5.998800239952009E-4,0
2026-04-17,1000000064,1000000083,1,1667,5.998800239952009E-4,0
2026-04-17,1000000064,1000000084,3,1667,1.799640071985603E-3,47.666666666666664
2026-04-17,1000000064,1000000085,4,1667,2.3995200959808036E-3,17.5
2026-04-17,1000000064,1000000086,2,1667,1.1997600479904018E-3,48.5
2026-04-17,1000000064,1000000088,3,1667,1.799640071985603E-3,15
2026-04-17,1000000064,1000000090,1,1667,5.998800239952009E-4,3
2026-04-17,1000000064,1000000091,5,1667,2.999400119976005E-3,7.8
2026-04-17,1000000064,1000000092,2,1667,1.1997600479904018E-3,24.5
2026-04-17,1000000064,1000000093,8,1667,4.799040191961607E-3,9.625
2026-04-17,1000000064,1000000094,2,1667,1.1997600479904018E-3,15
2026-04-17,1000000064,1000000108,2,1667,1.1997600479904018E-3,0
2026-04-17,1000000064,1000000111,2,1667,1.1997600479904018E-3,10
2026-04-17,1000000064,1000000113,2,1667,1.1997600479904018E-3,5.0E-1
2026-04-17,1000000064,1000000121,2,1667,1.1997600479904018E-3,6.5
2026-04-17,1000000064,1000000127,3,1667,1.799640071985603E-3,0
2026-04-17,1000000064,1000000128,1,1667,5.998800239952009E-4,24
2026-04-17,1000000064,1000000142,2,1667,1.1997600479904018E-3,2
2026-04-17,1000000064,1000000153,2,1667,1.1997600479904018E-3,0
2026-04-17,1000000064,1000000156,3,1667,1.799640071985603E-3,32.666666666666664
2026-04-17,1000000065,1000000027,1,48,2.0833333333333332E-2,39
2026-04-17,1000000065,1000000035,1,48,2.0833333333333332E-2,19
2026-04-17,1000000065,1000000042,2,48,4.1666666666666664E-2,8
2026-04-17,1000000065,1000000043,2,48,4.1666666666666664E-2,11
2026-04-17,1000000065,1000000045,1,48,2.0833333333333332E-2,90
2026-04-17,1000000065,1000000065,1,48,2.0833333333333332E-2,20
2026-04-17,1000000065,1000000111,1,48,2.0833333333333332E-2,6
2026-04-17,1000000066,1000000042,1,89,1.1235955056179775E-2,24
2026-04-17,1000000066,1000000043,3,89,3.3707865168539325E-2,45.666666666666664
2026-04-17,1000000066,1000000044,3,89,3.3707865168539325E-2,6.666666666666667
2026-04-17,1000000066,1000000062,1,89,1.1235955056179775E-2,43
2026-04-17,1000000066,1000000063,1,89,1.1235955056179775E-2,23
2026-04-17,1000000066,1000000064,2,89,2.247191011235955E-2,5.5
2026-04-17,1000000066,1000000065,1,89,1.1235955056179775E-2,20
2026-04-17,1000000066,1000000066,1,89,1.1235955056179775E-2,0
2026-04-17,1000000066,1000000084,1,89,1.1235955056179775E-2,18
2026-04-17,1000000066,1000000087,1,89,1.1235955056179775E-2,1
2026-04-17,1000000066,1000000111,1,89,1.1235955056179775E-2,0
2026-04-17,1000000069,1000000028,1,101,9.900990099009901E-3,12
2026-04-17,1000000069,1000000042,2,101,1.9801980198019802E-2,20
2026-04-17,1000000069,1000000043,1,101,9.900990099009901E-3,0
2026-04-17,1000000069,1000000044,1,101,9.900990099009901E-3,36
2026-04-17,1000000069,1000000045,1,101,9.900990099009901E-3,15
2026-04-17,1000000069,1000000064,2,101,1.9801980198019802E-2,41
2026-04-17,1000000069,1000000069,1,101,9.900990099009901E-3,9
2026-04-17,1000000069,1000000086,1,101,9.900990099009901E-3,0
2026-04-17,1000000069,1000000091,1,101,9.900990099009901E-3,0
2026-04-17,1000000069,1000000121,1,101,9.900990099009901E-3,12
2026-04-17,1000000069,1000000154,1,101,9.900990099009901E-3,36
2026-04-17,1000000070,1000000044,1,23,4.3478260869565216E-2,20
2026-04-17,1000000070,1000000062,1,23,4.3478260869565216E-2,53
2026-04-17,1000000070,1000000064,1,23,4.3478260869565216E-2,4
2026-04-17,1000000070,1000000070,1,23,4.3478260869565216E-2,8
2026-04-17,1000000071,1000000042,1,37,2.702702702702703E-2,9
2026-04-17,1000000071,1000000043,1,37,2.702702702702703E-2,21
2026-04-17,1000000071,1000000064,1,37,2.702702702702703E-2,33
2026-04-17,1000000071,1000000065,1,37,2.702702702702703E-2,12
2026-04-17,1000000071,1000000108,1,37,2.702702702702703E-2,0
2026-04-17,1000000071,1000000121,1,37,2.702702702702703E-2,21
2026-04-17,1000000072,1000000062,1,13,7.692307692307693E-2,11
2026-04-17,1000000072,1000000064,1,13,7.692307692307693E-2,8
2026-04-17,1000000083,1000000028,1,78,1.282051282051282E-2,18
2026-04-17,1000000083,1000000035,1,78,1.282051282051282E-2,19
2026-04-17,1000000083,1000000042,4,78,5.128205128205128E-2,26
2026-04-17,1000000083,1000000044,1,78,1.282051282051282E-2,13
2026-04-17,1000000083,1000000045,1,78,1.282051282051282E-2,0
2026-04-17,1000000083,1000000064,3,78,3.8461538461538464E-2,26.333333333333332
2026-04-17,1000000083,1000000069,1,78,1.282051282051282E-2,9
2026-04-17,1000000083,1000000083,1,78,1.282051282051282E-2,43
2026-04-17,1000000083,1000000087,1,78,1.282051282051282E-2,20
2026-04-17,1000000083,1000000094,1,78,1.282051282051282E-2,0
2026-04-17,1000000083,1000000108,1,78,1.282051282051282E-2,0
2026-04-17,1000000083,1000000121,1,78,1.282051282051282E-2,1
2026-04-17,1000000083,1000000127,1,78,1.282051282051282E-2,0
2026-04-17,1000000084,1000000044,1,149,6.711409395973154E-3,17
2026-04-17,1000000084,1000000064,2,149,1.3422818791946308E-2,25.5
2026-04-17,1000000084,1000000083,1,149,6.711409395973154E-3,1
2026-04-17,1000000084,1000000084,4,149,2.6845637583892617E-2,2.5
2026-04-17,1000000084,1000000087,1,149,6.711409395973154E-3,0
2026-04-17,1000000084,1000000088,2,149,1.3422818791946308E-2,3.5
2026-04-17,1000000084,1000000092,1,149,6.711409395973154E-3,0
2026-04-17,1000000084,1000000093,2,149,1.3422818791946308E-2,41
2026-04-17,1000000084,1000000108,2,149,1.3422818791946308E-2,0
2026-04-17,1000000084,1000000110,2,149,1.3422818791946308E-2,1
2026-04-17,1000000085,1000000033,1,322,3.105590062111801E-3,4
2026-04-17,1000000085,1000000035,1,322,3.105590062111801E-3,47
2026-04-17,1000000085,1000000042,1,322,3.105590062111801E-3,27
2026-04-17,1000000085,1000000045,2,322,6.211180124223602E-3,0
2026-04-17,1000000085,1000000064,2,322,6.211180124223602E-3,0
2026-04-17,1000000085,1000000084,4,322,1.2422360248447204E-2,23.5
2026-04-17,1000000085,1000000085,18,322,5.5900621118012424E-2,9.444444444444445
2026-04-17,1000000085,1000000086,9,322,2.7950310559006212E-2,7.777777777777778
2026-04-17,1000000085,1000000087,7,322,2.1739130434782608E-2,4.142857142857143
2026-04-17,1000000085,1000000088,8,322,2.4844720496894408E-2,6.25E-1
2026-04-17,1000000085,1000000089,1,322,3.105590062111801E-3,36
2026-04-17,1000000085,1000000090,2,322,6.211180124223602E-3,1.5
2026-04-17,1000000085,1000000091,2,322,6.211180124223602E-3,33.5
2026-04-17,1000000085,1000000092,3,322,9.316770186335404E-3,3.333333333333333E-1
2026-04-17,1000000085,1000000093,1,322,3.105590062111801E-3,0
2026-04-17,1000000085,1000000108,2,322,6.211180124223602E-3,5.0E-1
2026-04-17,1000000085,1000000111,1,322,3.105590062111801E-3,0
2026-04-17,1000000085,1000000127,1,322,3.105590062111801E-3,0
2026-04-17,1000000085,1000000153,1,322,3.105590062111801E-3,1
2026-04-17,1000000086,1000000045,1,198,5.050505050505051E-3,6
2026-04-17,1000000086,1000000063,1,198,5.050505050505051E-3,60
2026-04-17,1000000086,1000000064,2,198,1.0101010101010102E-2,12
2026-04-17,1000000086,1000000084,4,198,2.0202020202020204E-2,21.25
2026-04-17,1000000086,1000000085,12,198,6.060606060606061E-2,12.916666666666666
2026-04-17,1000000086,1000000086,21,198,1.0606060606060606E-1,11.19047619047619
2026-04-17,1000000086,1000000087,8,198,4.040404040404041E-2,12.125
2026-04-17,1000000086,1000000088,6,198,3.0303030303030304E-2,0
2026-04-17,1000000086,1000000089,2,198,1.0101010101010102E-2,35
2026-04-17,1000000086,1000000090,1,198,5.050505050505051E-3,0
2026-04-17,1000000086,1000000113,1,198,5.050505050505051E-3,0
2026-04-17,1000000087,1000000033,1,457,2.188183807439825E-3,22
2026-04-17,1000000087,1000000035,2,457,4.37636761487965E-3,53.5
2026-04-17,1000000087,1000000043,2,457,4.37636761487965E-3,1
2026-04-17,1000000087,1000000044,1,457,2.188183807439825E-3,5
2026-04-17,1000000087,1000000064,6,457,1.312910284463895E-2,34.666666666666664
2026-04-17,1000000087,1000000084,3,457,6.564551422319475E-3,9.333333333333334
2026-04-17,1000000087,1000000085,9,457,1.9693654266958426E-2,9.222222222222221
2026-04-17,1000000087,1000000086,7,457,1.5317286652078774E-2,9.714285714285714
2026-04-17,1000000087,1000000087,31,457,6.783369803063458E-2,16.06451612903226
2026-04-17,1000000087,1000000088,14,457,3.0634573304157548E-2,9.857142857142858
2026-04-17,1000000087,1000000092,2,457,4.37636761487965E-3,42
2026-04-17,1000000087,1000000093,3,457,6.564551422319475E-3,3
2026-04-17,1000000087,1000000094,1,457,2.188183807439825E-3,0
2026-04-17,1000000087,1000000143,1,457,2.188183807439825E-3,2
2026-04-17,1000000088,1000000035,1,351,2.849002849002849E-3,75
2026-04-17,1000000088,1000000063,1,351,2.849002849002849E-3,0
2026-04-17,1000000088,1000000064,8,351,2.2792022792022793E-2,25.625
2026-04-17,1000000088,1000000083,1,351,2.849002849002849E-3,80
2026-04-17,1000000088,1000000084,1,351,2.849002849002849E-3,52
2026-04-17,1000000088,1000000085,7,351,1.9943019943019943E-2,0
2026-04-17,1000000088,1000000086,8,351,2.2792022792022793E-2,9.5
2026-04-17,1000000088,1000000087,10,351,2.849002849002849E-2,4.1
2026-04-17,1000000088,1000000088,36,351,1.0256410256410256E-1,9
2026-04-17,1000000088,1000000089,2,351,5.698005698005698E-3,4.5
2026-04-17,1000000088,1000000090,1,351,2.849002849002849E-3,0
2026-04-17,1000000088,1000000092,1,351,2.849002849002849E-3,0
2026-04-17,1000000088,1000000094,2,351,5.698005698005698E-3,37
2026-04-17,1000000088,1000000112,2,351,5.698005698005698E-3,5.0E-1
2026-04-17,1000000088,1000000121,1,351,2.849002849002849E-3,13
2026-04-17,1000000088,1000000142,2,351,5.698005698005698E-3,4.5
2026-04-17,1000000089,1000000086,1,50,2.0E-2,0
2026-04-17,1000000089,1000000087,3,50,6.0E-2,3.333333333333333E-1
2026-04-17,1000000089,1000000088,3,50,6.0E-2,27
2026-04-17,1000000089,1000000089,4,50,8.0E-2,8.75
2026-04-17,1000000089,1000000091,1,50,2.0E-2,0
2026-04-17,1000000089,1000000111,1,50,2.0E-2,32
2026-04-17,1000000089,1000000112,2,50,4.0E-2,0
2026-04-17,1000000090,1000000028,1,127,7.874015748031496E-3,12
2026-04-17,1000000090,1000000063,1,127,7.874015748031496E-3,0
2026-04-17,1000000090,1000000064,1,127,7.874015748031496E-3,76
2026-04-17,1000000090,1000000085,1,127,7.874015748031496E-3,0
2026-04-17,1000000090,1000000090,3,127,2.3622047244094488E-2,2
2026-04-17,1000000090,1000000091,1,127,7.874015748031496E-3,4
2026-04-17,1000000090,1000000092,1,127,7.874015748031496E-3,0
2026-04-17,1000000090,1000000093,1,127,7.874015748031496E-3,0
2026-04-17,1000000090,1000000094,1,127,7.874015748031496E-3,0
2026-04-17,1000000090,1000000111,1,127,7.874015748031496E-3,2
2026-04-17,1000000091,1000000028,1,181,5.5248618784530384E-3,12
2026-04-17,1000000091,1000000035,1,181,5.5248618784530384E-3,47
2026-04-17,1000000091,1000000045,3,181,1.6574585635359115E-2,2
2026-04-17,1000000091,1000000064,4,181,2.2099447513812154E-2,13
2026-04-17,1000000091,1000000085,2,181,1.1049723756906077E-2,38
2026-04-17,1000000091,1000000086,2,181,1.1049723756906077E-2,14
2026-04-17,1000000091,1000000087,2,181,1.1049723756906077E-2,24.5
2026-04-17,1000000091,1000000089,1,181,5.5248618784530384E-3,0
2026-04-17,1000000091,1000000090,3,181,1.6574585635359115E-2,4.333333333333333
2026-04-17,1000000091,1000000091,10,181,5.5248618784530384E-2,8.2
2026-04-17,1000000091,1000000092,2,181,1.1049723756906077E-2,10
2026-04-17,1000000091,1000000093,2,181,1.1049723756906077E-2,9
2026-04-17,1000000091,1000000094,2,181,1.1049723756906077E-2,0
2026-04-17,1000000091,1000000111,1,181,5.5248618784530384E-3,4
2026-04-17,1000000092,1000000028,1,149,6.711409395973154E-3,12
2026-04-17,1000000092,1000000064,3,149,2.0134228187919462E-2,14
2026-04-17,1000000092,1000000084,1,149,6.711409395973154E-3,0
2026-04-17,1000000092,1000000085,2,149,1.3422818791946308E-2,0
2026-04-17,1000000092,1000000087,2,149,1.3422818791946308E-2,1
2026-04-17,1000000092,1000000088,1,149,6.711409395973154E-3,0
2026-04-17,1000000092,1000000090,3,149,2.0134228187919462E-2,1
2026-04-17,1000000092,1000000091,3,149,2.0134228187919462E-2,9.333333333333334
2026-04-17,1000000092,1000000092,8,149,5.3691275167785234E-2,8.875
2026-04-17,1000000092,1000000093,1,149,6.711409395973154E-3,6
2026-04-17,1000000092,1000000111,1,149,6.711409395973154E-3,0
2026-04-17,1000000093,1000000044,2,715,2.797202797202797E-3,49.5
2026-04-17,1000000093,1000000045,2,715,2.797202797202797E-3,8
2026-04-17,1000000093,1000000062,4,715,5.594405594405594E-3,50.75
2026-04-17,1000000093,1000000064,9,715,1.2587412587412588E-2,9
2026-04-17,1000000093,1000000084,1,715,1.3986013986013986E-3,3
2026-04-17,1000000093,1000000085,2,715,2.797202797202797E-3,0
2026-04-17,1000000093,1000000086,1,715,1.3986013986013986E-3,6
2026-04-17,1000000093,1000000087,4,715,5.594405594405594E-3,3.5
2026-04-17,1000000093,1000000088,1,715,1.3986013986013986E-3,62
2026-04-17,1000000093,1000000090,1,715,1.3986013986013986E-3,0
2026-04-17,1000000093,1000000091,2,715,2.797202797202797E-3,0
2026-04-17,1000000093,1000000093,77,715,1.076923076923077E-1,6.025974025974026
2026-04-17,1000000093,1000000094,3,715,4.195804195804196E-3,0
2026-04-17,1000000093,1000000108,6,715,8.391608391608392E-3,24.333333333333332
2026-04-17,1000000093,1000000110,2,715,2.797202797202797E-3,0
2026-04-17,1000000093,1000000111,7,715,9.790209790209791E-3,7.142857142857143E-1
2026-04-17,1000000093,1000000112,2,715,2.797202797202797E-3,2
2026-04-17,1000000093,1000000113,1,715,1.3986013986013986E-3,14
2026-04-17,1000000094,1000000035,1,186,5.376344086021506E-3,0
2026-04-17,1000000094,1000000044,1,186,5.376344086021506E-3,13
2026-04-17,1000000094,1000000064,1,186,5.376344086021506E-3,5
2026-04-17,1000000094,1000000084,1,186,5.376344086021506E-3,30
2026-04-17,1000000094,1000000086,1,186,5.376344086021506E-3,73
2026-04-17,1000000094,1000000088,1,186,5.376344086021506E-3,16
2026-04-17,1000000094,1000000089,1,186,5.376344086021506E-3,36
2026-04-17,1000000094,1000000090,1,186,5.376344086021506E-3,25
2026-04-17,1000000094,1000000091,2,186,1.0752688172043012E-2,2.5
2026-04-17,1000000094,1000000092,1,186,5.376344086021506E-3,18
2026-04-17,1000000094,1000000093,2,186,1.0752688172043012E-2,0
2026-04-17,1000000094,1000000094,18,186,9.67741935483871E-2,14.833333333333334
2026-04-17,1000000094,1000000108,3,186,1.6129032258064516E-2,4.333333333333333
2026-04-17,1000000094,1000000110,2,186,1.0752688172043012E-2,1
2026-04-17,1000000094,1000000111,4,186,2.1505376344086023E-2,34.25
2026-04-17,1000000108,1000000035,1,246,4.0650406504065045E-3,15
2026-04-17,1000000108,1000000042,1,246,4.0650406504065045E-3,83
2026-04-17,1000000108,1000000043,1,246,4.0650406504065045E-3,0
2026-04-17,1000000108,1000000044,1,246,4.0650406504065045E-3,82
2026-04-17,1000000108,1000000045,3,246,1.2195121951219513E-2,0
2026-04-17,1000000108,1000000064,2,246,8.130081300813009E-3,43
2026-04-17,1000000108,1000000071,1,246,4.0650406504065045E-3,12
2026-04-17,1000000108,1000000083,1,246,4.0650406504065045E-3,0
2026-04-17,1000000108,1000000084,1,246,4.0650406504065045E-3,0
2026-04-17,1000000108,1000000087,1,246,4.0650406504065045E-3,0
2026-04-17,1000000108,1000000091,1,246,4.0650406504065045E-3,0
2026-04-17,1000000108,1000000092,2,246,8.130081300813009E-3,21
2026-04-17,1000000108,1000000093,7,246,2.8455284552845527E-2,9.142857142857142
2026-04-17,1000000108,1000000094,3,246,1.2195121951219513E-2,5.666666666666667
2026-04-17,1000000108,1000000108,24,246,9.75609756097561E-2,9.083333333333334
2026-04-17,1000000108,1000000111,1,246,4.0650406504065045E-3,0
2026-04-17,1000000108,1000000112,1,246,4.0650406504065045E-3,38
2026-04-17,1000000108,1000000127,1,246,4.0650406504065045E-3,0
2026-04-17,1000000110,1000000027,1,73,1.36986301369863E-2,39
2026-04-17,1000000110,1000000083,1,73,1.36986301369863E-2,2
2026-04-17,1000000110,1000000093,1,73,1.36986301369863E-2,0
2026-04-17,1000000110,1000000094,1,73,1.36986301369863E-2,0
2026-04-17,1000000110,1000000108,1,73,1.36986301369863E-2,0
2026-04-17,1000000110,1000000110,6,73,8.21917808219178E-2,3
2026-04-17,1000000110,1000000112,1,73,1.36986301369863E-2,0
2026-04-17,1000000111,1000000045,1,337,2.967359050445104E-3,14
2026-04-17,1000000111,1000000062,2,337,5.934718100890208E-3,1.5
2026-04-17,1000000111,1000000064,8,337,2.373887240356083E-2,16.5
2026-04-17,1000000111,1000000066,1,337,2.967359050445104E-3,0
2026-04-17,1000000111,1000000085,1,337,2.967359050445104E-3,0
2026-04-17,1000000111,1000000086,1,337,2.967359050445104E-3,73
2026-04-17,1000000111,1000000087,1,337,2.967359050445104E-3,3
2026-04-17,1000000111,1000000088,2,337,5.934718100890208E-3,31
2026-04-17,1000000111,1000000091,2,337,5.934718100890208E-3,15
2026-04-17,1000000111,1000000092,1,337,2.967359050445104E-3,0
2026-04-17,1000000111,1000000093,10,337,2.967359050445104E-2,10.1
2026-04-17,1000000111,1000000094,1,337,2.967359050445104E-3,0
2026-04-17,1000000111,1000000108,1,337,2.967359050445104E-3,0
2026-04-17,1000000111,1000000110,2,337,5.934718100890208E-3,1
2026-04-17,1000000111,1000000111,34,337,1.0089020771513353E-1,7.323529411764706
2026-04-17,1000000111,1000000112,1,337,2.967359050445104E-3,0
2026-04-17,1000000111,1000000113,1,337,2.967359050445104E-3,0
2026-04-17,1000000111,1000000156,1,337,2.967359050445104E-3,41
2026-04-17,1000000112,1000000042,1,95,1.0526315789473684E-2,1
2026-04-17,1000000112,1000000043,1,95,1.0526315789473684E-2,66
2026-04-17,1000000112,1000000044,1,95,1.0526315789473684E-2,82
2026-04-17,1000000112,1000000045,1,95,1.0526315789473684E-2,0
2026-04-17,1000000112,1000000064,2,95,2.1052631578947368E-2,54.5
2026-04-17,1000000112,1000000072,1,95,1.0526315789473684E-2,1
2026-04-17,1000000112,1000000086,1,95,1.0526315789473684E-2,0
2026-04-17,1000000112,1000000088,2,95,2.1052631578947368E-2,2
2026-04-17,1000000112,1000000089,1,95,1.0526315789473684E-2,0
2026-04-17,1000000112,1000000093,1,95,1.0526315789473684E-2,0
2026-04-17,1000000112,1000000110,1,95,1.0526315789473684E-2,0
2026-04-17,1000000112,1000000112,3,95,3.1578947368421054E-2,0
2026-04-17,1000000113,1000000044,1,102,9.80392156862745E-3,0
2026-04-17,1000000113,1000000045,2,102,1.96078431372549E-2,3
2026-04-17,1000000113,1000000063,2,102,1.96078431372549E-2,3
2026-04-17,1000000113,1000000064,3,102,2.9411764705882353E-2,11.666666666666666
2026-04-17,1000000113,1000000085,1,102,9.80392156862745E-3,14
2026-04-17,1000000113,1000000111,2,102,1.96078431372549E-2,5.0E-1
2026-04-17,1000000113,1000000113,8,102,7.84313725490196E-2,7.25
2026-04-17,1000000113,1000000127,1,102,9.80392156862745E-3,0
2026-04-17,1000000121,1000000035,1,184,5.434782608695652E-3,52
2026-04-17,1000000121,1000000042,2,184,1.0869565217391304E-2,39.5
2026-04-17,1000000121,1000000043,1,184,5.434782608695652E-3,16
2026-04-17,1000000121,1000000044,1,184,5.434782608695652E-3,13
2026-04-17,1000000121,1000000064,2,184,1.0869565217391304E-2,5.5
2026-04-17,1000000121,1000000070,1,184,5.434782608695652E-3,8
2026-04-17,1000000121,1000000086,2,184,1.0869565217391304E-2,35.5
2026-04-17,1000000121,1000000087,1,184,5.434782608695652E-3,0
2026-04-17,1000000121,1000000093,1,184,5.434782608695652E-3,24
2026-04-17,1000000121,1000000111,1,184,5.434782608695652E-3,6
2026-04-17,1000000121,1000000121,17,184,9.239130434782608E-2,8.588235294117647
2026-04-17,1000000127,1000000045,2,245,8.16326530612245E-3,0
2026-04-17,1000000127,1000000062,2,245,8.16326530612245E-3,0
2026-04-17,1000000127,1000000063,1,245,4.081632653061225E-3,0
2026-04-17,1000000127,1000000064,14,245,5.714285714285714E-2,23.285714285714285
2026-04-17,1000000127,1000000084,1,245,4.081632653061225E-3,73
2026-04-17,1000000127,1000000086,2,245,8.16326530612245E-3,18
2026-04-17,1000000127,1000000090,1,245,4.081632653061225E-3,41
2026-04-17,1000000127,1000000091,1,245,4.081632653061225E-3,0
2026-04-17,1000000127,1000000093,1,245,4.081632653061225E-3,14
2026-04-17,1000000127,1000000108,1,245,4.081632653061225E-3,0
2026-04-17,1000000127,1000000111,1,245,4.081632653061225E-3,0
2026-04-17,1000000127,1000000113,1,245,4.081632653061225E-3,0
2026-04-17,1000000127,1000000127,2,245,8.16326530612245E-3,6
2026-04-17,1000000128,1000000027,1,62,1.6129032258064516E-2,39
2026-04-17,1000000128,1000000042,1,62,1.6129032258064516E-2,24
2026-04-17,1000000128,1000000043,1,62,1.6129032258064516E-2,4
2026-04-17,1000000128,1000000045,1,62,1.6129032258064516E-2,90
2026-04-17,1000000128,1000000064,1,62,1.6129032258064516E-2,11
2026-04-17,1000000128,1000000087,1,62,1.6129032258064516E-2,0
2026-04-17,1000000128,1000000093,1,62,1.6129032258064516E-2,14
2026-04-17,1000000128,1000000111,1,62,1.6129032258064516E-2,0
2026-04-17,1000000128,1000000143,1,62,1.6129032258064516E-2,2
2026-04-17,1000000142,1000000035,2,36,5.555555555555555E-2,39
2026-04-17,1000000142,1000000043,1,36,2.7777777777777776E-2,21
2026-04-17,1000000142,1000000045,1,36,2.7777777777777776E-2,90
2026-04-17,1000000142,1000000064,1,36,2.7777777777777776E-2,0
2026-04-17,1000000142,1000000088,1,36,2.7777777777777776E-2,0
2026-04-17,1000000142,1000000108,1,36,2.7777777777777776E-2,1
2026-04-17,1000000143,1000000042,2,26,7.692307692307693E-2,20.5
2026-04-17,1000000143,1000000043,1,26,3.8461538461538464E-2,22
2026-04-17,1000000143,1000000088,1,26,3.8461538461538464E-2,0
2026-04-17,1000000143,1000000091,1,26,3.8461538461538464E-2,1
2026-04-17,1000000153,1000000042,1,55,1.818181818181818E-2,0
2026-04-17,1000000153,1000000045,1,55,1.818181818181818E-2,0
2026-04-17,1000000153,1000000062,1,55,1.818181818181818E-2,0
2026-04-17,1000000153,1000000153,3,55,5.454545454545454E-2,29.333333333333332
2026-04-17,1000000153,1000000156,2,55,3.636363636363636E-2,7.5
2026-04-17,1000000154,1000000045,1,38,2.631578947368421E-2,51
2026-04-17,1000000154,1000000153,1,38,2.631578947368421E-2,28
2026-04-17,1000000154,1000000154,4,38,1.0526315789473684E-1,28
2026-04-17,1000000156,1000000042,1,71,1.4084507042253521E-2,0
2026-04-17,1000000156,1000000044,1,71,1.4084507042253521E-2,0
2026-04-17,1000000156,1000000064,1,71,1.4084507042253521E-2,63
2026-04-17,1000000156,1000000153,1,71,1.4084507042253521E-2,0
2026-04-17,1000000156,1000000156,10,71,1.4084507042253522E-1,18.7
2026-04-18,1000000027,1000000027,2,17,1.1764705882352941E-1,63.5
2026-04-18,1000000027,1000000043,1,17,5.8823529411764705E-2,30
2026-04-18,1000000027,1000000062,1,17,5.8823529411764705E-2,0
2026-04-18,1000000028,1000000028,1,15,6.666666666666667E-2,11
2026-04-18,1000000028,1000000071,1,15,6.666666666666667E-2,17
2026-04-18,1000000033,1000000033,3,47,6.382978723404255E-2,40
2026-04-18,1000000033,1000000042,1,47,2.127659574468085E-2,0
2026-04-18,1000000033,1000000043,1,47,2.127659574468085E-2,54
2026-04-18,1000000033,1000000045,2,47,4.25531914893617E-2,3
2026-04-18,1000000033,1000000128,1,47,2.127659574468085E-2,32
2026-04-18,1000000035,1000000033,2,77,2.5974025974025976E-2,32.5
2026-04-18,1000000035,1000000035,1,77,1.2987012987012988E-2,19
2026-04-18,1000000035,1000000042,2,77,2.5974025974025976E-2,37
2026-04-18,1000000035,1000000043,1,77,1.2987012987012988E-2,0
2026-04-18,1000000035,1000000063,1,77,1.2987012987012988E-2,8
2026-04-18,1000000035,1000000064,1,77,1.2987012987012988E-2,28
2026-04-18,1000000035,1000000083,1,77,1.2987012987012988E-2,24
2026-04-18,1000000035,1000000084,1,77,1.2987012987012988E-2,18
2026-04-18,1000000035,1000000087,1,77,1.2987012987012988E-2,20
2026-04-18,1000000035,1000000089,1,77,1.2987012987012988E-2,9
2026-04-18,1000000035,1000000094,1,77,1.2987012987012988E-2,0
2026-04-18,1000000035,1000000121,2,77,2.5974025974025976E-2,36.5
2026-04-18,1000000035,1000000156,1,77,1.2987012987012988E-2,56
2026-04-18,1000000042,1000000027,2,190,1.0526315789473684E-2,19.5
2026-04-18,1000000042,1000000033,1,190,5.263157894736842E-3,0
2026-04-18,1000000042,1000000035,1,190,5.263157894736842E-3,78
2026-04-18,1000000042,1000000042,21,190,1.1052631578947368E-1,30.428571428571427
2026-04-18,1000000042,1000000043,4,190,2.1052631578947368E-2,10.75
2026-04-18,1000000042,1000000044,1,190,5.263157894736842E-3,13
2026-04-18,1000000042,1000000045,4,190,2.1052631578947368E-2,31.5
2026-04-18,1000000042,1000000063,1,190,5.263157894736842E-3,1
2026-04-18,1000000042,1000000064,4,190,2.1052631578947368E-2,28.75
2026-04-18,1000000042,1000000065,1,190,5.263157894736842E-3,0
2026-04-18,1000000042,1000000084,1,190,5.263157894736842E-3,8
2026-04-18,1000000042,1000000087,1,190,5.263157894736842E-3,1
2026-04-18,1000000042,1000000088,1,190,5.263157894736842E-3,0
2026-04-18,1000000042,1000000121,3,190,1.5789473684210527E-2,16
2026-04-18,1000000042,1000000153,1,190,5.263157894736842E-3,0
2026-04-18,1000000043,1000000033,1,197,5.076142131979695E-3,33
2026-04-18,1000000043,1000000042,9,197,4.568527918781726E-2,20.555555555555557
2026-04-18,1000000043,1000000043,13,197,6.598984771573604E-2,19.23076923076923
2026-04-18,1000000043,1000000044,5,197,2.5380710659898477E-2,9.8
2026-04-18,1000000043,1000000045,3,197,1.5228426395939087E-2,2.3333333333333335
2026-04-18,1000000043,1000000062,1,197,5.076142131979695E-3,35
2026-04-18,1000000043,1000000064,2,197,1.015228426395939E-2,31.5
2026-04-18,1000000043,1000000084,1,197,5.076142131979695E-3,73
2026-04-18,1000000043,1000000087,2,197,1.015228426395939E-2,10.5
2026-04-18,1000000043,1000000108,2,197,1.015228426395939E-2,1.5
2026-04-18,1000000043,1000000111,1,197,5.076142131979695E-3,29
2026-04-18,1000000043,1000000121,2,197,1.015228426395939E-2,11
2026-04-18,1000000043,1000000153,1,197,5.076142131979695E-3,0
2026-04-18,1000000044,1000000027,1,145,6.896551724137931E-3,39
2026-04-18,1000000044,1000000033,1,145,6.896551724137931E-3,46
2026-04-18,1000000044,1000000042,7,145,4.827586206896552E-2,27.428571428571427
2026-04-18,1000000044,1000000043,3,145,2.0689655172413793E-2,10.333333333333334
2026-04-18,1000000044,1000000044,5,145,3.4482758620689655E-2,19.2
2026-04-18,1000000044,1000000045,2,145,1.3793103448275862E-2,32.5
2026-04-18,1000000044,1000000062,1,145,6.896551724137931E-3,0
2026-04-18,1000000044,1000000070,1,145,6.896551724137931E-3,8
2026-04-18,1000000044,1000000084,1,145,6.896551724137931E-3,18
2026-04-18,1000000044,1000000085,1,145,6.896551724137931E-3,45
2026-04-18,1000000044,1000000088,1,145,6.896551724137931E-3,16
2026-04-18,1000000044,1000000113,1,145,6.896551724137931E-3,0
2026-04-18,1000000044,1000000121,2,145,1.3793103448275862E-2,21.5
2026-04-18,1000000044,1000000156,1,145,6.896551724137931E-3,0
2026-04-18,1000000045,1000000027,1,308,3.246753246753247E-3,39
2026-04-18,1000000045,1000000033,2,308,6.493506493506494E-3,23
2026-04-18,1000000045,1000000035,1,308,3.246753246753247E-3,27
2026-04-18,1000000045,1000000042,10,308,3.2467532467532464E-2,18.5
2026-04-18,1000000045,1000000043,5,308,1.6233766233766232E-2,6.8
2026-04-18,1000000045,1000000044,1,308,3.246753246753247E-3,0
2026-04-18,1000000045,1000000045,19,308,6.168831168831169E-2,19.63157894736842
2026-04-18,1000000045,1000000063,1,308,3.246753246753247E-3,2
2026-04-18,1000000045,1000000064,7,308,2.2727272727272728E-2,21.857142857142858
2026-04-18,1000000045,1000000085,1,308,3.246753246753247E-3,0
2026-04-18,1000000045,1000000086,1,308,3.246753246753247E-3,56
2026-04-18,1000000045,1000000091,2,308,6.493506493506494E-3,5.0E-1
2026-04-18,1000000045,1000000108,3,308,9.74025974025974E-3,18.666666666666668
2026-04-18,1000000045,1000000113,1,308,3.246753246753247E-3,0
2026-04-18,1000000045,1000000121,2,308,6.493506493506494E-3,6.5
2026-04-18,1000000045,1000000153,2,308,6.493506493506494E-3,0
2026-04-18,1000000045,1000000156,2,308,6.493506493506494E-3,21
2026-04-18,1000000062,1000000027,1,239,4.1841004184100415E-3,0
2026-04-18,1000000062,1000000028,1,239,4.1841004184100415E-3,7
2026-04-18,1000000062,1000000042,2,239,8.368200836820083E-3,51
2026-04-18,1000000062,1000000045,3,239,1.2552301255230125E-2,32
2026-04-18,1000000062,1000000062,7,239,2.9288702928870293E-2,12.285714285714286
2026-04-18,1000000062,1000000064,7,239,2.9288702928870293E-2,24.571428571428573
2026-04-18,1000000062,1000000065,1,239,4.1841004184100415E-3,12
2026-04-18,1000000062,1000000087,1,239,4.1841004184100415E-3,71
2026-04-18,1000000062,1000000093,1,239,4.1841004184100415E-3,22
2026-04-18,1000000062,1000000111,1,239,4.1841004184100415E-3,37
2026-04-18,1000000062,1000000121,1,239,4.1841004184100415E-3,1
2026-04-18,1000000062,1000000153,1,239,4.1841004184100415E-3,0
2026-04-18,1000000063,1000000042,4,297,1.3468013468013467E-2,39.75
2026-04-18,1000000063,1000000043,3,297,1.0101010101010102E-2,1.3333333333333333
2026-04-18,1000000063,1000000044,3,297,1.0101010101010102E-2,32
2026-04-18,1000000063,1000000045,1,297,3.367003367003367E-3,6
2026-04-18,1000000063,1000000062,6,297,2.0202020202020204E-2,17.333333333333332
2026-04-18,1000000063,1000000063,12,297,4.040404040404041E-2,20.166666666666668
2026-04-18,1000000063,1000000064,10,297,3.367003367003367E-2,25.2
2026-04-18,1000000063,1000000069,1,297,3.367003367003367E-3,9
2026-04-18,1000000063,1000000087,3,297,1.0101010101010102E-2,16
2026-04-18,1000000063,1000000088,1,297,3.367003367003367E-3,0
2026-04-18,1000000063,1000000090,2,297,6.734006734006734E-3,20.5
2026-04-18,1000000063,1000000092,1,297,3.367003367003367E-3,1
2026-04-18,1000000063,1000000093,2,297,6.734006734006734E-3,48.5
2026-04-18,1000000063,1000000108,2,297,6.734006734006734E-3,28
2026-04-18,1000000063,1000000127,1,297,3.367003367003367E-3,0
2026-04-18,1000000064,1000000033,2,1664,1.201923076923077E-3,27
2026-04-18,1000000064,1000000035,1,1664,6.009615384615385E-4,46
2026-04-18,1000000064,1000000042,13,1664,7.8125E-3,19.53846153846154
2026-04-18,1000000064,1000000043,9,1664,5.408653846153846E-3,17
2026-04-18,1000000064,1000000044,5,1664,3.0048076923076925E-3,4
2026-04-18,1000000064,1000000045,6,1664,3.605769230769231E-3,21.333333333333332
2026-04-18,1000000064,1000000062,3,1664,1.8028846153846155E-3,23.333333333333332
2026-04-18,1000000064,1000000063,9,1664,5.408653846153846E-3,20.444444444444443
2026-04-18,1000000064,1000000064,140,1664,8.413461538461539E-2,14.571428571428571
2026-04-18,1000000064,1000000069,1,1664,6.009615384615385E-4,0
2026-04-18,1000000064,1000000083,1,1664,6.009615384615385E-4,0
2026-04-18,1000000064,1000000084,3,1664,1.8028846153846155E-3,47.666666666666664
2026-04-18,1000000064,1000000085,4,1664,2.403846153846154E-3,17.5
2026-04-18,1000000064,1000000086,2,1664,1.201923076923077E-3,48.5
2026-04-18,1000000064,1000000088,3,1664,1.8028846153846155E-3,15
2026-04-18,1000000064,1000000090,1,1664,6.009615384615385E-4,3
2026-04-18,1000000064,1000000091,5,1664,3.0048076923076925E-3,7.8
2026-04-18,1000000064,1000000092,2,1664,1.201923076923077E-3,24.5
2026-04-18,1000000064,1000000093,8,1664,4.807692307692308E-3,9.625
2026-04-18,1000000064,1000000094,2,1664,1.201923076923077E-3,15
2026-04-18,1000000064,1000000108,2,1664,1.201923076923077E-3,0
2026-04-18,1000000064,1000000111,2,1664,1.201923076923077E-3,10
2026-04-18,1000000064,1000000113,2,1664,1.201923076923077E-3,5.0E-1
2026-04-18,1000000064,1000000121,2,1664,1.201923076923077E-3,6.5
2026-04-18,1000000064,1000000127,3,1664,1.8028846153846155E-3,0
2026-04-18,1000000064,1000000128,1,1664,6.009615384615385E-4,24
2026-04-18,1000000064,1000000142,2,1664,1.201923076923077E-3,2
2026-04-18,1000000064,1000000153,2,1664,1.201923076923077E-3,0
2026-04-18,1000000064,1000000156,3,1664,1.8028846153846155E-3,32.666666666666664
2026-04-18,1000000065,1000000027,1,48,2.0833333333333332E-2,39
2026-04-18,1000000065,1000000035,1,48,2.0833333333333332E-2,19
2026-04-18,1000000065,1000000042,2,48,4.1666666666666664E-2,8
2026-04-18,1000000065,1000000043,2,48,4.1666666666666664E-2,11
2026-04-18,1000000065,1000000045,1,48,2.0833333333333332E-2,90
2026-04-18,1000000065,1000000065,1,48,2.0833333333333332E-2,20
2026-04-18,1000000065,1000000111,1,48,2.0833333333333332E-2,6
2026-04-18,1000000066,1000000042,1,90,1.1111111111111112E-2,24
2026-04-18,1000000066,1000000043,3,90,3.333333333333333E-2,45.666666666666664
2026-04-18,1000000066,1000000044,3,90,3.333333333333333E-2,6.666666666666667
2026-04-18,1000000066,1000000062,1,90,1.1111111111111112E-2,43
2026-04-18,1000000066,1000000063,1,90,1.1111111111111112E-2,23
2026-04-18,1000000066,1000000064,2,90,2.2222222222222223E-2,5.5
2026-04-18,1000000066,1000000065,1,90,1.1111111111111112E-2,20
2026-04-18,1000000066,1000000066,1,90,1.1111111111111112E-2,0
2026-04-18,1000000066,1000000084,1,90,1.1111111111111112E-2,18
2026-04-18,1000000066,1000000087,1,90,1.1111111111111112E-2,1
2026-04-18,1000000066,1000000111,1,90,1.1111111111111112E-2,0
2026-04-18,1000000069,1000000028,1,101,9.900990099009901E-3,12
2026-04-18,1000000069,1000000042,2,101,1.9801980198019802E-2,20
2026-04-18,1000000069,1000000043,1,101,9.900990099009901E-3,0
2026-04-18,1000000069,1000000044,1,101,9.900990099009901E-3,36
2026-04-18,1000000069,1000000045,1,101,9.900990099009901E-3,15
2026-04-18,1000000069,1000000064,2,101,1.9801980198019802E-2,41
2026-04-18,1000000069,1000000069,1,101,9.900990099009901E-3,9
2026-04-18,1000000069,1000000086,1,101,9.900990099009901E-3,0
2026-04-18,1000000069,1000000091,1,101,9.900990099009901E-3,0
2026-04-18,1000000069,1000000121,1,101,9.900990099009901E-3,12
2026-04-18,1000000069,1000000154,1,101,9.900990099009901E-3,36
2026-04-18,1000000070,1000000044,1,23,4.3478260869565216E-2,20
2026-04-18,1000000070,1000000062,1,23,4.3478260869565216E-2,53
2026-04-18,1000000070,1000000064,1,23,4.3478260869565216E-2,4
2026-04-18,1000000070,1000000070,1,23,4.3478260869565216E-2,8
2026-04-18,1000000071,1000000042,1,37,2.702702702702703E-2,9
2026-04-18,1000000071,1000000043,1,37,2.702702702702703E-2,21
2026-04-18,1000000071,1000000064,1,37,2.702702702702703E-2,33
2026-04-18,1000000071,1000000065,1,37,2.702702702702703E-2,12
2026-04-18,1000000071,1000000108,1,37,2.702702702702703E-2,0
2026-04-18,1000000071,1000000121,1,37,2.702702702702703E-2,21
2026-04-18,1000000083,1000000028,1,77,1.2987012987012988E-2,18
2026-04-18,1000000083,1000000035,1,77,1.2987012987012988E-2,19
2026-04-18,1000000083,1000000042,4,77,5.194805194805195E-2,26
2026-04-18,1000000083,1000000044,1,77,1.2987012987012988E-2,13
2026-04-18,1000000083,1000000045,1,77,1.2987012987012988E-2,0
2026-04-18,1000000083,1000000064,3,77,3.896103896103896E-2,26.333333333333332
2026-04-18,1000000083,1000000069,1,77,1.2987012987012988E-2,9
2026-04-18,1000000083,1000000083,1,77,1.2987012987012988E-2,43
2026-04-18,1000000083,1000000087,1,77,1.2987012987012988E-2,20
2026-04-18,1000000083,1000000094,1,77,1.2987012987012988E-2,0
2026-04-18,1000000083,1000000108,1,77,1.2987012987012988E-2,0
2026-04-18,1000000083,1000000121,1,77,1.2987012987012988E-2,1
2026-04-18,1000000083,1000000127,1,77,1.2987012987012988E-2,0
2026-04-18,1000000084,1000000044,1,149,6.711409395973154E-3,17
2026-04-18,1000000084,1000000064,2,149,1.3422818791946308E-2,25.5
2026-04-18,1000000084,1000000083,1,149,6.711409395973154E-3,1
2026-04-18,1000000084,1000000084,4,149,2.6845637583892617E-2,2.5
2026-04-18,1000000084,1000000087,1,149,6.711409395973154E-3,0
2026-04-18,1000000084,1000000088,2,149,1.3422818791946308E-2,3.5
2026-04-18,1000000084,1000000092,1,149,6.711409395973154E-3,0
2026-04-18,1000000084,1000000093,2,149,1.3422818791946308E-2,41
2026-04-18,1000000084,1000000108,2,149,1.3422818791946308E-2,0
2026-04-18,1000000084,1000000110,2,149,1.3422818791946308E-2,1
2026-04-18,1000000085,1000000033,1,321,3.115264797507788E-3,4
2026-04-18,1000000085,1000000035,1,321,3.115264797507788E-3,47
2026-04-18,1000000085,1000000042,1,321,3.115264797507788E-3,27
2026-04-18,1000000085,1000000045,2,321,6.230529595015576E-3,0
2026-04-18,1000000085,1000000064,2,321,6.230529595015576E-3,0
2026-04-18,1000000085,1000000084,4,321,1.2461059190031152E-2,23.5
2026-04-18,1000000085,1000000085,18,321,5.6074766355140186E-2,9.444444444444445
2026-04-18,1000000085,1000000086,9,321,2.8037383177570093E-2,7.777777777777778
2026-04-18,1000000085,1000000087,7,321,2.1806853582554516E-2,4.142857142857143
2026-04-18,1000000085,1000000088,8,321,2.4922118380062305E-2,6.25E-1
2026-04-18,1000000085,1000000089,1,321,3.115264797507788E-3,36
2026-04-18,1000000085,1000000090,2,321,6.230529595015576E-3,1.5
2026-04-18,1000000085,1000000091,2,321,6.230529595015576E-3,33.5
2026-04-18,1000000085,1000000092,3,321,9.345794392523364E-3,3.333333333333333E-1
2026-04-18,1000000085,1000000093,1,321,3.115264797507788E-3,0
2026-04-18,1000000085,1000000108,2,321,6.230529595015576E-3,5.0E-1
2026-04-18,1000000085,1000000111,1,321,3.115264797507788E-3,0
2026-04-18,1000000085,1000000127,1,321,3.115264797507788E-3,0
2026-04-18,1000000085,1000000153,1,321,3.115264797507788E-3,1
2026-04-18,1000000086,1000000045,1,199,5.025125628140704E-3,6
2026-04-18,1000000086,1000000063,1,199,5.025125628140704E-3,60
2026-04-18,1000000086,1000000064,2,199,1.0050251256281407E-2,12
2026-04-18,1000000086,1000000084,4,199,2.0100502512562814E-2,21.25
2026-04-18,1000000086,1000000085,12,199,6.030150753768844E-2,12.916666666666666
2026-04-18,1000000086,1000000086,21,199,1.0552763819095477E-1,11.19047619047619
2026-04-18,1000000086,1000000087,8,199,4.020100502512563E-2,12.125
2026-04-18,1000000086,1000000088,6,199,3.015075376884422E-2,0
2026-04-18,1000000086,1000000089,2,199,1.0050251256281407E-2,35
2026-04-18,1000000086,1000000090,1,199,5.025125628140704E-3,0
2026-04-18,1000000086,1000000113,1,199,5.025125628140704E-3,0
2026-04-18,1000000087,1000000033,1,455,2.197802197802198E-3,22
2026-04-18,1000000087,1000000035,2,455,4.395604395604396E-3,53.5
2026-04-18,1000000087,1000000043,2,455,4.395604395604396E-3,1
2026-04-18,1000000087,1000000044,1,455,2.197802197802198E-3,5
2026-04-18,1000000087,1000000064,6,455,1.3186813186813187E-2,34.666666666666664
2026-04-18,1000000087,1000000084,3,455,6.593406593406593E-3,9.333333333333334
2026-04-18,1000000087,1000000085,9,455,1.978021978021978E-2,9.222222222222221
2026-04-18,1000000087,1000000086,7,455,1.5384615384615385E-2,9.714285714285714
2026-04-18,1000000087,1000000087,30,455,6.593406593406594E-2,16.6
2026-04-18,1000000087,1000000088,14,455,3.076923076923077E-2,9.857142857142858
2026-04-18,1000000087,1000000092,2,455,4.395604395604396E-3,42
2026-04-18,1000000087,1000000093,3,455,6.593406593406593E-3,3
2026-04-18,1000000087,1000000094,1,455,2.197802197802198E-3,0
2026-04-18,1000000087,1000000143,1,455,2.197802197802198E-3,2
2026-04-18,1000000088,1000000035,1,351,2.849002849002849E-3,75
2026-04-18,1000000088,1000000063,1,351,2.849002849002849E-3,0
2026-04-18,1000000088,1000000064,8,351,2.2792022792022793E-2,25.625
2026-04-18,1000000088,1000000083,1,351,2.849002849002849E-3,80
2026-04-18,1000000088,1000000084,1,351,2.849002849002849E-3,52
2026-04-18,1000000088,1000000085,7,351,1.9943019943019943E-2,0
2026-04-18,1000000088,1000000086,8,351,2.2792022792022793E-2,9.5
2026-04-18,1000000088,1000000087,10,351,2.849002849002849E-2,4.1
2026-04-18,1000000088,1000000088,36,351,1.0256410256410256E-1,9
2026-04-18,1000000088,1000000089,2,351,5.698005698005698E-3,4.5
2026-04-18,1000000088,1000000090,1,351,2.849002849002849E-3,0
2026-04-18,1000000088,1000000092,1,351,2.849002849002849E-3,0
2026-04-18,1000000088,1000000094,2,351,5.698005698005698E-3,37
2026-04-18,1000000088,1000000112,2,351,5.698005698005698E-3,5.0E-1
2026-04-18,1000000088,1000000121,1,351,2.849002849002849E-3,13
2026-04-18,1000000088,1000000142,2,351,5.698005698005698E-3,4.5
2026-04-18,1000000089,1000000086,1,49,2.040816326530612E-2,0
2026-04-18,1000000089,1000000087,3,49,6.1224489795918366E-2,3.333333333333333E-1
2026-04-18,1000000089,1000000088,3,49,6.1224489795918366E-2,27
2026-04-18,1000000089,1000000089,4,49,8.163265306122448E-2,8.75
2026-04-18,1000000089,1000000091,1,49,2.040816326530612E-2,0
2026-04-18,1000000089,1000000111,1,49,2.040816326530612E-2,32
2026-04-18,1000000089,1000000112,2,49,4.081632653061224E-2,0
2026-04-18,1000000090,1000000028,1,128,7.8125E-3,12
2026-04-18,1000000090,1000000063,1,128,7.8125E-3,0
2026-04-18,1000000090,1000000064,1,128,7.8125E-3,76
2026-04-18,1000000090,1000000085,1,128,7.8125E-3,0
2026-04-18,1000000090,1000000090,3,128,2.34375E-2,2
2026-04-18,1000000090,1000000091,1,128,7.8125E-3,4
2026-04-18,1000000090,1000000092,1,128,7.8125E-3,0
2026-04-18,1000000090,1000000093,1,128,7.8125E-3,0
2026-04-18,1000000090,1000000094,1,128,7.8125E-3,0
2026-04-18,1000000090,1000000111,1,128,7.8125E-3,2
2026-04-18,1000000091,1000000028,1,181,5.5248618784530384E-3,12
2026-04-18,1000000091,1000000035,1,181,5.5248618784530384E-3,47
2026-04-18,1000000091,1000000045,3,181,1.6574585635359115E-2,2
2026-04-18,1000000091,1000000064,4,181,2.2099447513812154E-2,13
2026-04-18,1000000091,1000000085,2,181,1.1049723756906077E-2,38
2026-04-18,1000000091,1000000086,2,181,1.1049723756906077E-2,14
2026-04-18,1000000091,1000000087,2,181,1.1049723756906077E-2,24.5
2026-04-18,1000000091,1000000089,1,181,5.5248618784530384E-3,0
2026-04-18,1000000091,1000000090,3,181,1.6574585635359115E-2,4.333333333333333
2026-04-18,1000000091,1000000091,10,181,5.5248618784530384E-2,8.2
2026-04-18,1000000091,1000000092,2,181,1.1049723756906077E-2,10
2026-04-18,1000000091,1000000093,2,181,1.1049723756906077E-2,9
2026-04-18,1000000091,1000000094,2,181,1.1049723756906077E-2,0
2026-04-18,1000000091,1000000111,1,181,5.5248618784530384E-3,4
2026-04-18,1000000092,1000000028,1,148,6.756756756756757E-3,12
2026-04-18,1000000092,1000000064,3,148,2.027027027027027E-2,14
2026-04-18,1000000092,1000000084,1,148,6.756756756756757E-3,0
2026-04-18,1000000092,1000000085,2,148,1.3513513513513514E-2,0
2026-04-18,1000000092,1000000087,2,148,1.3513513513513514E-2,1
2026-04-18,1000000092,1000000088,1,148,6.756756756756757E-3,0
2026-04-18,1000000092,1000000090,3,148,2.027027027027027E-2,1
2026-04-18,1000000092,1000000091,3,148,2.027027027027027E-2,9.333333333333334
2026-04-18,1000000092,1000000092,8,148,5.405405405405406E-2,8.875
2026-04-18,1000000092,1000000093,1,148,6.756756756756757E-3,6
2026-04-18,1000000092,1000000111,1,148,6.756756756756757E-3,0
2026-04-18,1000000093,1000000044,2,717,2.789400278940028E-3,49.5
2026-04-18,1000000093,1000000045,2,717,2.789400278940028E-3,8
2026-04-18,1000000093,1000000062,4,717,5.578800557880056E-3,50.75
2026-04-18,1000000093,1000000064,9,717,1.2552301255230125E-2,9
2026-04-18,1000000093,1000000084,1,717,1.394700139470014E-3,3
2026-04-18,1000000093,1000000085,2,717,2.789400278940028E-3,0
2026-04-18,1000000093,1000000086,1,717,1.394700139470014E-3,6
2026-04-18,1000000093,1000000087,4,717,5.578800557880056E-3,3.5
2026-04-18,1000000093,1000000088,1,717,1.394700139470014E-3,62
2026-04-18,1000000093,1000000090,1,717,1.394700139470014E-3,0
2026-04-18,1000000093,1000000091,2,717,2.789400278940028E-3,0
2026-04-18,1000000093,1000000093,77,717,1.0739191073919108E-1,6.025974025974026
2026-04-18,1000000093,1000000094,3,717,4.1841004184100415E-3,0
2026-04-18,1000000093,1000000108,6,717,8.368200836820083E-3,24.333333333333332
2026-04-18,1000000093,1000000110,2,717,2.789400278940028E-3,0
2026-04-18,1000000093,1000000111,7,717,9.762900976290097E-3,7.142857142857143E-1
2026-04-18,1000000093,1000000112,2,717,2.789400278940028E-3,2
2026-04-18,1000000093,1000000113,1,717,1.394700139470014E-3,14
2026-04-18,1000000094,1000000035,1,185,5.405405405405406E-3,0
2026-04-18,1000000094,1000000044,1,185,5.405405405405406E-3,13
2026-04-18,1000000094,1000000064,1,185,5.405405405405406E-3,5
2026-04-18,1000000094,1000000084,1,185,5.405405405405406E-3,30
2026-04-18,1000000094,1000000086,1,185,5.405405405405406E-3,73
2026-04-18,1000000094,1000000088,1,185,5.405405405405406E-3,16
2026-04-18,1000000094,1000000089,1,185,5.405405405405406E-3,36
2026-04-18,1000000094,1000000090,1,185,5.405405405405406E-3,25
2026-04-18,1000000094,1000000091,2,185,1.0810810810810811E-2,2.5
2026-04-18,1000000094,1000000092,1,185,5.405405405405406E-3,18
2026-04-18,1000000094,1000000093,2,185,1.0810810810810811E-2,0
2026-04-18,1000000094,1000000094,16,185,8.648648648648649E-2,12.875
2026-04-18,1000000094,1000000108,3,185,1.6216216216216217E-2,4.333333333333333
2026-04-18,1000000094,1000000110,2,185,1.0810810810810811E-2,1
2026-04-18,1000000094,1000000111,4,185,2.1621621621621623E-2,34.25
2026-04-18,1000000108,1000000035,1,245,4.081632653061225E-3,15
2026-04-18,1000000108,1000000042,1,245,4.081632653061225E-3,83
2026-04-18,1000000108,1000000043,1,245,4.081632653061225E-3,0
2026-04-18,1000000108,1000000044,1,245,4.081632653061225E-3,82
2026-04-18,1000000108,1000000045,3,245,1.2244897959183673E-2,0
2026-04-18,1000000108,1000000064,2,245,8.16326530612245E-3,43
2026-04-18,1000000108,1000000071,1,245,4.081632653061225E-3,12
2026-04-18,1000000108,1000000083,1,245,4.081632653061225E-3,0
2026-04-18,1000000108,1000000084,1,245,4.081632653061225E-3,0
2026-04-18,1000000108,1000000087,1,245,4.081632653061225E-3,0
2026-04-18,1000000108,1000000091,1,245,4.081632653061225E-3,0
2026-04-18,1000000108,1000000092,2,245,8.16326530612245E-3,21
2026-04-18,1000000108,1000000093,7,245,2.857142857142857E-2,9.142857142857142
2026-04-18,1000000108,1000000094,3,245,1.2244897959183673E-2,5.666666666666667
2026-04-18,1000000108,1000000108,24,245,9.795918367346938E-2,9.083333333333334
2026-04-18,1000000108,1000000111,1,245,4.081632653061225E-3,0
2026-04-18,1000000108,1000000112,1,245,4.081632653061225E-3,38
2026-04-18,1000000108,1000000127,1,245,4.081632653061225E-3,0
2026-04-18,1000000110,1000000027,1,73,1.36986301369863E-2,39
2026-04-18,1000000110,1000000083,1,73,1.36986301369863E-2,2
2026-04-18,1000000110,1000000093,1,73,1.36986301369863E-2,0
2026-04-18,1000000110,1000000094,1,73,1.36986301369863E-2,0
2026-04-18,1000000110,1000000108,1,73,1.36986301369863E-2,0
2026-04-18,1000000110,1000000110,6,73,8.21917808219178E-2,3
2026-04-18,1000000110,1000000112,1,73,1.36986301369863E-2,0
2026-04-18,1000000111,1000000045,1,338,2.9585798816568047E-3,14
2026-04-18,1000000111,1000000062,2,338,5.917159763313609E-3,1.5
2026-04-18,1000000111,1000000064,8,338,2.3668639053254437E-2,16.5
2026-04-18,1000000111,1000000066,1,338,2.9585798816568047E-3,0
2026-04-18,1000000111,1000000084,1,338,2.9585798816568047E-3,17
2026-04-18,1000000111,1000000085,1,338,2.9585798816568047E-3,0
2026-04-18,1000000111,1000000086,1,338,2.9585798816568047E-3,73
2026-04-18,1000000111,1000000087,1,338,2.9585798816568047E-3,3
2026-04-18,1000000111,1000000088,2,338,5.917159763313609E-3,31
2026-04-18,1000000111,1000000091,2,338,5.917159763313609E-3,15
2026-04-18,1000000111,1000000092,1,338,2.9585798816568047E-3,0
2026-04-18,1000000111,1000000093,10,338,2.9585798816568046E-2,10.1
2026-04-18,1000000111,1000000094,1,338,2.9585798816568047E-3,0
2026-04-18,1000000111,1000000108,1,338,2.9585798816568047E-3,0
2026-04-18,1000000111,1000000110,2,338,5.917159763313609E-3,1
2026-04-18,1000000111,1000000111,33,338,9.763313609467456E-2,7.424242424242424
2026-04-18,1000000111,1000000112,1,338,2.9585798816568047E-3,0
2026-04-18,1000000111,1000000113,1,338,2.9585798816568047E-3,0
2026-04-18,1000000111,1000000156,1,338,2.9585798816568047E-3,41
2026-04-18,1000000112,1000000042,1,96,1.0416666666666666E-2,1
2026-04-18,1000000112,1000000043,1,96,1.0416666666666666E-2,66
2026-04-18,1000000112,1000000044,1,96,1.0416666666666666E-2,82
2026-04-18,1000000112,1000000045,1,96,1.0416666666666666E-2,0
2026-04-18,1000000112,1000000064,2,96,2.0833333333333332E-2,54.5
2026-04-18,1000000112,1000000086,1,96,1.0416666666666666E-2,0
2026-04-18,1000000112,1000000088,2,96,2.0833333333333332E-2,2
2026-04-18,1000000112,1000000089,1,96,1.0416666666666666E-2,0
2026-04-18,1000000112,1000000093,1,96,1.0416666666666666E-2,0
2026-04-18,1000000112,1000000110,1,96,1.0416666666666666E-2,0
2026-04-18,1000000112,1000000112,3,96,3.125E-2,0
2026-04-18,1000000113,1000000044,1,102,9.80392156862745E-3,0
2026-04-18,1000000113,1000000045,2,102,1.96078431372549E-2,3
2026-04-18,1000000113,1000000063,2,102,1.96078431372549E-2,3
2026-04-18,1000000113,1000000064,3,102,2.9411764705882353E-2,11.666666666666666
2026-04-18,1000000113,1000000085,1,102,9.80392156862745E-3,14
2026-04-18,1000000113,1000000111,2,102,1.96078431372549E-2,5.0E-1
2026-04-18,1000000113,1000000113,8,102,7.84313725490196E-2,7.25
2026-04-18,1000000113,1000000127,1,102,9.80392156862745E-3,0
2026-04-18,1000000121,1000000035,1,184,5.434782608695652E-3,52
2026-04-18,1000000121,1000000042,2,184,1.0869565217391304E-2,39.5
2026-04-18,1000000121,1000000043,1,184,5.434782608695652E-3,16
2026-04-18,1000000121,1000000044,1,184,5.434782608695652E-3,13
2026-04-18,1000000121,1000000064,2,184,1.0869565217391304E-2,5.5
2026-04-18,1000000121,1000000070,1,184,5.434782608695652E-3,8
2026-04-18,1000000121,1000000086,2,184,1.0869565217391304E-2,35.5
2026-04-18,1000000121,1000000087,1,184,5.434782608695652E-3,0
2026-04-18,1000000121,1000000093,1,184,5.434782608695652E-3,24
2026-04-18,1000000121,1000000111,1,184,5.434782608695652E-3,6
2026-04-18,1000000121,1000000121,17,184,9.239130434782608E-2,8.588235294117647
2026-04-18,1000000127,1000000045,2,244,8.19672131147541E-3,0
2026-04-18,1000000127,1000000062,2,244,8.19672131147541E-3,0
2026-04-18,1000000127,1000000063,1,244,4.098360655737705E-3,0
2026-04-18,1000000127,1000000064,14,244,5.737704918032787E-2,23.285714285714285
2026-04-18,1000000127,1000000084,1,244,4.098360655737705E-3,73
2026-04-18,1000000127,1000000086,2,244,8.19672131147541E-3,18
2026-04-18,1000000127,1000000090,1,244,4.098360655737705E-3,41
2026-04-18,1000000127,1000000091,1,244,4.098360655737705E-3,0
2026-04-18,1000000127,1000000093,1,244,4.098360655737705E-3,14
2026-04-18,1000000127,1000000108,1,244,4.098360655737705E-3,0
2026-04-18,1000000127,1000000111,1,244,4.098360655737705E-3,0
2026-04-18,1000000127,1000000113,1,244,4.098360655737705E-3,0
2026-04-18,1000000127,1000000127,2,244,8.19672131147541E-3,6
2026-04-18,1000000128,1000000027,1,62,1.6129032258064516E-2,39
2026-04-18,1000000128,1000000042,1,62,1.6129032258064516E-2,24
2026-04-18,1000000128,1000000043,1,62,1.6129032258064516E-2,4
2026-04-18,1000000128,1000000045,1,62,1.6129032258064516E-2,90
2026-04-18,1000000128,1000000064,1,62,1.6129032258064516E-2,11
2026-04-18,1000000128,1000000087,1,62,1.6129032258064516E-2,0
2026-04-18,1000000128,1000000093,1,62,1.6129032258064516E-2,14
2026-04-18,1000000128,1000000111,1,62,1.6129032258064516E-2,0
2026-04-18,1000000128,1000000143,1,62,1.6129032258064516E-2,2
2026-04-18,1000000142,1000000035,2,35,5.714285714285714E-2,39
2026-04-18,1000000142,1000000043,1,35,2.857142857142857E-2,21
2026-04-18,1000000142,1000000045,1,35,2.857142857142857E-2,90
2026-04-18,1000000142,1000000064,1,35,2.857142857142857E-2,0
2026-04-18,1000000142,1000000088,1,35,2.857142857142857E-2,0
2026-04-18,1000000142,1000000108,1,35,2.857142857142857E-2,1
2026-04-18,1000000143,1000000042,2,26,7.692307692307693E-2,20.5
2026-04-18,1000000143,1000000043,1,26,3.8461538461538464E-2,22
2026-04-18,1000000143,1000000088,1,26,3.8461538461538464E-2,0
2026-04-18,1000000143,1000000091,1,26,3.8461538461538464E-2,1
2026-04-18,1000000153,1000000042,1,55,1.818181818181818E-2,0
2026-04-18,1000000153,1000000045,1,55,1.818181818181818E-2,0
2026-04-18,1000000153,1000000062,1,55,1.818181818181818E-2,0
2026-04-18,1000000153,1000000153,3,55,5.454545454545454E-2,29.333333333333332
2026-04-18,1000000153,1000000156,2,55,3.636363636363636E-2,7.5
2026-04-18,1000000154,1000000045,1,38,2.631578947368421E-2,51
2026-04-18,1000000154,1000000153,1,38,2.631578947368421E-2,28
2026-04-18,1000000154,1000000154,4,38,1.0526315789473684E-1,28
2026-04-18,1000000156,1000000042,1,71,1.4084507042253521E-2,0
2026-04-18,1000000156,1000000044,1,71,1.4084507042253521E-2,0
2026-04-18,1000000156,1000000064,1,71,1.4084507042253521E-2,63
2026-04-18,1000000156,1000000153,1,71,1.4084507042253521E-2,0
2026-04-18,1000000156,1000000156,10,71,1.4084507042253522E-1,18.7
