date,product_id,product_name,order_count,quantity,order_amount_sum,cart_count,cart_amount_sum,cart_quantity_sum,mx_channel_id,mx_platform
2025-10-21,1000000042,,2,2,45000.000000,0,0.000000,0,567375433033637313,GODOMALL5
2025-10-21,1000000043,,1,1,22500.000000,0,0.000000,0,567375433033637313,GODOMALL5
2025-10-21,1000000044,,1,1,22500.000000,0,0.000000,0,567375433033637313,GODOMALL5
2025-10-21,1000000045,,3,3,60000.000000,0,0.000000,0,567375433033637313,GODOMALL5
2025-10-21,1000000063,,1,1,23500.000000,0,0.000000,0,567375433033637313,GODOMALL5
2025-10-21,1000000064,,9,15,879000.000000,0,0.000000,0,567375433033637313,GODOMALL5
2025-10-21,1000000069,,1,1,18920.000000,0,0.000000,0,567375433033637313,GODOMALL5
2025-10-21,1000000084,,3,23,605500.000000,0,0.000000,0,567375433033637313,GODOMALL5
2025-10-21,1000000085,,4,4,216000.000000,0,0.000000,0,567375433033637313,GODOMALL5
2025-10-21,1000000088,,3,4,476000.000000,0,0.000000,0,567375433033637313,GODOMALL5
2025-10-21,1000000089,,1,1,172000.000000,0,0.000000,0,567375433033637313,GODOMALL5
2025-10-21,1000000093,,2,60,282000.000000,0,0.000000,0,567375433033637313,GODOMALL5
2025-10-21,1000000094,,2,25,163500.000000,0,0.000000,0,567375433033637313,GODOMALL5
2025-10-21,1000000108,,1,25,112500.000000,0,0.000000,0,567375433033637313,GODOMALL5
2025-10-21,1000000111,,1,40,280000.000000,0,0.000000,0,567375433033637313,GODOMALL5
2025-10-21,1000000127,,1,1,23500.000000,0,0.000000,0,567375433033637313,GODOMALL5
2025-10-21,1000000128,,1,1,22500.000000,0,0.000000,0,567375433033637313,GODOMALL5
2025-10-21,1000000153,,2,2,57200.000000,0,0.000000,0,567375433033637313,GODOMALL5
2025-10-21,1000000155,,2,2,66800.000000,0,0.000000,0,567375433033637313,GODOMALL5
2025-10-21,1000000156,,2,2,58000.000000,0,0.000000,0,567375433033637313,GODOMALL5
2025-10-21,1000000161,,1,1,76000.000000,0,0.000000,0,567375433033637313,GODOMALL5
2025-10-22,1000000042,,3,4,177500.000000,0,0.000000,0,567375433033637313,GODOMALL5
2025-10-22,1000000062,,2,2,62000.000000,0,0.000000,0,567375433033637313,GODOMALL5
2025-10-22,1000000063,,2,2,136000.000000,0,0.000000,0,567375433033637313,GODOMALL5
2025-10-22,1000000064,,6,7,407500.000000,0,0.000000,0,567375433033637313,GODOMALL5
2025-10-22,1000000084,,0,0,0.000000,0,0.000000,0,567375433033637313,GODOMALL5
2025-10-22,1000000087,,2,2,118000.000000,0,0.000000,0,567375433033637313,GODOMALL5
2025-10-22,1000000088,,3,3,349000.000000,0,0.000000,0,567375433033637313,GODOMALL5
2025-10-22,1000000093,,6,408,1936600.000000,0,0.000000,0,567375433033637313,GODOMALL5
2025-10-22,1000000094,,1,10,65000.000000,0,0.000000,0,567375433033637313,GODOMALL5
2025-10-22,1000000108,,3,125,572500.000000,0,0.000000,0,567375433033637313,GODOMALL5
2025-10-22,1000000111,,1,65,461500.000000,0,0.000000,0,567375433033637313,GODOMALL5
2025-10-22,1000000121,,1,2,39000.000000,0,0.000000,0,567375433033637313,GODOMALL5
2025-10-22,1000000127,,1,1,23500.000000,0,0.000000,0,567375433033637313,GODOMALL5
2025-10-22,1000000128,,0,0,0.000000,0,0.000000,0,567375433033637313,GODOMALL5
2025-10-22,1000000154,,1,1,27800.000000,0,0.000000,0,567375433033637313,GODOMALL5
2025-10-22,1000000155,,1,1,33400.000000,0,0.000000,0,567375433033637313,GODOMALL5
2025-10-23,1000000063,,1,3,270000.000000,0,0.000000,0,567375433033637313,GODOMALL5
2025-10-23,1000000064,,5,11,411500.000000,0,0.000000,0,567375433033637313,GODOMALL5
2025-10-23,1000000087,,5,10,598000.000000,0,0.000000,0,567375433033637313,GODOMALL5
2025-10-23,1000000088,,1,1,119000.000000,0,0.000000,0,567375433033637313,GODOMALL5
2025-10-23,1000000093,,3,110,517000.000000,0,0.000000,0,567375433033637313,GODOMALL5
2025-10-23,1000000094,,1,40,260000.000000,0,0.000000,0,567375433033637313,GODOMALL5
2025-10-23,1000000108,,1,10,45000.000000,0,0.000000,0,567375433033637313,GODOMALL5
2025-10-23,1000000155,,2,2,66800.000000,0,0.000000,0,567375433033637313,GODOMALL5
2025-10-23,1000000156,,1,2,58000.000000,0,0.000000,0,567375433033637313,GODOMALL5
2025-10-24,1000000043,,1,1,87500.000000,0,0.000000,0,567375433033637313,GODOMALL5
2025-10-24,1000000045,,1,1,40000.000000,0,0.000000,0,567375433033637313,GODOMALL5
2025-10-24,1000000064,,3,5,216500.000000,0,0.000000,0,567375433033637313,GODOMALL5
2025-10-24,1000000087,,3,3,183000.000000,0,0.000000,0,567375433033637313,GODOMALL5
2025-10-24,1000000093,,4,345,1650000.000000,0,0.000000,0,567375433033637313,GODOMALL5
2025-10-24,1000000113,,1,100,1160000.000000,0,0.000000,0,567375433033637313,GODOMALL5
2025-10-24,1000000153,,1,1,28600.000000,0,0.000000,0,567375433033637313,GODOMALL5
2025-10-24,1000000155,,1,1,33400.000000,0,0.000000,0,567375433033637313,GODOMALL5
2025-10-24,1000000156,,2,2,58000.000000,0,0.000000,0,567375433033637313,GODOMALL5
2025-10-25,1000000042,,0,0,0.000000,0,0.000000,0,567375433033637313,GODOMALL5
2025-10-25,1000000045,,1,2,117000.000000,0,0.000000,0,567375433033637313,GODOMALL5
2025-10-25,1000000062,,0,0,0.000000,0,0.000000,0,567375433033637313,GODOMALL5
2025-10-25,1000000063,,0,0,0.000000,0,0.000000,0,567375433033637313,GODOMALL5
2025-10-25,1000000064,,2,3,150000.000000,0,0.000000,0,567375433033637313,GODOMALL5
2025-10-25,1000000069,,1,1,38920.000000,0,0.000000,0,567375433033637313,GODOMALL5
2025-10-25,1000000087,,1,1,61000.000000,0,0.000000,0,567375433033637313,GODOMALL5
2025-10-25,1000000093,,1,200,960000.000000,0,0.000000,0,567375433033637313,GODOMALL5
2025-10-25,1000000108,,1,60,276000.000000,0,0.000000,0,567375433033637313,GODOMALL5
2025-10-26,1000000064,,4,6,258000.000000,0,0.000000,0,567375433033637313,GODOMALL5
2025-10-26,1000000070,,1,1,20000.000000,0,0.000000,0,567375433033637313,GODOMALL5
2025-10-26,1000000072,,1,1,20000.000000,0,0.000000,0,567375433033637313,GODOMALL5
2025-10-26,1000000087,,2,2,118000.000000,0,0.000000,0,567375433033637313,GODOMALL5
2025-10-26,1000000093,,1,16,75200.000000,0,0.000000,0,567375433033637313,GODOMALL5
2025-10-26,1000000111,,1,200,1420000.000000,0,0.000000,0,567375433033637313,GODOMALL5
2025-10-26,1000000113,,1,10,115000.000000,0,0.000000,0,567375433033637313,GODOMALL5
2025-10-26,1000000153,,1,1,28600.000000,0,0.000000,0,567375433033637313,GODOMALL5
2025-10-26,1000000155,,1,1,33400.000000,0,0.000000,0,567375433033637313,GODOMALL5
2025-10-26,1000000156,,2,2,58000.000000,0,0.000000,0,567375433033637313,GODOMALL5
2025-10-27,1000000033,,2,2,90000.000000,0,0.000000,0,567375433033637313,GODOMALL5
2025-10-27,1000000035,,1,2,12000.000000,0,0.000000,0,567375433033637313,GODOMALL5
2025-10-27,1000000042,,1,1,22500.000000,0,0.000000,0,567375433033637313,GODOMALL5
2025-10-27,1000000043,,1,1,22500.000000,0,0.000000,0,567375433033637313,GODOMALL5
2025-10-27,1000000044,,2,4,285000.000000,0,0.000000,0,567375433033637313,GODOMALL5
2025-10-27,1000000045,,3,15,927000.000000,0,0.000000,0,567375433033637313,GODOMALL5
2025-10-27,1000000064,,9,31,1059000.000000,0,0.000000,0,567375433033637313,GODOMALL5
2025-10-27,1000000065,,1,1,20000.000000,0,0.000000,0,567375433033637313,GODOMALL5
2025-10-27,1000000083,,2,3,135000.000000,0,0.000000,0,567375433033637313,GODOMALL5
2025-10-27,1000000087,,4,6,366000.000000,0,0.000000,0,567375433033637313,GODOMALL5
2025-10-27,1000000088,,3,3,349000.000000,0,0.000000,0,567375433033637313,GODOMALL5
2025-10-27,1000000089,,1,1,172000.000000,0,0.000000,0,567375433033637313,GODOMALL5
2025-10-27,1000000093,,3,425,2030500.000000,0,0.000000,0,567375433033637313,GODOMALL5
2025-10-27,1000000094,,2,280,1822000.000000,0,0.000000,0,567375433033637313,GODOMALL5
2025-10-27,1000000108,,5,485,2210500.000000,0,0.000000,0,567375433033637313,GODOMALL5
2025-10-27,1000000111,,3,91,637000.000000,0,0.000000,0,567375433033637313,GODOMALL5
2025-10-27,1000000112,,2,110,1273000.000000,0,0.000000,0,567375433033637313,GODOMALL5
2025-10-27,1000000142,,1,5,60000.000000,0,0.000000,0,567375433033637313,GODOMALL5
2025-10-27,1000000143,,1,1,40000.000000,0,0.000000,0,567375433033637313,GODOMALL5
2025-10-27,1000000144,,2,2,18000.000000,0,0.000000,0,567375433033637313,GODOMALL5
2025-10-28,1000000028,,1,1,40000.000000,0,0.000000,0,567375433033637313,GODOMALL5
2025-10-28,1000000033,,1,1,45000.000000,0,0.000000,0,567375433033637313,GODOMALL5
2025-10-28,1000000041,,2,2,40000.000000,0,0.000000,0,567375433033637313,GODOMALL5
2025-10-28,1000000042,,1,1,22500.000000,0,0.000000,0,567375433033637313,GODOMALL5
2025-10-28,1000000043,,4,5,112500.000000,0,0.000000,0,567375433033637313,GODOMALL5
2025-10-28,1000000044,,3,3,67500.000000,0,0.000000,0,567375433033637313,GODOMALL5
2025-10-28,1000000045,,3,6,120000.000000,0,0.000000,0,567375433033637313,GODOMALL5
2025-10-28,1000000063,,2,2,69500.000000,0,0.000000,0,567375433033637313,GODOMALL5
2025-10-28,1000000064,,14,22,897500.000000,0,0.000000,0,567375433033637313,GODOMALL5
2025-10-28,1000000065,,1,1,20000.000000,0,0.000000,0,567375433033637313,GODOMALL5
2025-10-28,1000000066,,2,3,67500.000000,0,0.000000,0,567375433033637313,GODOMALL5
2025-10-28,1000000070,,1,1,40000.000000,0,0.000000,0,567375433033637313,GODOMALL5
2025-10-28,1000000071,,2,2,60000.000000,0,0.000000,0,567375433033637313,GODOMALL5
2025-10-28,1000000083,,1,2,90000.000000,0,0.000000,0,567375433033637313,GODOMALL5
2025-10-28,1000000087,,4,4,240000.000000,0,0.000000,0,567375433033637313,GODOMALL5
2025-10-28,1000000088,,2,2,234000.000000,0,0.000000,0,567375433033637313,GODOMALL5
2025-10-28,1000000093,,4,201,959200.000000,0,0.000000,0,567375433033637313,GODOMALL5
2025-10-28,1000000108,,2,34,153000.000000,0,0.000000,0,567375433033637313,GODOMALL5
2025-10-28,1000000111,,1,15,105000.000000,0,0.000000,0,567375433033637313,GODOMALL5
2025-10-28,1000000112,,2,35,403500.000000,0,0.000000,0,567375433033637313,GODOMALL5
2025-10-28,1000000113,,3,360,4170000.000000,0,0.000000,0,567375433033637313,GODOMALL5
2025-10-28,1000000121,,1,1,20000.000000,0,0.000000,0,567375433033637313,GODOMALL5
2025-10-28,1000000127,,2,2,69500.000000,0,0.000000,0,567375433033637313,GODOMALL5
2025-10-28,1000000153,,1,1,28600.000000,0,0.000000,0,567375433033637313,GODOMALL5
2025-10-28,1000000155,,3,3,100200.000000,0,0.000000,0,567375433033637313,GODOMALL5
2025-10-28,1000000156,,2,2,58000.000000,0,0.000000,0,567375433033637313,GODOMALL5
2025-10-29,1000000041,,1,1,40000.000000,0,0.000000,0,567375433033637313,GODOMALL5
2025-10-29,1000000042,,1,1,22500.000000,0,0.000000,0,567375433033637313,GODOMALL5
2025-10-29,1000000043,,3,4,114500.000000,0,0.000000,0,567375433033637313,GODOMALL5
2025-10-29,1000000044,,1,1,22500.000000,0,0.000000,0,567375433033637313,GODOMALL5
2025-10-29,1000000045,,2,2,80000.000000,0,0.000000,0,567375433033637313,GODOMALL5
2025-10-29,1000000062,,2,2,42000.000000,0,0.000000,0,567375433033637313,GODOMALL5
2025-10-29,1000000063,,1,1,23500.000000,0,0.000000,0,567375433033637313,GODOMALL5
2025-10-29,1000000064,,8,9,514500.000000,0,0.000000,0,567375433033637313,GODOMALL5
2025-10-29,1000000065,,1,1,20000.000000,0,0.000000,0,567375433033637313,GODOMALL5
2025-10-29,1000000070,,2,2,60000.000000,0,0.000000,0,567375433033637313,GODOMALL5
2025-10-29,1000000071,,1,1,20000.000000,0,0.000000,0,567375433033637313,GODOMALL5
2025-10-29,1000000072,,1,1,20000.000000,0,0.000000,0,567375433033637313,GODOMALL5
2025-10-29,1000000087,,3,4,244000.000000,0,0.000000,0,567375433033637313,GODOMALL5
2025-10-29,1000000088,,1,1,119000.000000,0,0.000000,0,567375433033637313,GODOMALL5
2025-10-29,1000000093,,2,251,1194800.000000,0,0.000000,0,567375433033637313,GODOMALL5
2025-10-29,1000000094,,1,10,65000.000000,0,0.000000,0,567375433033637313,GODOMALL5
2025-10-29,1000000111,,2,55,385000.000000,0,0.000000,0,567375433033637313,GODOMALL5
2025-10-29,1000000112,,2,32,369200.000000,0,0.000000,0,567375433033637313,GODOMALL5
2025-10-29,1000000127,,2,2,113500.000000,0,0.000000,0,567375433033637313,GODOMALL5
2025-10-29,1000000128,,1,1,45000.000000,0,0.000000,0,567375433033637313,GODOMALL5
2025-10-29,1000000142,,1,1,15000.000000,0,0.000000,0,567375433033637313,GODOMALL5
2025-10-29,1000000143,,1,2,70000.000000,0,0.000000,0,567375433033637313,GODOMALL5
2025-10-29,1000000155,,1,4,133600.000000,0,0.000000,0,567375433033637313,GODOMALL5
2025-10-30,1000000033,,2,3,135000.000000,0,0.000000,0,567375433033637313,GODOMALL5
2025-10-30,1000000044,,1,1,22500.000000,0,0.000000,0,567375433033637313,GODOMALL5
2025-10-30,1000000045,,1,1,40000.000000,0,0.000000,0,567375433033637313,GODOMALL5
2025-10-30,1000000064,,6,9,264500.000000,0,0.000000,0,567375433033637313,GODOMALL5
2025-10-30,1000000069,,1,1,19920.000000,0,0.000000,0,567375433033637313,GODOMALL5
2025-10-30,1000000071,,2,2,40000.000000,0,0.000000,0,567375433033637313,GODOMALL5
2025-10-30,1000000072,,1,1,40000.000000,0,0.000000,0,567375433033637313,GODOMALL5
2025-10-30,1000000087,,1,1,65000.000000,0,0.000000,0,567375433033637313,GODOMALL5
2025-10-30,1000000093,,2,193,921100.000000,0,0.000000,0,567375433033637313,GODOMALL5
2025-10-30,1000000094,,1,98,646800.000000,0,0.000000,0,567375433033637313,GODOMALL5
2025-10-30,1000000108,,1,120,552000.000000,0,0.000000,0,567375433033637313,GODOMALL5
2025-10-30,1000000110,,2,145,999500.000000,0,0.000000,0,567375433033637313,GODOMALL5
2025-10-30,1000000111,,1,10,70000.000000,0,0.000000,0,567375433033637313,GODOMALL5
2025-10-30,1000000152,,2,3,100800.000000,0,0.000000,0,567375433033637313,GODOMALL5
2025-10-30,1000000155,,1,6,200400.000000,0,0.000000,0,567375433033637313,GODOMALL5
2025-10-31,1000000027,,1,1,20000.000000,0,0.000000,0,567375433033637313,GODOMALL5
2025-10-31,1000000042,,1,1,22500.000000,0,0.000000,0,567375433033637313,GODOMALL5
2025-10-31,1000000044,,2,2,45000.000000,0,0.000000,0,567375433033637313,GODOMALL5
2025-10-31,1000000045,,2,2,40000.000000,0,0.000000,0,567375433033637313,GODOMALL5
2025-10-31,1000000064,,3,7,199000.000000,0,0.000000,0,567375433033637313,GODOMALL5
2025-10-31,1000000065,,1,1,20000.000000,0,0.000000,0,567375433033637313,GODOMALL5
2025-10-31,1000000087,,2,3,185000.000000,0,0.000000,0,567375433033637313,GODOMALL5
2025-10-31,1000000088,,2,2,238000.000000,0,0.000000,0,567375433033637313,GODOMALL5
2025-10-31,1000000093,,1,60,282000.000000,0,0.000000,0,567375433033637313,GODOMALL5
2025-10-31,1000000110,,1,35,238000.000000,0,0.000000,0,567375433033637313,GODOMALL5
2025-10-31,1000000111,,2,109,763000.000000,0,0.000000,0,567375433033637313,GODOMALL5
2025-10-31,1000000113,,1,10,115000.000000,0,0.000000,0,567375433033637313,GODOMALL5
2025-10-31,1000000120,,1,1,76000.000000,0,0.000000,0,567375433033637313,GODOMALL5
2025-10-31,1000000128,,1,1,22500.000000,0,0.000000,0,567375433033637313,GODOMALL5
2025-10-31,1000000152,,6,6,201600.000000,0,0.000000,0,567375433033637313,GODOMALL5
2025-10-31,1000000153,,1,1,28600.000000,0,0.000000,0,567375433033637313,GODOMALL5
2025-10-31,1000000155,,1,1,33400.000000,0,0.000000,0,567375433033637313,GODOMALL5
2025-10-31,1000000156,,1,1,29000.000000,0,0.000000,0,567375433033637313,GODOMALL5
2025-11-01,1000000064,,1,5,173000.000000,0,0.000000,0,567375433033637313,GODOMALL5
2025-11-01,1000000084,,0,0,0.000000,0,0.000000,0,567375433033637313,GODOMALL5
2025-11-01,1000000087,,2,2,122000.000000,0,0.000000,0,567375433033637313,GODOMALL5
2025-11-01,1000000108,,2,240,1100000.000000,0,0.000000,0,567375433033637313,GODOMALL5
2025-11-01,1000000113,,1,10,116000.000000,0,0.000000,0,567375433033637313,GODOMALL5
2025-11-01,1000000152,,3,3,100800.000000,0,0.000000,0,567375433033637313,GODOMALL5
2025-11-01,1000000154,,1,1,27800.000000,0,0.000000,0,567375433033637313,GODOMALL5
2025-11-01,1000000155,,1,1,33400.000000,0,0.000000,0,567375433033637313,GODOMALL5
2025-11-02,1000000033,,1,1,45000.000000,0,0.000000,0,567375433033637313,GODOMALL5
2025-11-02,1000000035,,1,2,12000.000000,0,0.000000,0,567375433033637313,GODOMALL5
2025-11-02,1000000043,,1,1,45000.000000,0,0.000000,0,567375433033637313,GODOMALL5
2025-11-02,1000000044,,1,1,22500.000000,0,0.000000,0,567375433033637313,GODOMALL5
2025-11-02,1000000045,,2,2,40000.000000,0,0.000000,0,567375433033637313,GODOMALL5
2025-11-02,1000000062,,1,1,21000.000000,0,0.000000,0,567375433033637313,GODOMALL5
2025-11-02,1000000063,,1,1,23500.000000,0,0.000000,0,567375433033637313,GODOMALL5
2025-11-02,1000000064,,3,4,151000.000000,0,0.000000,0,567375433033637313,GODOMALL5
2025-11-02,1000000083,,1,1,45000.000000,0,0.000000,0,567375433033637313,GODOMALL5
2025-11-02,1000000088,,1,1,116000.000000,0,0.000000,0,567375433033637313,GODOMALL5
2025-11-02,1000000094,,1,10,65000.000000,0,0.000000,0,567375433033637313,GODOMALL5
2025-11-02,1000000111,,1,230,1633000.000000,0,0.000000,0,567375433033637313,GODOMALL5
2025-11-02,1000000121,,1,1,19000.000000,0,0.000000,0,567375433033637313,GODOMALL5
2025-11-02,1000000152,,3,3,100800.000000,0,0.000000,0,567375433033637313,GODOMALL5
2025-11-03,1000000027,,2,2,40000.000000,0,0.000000,0,567375433033637313,GODOMALL5
2025-11-03,1000000041,,1,1,20000.000000,0,0.000000,0,567375433033637313,GODOMALL5
2025-11-03,1000000042,,6,6,180000.000000,0,0.000000,0,567375433033637313,GODOMALL5
2025-11-03,1000000043,,4,4,200000.000000,0,0.000000,0,567375433033637313,GODOMALL5
2025-11-03,1000000045,,1,2,40000.000000,0,0.000000,0,567375433033637313,GODOMALL5
2025-11-03,1000000062,,1,1,41000.000000,0,0.000000,0,567375433033637313,GODOMALL5
2025-11-03,1000000063,,3,3,138000.000000,0,0.000000,0,567375433033637313,GODOMALL5
2025-11-03,1000000064,,13,16,689500.000000,0,0.000000,0,567375433033637313,GODOMALL5
2025-11-03,1000000066,,1,1,22500.000000,0,0.000000,0,567375433033637313,GODOMALL5
2025-11-03,1000000069,,1,1,18920.000000,0,0.000000,0,567375433033637313,GODOMALL5
2025-11-03,1000000071,,2,2,40000.000000,0,0.000000,0,567375433033637313,GODOMALL5
2025-11-03,1000000072,,1,1,40000.000000,0,0.000000,0,567375433033637313,GODOMALL5
2025-11-03,1000000083,,1,1,45000.000000,0,0.000000,0,567375433033637313,GODOMALL5
2025-11-03,1000000087,,3,7,439000.000000,0,0.000000,0,567375433033637313,GODOMALL5
2025-11-03,1000000088,,3,3,351000.000000,0,0.000000,0,567375433033637313,GODOMALL5
2025-11-03,1000000093,,5,238,1127400.000000,0,0.000000,0,567375433033637313,GODOMALL5
2025-11-03,1000000111,,1,38,269800.000000,0,0.000000,0,567375433033637313,GODOMALL5
2025-11-03,1000000112,,2,37,425500.000000,0,0.000000,0,567375433033637313,GODOMALL5
2025-11-03,1000000113,,3,45,521000.000000,0,0.000000,0,567375433033637313,GODOMALL5
2025-11-03,1000000121,,1,1,19500.000000,0,0.000000,0,567375433033637313,GODOMALL5
2025-11-03,1000000152,,8,11,369600.000000,0,0.000000,0,567375433033637313,GODOMALL5
2025-11-03,1000000155,,3,3,100200.000000,0,0.000000,0,567375433033637313,GODOMALL5
2025-11-03,1000000164,,1,1,173000.000000,0,0.000000,0,567375433033637313,GODOMALL5
2025-11-04,1000000042,,5,7,180000.000000,0,0.000000,0,567375433033637313,GODOMALL5
2025-11-04,1000000043,,1,3,67500.000000,0,0.000000,0,567375433033637313,GODOMALL5
2025-11-04,1000000044,,1,2,67500.000000,0,0.000000,0,567375433033637313,GODOMALL5
2025-11-04,1000000045,,3,3,80000.000000,0,0.000000,0,567375433033637313,GODOMALL5
2025-11-04,1000000062,,1,1,41000.000000,0,0.000000,0,567375433033637313,GODOMALL5
2025-11-04,1000000063,,1,1,46000.000000,0,0.000000,0,567375433033637313,GODOMALL5
2025-11-04,1000000064,,10,24,964500.000000,0,0.000000,0,567375433033637313,GODOMALL5
2025-11-04,1000000065,,1,1,20000.000000,0,0.000000,0,567375433033637313,GODOMALL5
2025-11-04,1000000083,,3,12,540000.000000,0,0.000000,0,567375433033637313,GODOMALL5
2025-11-04,1000000087,,4,5,297000.000000,0,0.000000,0,567375433033637313,GODOMALL5
2025-11-04,1000000088,,2,2,235000.000000,0,0.000000,0,567375433033637313,GODOMALL5
2025-11-04,1000000093,,1,15,72000.000000,0,0.000000,0,567375433033637313,GODOMALL5
2025-11-04,1000000094,,1,10,65000.000000,0,0.000000,0,567375433033637313,GODOMALL5
2025-11-04,1000000112,,1,10,115000.000000,0,0.000000,0,567375433033637313,GODOMALL5
2025-11-04,1000000113,,3,56,648600.000000,0,0.000000,0,567375433033637313,GODOMALL5
2025-11-04,1000000121,,7,8,156500.000000,0,0.000000,0,567375433033637313,GODOMALL5
2025-11-04,1000000127,,2,2,69500.000000,0,0.000000,0,567375433033637313,GODOMALL5
2025-11-04,1000000152,,6,7,235200.000000,0,0.000000,0,567375433033637313,GODOMALL5
2025-11-04,1000000154,,2,4,111200.000000,0,0.000000,0,567375433033637313,GODOMALL5
2025-11-04,1000000164,,1,1,173000.000000,0,0.000000,0,567375433033637313,GODOMALL5
2025-11-05,1000000041,,1,2,97000.000000,0,0.000000,0,567375433033637313,GODOMALL5
2025-11-05,1000000043,,1,1,22500.000000,0,0.000000,0,567375433033637313,GODOMALL5
2025-11-05,1000000045,,2,4,157000.000000,0,0.000000,0,567375433033637313,GODOMALL5
2025-11-05,1000000062,,4,4,84000.000000,0,0.000000,0,567375433033637313,GODOMALL5
2025-11-05,1000000064,,7,33,880500.000000,0,0.000000,0,567375433033637313,GODOMALL5
2025-11-05,1000000069,,1,2,57840.000000,0,0.000000,0,567375433033637313,GODOMALL5
2025-11-05,1000000084,,1,1,27000.000000,0,0.000000,0,567375433033637313,GODOMALL5
2025-11-05,1000000087,,6,7,423000.000000,0,0.000000,0,567375433033637313,GODOMALL5
2025-11-05,1000000088,,2,2,231000.000000,0,0.000000,0,567375433033637313,GODOMALL5
2025-11-05,1000000093,,1,70,329000.000000,0,0.000000,0,567375433033637313,GODOMALL5
2025-11-05,1000000094,,4,313,2065800.000000,0,0.000000,0,567375433033637313,GODOMALL5
2025-11-05,1000000110,,1,17,115600.000000,0,0.000000,0,567375433033637313,GODOMALL5
2025-11-05,1000000111,,4,270,1917000.000000,0,0.000000,0,567375433033637313,GODOMALL5
2025-11-05,1000000112,,1,27,310500.000000,0,0.000000,0,567375433033637313,GODOMALL5
2025-11-05,1000000113,,1,13,149500.000000,0,0.000000,0,567375433033637313,GODOMALL5
2025-11-05,1000000127,,1,1,23500.000000,0,0.000000,0,567375433033637313,GODOMALL5
2025-11-05,1000000152,,6,6,201600.000000,0,0.000000,0,567375433033637313,GODOMALL5
2025-11-05,1000000155,,1,1,33400.000000,0,0.000000,0,567375433033637313,GODOMALL5
2025-11-05,1000000156,,1,1,29000.000000,0,0.000000,0,567375433033637313,GODOMALL5
2025-11-06,1000000027,,1,1,20000.000000,0,0.000000,0,567375433033637313,GODOMALL5
2025-11-06,1000000033,,1,1,45000.000000,0,0.000000,0,567375433033637313,GODOMALL5
2025-11-06,1000000043,,1,1,22500.000000,0,0.000000,0,567375433033637313,GODOMALL5
2025-11-06,1000000044,,1,1,22500.000000,0,0.000000,0,567375433033637313,GODOMALL5
2025-11-06,1000000062,,2,2,101000.000000,0,0.000000,0,567375433033637313,GODOMALL5
2025-11-06,1000000063,,2,3,183500.000000,0,0.000000,0,567375433033637313,GODOMALL5
2025-11-06,1000000064,,6,10,433000.000000,0,0.000000,0,567375433033637313,GODOMALL5
2025-11-06,1000000083,,1,2,90000.000000,0,0.000000,0,567375433033637313,GODOMALL5
2025-11-06,1000000084,,4,43,1186000.000000,0,0.000000,0,567375433033637313,GODOMALL5
2025-11-06,1000000085,,4,17,872000.000000,0,0.000000,0,567375433033637313,GODOMALL5
2025-11-06,1000000086,,1,1,81000.000000,0,0.000000,0,567375433033637313,GODOMALL5
2025-11-06,1000000087,,7,16,988000.000000,0,0.000000,0,567375433033637313,GODOMALL5
2025-11-06,1000000088,,2,2,240000.000000,0,0.000000,0,567375433033637313,GODOMALL5
2025-11-06,1000000093,,2,85,399500.000000,0,0.000000,0,567375433033637313,GODOMALL5
2025-11-06,1000000094,,1,30,195000.000000,0,0.000000,0,567375433033637313,GODOMALL5
2025-11-06,1000000108,,1,20,90000.000000,0,0.000000,0,567375433033637313,GODOMALL5
2025-11-06,1000000111,,0,0,0.000000,0,0.000000,0,567375433033637313,GODOMALL5
2025-11-06,1000000112,,1,20,232000.000000,0,0.000000,0,567375433033637313,GODOMALL5
2025-11-06,1000000152,,7,7,235200.000000,0,0.000000,0,567375433033637313,GODOMALL5
2025-11-06,1000000156,,3,3,87000.000000,0,0.000000,0,567375433033637313,GODOMALL5
2025-11-07,1000000027,,1,1,77000.000000,0,0.000000,0,567375433033637313,GODOMALL5
2025-11-07,1000000033,,1,1,45000.000000,0,0.000000,0,567375433033637313,GODOMALL5
2025-11-07,1000000035,,1,1,6000.000000,0,0.000000,0,567375433033637313,GODOMALL5
2025-11-07,1000000042,,1,1,45000.000000,0,0.000000,0,567375433033637313,GODOMALL5
2025-11-07,1000000043,,1,1,45000.000000,0,0.000000,0,567375433033637313,GODOMALL5
2025-11-07,1000000045,,1,1,40000.000000,0,0.000000,0,567375433033637313,GODOMALL5
2025-11-07,1000000062,,1,1,21000.000000,0,0.000000,0,567375433033637313,GODOMALL5
2025-11-07,1000000063,,1,1,23500.000000,0,0.000000,0,567375433033637313,GODOMALL5
2025-11-07,1000000064,,5,16,965500.000000,0,0.000000,0,567375433033637313,GODOMALL5
2025-11-07,1000000069,,1,1,38920.000000,0,0.000000,0,567375433033637313,GODOMALL5
2025-11-07,1000000071,,1,1,77000.000000,0,0.000000,0,567375433033637313,GODOMALL5
2025-11-07,1000000084,,3,3,91500.000000,0,0.000000,0,567375433033637313,GODOMALL5
2025-11-07,1000000085,,1,1,53500.000000,0,0.000000,0,567375433033637313,GODOMALL5
2025-11-07,1000000093,,8,503,2411200.000000,0,0.000000,0,567375433033637313,GODOMALL5
2025-11-07,1000000094,,1,15,99000.000000,0,0.000000,0,567375433033637313,GODOMALL5
2025-11-07,1000000111,,5,465,3280500.000000,0,0.000000,0,567375433033637313,GODOMALL5
2025-11-07,1000000113,,1,200,2300000.000000,0,0.000000,0,567375433033637313,GODOMALL5
2025-11-07,1000000127,,2,2,69500.000000,0,0.000000,0,567375433033637313,GODOMALL5
2025-11-07,1000000152,,3,3,100800.000000,0,0.000000,0,567375433033637313,GODOMALL5
2025-11-07,1000000153,,1,1,28600.000000,0,0.000000,0,567375433033637313,GODOMALL5
2025-11-07,1000000164,,1,1,173000.000000,0,0.000000,0,567375433033637313,GODOMALL5
2025-11-07,1000000169,,2,2,58000.000000,0,0.000000,0,567375433033637313,GODOMALL5
2025-11-08,1000000063,,1,1,23500.000000,0,0.000000,0,567375433033637313,GODOMALL5
2025-11-08,1000000064,,1,1,44500.000000,0,0.000000,0,567375433033637313,GODOMALL5
2025-11-08,1000000084,,1,1,30500.000000,0,0.000000,0,567375433033637313,GODOMALL5
2025-11-08,1000000085,,1,2,109000.000000,0,0.000000,0,567375433033637313,GODOMALL5
2025-11-08,1000000087,,1,1,61000.000000,0,0.000000,0,567375433033637313,GODOMALL5
2025-11-08,1000000094,,1,20,130000.000000,0,0.000000,0,567375433033637313,GODOMALL5
2025-11-09,1000000042,,2,2,110000.000000,0,0.000000,0,567375433033637313,GODOMALL5
2025-11-09,1000000063,,1,1,23500.000000,0,0.000000,0,567375433033637313,GODOMALL5
2025-11-09,1000000064,,5,9,535500.000000,0,0.000000,0,567375433033637313,GODOMALL5
2025-11-09,1000000083,,1,1,45000.000000,0,0.000000,0,567375433033637313,GODOMALL5
2025-11-09,1000000084,,1,2,61000.000000,0,0.000000,0,567375433033637313,GODOMALL5
2025-11-09,1000000086,,1,1,81000.000000,0,0.000000,0,567375433033637313,GODOMALL5
2025-11-09,1000000087,,1,1,61000.000000,0,0.000000,0,567375433033637313,GODOMALL5
2025-11-09,1000000093,,4,650,3055000.000000,0,0.000000,0,567375433033637313,GODOMALL5
2025-11-09,1000000108,,1,20,92000.000000,0,0.000000,0,567375433033637313,GODOMALL5
2025-11-09,1000000111,,1,20,142000.000000,0,0.000000,0,567375433033637313,GODOMALL5
2025-11-09,1000000169,,1,1,29000.000000,0,0.000000,0,567375433033637313,GODOMALL5
2025-11-10,1000000033,,1,1,45000.000000,0,0.000000,0,567375433033637313,GODOMALL5
2025-11-10,1000000041,,1,1,77000.000000,0,0.000000,0,567375433033637313,GODOMALL5
2025-11-10,1000000042,,1,1,22500.000000,0,0.000000,0,567375433033637313,GODOMALL5
2025-11-10,1000000043,,3,4,200000.000000,0,0.000000,0,567375433033637313,GODOMALL5
2025-11-10,1000000044,,1,3,155000.000000,0,0.000000,0,567375433033637313,GODOMALL5
2025-11-10,1000000045,,2,11,612500.000000,0,0.000000,0,567375433033637313,GODOMALL5
2025-11-10,1000000062,,3,3,142000.000000,0,0.000000,0,567375433033637313,GODOMALL5
2025-11-10,1000000063,,3,3,70500.000000,0,0.000000,0,567375433033637313,GODOMALL5
2025-11-10,1000000064,,10,20,825500.000000,0,0.000000,0,567375433033637313,GODOMALL5
2025-11-10,1000000065,,1,1,20000.000000,0,0.000000,0,567375433033637313,GODOMALL5
2025-11-10,1000000085,,1,1,49000.000000,0,0.000000,0,567375433033637313,GODOMALL5
2025-11-10,1000000087,,4,6,366000.000000,0,0.000000,0,567375433033637313,GODOMALL5
2025-11-10,1000000090,,1,3,39000.000000,0,0.000000,0,567375433033637313,GODOMALL5
2025-11-10,1000000091,,1,1,27000.000000,0,0.000000,0,567375433033637313,GODOMALL5
2025-11-10,1000000092,,1,3,114000.000000,0,0.000000,0,567375433033637313,GODOMALL5
2025-11-10,1000000093,,3,76,360200.000000,0,0.000000,0,567375433033637313,GODOMALL5
2025-11-10,1000000094,,2,85,559000.000000,0,0.000000,0,567375433033637313,GODOMALL5
2025-11-10,1000000108,,2,300,1377000.000000,0,0.000000,0,567375433033637313,GODOMALL5
2025-11-10,1000000111,,5,149,1046000.000000,0,0.000000,0,567375433033637313,GODOMALL5
2025-11-10,1000000113,,2,20,231000.000000,0,0.000000,0,567375433033637313,GODOMALL5
2025-11-10,1000000127,,3,3,70500.000000,0,0.000000,0,567375433033637313,GODOMALL5
2025-11-10,1000000152,,4,7,235200.000000,0,0.000000,0,567375433033637313,GODOMALL5
2025-11-10,1000000155,,1,1,33400.000000,0,0.000000,0,567375433033637313,GODOMALL5
2025-11-10,1000000169,,12,20,580000.000000,0,0.000000,0,567375433033637313,GODOMALL5
2025-11-11,1000000041,,1,1,20000.000000,0,0.000000,0,567375433033637313,GODOMALL5
2025-11-11,1000000042,,1,1,45000.000000,0,0.000000,0,567375433033637313,GODOMALL5
2025-11-11,1000000043,,2,2,67500.000000,0,0.000000,0,567375433033637313,GODOMALL5
2025-11-11,1000000062,,1,4,281000.000000,0,0.000000,0,567375433033637313,GODOMALL5
2025-11-11,1000000063,,1,2,180000.000000,0,0.000000,0,567375433033637313,GODOMALL5
2025-11-11,1000000064,,6,7,322000.000000,0,0.000000,0,567375433033637313,GODOMALL5
2025-11-11,1000000069,,1,1,38920.000000,0,0.000000,0,567375433033637313,GODOMALL5
2025-11-11,1000000085,,1,4,204000.000000,0,0.000000,0,567375433033637313,GODOMALL5
2025-11-11,1000000086,,1,8,648000.000000,0,0.000000,0,567375433033637313,GODOMALL5
2025-11-11,1000000087,,5,9,549000.000000,0,0.000000,0,567375433033637313,GODOMALL5
2025-11-11,1000000088,,1,1,120000.000000,0,0.000000,0,567375433033637313,GODOMALL5
2025-11-11,1000000091,,2,28,742500.000000,0,0.000000,0,567375433033637313,GODOMALL5
2025-11-11,1000000092,,1,1,38000.000000,0,0.000000,0,567375433033637313,GODOMALL5
2025-11-11,1000000093,,4,174,834100.000000,0,0.000000,0,567375433033637313,GODOMALL5
2025-11-11,1000000108,,2,112,504000.000000,0,0.000000,0,567375433033637313,GODOMALL5
2025-11-11,1000000110,,3,294,2021800.000000,0,0.000000,0,567375433033637313,GODOMALL5
2025-11-11,1000000111,,3,230,1619000.000000,0,0.000000,0,567375433033637313,GODOMALL5
2025-11-11,1000000120,,2,2,152000.000000,0,0.000000,0,567375433033637313,GODOMALL5
2025-11-11,1000000128,,1,2,45000.000000,0,0.000000,0,567375433033637313,GODOMALL5
2025-11-11,1000000152,,7,8,268800.000000,0,0.000000,0,567375433033637313,GODOMALL5
2025-11-11,1000000153,,1,3,85800.000000,0,0.000000,0,567375433033637313,GODOMALL5
2025-11-11,1000000155,,4,4,133600.000000,0,0.000000,0,567375433033637313,GODOMALL5
2025-11-11,1000000164,,2,2,346000.000000,0,0.000000,0,567375433033637313,GODOMALL5
2025-11-11,1000000169,,6,9,261000.000000,0,0.000000,0,567375433033637313,GODOMALL5
2025-11-12,1000000042,,2,2,45000.000000,0,0.000000,0,567375433033637313,GODOMALL5
2025-11-12,1000000043,,4,4,177500.000000,0,0.000000,0,567375433033637313,GODOMALL5
2025-11-12,1000000044,,1,2,175000.000000,0,0.000000,0,567375433033637313,GODOMALL5
2025-11-12,1000000045,,1,1,20000.000000,0,0.000000,0,567375433033637313,GODOMALL5
2025-11-12,1000000062,,1,1,41000.000000,0,0.000000,0,567375433033637313,GODOMALL5
2025-11-12,1000000064,,2,6,132000.000000,0,0.000000,0,567375433033637313,GODOMALL5
2025-11-12,1000000065,,1,1,40000.000000,0,0.000000,0,567375433033637313,GODOMALL5
2025-11-12,1000000066,,1,1,22500.000000,0,0.000000,0,567375433033637313,GODOMALL5
2025-11-12,1000000085,,1,1,51000.000000,0,0.000000,0,567375433033637313,GODOMALL5
2025-11-12,1000000086,,1,1,81000.000000,0,0.000000,0,567375433033637313,GODOMALL5
2025-11-12,1000000087,,4,5,309000.000000,0,0.000000,0,567375433033637313,GODOMALL5
2025-11-12,1000000088,,1,1,120000.000000,0,0.000000,0,567375433033637313,GODOMALL5
2025-11-12,1000000090,,1,12,156000.000000,0,0.000000,0,567375433033637313,GODOMALL5
2025-11-12,1000000091,,2,4,103500.000000,0,0.000000,0,567375433033637313,GODOMALL5
2025-11-12,1000000092,,1,1,38000.000000,0,0.000000,0,567375433033637313,GODOMALL5
2025-11-12,1000000093,,1,10,47000.000000,0,0.000000,0,567375433033637313,GODOMALL5
2025-11-12,1000000111,,2,120,843000.000000,0,0.000000,0,567375433033637313,GODOMALL5
2025-11-12,1000000113,,2,230,2645000.000000,0,0.000000,0,567375433033637313,GODOMALL5
2025-11-12,1000000120,,1,1,78000.000000,0,0.000000,0,567375433033637313,GODOMALL5
2025-11-12,1000000152,,3,4,134400.000000,0,0.000000,0,567375433033637313,GODOMALL5
2025-11-13,1000000041,,1,1,40000.000000,0,0.000000,0,567375433033637313,GODOMALL5
2025-11-13,1000000042,,1,1,22500.000000,0,0.000000,0,567375433033637313,GODOMALL5
2025-11-13,1000000043,,1,1,87500.000000,0,0.000000,0,567375433033637313,GODOMALL5
2025-11-13,1000000062,,1,1,21000.000000,0,0.000000,0,567375433033637313,GODOMALL5
2025-11-13,1000000063,,1,1,23500.000000,0,0.000000,0,567375433033637313,GODOMALL5
2025-11-13,1000000064,,11,19,715000.000000,0,0.000000,0,567375433033637313,GODOMALL5
2025-11-13,1000000084,,1,1,26000.000000,0,0.000000,0,567375433033637313,GODOMALL5
2025-11-13,1000000085,,3,4,214500.000000,0,0.000000,0,567375433033637313,GODOMALL5
2025-11-13,1000000086,,1,1,81000.000000,0,0.000000,0,567375433033637313,GODOMALL5
2025-11-13,1000000087,,0,0,0.000000,0,0.000000,0,567375433033637313,GODOMALL5
2025-11-13,1000000088,,1,1,116000.000000,0,0.000000,0,567375433033637313,GODOMALL5
2025-11-13,1000000090,,2,8,104000.000000,0,0.000000,0,567375433033637313,GODOMALL5
2025-11-13,1000000091,,3,5,132500.000000,0,0.000000,0,567375433033637313,GODOMALL5
2025-11-13,1000000092,,1,2,76000.000000,0,0.000000,0,567375433033637313,GODOMALL5
2025-11-13,1000000093,,1,20,96000.000000,0,0.000000,0,567375433033637313,GODOMALL5
2025-11-13,1000000111,,1,20,140000.000000,0,0.000000,0,567375433033637313,GODOMALL5
2025-11-13,1000000152,,3,4,134400.000000,0,0.000000,0,567375433033637313,GODOMALL5
2025-11-13,1000000169,,2,2,58000.000000,0,0.000000,0,567375433033637313,GODOMALL5
2025-11-14,1000000027,,1,1,20000.000000,0,0.000000,0,567375433033637313,GODOMALL5
2025-11-14,1000000045,,1,10,200000.000000,0,0.000000,0,567375433033637313,GODOMALL5
2025-11-14,1000000062,,1,1,21000.000000,0,0.000000,0,567375433033637313,GODOMALL5
2025-11-14,1000000064,,3,3,172500.000000,0,0.000000,0,567375433033637313,GODOMALL5
2025-11-14,1000000069,,1,1,18920.000000,0,0.000000,0,567375433033637313,GODOMALL5
2025-11-14,1000000085,,1,1,51000.000000,0,0.000000,0,567375433033637313,GODOMALL5
2025-11-14,1000000086,,1,1,81000.000000,0,0.000000,0,567375433033637313,GODOMALL5
2025-11-14,1000000087,,5,5,301000.000000,0,0.000000,0,567375433033637313,GODOMALL5
2025-11-14,1000000088,,1,1,120000.000000,0,0.000000,0,567375433033637313,GODOMALL5
2025-11-14,1000000093,,3,320,1536000.000000,0,0.000000,0,567375433033637313,GODOMALL5
2025-11-14,1000000094,,1,830,5478000.000000,0,0.000000,0,567375433033637313,GODOMALL5
2025-11-14,1000000111,,2,60,423000.000000,0,0.000000,0,567375433033637313,GODOMALL5
2025-11-14,1000000152,,2,4,134400.000000,0,0.000000,0,567375433033637313,GODOMALL5
2025-11-14,1000000153,,1,1,28600.000000,0,0.000000,0,567375433033637313,GODOMALL5
2025-11-15,1000000064,,1,1,43000.000000,0,0.000000,0,567375433033637313,GODOMALL5
2025-11-15,1000000093,,1,15,72000.000000,0,0.000000,0,567375433033637313,GODOMALL5
2025-11-15,1000000111,,2,59,417500.000000,0,0.000000,0,567375433033637313,GODOMALL5
2025-11-15,1000000152,,2,2,67200.000000,0,0.000000,0,567375433033637313,GODOMALL5
2025-11-15,1000000155,,2,2,66800.000000,0,0.000000,0,567375433033637313,GODOMALL5
2025-11-15,1000000164,,1,2,341000.000000,0,0.000000,0,567375433033637313,GODOMALL5
2025-11-16,1000000028,,1,1,40000.000000,0,0.000000,0,567375433033637313,GODOMALL5
2025-11-16,1000000042,,3,3,114000.000000,0,0.000000,0,567375433033637313,GODOMALL5
2025-11-16,1000000043,,1,12,270000.000000,0,0.000000,0,567375433033637313,GODOMALL5
2025-11-16,1000000045,,1,1,40000.000000,0,0.000000,0,567375433033637313,GODOMALL5
2025-11-16,1000000064,,4,6,343500.000000,0,0.000000,0,567375433033637313,GODOMALL5
2025-11-16,1000000093,,1,35,164500.000000,0,0.000000,0,567375433033637313,GODOMALL5
2025-11-16,1000000121,,1,1,19500.000000,0,0.000000,0,567375433033637313,GODOMALL5
2025-11-16,1000000152,,1,1,33600.000000,0,0.000000,0,567375433033637313,GODOMALL5
2025-11-17,1000000033,,1,2,90000.000000,0,0.000000,0,567375433033637313,GODOMALL5
2025-11-17,1000000035,,1,2,12000.000000,0,0.000000,0,567375433033637313,GODOMALL5
2025-11-17,1000000042,,1,1,22500.000000,0,0.000000,0,567375433033637313,GODOMALL5
2025-11-17,1000000043,,1,4,265000.000000,0,0.000000,0,567375433033637313,GODOMALL5
2025-11-17,1000000044,,2,2,110000.000000,0,0.000000,0,567375433033637313,GODOMALL5
2025-11-17,1000000045,,1,1,20000.000000,0,0.000000,0,567375433033637313,GODOMALL5
2025-11-17,1000000062,,1,2,82000.000000,0,0.000000,0,567375433033637313,GODOMALL5
2025-11-17,1000000063,,1,2,92000.000000,0,0.000000,0,567375433033637313,GODOMALL5
2025-11-17,1000000064,,5,8,407000.000000,0,0.000000,0,567375433033637313,GODOMALL5
2025-11-17,1000000087,,1,2,122000.000000,0,0.000000,0,567375433033637313,GODOMALL5
2025-11-17,1000000088,,1,2,240000.000000,0,0.000000,0,567375433033637313,GODOMALL5
2025-11-17,1000000093,,6,353,1678400.000000,0,0.000000,0,567375433033637313,GODOMALL5
2025-11-17,1000000108,,1,80,360000.000000,0,0.000000,0,567375433033637313,GODOMALL5
2025-11-17,1000000111,,1,12,84000.000000,0,0.000000,0,567375433033637313,GODOMALL5
2025-11-17,1000000152,,2,2,67200.000000,0,0.000000,0,567375433033637313,GODOMALL5
2025-11-17,1000000164,,1,2,336000.000000,0,0.000000,0,567375433033637313,GODOMALL5
2025-11-18,1000000033,,1,1,45000.000000,0,0.000000,0,567375433033637313,GODOMALL5
2025-11-18,1000000044,,1,3,135000.000000,0,0.000000,0,567375433033637313,GODOMALL5
2025-11-18,1000000063,,1,4,360000.000000,0,0.000000,0,567375433033637313,GODOMALL5
2025-11-18,1000000064,,5,15,708000.000000,0,0.000000,0,567375433033637313,GODOMALL5
2025-11-18,1000000084,,3,57,1538000.000000,0,0.000000,0,567375433033637313,GODOMALL5
2025-11-18,1000000085,,2,2,107000.000000,0,0.000000,0,567375433033637313,GODOMALL5
2025-11-18,1000000086,,2,2,162000.000000,0,0.000000,0,567375433033637313,GODOMALL5
2025-11-18,1000000087,,3,17,1037000.000000,0,0.000000,0,567375433033637313,GODOMALL5
2025-11-18,1000000088,,7,7,830000.000000,0,0.000000,0,567375433033637313,GODOMALL5
2025-11-18,1000000092,,0,0,0.000000,0,0.000000,0,567375433033637313,GODOMALL5
2025-11-18,1000000093,,4,215,1013500.000000,0,0.000000,0,567375433033637313,GODOMALL5
2025-11-18,1000000094,,2,25,164000.000000,0,0.000000,0,567375433033637313,GODOMALL5
2025-11-18,1000000108,,1,10,46000.000000,0,0.000000,0,567375433033637313,GODOMALL5
2025-11-18,1000000127,,3,5,339500.000000,0,0.000000,0,567375433033637313,GODOMALL5
2025-11-18,1000000144,,1,1,9000.000000,0,0.000000,0,567375433033637313,GODOMALL5
2025-11-18,1000000152,,4,4,134400.000000,0,0.000000,0,567375433033637313,GODOMALL5
2025-11-18,1000000154,,1,1,27800.000000,0,0.000000,0,567375433033637313,GODOMALL5
2025-11-18,1000000155,,1,1,33400.000000,0,0.000000,0,567375433033637313,GODOMALL5
2025-11-18,1000000164,,1,1,173000.000000,0,0.000000,0,567375433033637313,GODOMALL5
2025-11-18,1000000169,,1,1,29000.000000,0,0.000000,0,567375433033637313,GODOMALL5
2025-11-19,1000000042,,1,2,45000.000000,0,0.000000,0,567375433033637313,GODOMALL5
2025-11-19,1000000044,,1,2,45000.000000,0,0.000000,0,567375433033637313,GODOMALL5
2025-11-19,1000000045,,1,2,40000.000000,0,0.000000,0,567375433033637313,GODOMALL5
2025-11-19,1000000064,,11,16,667000.000000,0,0.000000,0,567375433033637313,GODOMALL5
2025-11-19,1000000069,,1,1,75920.000000,0,0.000000,0,567375433033637313,GODOMALL5
2025-11-19,1000000084,,2,8,235000.000000,0,0.000000,0,567375433033637313,GODOMALL5
2025-11-19,1000000087,,4,8,488000.000000,0,0.000000,0,567375433033637313,GODOMALL5
2025-11-19,1000000088,,0,0,0.000000,0,0.000000,0,567375433033637313,GODOMALL5
2025-11-19,1000000093,,2,23,109400.000000,0,0.000000,0,567375433033637313,GODOMALL5
2025-11-19,1000000094,,3,160,1040000.000000,0,0.000000,0,567375433033637313,GODOMALL5
2025-11-19,1000000111,,3,150,1062000.000000,0,0.000000,0,567375433033637313,GODOMALL5
2025-11-19,1000000152,,1,1,33600.000000,0,0.000000,0,567375433033637313,GODOMALL5
2025-11-19,1000000169,,1,1,29000.000000,0,0.000000,0,567375433033637313,GODOMALL5
2025-11-20,1000000042,,3,3,132500.000000,0,0.000000,0,567375433033637313,GODOMALL5
2025-11-20,1000000044,,1,1,22500.000000,0,0.000000,0,567375433033637313,GODOMALL5
2025-11-20,1000000045,,7,12,301500.000000,0,0.000000,0,567375433033637313,GODOMALL5
2025-11-20,1000000062,,2,2,42000.000000,0,0.000000,0,567375433033637313,GODOMALL5
2025-11-20,1000000063,,1,1,23500.000000,0,0.000000,0,567375433033637313,GODOMALL5
2025-11-20,1000000064,,8,14,548000.000000,0,0.000000,0,567375433033637313,GODOMALL5
2025-11-20,1000000069,,1,1,77420.000000,0,0.000000,0,567375433033637313,GODOMALL5
2025-11-20,1000000085,,4,8,429500.000000,0,0.000000,0,567375433033637313,GODOMALL5
2025-11-20,1000000086,,1,1,81000.000000,0,0.000000,0,567375433033637313,GODOMALL5
2025-11-20,1000000087,,2,3,183000.000000,0,0.000000,0,567375433033637313,GODOMALL5
2025-11-20,1000000088,,1,1,120000.000000,0,0.000000,0,567375433033637313,GODOMALL5
2025-11-20,1000000093,,4,153,727100.000000,0,0.000000,0,567375433033637313,GODOMALL5
2025-11-20,1000000094,,1,110,726000.000000,0,0.000000,0,567375433033637313,GODOMALL5
2025-11-20,1000000108,,3,154,696500.000000,0,0.000000,0,567375433033637313,GODOMALL5
2025-11-20,1000000111,,5,305,2154000.000000,0,0.000000,0,567375433033637313,GODOMALL5
2025-11-20,1000000127,,1,1,23500.000000,0,0.000000,0,567375433033637313,GODOMALL5
2025-11-20,1000000152,,3,3,100800.000000,0,0.000000,0,567375433033637313,GODOMALL5
2025-11-20,1000000154,,1,1,27800.000000,0,0.000000,0,567375433033637313,GODOMALL5
2025-11-21,1000000045,,0,0,0.000000,0,0.000000,0,567375433033637313,GODOMALL5
2025-11-21,1000000064,,3,5,194000.000000,0,0.000000,0,567375433033637313,GODOMALL5
2025-11-21,1000000085,,1,1,54500.000000,0,0.000000,0,567375433033637313,GODOMALL5
2025-11-21,1000000086,,1,1,81000.000000,0,0.000000,0,567375433033637313,GODOMALL5
2025-11-21,1000000088,,2,2,236000.000000,0,0.000000,0,567375433033637313,GODOMALL5
2025-11-21,1000000091,,1,7,185500.000000,0,0.000000,0,567375433033637313,GODOMALL5
2025-11-21,1000000093,,2,97,463400.000000,0,0.000000,0,567375433033637313,GODOMALL5
2025-11-21,1000000094,,1,45,292500.000000,0,0.000000,0,567375433033637313,GODOMALL5
2025-11-21,1000000110,,1,30,207000.000000,0,0.000000,0,567375433033637313,GODOMALL5
2025-11-21,1000000111,,1,45,315000.000000,0,0.000000,0,567375433033637313,GODOMALL5
2025-11-21,1000000112,,1,15,174000.000000,0,0.000000,0,567375433033637313,GODOMALL5
2025-11-21,1000000113,,1,10,116000.000000,0,0.000000,0,567375433033637313,GODOMALL5
2025-11-22,1000000041,,1,2,60000.000000,0,0.000000,0,567375433033637313,GODOMALL5
2025-11-22,1000000043,,1,2,67500.000000,0,0.000000,0,567375433033637313,GODOMALL5
2025-11-22,1000000044,,1,1,45000.000000,0,0.000000,0,567375433033637313,GODOMALL5
2025-11-22,1000000045,,1,1,20000.000000,0,0.000000,0,567375433033637313,GODOMALL5
2025-11-22,1000000064,,1,1,43000.000000,0,0.000000,0,567375433033637313,GODOMALL5
2025-11-22,1000000093,,3,140,664000.000000,0,0.000000,0,567375433033637313,GODOMALL5
2025-11-22,1000000108,,1,40,184000.000000,0,0.000000,0,567375433033637313,GODOMALL5
2025-11-22,1000000112,,1,15,174000.000000,0,0.000000,0,567375433033637313,GODOMALL5
2025-11-22,1000000113,,1,10,116000.000000,0,0.000000,0,567375433033637313,GODOMALL5
2025-11-23,1000000028,,2,2,80000.000000,0,0.000000,0,567375433033637313,GODOMALL5
2025-11-23,1000000045,,2,2,40000.000000,0,0.000000,0,567375433033637313,GODOMALL5
2025-11-23,1000000064,,3,4,131500.000000,0,0.000000,0,567375433033637313,GODOMALL5
2025-11-23,1000000085,,2,4,218000.000000,0,0.000000,0,567375433033637313,GODOMALL5
2025-11-23,1000000086,,6,6,486000.000000,0,0.000000,0,567375433033637313,GODOMALL5
2025-11-23,1000000093,,3,63,300400.000000,0,0.000000,0,567375433033637313,GODOMALL5
2025-11-23,1000000108,,1,33,148500.000000,0,0.000000,0,567375433033637313,GODOMALL5
2025-11-24,1000000028,,0,0,0.000000,0,0.000000,0,567375433033637313,GODOMALL5
2025-11-24,1000000043,,1,3,262500.000000,0,0.000000,0,567375433033637313,GODOMALL5
2025-11-24,1000000044,,1,1,87500.000000,0,0.000000,0,567375433033637313,GODOMALL5
2025-11-24,1000000045,,1,1,77000.000000,0,0.000000,0,567375433033637313,GODOMALL5
2025-11-24,1000000064,,4,5,384500.000000,0,0.000000,0,567375433033637313,GODOMALL5
2025-11-24,1000000069,,1,1,75920.000000,0,0.000000,0,567375433033637313,GODOMALL5
2025-11-24,1000000072,,1,2,40000.000000,0,0.000000,0,567375433033637313,GODOMALL5
2025-11-24,1000000083,,1,1,45000.000000,0,0.000000,0,567375433033637313,GODOMALL5
2025-11-24,1000000085,,1,6,321000.000000,0,0.000000,0,567375433033637313,GODOMALL5
2025-11-24,1000000087,,2,2,126000.000000,0,0.000000,0,567375433033637313,GODOMALL5
2025-11-24,1000000088,,1,1,120000.000000,0,0.000000,0,567375433033637313,GODOMALL5
2025-11-24,1000000091,,1,3,79500.000000,0,0.000000,0,567375433033637313,GODOMALL5
2025-11-24,1000000092,,3,29,1073000.000000,0,0.000000,0,567375433033637313,GODOMALL5
2025-11-24,1000000093,,5,279,1322300.000000,0,0.000000,0,567375433033637313,GODOMALL5
2025-11-24,1000000094,,2,52,340000.000000,0,0.000000,0,567375433033637313,GODOMALL5
2025-11-24,1000000108,,1,50,225000.000000,0,0.000000,0,567375433033637313,GODOMALL5
2025-11-24,1000000111,,3,70,497000.000000,0,0.000000,0,567375433033637313,GODOMALL5
2025-11-24,1000000113,,1,104,1196000.000000,0,0.000000,0,567375433033637313,GODOMALL5
2025-11-24,1000000120,,1,1,76000.000000,0,0.000000,0,567375433033637313,GODOMALL5
2025-11-24,1000000127,,1,1,90000.000000,0,0.000000,0,567375433033637313,GODOMALL5
2025-11-24,1000000152,,4,8,268800.000000,0,0.000000,0,567375433033637313,GODOMALL5
2025-11-24,1000000155,,1,1,33400.000000,0,0.000000,0,567375433033637313,GODOMALL5
2025-11-24,1000000169,,1,1,29000.000000,0,0.000000,0,567375433033637313,GODOMALL5
2025-11-25,1000000028,,1,1,77000.000000,0,0.000000,0,567375433033637313,GODOMALL5
2025-11-25,1000000042,,1,1,45000.000000,0,0.000000,0,567375433033637313,GODOMALL5
2025-11-25,1000000043,,2,2,67500.000000,0,0.000000,0,567375433033637313,GODOMALL5
2025-11-25,1000000045,,1,1,77000.000000,0,0.000000,0,567375433033637313,GODOMALL5
2025-11-25,1000000062,,1,1,41000.000000,0,0.000000,0,567375433033637313,GODOMALL5
2025-11-25,1000000064,,6,13,584500.000000,0,0.000000,0,567375433033637313,GODOMALL5
2025-11-25,1000000069,,1,1,75920.000000,0,0.000000,0,567375433033637313,GODOMALL5
2025-11-25,1000000083,,1,4,180000.000000,0,0.000000,0,567375433033637313,GODOMALL5
2025-11-25,1000000084,,1,1,27000.000000,0,0.000000,0,567375433033637313,GODOMALL5
2025-11-25,1000000085,,1,6,321000.000000,0,0.000000,0,567375433033637313,GODOMALL5
2025-11-25,1000000086,,1,1,77000.000000,0,0.000000,0,567375433033637313,GODOMALL5
2025-11-25,1000000087,,3,5,313000.000000,0,0.000000,0,567375433033637313,GODOMALL5
2025-11-25,1000000088,,5,5,595000.000000,0,0.000000,0,567375433033637313,GODOMALL5
2025-11-25,1000000090,,2,70,910000.000000,0,0.000000,0,567375433033637313,GODOMALL5
2025-11-25,1000000091,,1,3,75000.000000,0,0.000000,0,567375433033637313,GODOMALL5
2025-11-25,1000000093,,4,150,711000.000000,0,0.000000,0,567375433033637313,GODOMALL5
2025-11-25,1000000094,,1,100,660000.000000,0,0.000000,0,567375433033637313,GODOMALL5
2025-11-25,1000000108,,3,120,552000.000000,0,0.000000,0,567375433033637313,GODOMALL5
2025-11-25,1000000111,,2,220,1562000.000000,0,0.000000,0,567375433033637313,GODOMALL5
2025-11-25,1000000112,,1,10,116000.000000,0,0.000000,0,567375433033637313,GODOMALL5
2025-11-25,1000000113,,2,190,2185000.000000,0,0.000000,0,567375433033637313,GODOMALL5
2025-11-25,1000000127,,1,1,23500.000000,0,0.000000,0,567375433033637313,GODOMALL5
2025-11-25,1000000142,,1,1,12000.000000,0,0.000000,0,567375433033637313,GODOMALL5
2025-11-25,1000000152,,5,5,168000.000000,0,0.000000,0,567375433033637313,GODOMALL5
2025-11-25,1000000153,,1,1,28600.000000,0,0.000000,0,567375433033637313,GODOMALL5
2025-11-25,1000000154,,1,1,27800.000000,0,0.000000,0,567375433033637313,GODOMALL5
2025-11-25,1000000155,,1,1,33400.000000,0,0.000000,0,567375433033637313,GODOMALL5
2025-11-25,1000000164,,1,1,173000.000000,0,0.000000,0,567375433033637313,GODOMALL5
2025-11-25,1000000169,,2,2,58000.000000,0,0.000000,0,567375433033637313,GODOMALL5
2025-11-26,1000000027,,1,1,20000.000000,0,0.000000,0,567375433033637313,GODOMALL5
2025-11-26,1000000033,,2,2,90000.000000,0,0.000000,0,567375433033637313,GODOMALL5
2025-11-26,1000000035,,2,4,24000.000000,0,0.000000,0,567375433033637313,GODOMALL5
2025-11-26,1000000042,,1,1,22500.000000,0,0.000000,0,567375433033637313,GODOMALL5
2025-11-26,1000000043,,1,1,22500.000000,0,0.000000,0,567375433033637313,GODOMALL5
2025-11-26,1000000044,,1,1,22500.000000,0,0.000000,0,567375433033637313,GODOMALL5
2025-11-26,1000000045,,2,2,61500.000000,0,0.000000,0,567375433033637313,GODOMALL5
2025-11-26,1000000062,,1,1,21000.000000,0,0.000000,0,567375433033637313,GODOMALL5
2025-11-26,1000000063,,2,3,182000.000000,0,0.000000,0,567375433033637313,GODOMALL5
2025-11-26,1000000064,,7,12,438000.000000,0,0.000000,0,567375433033637313,GODOMALL5
2025-11-26,1000000069,,1,1,18920.000000,0,0.000000,0,567375433033637313,GODOMALL5
2025-11-26,1000000083,,1,1,45000.000000,0,0.000000,0,567375433033637313,GODOMALL5
2025-11-26,1000000085,,2,3,151000.000000,0,0.000000,0,567375433033637313,GODOMALL5
2025-11-26,1000000087,,2,2,126000.000000,0,0.000000,0,567375433033637313,GODOMALL5
2025-11-26,1000000088,,4,4,475000.000000,0,0.000000,0,567375433033637313,GODOMALL5
2025-11-26,1000000091,,1,8,216000.000000,0,0.000000,0,567375433033637313,GODOMALL5
2025-11-26,1000000093,,7,465,2209500.000000,0,0.000000,0,567375433033637313,GODOMALL5
2025-11-26,1000000111,,2,190,1349000.000000,0,0.000000,0,567375433033637313,GODOMALL5
2025-11-26,1000000127,,2,3,118500.000000,0,0.000000,0,567375433033637313,GODOMALL5
2025-11-26,1000000143,,1,1,35000.000000,0,0.000000,0,567375433033637313,GODOMALL5
2025-11-26,1000000152,,3,5,168000.000000,0,0.000000,0,567375433033637313,GODOMALL5
2025-11-26,1000000153,,1,1,28600.000000,0,0.000000,0,567375433033637313,GODOMALL5
2025-11-26,1000000155,,2,2,66800.000000,0,0.000000,0,567375433033637313,GODOMALL5
2025-11-27,1000000033,,0,0,0.000000,0,0.000000,0,567375433033637313,GODOMALL5
2025-11-27,1000000035,,0,0,0.000000,0,0.000000,0,567375433033637313,GODOMALL5
2025-11-27,1000000041,,1,1,20000.000000,0,0.000000,0,567375433033637313,GODOMALL5
2025-11-27,1000000043,,2,4,285000.000000,0,0.000000,0,567375433033637313,GODOMALL5
2025-11-27,1000000045,,2,4,80000.000000,0,0.000000,0,567375433033637313,GODOMALL5
2025-11-27,1000000062,,2,2,42000.000000,0,0.000000,0,567375433033637313,GODOMALL5
2025-11-27,1000000063,,1,2,92000.000000,0,0.000000,0,567375433033637313,GODOMALL5
2025-11-27,1000000064,,5,8,260000.000000,0,0.000000,0,567375433033637313,GODOMALL5
2025-11-27,1000000069,,1,2,57840.000000,0,0.000000,0,567375433033637313,GODOMALL5
2025-11-27,1000000071,,1,5,100000.000000,0,0.000000,0,567375433033637313,GODOMALL5
2025-11-27,1000000085,,1,3,163500.000000,0,0.000000,0,567375433033637313,GODOMALL5
2025-11-27,1000000086,,1,1,81000.000000,0,0.000000,0,567375433033637313,GODOMALL5
2025-11-27,1000000087,,2,2,114000.000000,0,0.000000,0,567375433033637313,GODOMALL5
2025-11-27,1000000088,,2,2,236000.000000,0,0.000000,0,567375433033637313,GODOMALL5
2025-11-27,1000000091,,2,11,294000.000000,0,0.000000,0,567375433033637313,GODOMALL5
2025-11-27,1000000093,,3,200,942000.000000,0,0.000000,0,567375433033637313,GODOMALL5
2025-11-27,1000000094,,2,46,301600.000000,0,0.000000,0,567375433033637313,GODOMALL5
2025-11-27,1000000110,,1,50,340000.000000,0,0.000000,0,567375433033637313,GODOMALL5
2025-11-27,1000000111,,3,76,536600.000000,0,0.000000,0,567375433033637313,GODOMALL5
2025-11-27,1000000112,,2,30,346000.000000,0,0.000000,0,567375433033637313,GODOMALL5
2025-11-27,1000000152,,3,3,100800.000000,0,0.000000,0,567375433033637313,GODOMALL5
2025-11-27,1000000153,,1,1,28600.000000,0,0.000000,0,567375433033637313,GODOMALL5
2025-11-27,1000000156,,1,1,29000.000000,0,0.000000,0,567375433033637313,GODOMALL5
2025-11-28,1000000041,,1,1,20000.000000,0,0.000000,0,567375433033637313,GODOMALL5
2025-11-28,1000000043,,1,1,22500.000000,0,0.000000,0,567375433033637313,GODOMALL5
2025-11-28,1000000064,,3,5,153500.000000,2,107000.000000,121,567375433033637313,GODOMALL5
2025-11-28,1000000069,,1,1,18920.000000,0,0.000000,0,567375433033637313,GODOMALL5
2025-11-28,1000000085,,1,2,100000.000000,0,0.000000,0,567375433033637313,GODOMALL5
2025-11-28,1000000086,,0,0,0.000000,1,77000.000000,1,567375433033637313,GODOMALL5
2025-11-28,1000000087,,1,1,61000.000000,0,0.000000,0,567375433033637313,GODOMALL5
2025-11-28,1000000088,,1,2,240000.000000,0,0.000000,0,567375433033637313,GODOMALL5
2025-11-28,1000000091,,1,1,25500.000000,0,0.000000,0,567375433033637313,GODOMALL5
2025-11-28,1000000092,,3,3,113000.000000,0,0.000000,0,567375433033637313,GODOMALL5
2025-11-28,1000000093,,2,75,354500.000000,1,4800.000000,140,567375433033637313,GODOMALL5
2025-11-28,1000000094,,1,20,130000.000000,1,6600.000000,70,567375433033637313,GODOMALL5
2025-11-28,1000000110,,4,455,3130500.000000,0,0.000000,0,567375433033637313,GODOMALL5
2025-11-28,1000000121,,0,0,0.000000,1,19500.000000,2,567375433033637313,GODOMALL5
2025-11-28,1000000152,,2,2,67200.000000,1,33600.000000,2,567375433033637313,GODOMALL5
2025-11-28,1000000156,,1,1,29000.000000,0,0.000000,0,567375433033637313,GODOMALL5
2025-11-28,1000000164,,1,2,346000.000000,0,0.000000,0,567375433033637313,GODOMALL5
2025-11-29,1000000043,,1,1,87500.000000,0,0.000000,0,567375433033637313,GODOMALL5
2025-11-29,1000000045,,0,0,0.000000,0,0.000000,0,567375433033637313,GODOMALL5
2025-11-29,1000000062,,1,1,80000.000000,0,0.000000,0,567375433033637313,GODOMALL5
2025-11-29,1000000064,,0,0,0.000000,0,0.000000,0,567375433033637313,GODOMALL5
2025-11-29,1000000085,,1,1,54500.000000,0,0.000000,0,567375433033637313,GODOMALL5
2025-11-29,1000000086,,2,3,243000.000000,0,0.000000,0,567375433033637313,GODOMALL5
2025-11-29,1000000088,,1,1,120000.000000,0,0.000000,0,567375433033637313,GODOMALL5
2025-11-29,1000000093,,1,60,288000.000000,0,0.000000,0,567375433033637313,GODOMALL5
2025-11-29,1000000111,,1,30,213000.000000,0,0.000000,0,567375433033637313,GODOMALL5
2025-11-29,1000000152,,2,3,100800.000000,0,0.000000,0,567375433033637313,GODOMALL5
2025-11-29,1000000155,,1,1,33400.000000,0,0.000000,0,567375433033637313,GODOMALL5
2025-11-30,1000000043,,0,0,0.000000,1,22500.000000,1,567375433033637313,GODOMALL5
2025-11-30,1000000044,,0,0,0.000000,1,22500.000000,1,567375433033637313,GODOMALL5
2025-11-30,1000000062,,0,0,0.000000,1,80000.000000,1,567375433033637313,GODOMALL5
2025-11-30,1000000063,,1,1,23500.000000,1,46000.000000,1,567375433033637313,GODOMALL5
2025-11-30,1000000064,,2,3,108000.000000,2,65000.000000,4,567375433033637313,GODOMALL5
2025-11-30,1000000065,,0,0,0.000000,1,20000.000000,1,567375433033637313,GODOMALL5
2025-11-30,1000000069,,0,0,0.000000,1,18920.000000,1,567375433033637313,GODOMALL5
2025-11-30,1000000085,,1,1,51000.000000,0,0.000000,0,567375433033637313,GODOMALL5
2025-11-30,1000000087,,2,2,122000.000000,0,0.000000,0,567375433033637313,GODOMALL5
2025-11-30,1000000090,,1,2,26000.000000,0,0.000000,0,567375433033637313,GODOMALL5
2025-11-30,1000000093,,1,60,282000.000000,1,4800.000000,250,567375433033637313,GODOMALL5
2025-11-30,1000000127,,0,0,0.000000,1,23500.000000,1,567375433033637313,GODOMALL5
2025-11-30,1000000152,,1,1,33600.000000,1,33600.000000,1,567375433033637313,GODOMALL5
2025-12-01,1000000042,,1,2,132500.000000,0,0.000000,0,567375433033637313,GODOMALL5
2025-12-01,1000000043,,1,1,22500.000000,1,22500.000000,1,567375433033637313,GODOMALL5
2025-12-01,1000000045,,2,2,60000.000000,2,97000.000000,2,567375433033637313,GODOMALL5
2025-12-01,1000000062,,1,3,103000.000000,0,0.000000,0,567375433033637313,GODOMALL5
2025-12-01,1000000063,,2,2,47000.000000,0,0.000000,0,567375433033637313,GODOMALL5
2025-12-01,1000000064,,9,16,772000.000000,3,129000.000000,3,567375433033637313,GODOMALL5
2025-12-01,1000000083,,1,1,45000.000000,0,0.000000,0,567375433033637313,GODOMALL5
2025-12-01,1000000084,,1,3,91500.000000,0,0.000000,0,567375433033637313,GODOMALL5
2025-12-01,1000000085,,3,3,158000.000000,0,0.000000,0,567375433033637313,GODOMALL5
2025-12-01,1000000087,,3,8,464000.000000,1,65000.000000,1,567375433033637313,GODOMALL5
2025-12-01,1000000088,,3,3,360000.000000,0,0.000000,0,567375433033637313,GODOMALL5
2025-12-01,1000000090,,0,0,0.000000,1,13000.000000,2,567375433033637313,GODOMALL5
2025-12-01,1000000091,,1,4,102000.000000,1,26500.000000,1,567375433033637313,GODOMALL5
2025-12-01,1000000093,,6,225,1057500.000000,0,0.000000,0,567375433033637313,GODOMALL5
2025-12-01,1000000094,,2,100,657000.000000,0,0.000000,0,567375433033637313,GODOMALL5
2025-12-01,1000000111,,4,411,2884500.000000,0,0.000000,0,567375433033637313,GODOMALL5
2025-12-01,1000000112,,1,20,230000.000000,0,0.000000,0,567375433033637313,GODOMALL5
2025-12-01,1000000113,,2,55,635500.000000,1,11600.000000,10,567375433033637313,GODOMALL5
2025-12-01,1000000121,,1,1,19500.000000,0,0.000000,0,567375433033637313,GODOMALL5
2025-12-01,1000000127,,1,2,113500.000000,0,0.000000,0,567375433033637313,GODOMALL5
2025-12-01,1000000128,,0,0,0.000000,1,22500.000000,1,567375433033637313,GODOMALL5
2025-12-01,1000000152,,6,6,201600.000000,0,0.000000,0,567375433033637313,GODOMALL5
2025-12-01,1000000155,,1,1,33400.000000,0,0.000000,0,567375433033637313,GODOMALL5
2025-12-02,1000000041,,1,1,20000.000000,0,0.000000,0,567375433033637313,GODOMALL5
2025-12-02,1000000043,,1,1,22500.000000,0,0.000000,0,567375433033637313,GODOMALL5
2025-12-02,1000000044,,1,1,22500.000000,0,0.000000,0,567375433033637313,GODOMALL5
2025-12-02,1000000045,,1,1,40000.000000,0,0.000000,0,567375433033637313,GODOMALL5
2025-12-02,1000000063,,3,14,1083000.000000,0,0.000000,0,567375433033637313,GODOMALL5
2025-12-02,1000000064,,8,11,809000.000000,3,172500.000000,3,567375433033637313,GODOMALL5
2025-12-02,1000000065,,0,0,0.000000,1,20000.000000,1,567375433033637313,GODOMALL5
2025-12-02,1000000066,,1,1,22500.000000,0,0.000000,0,567375433033637313,GODOMALL5
2025-12-02,1000000071,,1,1,20000.000000,0,0.000000,0,567375433033637313,GODOMALL5
2025-12-02,1000000084,,2,16,488000.000000,0,0.000000,0,567375433033637313,GODOMALL5
2025-12-02,1000000085,,1,1,54500.000000,0,0.000000,0,567375433033637313,GODOMALL5
2025-12-02,1000000086,,1,1,81000.000000,0,0.000000,0,567375433033637313,GODOMALL5
2025-12-02,1000000087,,1,1,61000.000000,0,0.000000,0,567375433033637313,GODOMALL5
2025-12-02,1000000088,,3,3,346000.000000,0,0.000000,0,567375433033637313,GODOMALL5
2025-12-02,1000000090,,1,8,104000.000000,0,0.000000,0,567375433033637313,GODOMALL5
2025-12-02,1000000091,,3,19,509500.000000,0,0.000000,0,567375433033637313,GODOMALL5
2025-12-02,1000000092,,1,4,152000.000000,0,0.000000,0,567375433033637313,GODOMALL5
2025-12-02,1000000093,,3,152,716600.000000,0,0.000000,0,567375433033637313,GODOMALL5
2025-12-02,1000000094,,1,150,990000.000000,0,0.000000,0,567375433033637313,GODOMALL5
2025-12-02,1000000108,,4,222,999000.000000,0,0.000000,0,567375433033637313,GODOMALL5
2025-12-02,1000000111,,1,70,497000.000000,0,0.000000,0,567375433033637313,GODOMALL5
2025-12-02,1000000112,,1,135,1566000.000000,0,0.000000,0,567375433033637313,GODOMALL5
2025-12-02,1000000144,,1,1,9000.000000,0,0.000000,0,567375433033637313,GODOMALL5
2025-12-02,1000000152,,2,3,100800.000000,0,0.000000,0,567375433033637313,GODOMALL5
2025-12-02,1000000164,,1,2,336000.000000,0,0.000000,0,567375433033637313,GODOMALL5
2025-12-03,1000000035,,1,1,6000.000000,0,0.000000,0,567375433033637313,GODOMALL5
2025-12-03,1000000041,,1,7,140000.000000,0,0.000000,0,567375433033637313,GODOMALL5
2025-12-03,1000000044,,1,1,45000.000000,0,0.000000,0,567375433033637313,GODOMALL5
2025-12-03,1000000045,,1,3,60000.000000,0,0.000000,0,567375433033637313,GODOMALL5
2025-12-03,1000000062,,1,2,160000.000000,0,0.000000,0,567375433033637313,GODOMALL5
2025-12-03,1000000063,,1,1,46000.000000,0,0.000000,0,567375433033637313,GODOMALL5
2025-12-03,1000000064,,3,4,301000.000000,1,85000.000000,2,567375433033637313,GODOMALL5
2025-12-03,1000000065,,0,0,0.000000,1,20000.000000,1,567375433033637313,GODOMALL5
2025-12-03,1000000084,,0,0,0.000000,1,27000.000000,1,567375433033637313,GODOMALL5
2025-12-03,1000000085,,1,2,109000.000000,2,102000.000000,4,567375433033637313,GODOMALL5
2025-12-03,1000000087,,3,13,793000.000000,1,61000.000000,1,567375433033637313,GODOMALL5
2025-12-03,1000000088,,1,1,120000.000000,0,0.000000,0,567375433033637313,GODOMALL5
2025-12-03,1000000090,,2,15,195000.000000,0,0.000000,0,567375433033637313,GODOMALL5
2025-12-03,1000000091,,4,6,157000.000000,1,27000.000000,10,567375433033637313,GODOMALL5
2025-12-03,1000000092,,2,98,3675000.000000,0,0.000000,0,567375433033637313,GODOMALL5
2025-12-03,1000000093,,4,203,954100.000000,0,0.000000,0,567375433033637313,GODOMALL5
2025-12-03,1000000094,,3,177,1156200.000000,0,0.000000,0,567375433033637313,GODOMALL5
2025-12-03,1000000108,,3,120,548000.000000,0,0.000000,0,567375433033637313,GODOMALL5
2025-12-03,1000000111,,3,77,546700.000000,3,21200.000000,106,567375433033637313,GODOMALL5
2025-12-03,1000000112,,1,71,816500.000000,0,0.000000,0,567375433033637313,GODOMALL5
2025-12-03,1000000152,,5,9,302400.000000,0,0.000000,0,567375433033637313,GODOMALL5
2025-12-03,1000000155,,2,2,66800.000000,0,0.000000,0,567375433033637313,GODOMALL5
2025-12-03,1000000164,,1,1,173000.000000,0,0.000000,0,567375433033637313,GODOMALL5
2025-12-04,1000000041,,1,1,40000.000000,0,0.000000,0,567375433033637313,GODOMALL5
2025-12-04,1000000042,,1,1,45000.000000,1,22500.000000,1,567375433033637313,GODOMALL5
2025-12-04,1000000043,,1,1,45000.000000,0,0.000000,0,567375433033637313,GODOMALL5
2025-12-04,1000000045,,1,1,40000.000000,0,0.000000,0,567375433033637313,GODOMALL5
2025-12-04,1000000062,,3,3,142000.000000,0,0.000000,0,567375433033637313,GODOMALL5
2025-12-04,1000000063,,2,2,69500.000000,2,69500.000000,2,567375433033637313,GODOMALL5
2025-12-04,1000000064,,7,48,2065500.000000,2,107000.000000,7,567375433033637313,GODOMALL5
2025-12-04,1000000065,,0,0,0.000000,1,40000.000000,1,567375433033637313,GODOMALL5
2025-12-04,1000000069,,1,1,75920.000000,0,0.000000,0,567375433033637313,GODOMALL5
2025-12-04,1000000084,,1,1,27000.000000,0,0.000000,0,567375433033637313,GODOMALL5
2025-12-04,1000000085,,2,4,201000.000000,1,54500.000000,2,567375433033637313,GODOMALL5
2025-12-04,1000000086,,1,1,77000.000000,1,81000.000000,1,567375433033637313,GODOMALL5
2025-12-04,1000000087,,4,4,240000.000000,0,0.000000,0,567375433033637313,GODOMALL5
2025-12-04,1000000088,,2,2,235000.000000,0,0.000000,0,567375433033637313,GODOMALL5
2025-12-04,1000000091,,1,2,52000.000000,0,0.000000,0,567375433033637313,GODOMALL5
2025-12-04,1000000092,,5,44,1671000.000000,0,0.000000,0,567375433033637313,GODOMALL5
2025-12-04,1000000093,,3,325,1535500.000000,0,0.000000,0,567375433033637313,GODOMALL5
2025-12-04,1000000094,,1,125,812500.000000,1,6500.000000,50,567375433033637313,GODOMALL5
2025-12-04,1000000108,,0,0,0.000000,1,4600.000000,66,567375433033637313,GODOMALL5
2025-12-04,1000000110,,1,30,207000.000000,0,0.000000,0,567375433033637313,GODOMALL5
2025-12-04,1000000113,,1,10,115000.000000,0,0.000000,0,567375433033637313,GODOMALL5
2025-12-04,1000000127,,2,2,69500.000000,4,160500.000000,4,567375433033637313,GODOMALL5
2025-12-04,1000000143,,1,5,175000.000000,0,0.000000,0,567375433033637313,GODOMALL5
2025-12-04,1000000144,,0,0,0.000000,1,9000.000000,4,567375433033637313,GODOMALL5
2025-12-04,1000000152,,5,6,201600.000000,0,0.000000,0,567375433033637313,GODOMALL5
2025-12-04,1000000153,,1,1,28600.000000,0,0.000000,0,567375433033637313,GODOMALL5
2025-12-04,1000000156,,1,2,58000.000000,0,0.000000,0,567375433033637313,GODOMALL5
2025-12-05,1000000035,,1,1,6000.000000,0,0.000000,0,567375433033637313,GODOMALL5
2025-12-05,1000000041,,1,1,20000.000000,1,40000.000000,1,567375433033637313,GODOMALL5
2025-12-05,1000000042,,1,1,22500.000000,1,45000.000000,2,567375433033637313,GODOMALL5
2025-12-05,1000000045,,2,3,177000.000000,2,60000.000000,3,567375433033637313,GODOMALL5
2025-12-05,1000000062,,1,1,80000.000000,0,0.000000,0,567375433033637313,GODOMALL5
2025-12-05,1000000063,,1,1,23500.000000,1,23500.000000,1,567375433033637313,GODOMALL5
2025-12-05,1000000064,,8,9,366000.000000,6,300000.000000,9,567375433033637313,GODOMALL5
2025-12-05,1000000069,,0,0,0.000000,1,38920.000000,2,567375433033637313,GODOMALL5
2025-12-05,1000000083,,1,1,45000.000000,0,0.000000,0,567375433033637313,GODOMALL5
2025-12-05,1000000084,,1,5,135000.000000,0,0.000000,0,567375433033637313,GODOMALL5
2025-12-05,1000000087,,1,1,57000.000000,0,0.000000,0,567375433033637313,GODOMALL5
2025-12-05,1000000088,,1,1,115000.000000,0,0.000000,0,567375433033637313,GODOMALL5
2025-12-05,1000000091,,1,10,270000.000000,0,0.000000,0,567375433033637313,GODOMALL5
2025-12-05,1000000092,,1,2,76000.000000,0,0.000000,0,567375433033637313,GODOMALL5
2025-12-05,1000000093,,4,331,1567700.000000,0,0.000000,0,567375433033637313,GODOMALL5
2025-12-05,1000000094,,1,10,65000.000000,0,0.000000,0,567375433033637313,GODOMALL5
2025-12-05,1000000108,,1,25,115000.000000,0,0.000000,0,567375433033637313,GODOMALL5
2025-12-05,1000000110,,1,41,282900.000000,0,0.000000,0,567375433033637313,GODOMALL5
2025-12-05,1000000111,,2,32,224000.000000,0,0.000000,0,567375433033637313,GODOMALL5
2025-12-05,1000000113,,1,25,287500.000000,0,0.000000,0,567375433033637313,GODOMALL5
2025-12-05,1000000127,,2,2,47000.000000,1,23500.000000,1,567375433033637313,GODOMALL5
2025-12-05,1000000153,,1,2,57200.000000,0,0.000000,0,567375433033637313,GODOMALL5
2025-12-06,1000000043,,1,1,22500.000000,0,0.000000,0,567375433033637313,GODOMALL5
2025-12-06,1000000045,,3,3,100000.000000,0,0.000000,0,567375433033637313,GODOMALL5
2025-12-06,1000000062,,1,1,21000.000000,0,0.000000,0,567375433033637313,GODOMALL5
2025-12-06,1000000063,,1,1,46000.000000,0,0.000000,0,567375433033637313,GODOMALL5
2025-12-06,1000000064,,3,5,131000.000000,0,0.000000,0,567375433033637313,GODOMALL5
2025-12-06,1000000069,,1,1,18920.000000,0,0.000000,0,567375433033637313,GODOMALL5
2025-12-06,1000000070,,1,1,20000.000000,0,0.000000,0,567375433033637313,GODOMALL5
2025-12-06,1000000072,,1,1,20000.000000,0,0.000000,0,567375433033637313,GODOMALL5
2025-12-06,1000000084,,1,2,60000.000000,0,0.000000,0,567375433033637313,GODOMALL5
2025-12-06,1000000087,,1,1,57000.000000,0,0.000000,0,567375433033637313,GODOMALL5
2025-12-06,1000000088,,1,1,120000.000000,0,0.000000,0,567375433033637313,GODOMALL5
2025-12-06,1000000093,,3,306,1466800.000000,0,0.000000,0,567375433033637313,GODOMALL5
2025-12-06,1000000152,,1,1,33600.000000,1,33600.000000,2,567375433033637313,GODOMALL5
2025-12-06,1000000154,,0,0,0.000000,1,27800.000000,2,567375433033637313,GODOMALL5
2025-12-07,1000000035,,0,0,0.000000,1,6000.000000,3,567375433033637313,GODOMALL5
2025-12-07,1000000045,,0,0,0.000000,1,20000.000000,1,567375433033637313,GODOMALL5
2025-12-07,1000000062,,0,0,0.000000,1,21000.000000,1,567375433033637313,GODOMALL5
2025-12-07,1000000064,,1,1,43000.000000,1,43000.000000,1,567375433033637313,GODOMALL5
2025-12-07,1000000083,,0,0,0.000000,1,45000.000000,1,567375433033637313,GODOMALL5
2025-12-07,1000000085,,1,6,327000.000000,1,54500.000000,1,567375433033637313,GODOMALL5
2025-12-07,1000000087,,2,9,549000.000000,0,0.000000,0,567375433033637313,GODOMALL5
2025-12-07,1000000111,,1,20,142000.000000,0,0.000000,0,567375433033637313,GODOMALL5
2025-12-07,1000000113,,2,60,696000.000000,0,0.000000,0,567375433033637313,GODOMALL5
2025-12-07,1000000152,,1,1,33600.000000,0,0.000000,0,567375433033637313,GODOMALL5
2025-12-08,1000000035,,1,2,12000.000000,0,0.000000,0,567375433033637313,GODOMALL5
2025-12-08,1000000041,,1,1,40000.000000,1,20000.000000,1,567375433033637313,GODOMALL5
2025-12-08,1000000042,,1,1,22500.000000,0,0.000000,0,567375433033637313,GODOMALL5
2025-12-08,1000000043,,1,1,22500.000000,0,0.000000,0,567375433033637313,GODOMALL5
2025-12-08,1000000044,,0,0,0.000000,3,67500.000000,4,567375433033637313,GODOMALL5
2025-12-08,1000000045,,1,2,60000.000000,2,40000.000000,3,567375433033637313,GODOMALL5
2025-12-08,1000000064,,9,30,2259000.000000,5,300500.000000,5,567375433033637313,GODOMALL5
2025-12-08,1000000065,,1,1,20000.000000,1,20000.000000,1,567375433033637313,GODOMALL5
2025-12-08,1000000069,,0,0,0.000000,1,18920.000000,2,567375433033637313,GODOMALL5
2025-12-08,1000000084,,0,0,0.000000,1,30500.000000,2,567375433033637313,GODOMALL5
2025-12-08,1000000085,,3,4,207500.000000,0,0.000000,0,567375433033637313,GODOMALL5
2025-12-08,1000000086,,1,5,405000.000000,0,0.000000,0,567375433033637313,GODOMALL5
2025-12-08,1000000087,,2,2,122000.000000,1,61000.000000,1,567375433033637313,GODOMALL5
2025-12-08,1000000088,,4,5,582000.000000,2,232000.000000,2,567375433033637313,GODOMALL5
2025-12-08,1000000090,,2,20,254000.000000,1,13000.000000,2,567375433033637313,GODOMALL5
2025-12-08,1000000092,,1,100,3800000.000000,0,0.000000,0,567375433033637313,GODOMALL5
2025-12-08,1000000093,,3,115,544500.000000,2,9500.000000,160,567375433033637313,GODOMALL5
2025-12-08,1000000094,,1,100,660000.000000,1,6600.000000,100,567375433033637313,GODOMALL5
2025-12-08,1000000108,,2,190,863000.000000,0,0.000000,0,567375433033637313,GODOMALL5
2025-12-08,1000000111,,3,140,989000.000000,0,0.000000,0,567375433033637313,GODOMALL5
2025-12-08,1000000112,,1,30,345000.000000,0,0.000000,0,567375433033637313,GODOMALL5
2025-12-08,1000000127,,2,2,180000.000000,0,0.000000,0,567375433033637313,GODOMALL5
2025-12-08,1000000128,,1,1,22500.000000,0,0.000000,0,567375433033637313,GODOMALL5
2025-12-08,1000000152,,4,5,168000.000000,0,0.000000,0,567375433033637313,GODOMALL5
2025-12-08,1000000154,,1,1,27800.000000,0,0.000000,0,567375433033637313,GODOMALL5
2025-12-08,1000000155,,2,2,66800.000000,0,0.000000,0,567375433033637313,GODOMALL5
2025-12-08,1000000164,,1,1,173000.000000,0,0.000000,0,567375433033637313,GODOMALL5
2025-12-09,1000000027,,1,1,20000.000000,0,0.000000,0,567375433033637313,GODOMALL5
2025-12-09,1000000035,,1,1,6000.000000,0,0.000000,0,567375433033637313,GODOMALL5
2025-12-09,1000000045,,3,3,80000.000000,0,0.000000,0,567375433033637313,GODOMALL5
2025-12-09,1000000062,,2,4,222000.000000,4,164500.000000,9,567375433033637313,GODOMALL5
2025-12-09,1000000063,,1,1,23500.000000,1,23500.000000,1,567375433033637313,GODOMALL5
2025-12-09,1000000064,,9,27,952500.000000,3,130500.000000,18,567375433033637313,GODOMALL5
2025-12-09,1000000065,,1,1,20000.000000,0,0.000000,0,567375433033637313,GODOMALL5
2025-12-09,1000000066,,1,2,45000.000000,0,0.000000,0,567375433033637313,GODOMALL5
2025-12-09,1000000084,,1,70,1890000.000000,0,0.000000,0,567375433033637313,GODOMALL5
2025-12-09,1000000085,,3,13,680500.000000,1,51000.000000,1,567375433033637313,GODOMALL5
2025-12-09,1000000086,,2,2,162000.000000,0,0.000000,0,567375433033637313,GODOMALL5
2025-12-09,1000000087,,2,2,126000.000000,0,0.000000,0,567375433033637313,GODOMALL5
2025-12-09,1000000088,,4,4,467000.000000,2,231000.000000,2,567375433033637313,GODOMALL5
2025-12-09,1000000091,,3,6,158000.000000,0,0.000000,0,567375433033637313,GODOMALL5
2025-12-09,1000000092,,2,2,76000.000000,0,0.000000,0,567375433033637313,GODOMALL5
2025-12-09,1000000093,,4,432,2070400.000000,1,4700.000000,370,567375433033637313,GODOMALL5
2025-12-09,1000000108,,1,30,135000.000000,0,0.000000,0,567375433033637313,GODOMALL5
2025-12-09,1000000111,,0,0,0.000000,1,7000.000000,10,567375433033637313,GODOMALL5
2025-12-09,1000000112,,2,70,809000.000000,0,0.000000,0,567375433033637313,GODOMALL5
2025-12-09,1000000127,,3,3,70500.000000,0,0.000000,0,567375433033637313,GODOMALL5
2025-12-09,1000000144,,1,2,18000.000000,0,0.000000,0,567375433033637313,GODOMALL5
2025-12-09,1000000152,,3,7,235200.000000,0,0.000000,0,567375433033637313,GODOMALL5
2025-12-09,1000000154,,1,2,55600.000000,0,0.000000,0,567375433033637313,GODOMALL5
2025-12-09,1000000155,,1,1,33400.000000,0,0.000000,0,567375433033637313,GODOMALL5
2025-12-09,1000000164,,1,1,168000.000000,1,173000.000000,1,567375433033637313,GODOMALL5
2025-12-10,1000000033,,1,1,45000.000000,1,45000.000000,1,567375433033637313,GODOMALL5
2025-12-10,1000000035,,1,4,24000.000000,0,0.000000,0,567375433033637313,GODOMALL5
2025-12-10,1000000041,,2,2,60000.000000,0,0.000000,0,567375433033637313,GODOMALL5
2025-12-10,1000000042,,3,6,525000.000000,1,22500.000000,6,567375433033637313,GODOMALL5
2025-12-10,1000000043,,1,1,45000.000000,2,110000.000000,7,567375433033637313,GODOMALL5
2025-12-10,1000000044,,1,1,45000.000000,0,0.000000,0,567375433033637313,GODOMALL5
2025-12-10,1000000045,,3,3,137000.000000,0,0.000000,0,567375433033637313,GODOMALL5
2025-12-10,1000000062,,5,11,428000.000000,1,21000.000000,1,567375433033637313,GODOMALL5
2025-12-10,1000000063,,4,6,496000.000000,1,47500.000000,6,567375433033637313,GODOMALL5
2025-12-10,1000000064,,10,18,1005000.000000,2,44000.000000,2,567375433033637313,GODOMALL5
2025-12-10,1000000065,,1,1,20000.000000,0,0.000000,0,567375433033637313,GODOMALL5
2025-12-10,1000000069,,0,0,0.000000,1,18920.000000,1,567375433033637313,GODOMALL5
2025-12-10,1000000071,,2,2,60000.000000,0,0.000000,0,567375433033637313,GODOMALL5
2025-12-10,1000000083,,1,1,45000.000000,0,0.000000,0,567375433033637313,GODOMALL5
2025-12-10,1000000084,,1,2,61000.000000,0,0.000000,0,567375433033637313,GODOMALL5
2025-12-10,1000000085,,4,8,408000.000000,1,53500.000000,1,567375433033637313,GODOMALL5
2025-12-10,1000000086,,1,4,324000.000000,0,0.000000,0,567375433033637313,GODOMALL5
2025-12-10,1000000087,,6,6,376000.000000,0,0.000000,0,567375433033637313,GODOMALL5
2025-12-10,1000000088,,5,6,700000.000000,0,0.000000,0,567375433033637313,GODOMALL5
2025-12-10,1000000090,,1,1,13000.000000,0,0.000000,0,567375433033637313,GODOMALL5
2025-12-10,1000000091,,2,5,133500.000000,0,0.000000,0,567375433033637313,GODOMALL5
2025-12-10,1000000093,,3,175,824000.000000,1,4800.000000,25,567375433033637313,GODOMALL5
2025-12-10,1000000094,,1,270,1782000.000000,0,0.000000,0,567375433033637313,GODOMALL5
2025-12-10,1000000108,,2,120,547000.000000,0,0.000000,0,567375433033637313,GODOMALL5
2025-12-10,1000000110,,0,0,0.000000,1,6900.000000,100,567375433033637313,GODOMALL5
2025-12-10,1000000111,,4,101,708700.000000,0,0.000000,0,567375433033637313,GODOMALL5
2025-12-10,1000000112,,2,45,517500.000000,1,11500.000000,280,567375433033637313,GODOMALL5
2025-12-10,1000000127,,4,4,293500.000000,1,23500.000000,1,567375433033637313,GODOMALL5
2025-12-10,1000000144,,1,1,9000.000000,0,0.000000,0,567375433033637313,GODOMALL5
2025-12-10,1000000152,,7,8,268800.000000,2,67200.000000,2,567375433033637313,GODOMALL5
2025-12-10,1000000153,,0,0,0.000000,1,28600.000000,1,567375433033637313,GODOMALL5
2025-12-10,1000000154,,2,2,55600.000000,1,27800.000000,1,567375433033637313,GODOMALL5
2025-12-10,1000000155,,2,2,66800.000000,0,0.000000,0,567375433033637313,GODOMALL5
2025-12-11,1000000028,,1,1,40000.000000,0,0.000000,0,567375433033637313,GODOMALL5
2025-12-11,1000000033,,1,1,45000.000000,0,0.000000,0,567375433033637313,GODOMALL5
2025-12-11,1000000035,,1,3,18000.000000,0,0.000000,0,567375433033637313,GODOMALL5
2025-12-11,1000000041,,1,1,40000.000000,0,0.000000,0,567375433033637313,GODOMALL5
2025-12-11,1000000042,,2,3,90000.000000,0,0.000000,0,567375433033637313,GODOMALL5
2025-12-11,1000000043,,1,1,22500.000000,0,0.000000,0,567375433033637313,GODOMALL5
2025-12-11,1000000044,,1,1,22500.000000,0,0.000000,0,567375433033637313,GODOMALL5
2025-12-11,1000000045,,2,2,60000.000000,0,0.000000,0,567375433033637313,GODOMALL5
2025-12-11,1000000062,,2,2,62000.000000,0,0.000000,0,567375433033637313,GODOMALL5
2025-12-11,1000000064,,7,10,535000.000000,2,170000.000000,3,567375433033637313,GODOMALL5
2025-12-11,1000000084,,3,5,145500.000000,0,0.000000,0,567375433033637313,GODOMALL5
2025-12-11,1000000085,,3,9,484500.000000,0,0.000000,0,567375433033637313,GODOMALL5
2025-12-11,1000000087,,1,1,63000.000000,0,0.000000,0,567375433033637313,GODOMALL5
2025-12-11,1000000088,,3,3,346000.000000,0,0.000000,0,567375433033637313,GODOMALL5
2025-12-11,1000000090,,2,13,169000.000000,0,0.000000,0,567375433033637313,GODOMALL5
2025-12-11,1000000093,,3,134,638800.000000,1,4800.000000,20,567375433033637313,GODOMALL5
2025-12-11,1000000094,,0,0,0.000000,1,6600.000000,10,567375433033637313,GODOMALL5
2025-12-11,1000000111,,1,25,175000.000000,0,0.000000,0,567375433033637313,GODOMALL5
2025-12-11,1000000112,,3,333,3834800.000000,0,0.000000,0,567375433033637313,GODOMALL5
2025-12-11,1000000127,,1,1,23500.000000,0,0.000000,0,567375433033637313,GODOMALL5
2025-12-11,1000000152,,1,1,33600.000000,1,33600.000000,1,567375433033637313,GODOMALL5
2025-12-11,1000000156,,1,1,29000.000000,1,29000.000000,1,567375433033637313,GODOMALL5
2025-12-12,1000000035,,1,1,6000.000000,0,0.000000,0,567375433033637313,GODOMALL5
2025-12-12,1000000042,,1,1,22500.000000,0,0.000000,0,567375433033637313,GODOMALL5
2025-12-12,1000000043,,1,1,22500.000000,0,0.000000,0,567375433033637313,GODOMALL5
2025-12-12,1000000045,,1,3,194000.000000,0,0.000000,0,567375433033637313,GODOMALL5
2025-12-12,1000000064,,3,5,342500.000000,3,213000.000000,8,567375433033637313,GODOMALL5
2025-12-12,1000000066,,1,1,22500.000000,0,0.000000,0,567375433033637313,GODOMALL5
2025-12-12,1000000084,,0,0,0.000000,1,30500.000000,40,567375433033637313,GODOMALL5
2025-12-12,1000000085,,1,1,51000.000000,1,54500.000000,1,567375433033637313,GODOMALL5
2025-12-12,1000000086,,3,3,243000.000000,0,0.000000,0,567375433033637313,GODOMALL5
2025-12-12,1000000087,,3,3,187000.000000,0,0.000000,0,567375433033637313,GODOMALL5
2025-12-12,1000000088,,1,1,120000.000000,0,0.000000,0,567375433033637313,GODOMALL5
2025-12-12,1000000093,,4,107,510900.000000,2,9500.000000,30,567375433033637313,GODOMALL5
2025-12-12,1000000094,,1,200,1300000.000000,0,0.000000,0,567375433033637313,GODOMALL5
2025-12-12,1000000108,,1,90,405000.000000,1,4600.000000,20,567375433033637313,GODOMALL5
2025-12-12,1000000111,,3,135,958500.000000,0,0.000000,0,567375433033637313,GODOMALL5
2025-12-12,1000000127,,0,0,0.000000,0,0.000000,0,567375433033637313,GODOMALL5
2025-12-12,1000000143,,0,0,0.000000,1,13000.000000,40,567375433033637313,GODOMALL5
2025-12-12,1000000144,,1,7,63000.000000,0,0.000000,0,567375433033637313,GODOMALL5
2025-12-12,1000000152,,2,2,67200.000000,0,0.000000,0,567375433033637313,GODOMALL5
2025-12-12,1000000153,,1,1,28600.000000,0,0.000000,0,567375433033637313,GODOMALL5
2025-12-12,1000000155,,1,1,33400.000000,0,0.000000,0,567375433033637313,GODOMALL5
2025-12-13,1000000041,,1,1,20000.000000,1,20000.000000,1,567375433033637313,GODOMALL5
2025-12-13,1000000042,,0,0,0.000000,1,22500.000000,1,567375433033637313,GODOMALL5
2025-12-13,1000000043,,1,1,22500.000000,0,0.000000,0,567375433033637313,GODOMALL5
2025-12-13,1000000045,,1,1,20000.000000,1,20000.000000,1,567375433033637313,GODOMALL5
2025-12-13,1000000063,,0,0,0.000000,1,23500.000000,1,567375433033637313,GODOMALL5
2025-12-13,1000000066,,1,1,22500.000000,0,0.000000,0,567375433033637313,GODOMALL5
2025-12-13,1000000069,,1,1,18920.000000,0,0.000000,0,567375433033637313,GODOMALL5
2025-12-13,1000000088,,2,2,227000.000000,0,0.000000,0,567375433033637313,GODOMALL5
2025-12-13,1000000093,,4,182,861400.000000,0,0.000000,0,567375433033637313,GODOMALL5
2025-12-13,1000000112,,1,15,172500.000000,1,11500.000000,15,567375433033637313,GODOMALL5
2025-12-13,1000000127,,0,0,0.000000,1,23500.000000,1,567375433033637313,GODOMALL5
2025-12-13,1000000152,,0,0,0.000000,1,33600.000000,1,567375433033637313,GODOMALL5
2025-12-13,1000000153,,0,0,0.000000,1,28600.000000,1,567375433033637313,GODOMALL5
2025-12-13,1000000156,,0,0,0.000000,1,29000.000000,1,567375433033637313,GODOMALL5
2025-12-13,1000000164,,0,0,0.000000,1,173000.000000,1,567375433033637313,GODOMALL5
2025-12-14,1000000041,,0,0,0.000000,1,20000.000000,1,567375433033637313,GODOMALL5
2025-12-14,1000000043,,0,0,0.000000,1,22500.000000,1,567375433033637313,GODOMALL5
2025-12-14,1000000064,,0,0,0.000000,1,22000.000000,1,567375433033637313,GODOMALL5
2025-12-14,1000000085,,1,1,51000.000000,0,0.000000,0,567375433033637313,GODOMALL5
2025-12-14,1000000086,,2,2,162000.000000,2,158000.000000,3,567375433033637313,GODOMALL5
2025-12-14,1000000087,,1,1,57000.000000,2,126000.000000,2,567375433033637313,GODOMALL5
2025-12-14,1000000088,,2,2,236000.000000,2,235000.000000,2,567375433033637313,GODOMALL5
2025-12-14,1000000091,,0,0,0.000000,1,26500.000000,2,567375433033637313,GODOMALL5
2025-12-14,1000000093,,4,170,816000.000000,1,4800.000000,180,567375433033637313,GODOMALL5
2025-12-14,1000000094,,0,0,0.000000,1,6500.000000,20,567375433033637313,GODOMALL5
2025-12-14,1000000111,,1,100,700000.000000,0,0.000000,0,567375433033637313,GODOMALL5
2025-12-14,1000000113,,1,115,1334000.000000,0,0.000000,0,567375433033637313,GODOMALL5
2025-12-14,1000000152,,5,5,168000.000000,1,33600.000000,2,567375433033637313,GODOMALL5
2025-12-15,1000000035,,1,1,6000.000000,0,0.000000,0,567375433033637313,GODOMALL5
2025-12-15,1000000043,,2,2,110000.000000,0,0.000000,0,567375433033637313,GODOMALL5
2025-12-15,1000000062,,2,4,261000.000000,1,21000.000000,1,567375433033637313,GODOMALL5
2025-12-15,1000000063,,1,1,90000.000000,0,0.000000,0,567375433033637313,GODOMALL5
2025-12-15,1000000064,,8,135,3307500.000000,5,257000.000000,144,567375433033637313,GODOMALL5
2025-12-15,1000000065,,0,0,0.000000,1,20000.000000,1,567375433033637313,GODOMALL5
2025-12-15,1000000066,,1,1,87500.000000,0,0.000000,0,567375433033637313,GODOMALL5
2025-12-15,1000000083,,1,4,180000.000000,0,0.000000,0,567375433033637313,GODOMALL5
2025-12-15,1000000084,,2,45,1355000.000000,0,0.000000,0,567375433033637313,GODOMALL5
2025-12-15,1000000085,,3,3,151000.000000,2,105500.000000,2,567375433033637313,GODOMALL5
2025-12-15,1000000086,,1,4,308000.000000,0,0.000000,0,567375433033637313,GODOMALL5
2025-12-15,1000000087,,1,1,57000.000000,0,0.000000,0,567375433033637313,GODOMALL5
2025-12-15,1000000088,,3,3,348000.000000,0,0.000000,0,567375433033637313,GODOMALL5
2025-12-15,1000000090,,2,373,4849000.000000,0,0.000000,0,567375433033637313,GODOMALL5
2025-12-15,1000000091,,2,451,11726000.000000,1,26000.000000,2,567375433033637313,GODOMALL5
2025-12-15,1000000092,,0,0,0.000000,1,37000.000000,1,567375433033637313,GODOMALL5
2025-12-15,1000000093,,10,798,3783900.000000,0,0.000000,0,567375433033637313,GODOMALL5
2025-12-15,1000000094,,3,90,592000.000000,0,0.000000,0,567375433033637313,GODOMALL5
2025-12-15,1000000110,,1,25,170000.000000,0,0.000000,0,567375433033637313,GODOMALL5
2025-12-15,1000000111,,2,171,1214100.000000,0,0.000000,0,567375433033637313,GODOMALL5
2025-12-15,1000000121,,1,57,1084000.000000,0,0.000000,0,567375433033637313,GODOMALL5
2025-12-15,1000000127,,2,2,113500.000000,0,0.000000,0,567375433033637313,GODOMALL5
2025-12-15,1000000143,,1,40,520000.000000,0,0.000000,0,567375433033637313,GODOMALL5
2025-12-15,1000000152,,3,5,168000.000000,1,33600.000000,1,567375433033637313,GODOMALL5
2025-12-15,1000000164,,2,2,346000.000000,0,0.000000,0,567375433033637313,GODOMALL5
2025-12-16,1000000035,,1,2,12000.000000,0,0.000000,0,567375433033637313,GODOMALL5
2025-12-16,1000000042,,1,1,22500.000000,0,0.000000,0,567375433033637313,GODOMALL5
2025-12-16,1000000043,,1,1,22500.000000,1,22500.000000,1,567375433033637313,GODOMALL5
2025-12-16,1000000045,,1,1,40000.000000,0,0.000000,0,567375433033637313,GODOMALL5
2025-12-16,1000000062,,2,2,62000.000000,3,63000.000000,3,567375433033637313,GODOMALL5
2025-12-16,1000000063,,3,3,93000.000000,2,47000.000000,2,567375433033637313,GODOMALL5
2025-12-16,1000000064,,3,4,340000.000000,4,152500.000000,6,567375433033637313,GODOMALL5
2025-12-16,1000000065,,0,0,0.000000,1,20000.000000,1,567375433033637313,GODOMALL5
2025-12-16,1000000071,,0,0,0.000000,1,20000.000000,1,567375433033637313,GODOMALL5
2025-12-16,1000000083,,2,3,135000.000000,1,45000.000000,1,567375433033637313,GODOMALL5
2025-12-16,1000000084,,1,1,27000.000000,2,57500.000000,2,567375433033637313,GODOMALL5
2025-12-16,1000000087,,3,4,252000.000000,3,183000.000000,3,567375433033637313,GODOMALL5
2025-12-16,1000000088,,3,3,355000.000000,1,120000.000000,1,567375433033637313,GODOMALL5
2025-12-16,1000000093,,7,241,1155800.000000,1,4700.000000,25,567375433033637313,GODOMALL5
2025-12-16,1000000094,,2,72,469200.000000,0,0.000000,0,567375433033637313,GODOMALL5
2025-12-16,1000000108,,1,25,115000.000000,2,9000.000000,52,567375433033637313,GODOMALL5
2025-12-16,1000000111,,4,370,2621000.000000,0,0.000000,0,567375433033637313,GODOMALL5
2025-12-16,1000000112,,1,15,174000.000000,0,0.000000,0,567375433033637313,GODOMALL5
2025-12-16,1000000121,,0,0,0.000000,1,19500.000000,1,567375433033637313,GODOMALL5
2025-12-16,1000000127,,2,2,69500.000000,2,47000.000000,2,567375433033637313,GODOMALL5
2025-12-16,1000000152,,4,6,201600.000000,0,0.000000,0,567375433033637313,GODOMALL5
2025-12-16,1000000155,,1,1,33400.000000,0,0.000000,0,567375433033637313,GODOMALL5
2025-12-17,1000000033,,1,1,45000.000000,0,0.000000,0,567375433033637313,GODOMALL5
2025-12-17,1000000035,,1,2,12000.000000,0,0.000000,0,567375433033637313,GODOMALL5
2025-12-17,1000000042,,0,0,0.000000,2,110000.000000,7,567375433033637313,GODOMALL5
2025-12-17,1000000043,,2,2,67500.000000,1,22500.000000,5,567375433033637313,GODOMALL5
2025-12-17,1000000045,,3,7,294000.000000,0,0.000000,0,567375433033637313,GODOMALL5
2025-12-17,1000000062,,0,0,0.000000,1,21000.000000,1,567375433033637313,GODOMALL5
2025-12-17,1000000063,,1,1,23500.000000,3,70500.000000,3,567375433033637313,GODOMALL5
2025-12-17,1000000064,,10,18,795000.000000,4,172000.000000,16,567375433033637313,GODOMALL5
2025-12-17,1000000066,,1,3,67500.000000,1,22500.000000,1,567375433033637313,GODOMALL5
2025-12-17,1000000069,,1,1,18920.000000,0,0.000000,0,567375433033637313,GODOMALL5
2025-12-17,1000000084,,1,1,30500.000000,2,54000.000000,3,567375433033637313,GODOMALL5
2025-12-17,1000000085,,2,2,100000.000000,3,160000.000000,4,567375433033637313,GODOMALL5
2025-12-17,1000000087,,1,1,61000.000000,0,0.000000,0,567375433033637313,GODOMALL5
2025-12-17,1000000088,,3,3,347000.000000,0,0.000000,0,567375433033637313,GODOMALL5
2025-12-17,1000000091,,0,0,0.000000,1,27000.000000,5,567375433033637313,GODOMALL5
2025-12-17,1000000092,,1,2,76000.000000,1,38000.000000,8,567375433033637313,GODOMALL5
2025-12-17,1000000093,,4,151,722700.000000,0,0.000000,0,567375433033637313,GODOMALL5
2025-12-17,1000000108,,1,110,506000.000000,2,9100.000000,125,567375433033637313,GODOMALL5
2025-12-17,1000000111,,1,180,1260000.000000,0,0.000000,0,567375433033637313,GODOMALL5
2025-12-17,1000000112,,0,0,0.000000,1,11500.000000,10,567375433033637313,GODOMALL5
2025-12-17,1000000113,,0,0,0.000000,1,11500.000000,15,567375433033637313,GODOMALL5
2025-12-17,1000000127,,1,1,46000.000000,1,23500.000000,1,567375433033637313,GODOMALL5
2025-12-17,1000000128,,2,4,90000.000000,0,0.000000,0,567375433033637313,GODOMALL5
2025-12-17,1000000143,,1,1,13000.000000,0,0.000000,0,567375433033637313,GODOMALL5
2025-12-17,1000000144,,2,8,72000.000000,8,72000.000000,16,567375433033637313,GODOMALL5
2025-12-17,1000000152,,7,9,302400.000000,2,67200.000000,4,567375433033637313,GODOMALL5
2025-12-17,1000000155,,1,1,33400.000000,0,0.000000,0,567375433033637313,GODOMALL5
2025-12-18,1000000033,,1,1,45000.000000,0,0.000000,0,567375433033637313,GODOMALL5
2025-12-18,1000000035,,0,0,0.000000,2,12000.000000,2,567375433033637313,GODOMALL5
2025-12-18,1000000042,,1,2,45000.000000,1,45000.000000,1,567375433033637313,GODOMALL5
2025-12-18,1000000043,,1,1,22500.000000,0,0.000000,0,567375433033637313,GODOMALL5
2025-12-18,1000000045,,2,2,154000.000000,2,60000.000000,6,567375433033637313,GODOMALL5
2025-12-18,1000000062,,1,1,21000.000000,0,0.000000,0,567375433033637313,GODOMALL5
2025-12-18,1000000063,,1,1,46000.000000,0,0.000000,0,567375433033637313,GODOMALL5
2025-12-18,1000000064,,4,8,284000.000000,5,257000.000000,10,567375433033637313,GODOMALL5
2025-12-18,1000000066,,2,2,45000.000000,0,0.000000,0,567375433033637313,GODOMALL5
2025-12-18,1000000069,,1,1,18920.000000,0,0.000000,0,567375433033637313,GODOMALL5
2025-12-18,1000000083,,0,0,0.000000,1,45000.000000,1,567375433033637313,GODOMALL5
2025-12-18,1000000084,,1,1,30500.000000,0,0.000000,0,567375433033637313,GODOMALL5
2025-12-18,1000000085,,3,11,554000.000000,1,51000.000000,1,567375433033637313,GODOMALL5
2025-12-18,1000000086,,1,1,81000.000000,0,0.000000,0,567375433033637313,GODOMALL5
2025-12-18,1000000087,,1,1,61000.000000,1,65000.000000,1,567375433033637313,GODOMALL5
2025-12-18,1000000088,,4,4,461000.000000,0,0.000000,0,567375433033637313,GODOMALL5
2025-12-18,1000000090,,1,6,78000.000000,0,0.000000,0,567375433033637313,GODOMALL5
2025-12-18,1000000091,,2,21,530000.000000,3,78000.000000,12,567375433033637313,GODOMALL5
2025-12-18,1000000092,,2,10,380000.000000,2,74000.000000,5,567375433033637313,GODOMALL5
2025-12-18,1000000093,,2,112,536400.000000,1,4700.000000,70,567375433033637313,GODOMALL5
2025-12-18,1000000094,,1,10,66000.000000,0,0.000000,0,567375433033637313,GODOMALL5
2025-12-18,1000000108,,4,122,549000.000000,0,0.000000,0,567375433033637313,GODOMALL5
2025-12-18,1000000111,,3,177,1255400.000000,1,7000.000000,13,567375433033637313,GODOMALL5
2025-12-18,1000000112,,2,20,230000.000000,0,0.000000,0,567375433033637313,GODOMALL5
2025-12-18,1000000113,,1,10,116000.000000,0,0.000000,0,567375433033637313,GODOMALL5
2025-12-18,1000000127,,1,1,23500.000000,0,0.000000,0,567375433033637313,GODOMALL5
2025-12-18,1000000142,,2,2,27000.000000,0,0.000000,0,567375433033637313,GODOMALL5
2025-12-18,1000000144,,6,18,162000.000000,6,54000.000000,21,567375433033637313,GODOMALL5
2025-12-18,1000000152,,1,1,33600.000000,0,0.000000,0,567375433033637313,GODOMALL5
2025-12-18,1000000153,,1,1,28600.000000,1,28600.000000,1,567375433033637313,GODOMALL5
2025-12-18,1000000155,,1,1,33400.000000,0,0.000000,0,567375433033637313,GODOMALL5
2025-12-18,1000000156,,1,1,29000.000000,0,0.000000,0,567375433033637313,GODOMALL5
2025-12-18,1000000164,,1,1,168000.000000,1,168000.000000,1,567375433033637313,GODOMALL5
2025-12-19,1000000035,,1,1,6000.000000,1,6000.000000,2,567375433033637313,GODOMALL5
2025-12-19,1000000042,,1,2,132500.000000,1,22500.000000,1,567375433033637313,GODOMALL5
2025-12-19,1000000043,,0,0,0.000000,1,22500.000000,1,567375433033637313,GODOMALL5
2025-12-19,1000000044,,1,1,22500.000000,0,0.000000,0,567375433033637313,GODOMALL5
2025-12-19,1000000045,,5,9,314000.000000,0,0.000000,0,567375433033637313,GODOMALL5
2025-12-19,1000000063,,0,0,0.000000,2,71000.000000,2,567375433033637313,GODOMALL5
2025-12-19,1000000064,,13,39,2175000.000000,3,129000.000000,3,567375433033637313,GODOMALL5
2025-12-19,1000000083,,2,2,91500.000000,0,0.000000,0,567375433033637313,GODOMALL5
2025-12-19,1000000084,,3,4,111500.000000,0,0.000000,0,567375433033637313,GODOMALL5
2025-12-19,1000000085,,1,9,450000.000000,2,105500.000000,7,567375433033637313,GODOMALL5
2025-12-19,1000000086,,2,2,162000.000000,0,0.000000,0,567375433033637313,GODOMALL5
2025-12-19,1000000087,,2,3,179000.000000,0,0.000000,0,567375433033637313,GODOMALL5
2025-12-19,1000000088,,3,5,600000.000000,1,120000.000000,1,567375433033637313,GODOMALL5
2025-12-19,1000000091,,1,5,135000.000000,0,0.000000,0,567375433033637313,GODOMALL5
2025-12-19,1000000092,,3,12,456000.000000,1,38000.000000,4,567375433033637313,GODOMALL5
2025-12-19,1000000093,,7,270,1294400.000000,1,4800.000000,90,567375433033637313,GODOMALL5
2025-12-19,1000000094,,0,0,0.000000,1,6500.000000,15,567375433033637313,GODOMALL5
2025-12-19,1000000108,,1,20,90000.000000,1,4500.000000,65,567375433033637313,GODOMALL5
2025-12-19,1000000111,,3,135,948500.000000,0,0.000000,0,567375433033637313,GODOMALL5
2025-12-19,1000000112,,1,100,1150000.000000,1,11600.000000,60,567375433033637313,GODOMALL5
2025-12-19,1000000113,,0,0,0.000000,1,11500.000000,10,567375433033637313,GODOMALL5
2025-12-19,1000000127,,2,2,92000.000000,0,0.000000,0,567375433033637313,GODOMALL5
2025-12-19,1000000144,,3,11,99000.000000,2,18000.000000,3,567375433033637313,GODOMALL5
2025-12-19,1000000152,,4,4,134400.000000,1,33600.000000,1,567375433033637313,GODOMALL5
2025-12-20,1000000035,,1,2,12000.000000,0,0.000000,0,567375433033637313,GODOMALL5
2025-12-20,1000000042,,1,1,22500.000000,0,0.000000,0,567375433033637313,GODOMALL5
2025-12-20,1000000045,,1,1,20000.000000,0,0.000000,0,567375433033637313,GODOMALL5
2025-12-20,1000000063,,0,0,0.000000,2,69500.000000,2,567375433033637313,GODOMALL5
2025-12-20,1000000064,,5,18,543000.000000,1,22000.000000,1,567375433033637313,GODOMALL5
2025-12-20,1000000086,,0,0,0.000000,1,81000.000000,1,567375433033637313,GODOMALL5
2025-12-20,1000000087,,1,1,57000.000000,0,0.000000,0,567375433033637313,GODOMALL5
2025-12-20,1000000088,,1,1,120000.000000,0,0.000000,0,567375433033637313,GODOMALL5
2025-12-20,1000000090,,0,0,0.000000,1,13000.000000,5,567375433033637313,GODOMALL5
2025-12-20,1000000091,,1,20,520000.000000,1,26000.000000,20,567375433033637313,GODOMALL5
2025-12-20,1000000092,,1,1,37000.000000,0,0.000000,0,567375433033637313,GODOMALL5
2025-12-20,1000000093,,3,400,1880000.000000,2,9500.000000,360,567375433033637313,GODOMALL5
2025-12-20,1000000094,,1,30,195000.000000,0,0.000000,0,567375433033637313,GODOMALL5
2025-12-20,1000000108,,0,0,0.000000,1,4500.000000,70,567375433033637313,GODOMALL5
2025-12-20,1000000110,,1,40,272000.000000,0,0.000000,0,567375433033637313,GODOMALL5
2025-12-20,1000000112,,1,65,754000.000000,0,0.000000,0,567375433033637313,GODOMALL5
2025-12-20,1000000121,,1,1,19500.000000,0,0.000000,0,567375433033637313,GODOMALL5
2025-12-20,1000000127,,0,0,0.000000,1,23500.000000,1,567375433033637313,GODOMALL5
2025-12-20,1000000142,,1,1,12000.000000,0,0.000000,0,567375433033637313,GODOMALL5
2025-12-20,1000000144,,0,0,0.000000,2,18000.000000,4,567375433033637313,GODOMALL5
2025-12-20,1000000152,,3,4,134400.000000,0,0.000000,0,567375433033637313,GODOMALL5
2025-12-20,1000000155,,1,1,33400.000000,0,0.000000,0,567375433033637313,GODOMALL5
2025-12-21,1000000035,,1,6,36000.000000,1,6000.000000,1,567375433033637313,GODOMALL5
2025-12-21,1000000043,,0,0,0.000000,1,22500.000000,1,567375433033637313,GODOMALL5
2025-12-21,1000000045,,0,0,0.000000,2,40000.000000,3,567375433033637313,GODOMALL5
2025-12-21,1000000062,,0,0,0.000000,1,21000.000000,1,567375433033637313,GODOMALL5
2025-12-21,1000000064,,2,7,496000.000000,7,280000.000000,8,567375433033637313,GODOMALL5
2025-12-21,1000000071,,1,1,40000.000000,1,20000.000000,1,567375433033637313,GODOMALL5
2025-12-21,1000000085,,1,1,51000.000000,0,0.000000,0,567375433033637313,GODOMALL5
2025-12-21,1000000086,,1,1,81000.000000,0,0.000000,0,567375433033637313,GODOMALL5
2025-12-21,1000000087,,0,0,0.000000,1,61000.000000,1,567375433033637313,GODOMALL5
2025-12-21,1000000088,,1,1,116000.000000,0,0.000000,0,567375433033637313,GODOMALL5
2025-12-21,1000000090,,0,0,0.000000,1,13000.000000,1,567375433033637313,GODOMALL5
2025-12-21,1000000091,,1,3,81000.000000,0,0.000000,0,567375433033637313,GODOMALL5
2025-12-21,1000000093,,2,125,600000.000000,3,14200.000000,86,567375433033637313,GODOMALL5
2025-12-21,1000000111,,1,60,420000.000000,1,7100.000000,40,567375433033637313,GODOMALL5
2025-12-21,1000000112,,1,10,115000.000000,0,0.000000,0,567375433033637313,GODOMALL5
2025-12-21,1000000127,,0,0,0.000000,1,23500.000000,1,567375433033637313,GODOMALL5
2025-12-21,1000000152,,5,5,168000.000000,0,0.000000,0,567375433033637313,GODOMALL5
2025-12-21,1000000155,,1,1,33400.000000,0,0.000000,0,567375433033637313,GODOMALL5
2025-12-22,1000000033,,1,1,45000.000000,0,0.000000,0,567375433033637313,GODOMALL5
2025-12-22,1000000035,,0,0,0.000000,1,6000.000000,3,567375433033637313,GODOMALL5
2025-12-22,1000000041,,0,0,0.000000,1,77000.000000,1,567375433033637313,GODOMALL5
2025-12-22,1000000042,,2,2,67500.000000,2,45000.000000,5,567375433033637313,GODOMALL5
2025-12-22,1000000043,,1,1,22500.000000,2,45000.000000,2,567375433033637313,GODOMALL5
2025-12-22,1000000044,,0,0,0.000000,2,45000.000000,2,567375433033637313,GODOMALL5
2025-12-22,1000000045,,2,3,121500.000000,2,117000.000000,2,567375433033637313,GODOMALL5
2025-12-22,1000000062,,1,5,400000.000000,4,143000.000000,4,567375433033637313,GODOMALL5
2025-12-22,1000000063,,1,5,450000.000000,3,159500.000000,3,567375433033637313,GODOMALL5
2025-12-22,1000000064,,6,8,428000.000000,4,88000.000000,7,567375433033637313,GODOMALL5
2025-12-22,1000000066,,0,0,0.000000,1,22500.000000,1,567375433033637313,GODOMALL5
2025-12-22,1000000069,,1,1,18920.000000,0,0.000000,0,567375433033637313,GODOMALL5
2025-12-22,1000000083,,1,1,45000.000000,0,0.000000,0,567375433033637313,GODOMALL5
2025-12-22,1000000084,,2,21,567000.000000,1,27000.000000,7,567375433033637313,GODOMALL5
2025-12-22,1000000085,,5,6,311000.000000,4,211000.000000,12,567375433033637313,GODOMALL5
2025-12-22,1000000086,,4,4,316000.000000,2,154000.000000,3,567375433033637313,GODOMALL5
2025-12-22,1000000087,,1,1,61000.000000,4,236000.000000,8,567375433033637313,GODOMALL5
2025-12-22,1000000088,,4,4,468000.000000,2,230000.000000,14,567375433033637313,GODOMALL5
2025-12-22,1000000090,,1,1,13000.000000,1,13000.000000,2,567375433033637313,GODOMALL5
2025-12-22,1000000091,,2,13,351000.000000,2,50500.000000,2,567375433033637313,GODOMALL5
2025-12-22,1000000092,,2,20,760000.000000,1,38000.000000,60,567375433033637313,GODOMALL5
2025-12-22,1000000093,,5,303,1434100.000000,0,0.000000,0,567375433033637313,GODOMALL5
2025-12-22,1000000094,,1,58,377000.000000,2,13100.000000,101,567375433033637313,GODOMALL5
2025-12-22,1000000108,,2,160,730000.000000,0,0.000000,0,567375433033637313,GODOMALL5
2025-12-22,1000000110,,1,12,81600.000000,0,0.000000,0,567375433033637313,GODOMALL5
2025-12-22,1000000111,,4,247,1746500.000000,1,7000.000000,10,567375433033637313,GODOMALL5
2025-12-22,1000000113,,2,22,254000.000000,0,0.000000,0,567375433033637313,GODOMALL5
2025-12-22,1000000121,,1,1,19000.000000,0,0.000000,0,567375433033637313,GODOMALL5
2025-12-22,1000000127,,1,2,92000.000000,1,90000.000000,1,567375433033637313,GODOMALL5
2025-12-22,1000000144,,1,5,45000.000000,1,9000.000000,3,567375433033637313,GODOMALL5
2025-12-22,1000000152,,2,10,336000.000000,3,100800.000000,3,567375433033637313,GODOMALL5
2025-12-22,1000000153,,0,0,0.000000,1,28600.000000,1,567375433033637313,GODOMALL5
2025-12-22,1000000154,,1,1,27800.000000,1,27800.000000,1,567375433033637313,GODOMALL5
2025-12-22,1000000156,,0,0,0.000000,1,29000.000000,1,567375433033637313,GODOMALL5
2025-12-22,1000000164,,1,1,173000.000000,2,341000.000000,3,567375433033637313,GODOMALL5
2025-12-23,1000000033,,0,0,0.000000,1,45000.000000,1,567375433033637313,GODOMALL5
2025-12-23,1000000042,,2,2,110000.000000,0,0.000000,0,567375433033637313,GODOMALL5
2025-12-23,1000000043,,1,1,22500.000000,0,0.000000,0,567375433033637313,GODOMALL5
2025-12-23,1000000044,,1,1,22500.000000,0,0.000000,0,567375433033637313,GODOMALL5
2025-12-23,1000000045,,4,4,137000.000000,1,20000.000000,1,567375433033637313,GODOMALL5
2025-12-23,1000000064,,10,13,481000.000000,2,65000.000000,2,567375433033637313,GODOMALL5
2025-12-23,1000000069,,1,1,75920.000000,0,0.000000,0,567375433033637313,GODOMALL5
2025-12-23,1000000083,,1,1,45000.000000,0,0.000000,0,567375433033637313,GODOMALL5
2025-12-23,1000000084,,3,18,507000.000000,0,0.000000,0,567375433033637313,GODOMALL5
2025-12-23,1000000085,,5,5,269500.000000,3,158000.000000,3,567375433033637313,GODOMALL5
2025-12-23,1000000086,,0,0,0.000000,1,81000.000000,1,567375433033637313,GODOMALL5
2025-12-23,1000000087,,3,3,185000.000000,0,0.000000,0,567375433033637313,GODOMALL5
2025-12-23,1000000088,,0,0,0.000000,1,120000.000000,3,567375433033637313,GODOMALL5
2025-12-23,1000000090,,1,3,39000.000000,1,13000.000000,15,567375433033637313,GODOMALL5
2025-12-23,1000000091,,6,21,548000.000000,0,0.000000,0,567375433033637313,GODOMALL5
2025-12-23,1000000092,,3,103,3914000.000000,2,75000.000000,19,567375433033637313,GODOMALL5
2025-12-23,1000000093,,4,115,552000.000000,0,0.000000,0,567375433033637313,GODOMALL5
2025-12-23,1000000094,,1,70,462000.000000,0,0.000000,0,567375433033637313,GODOMALL5
2025-12-23,1000000108,,2,141,648600.000000,1,4500.000000,20,567375433033637313,GODOMALL5
2025-12-23,1000000110,,0,0,0.000000,1,6800.000000,15,567375433033637313,GODOMALL5
2025-12-23,1000000111,,3,210,1491000.000000,1,7000.000000,12,567375433033637313,GODOMALL5
2025-12-23,1000000112,,3,115,1334000.000000,0,0.000000,0,567375433033637313,GODOMALL5
2025-12-23,1000000113,,1,19,218500.000000,1,11600.000000,25,567375433033637313,GODOMALL5
2025-12-23,1000000121,,1,1,19500.000000,1,19500.000000,1,567375433033637313,GODOMALL5
2025-12-23,1000000144,,4,22,198000.000000,1,9000.000000,5,567375433033637313,GODOMALL5
2025-12-23,1000000152,,3,5,168000.000000,0,0.000000,0,567375433033637313,GODOMALL5
2025-12-23,1000000164,,4,6,1033000.000000,0,0.000000,0,567375433033637313,GODOMALL5
2025-12-24,1000000033,,0,0,0.000000,1,45000.000000,1,567375433033637313,GODOMALL5
2025-12-24,1000000035,,2,6,36000.000000,1,6000.000000,1,567375433033637313,GODOMALL5
2025-12-24,1000000041,,1,1,20000.000000,0,0.000000,0,567375433033637313,GODOMALL5
2025-12-24,1000000042,,1,1,87500.000000,0,0.000000,0,567375433033637313,GODOMALL5
2025-12-24,1000000044,,1,1,22500.000000,0,0.000000,0,567375433033637313,GODOMALL5
2025-12-24,1000000045,,1,1,20000.000000,1,20000.000000,1,567375433033637313,GODOMALL5
2025-12-24,1000000062,,1,1,21000.000000,0,0.000000,0,567375433033637313,GODOMALL5
2025-12-24,1000000063,,2,38,3087500.000000,2,71000.000000,2,567375433033637313,GODOMALL5
2025-12-24,1000000064,,11,64,4057000.000000,4,152500.000000,4,567375433033637313,GODOMALL5
2025-12-24,1000000069,,0,0,0.000000,1,18920.000000,1,567375433033637313,GODOMALL5
2025-12-24,1000000084,,1,2,54000.000000,0,0.000000,0,567375433033637313,GODOMALL5
2025-12-24,1000000085,,1,1,51000.000000,0,0.000000,0,567375433033637313,GODOMALL5
2025-12-24,1000000086,,8,10,802000.000000,0,0.000000,0,567375433033637313,GODOMALL5
2025-12-24,1000000087,,2,4,256000.000000,1,65000.000000,1,567375433033637313,GODOMALL5
2025-12-24,1000000088,,2,2,236000.000000,0,0.000000,0,567375433033637313,GODOMALL5
2025-12-24,1000000090,,1,2,26000.000000,3,39000.000000,3,567375433033637313,GODOMALL5
2025-12-24,1000000091,,3,201,5350500.000000,1,26500.000000,1,567375433033637313,GODOMALL5
2025-12-24,1000000092,,2,8,304000.000000,0,0.000000,0,567375433033637313,GODOMALL5
2025-12-24,1000000093,,12,1214,5759800.000000,0,0.000000,0,567375433033637313,GODOMALL5
2025-12-24,1000000094,,2,90,594000.000000,0,0.000000,0,567375433033637313,GODOMALL5
2025-12-24,1000000108,,1,50,230000.000000,0,0.000000,0,567375433033637313,GODOMALL5
2025-12-24,1000000111,,4,89,623000.000000,0,0.000000,0,567375433033637313,GODOMALL5
2025-12-24,1000000112,,1,12,138000.000000,0,0.000000,0,567375433033637313,GODOMALL5
2025-12-24,1000000113,,2,20,231000.000000,0,0.000000,0,567375433033637313,GODOMALL5
2025-12-24,1000000127,,0,0,0.000000,1,46000.000000,1,567375433033637313,GODOMALL5
2025-12-24,1000000144,,2,12,108000.000000,2,18000.000000,9,567375433033637313,GODOMALL5
2025-12-24,1000000152,,2,2,67200.000000,3,100800.000000,4,567375433033637313,GODOMALL5
2025-12-24,1000000155,,0,0,0.000000,1,33400.000000,1,567375433033637313,GODOMALL5
2025-12-24,1000000156,,0,0,0.000000,2,58000.000000,5,567375433033637313,GODOMALL5
2025-12-24,1000000164,,1,4,692000.000000,0,0.000000,0,567375433033637313,GODOMALL5
2025-12-25,1000000035,,0,0,0.000000,1,6000.000000,4,567375433033637313,GODOMALL5
2025-12-25,1000000041,,0,0,0.000000,1,20000.000000,1,567375433033637313,GODOMALL5
2025-12-25,1000000042,,0,0,0.000000,2,45000.000000,2,567375433033637313,GODOMALL5
2025-12-25,1000000045,,3,3,100000.000000,3,60000.000000,4,567375433033637313,GODOMALL5
2025-12-25,1000000062,,0,0,0.000000,1,21000.000000,3,567375433033637313,GODOMALL5
2025-12-25,1000000063,,1,2,69500.000000,0,0.000000,0,567375433033637313,GODOMALL5
2025-12-25,1000000064,,5,5,197000.000000,7,263500.000000,10,567375433033637313,GODOMALL5
2025-12-25,1000000065,,0,0,0.000000,1,20000.000000,1,567375433033637313,GODOMALL5
2025-12-25,1000000070,,0,0,0.000000,1,20000.000000,1,567375433033637313,GODOMALL5
2025-12-25,1000000084,,1,1,26000.000000,0,0.000000,0,567375433033637313,GODOMALL5
2025-12-25,1000000085,,1,1,51000.000000,1,50000.000000,1,567375433033637313,GODOMALL5
2025-12-25,1000000087,,1,1,61000.000000,0,0.000000,0,567375433033637313,GODOMALL5
2025-12-25,1000000093,,3,141,671700.000000,3,14300.000000,80,567375433033637313,GODOMALL5
2025-12-25,1000000108,,0,0,0.000000,1,4500.000000,16,567375433033637313,GODOMALL5
2025-12-25,1000000111,,2,123,873300.000000,0,0.000000,0,567375433033637313,GODOMALL5
2025-12-25,1000000113,,1,57,661200.000000,0,0.000000,0,567375433033637313,GODOMALL5
2025-12-25,1000000121,,1,1,19500.000000,1,19500.000000,1,567375433033637313,GODOMALL5
2025-12-25,1000000143,,0,0,0.000000,2,75000.000000,2,567375433033637313,GODOMALL5
2025-12-25,1000000144,,1,6,54000.000000,0,0.000000,0,567375433033637313,GODOMALL5
2025-12-25,1000000152,,0,0,0.000000,0,0.000000,0,567375433033637313,GODOMALL5
2025-12-25,1000000155,,2,2,66800.000000,0,0.000000,0,567375433033637313,GODOMALL5
2025-12-25,1000000156,,1,1,29000.000000,0,0.000000,0,567375433033637313,GODOMALL5
2025-12-26,1000000027,,1,1,40000.000000,0,0.000000,0,567375433033637313,GODOMALL5
2025-12-26,1000000033,,1,1,45000.000000,0,0.000000,0,567375433033637313,GODOMALL5
2025-12-26,1000000035,,2,7,42000.000000,0,0.000000,0,567375433033637313,GODOMALL5
2025-12-26,1000000041,,1,1,40000.000000,0,0.000000,0,567375433033637313,GODOMALL5
2025-12-26,1000000042,,1,1,46500.000000,0,0.000000,0,567375433033637313,GODOMALL5
2025-12-26,1000000045,,2,3,117000.000000,0,0.000000,0,567375433033637313,GODOMALL5
2025-12-26,1000000062,,0,0,0.000000,2,62000.000000,2,567375433033637313,GODOMALL5
2025-12-26,1000000063,,1,1,23500.000000,1,23500.000000,1,567375433033637313,GODOMALL5
2025-12-26,1000000064,,5,8,473000.000000,3,150000.000000,9,567375433033637313,GODOMALL5
2025-12-26,1000000066,,1,1,45000.000000,0,0.000000,0,567375433033637313,GODOMALL5
2025-12-26,1000000072,,1,2,40000.000000,0,0.000000,0,567375433033637313,GODOMALL5
2025-12-26,1000000083,,2,2,90000.000000,0,0.000000,0,567375433033637313,GODOMALL5
2025-12-26,1000000084,,1,1,26000.000000,1,27000.000000,1,567375433033637313,GODOMALL5
2025-12-26,1000000085,,3,3,160000.000000,0,0.000000,0,567375433033637313,GODOMALL5
2025-12-26,1000000086,,3,3,243000.000000,0,0.000000,0,567375433033637313,GODOMALL5
2025-12-26,1000000087,,4,13,791000.000000,2,120000.000000,3,567375433033637313,GODOMALL5
2025-12-26,1000000088,,2,3,348000.000000,0,0.000000,0,567375433033637313,GODOMALL5
2025-12-26,1000000090,,1,3,39000.000000,0,0.000000,0,567375433033637313,GODOMALL5
2025-12-26,1000000091,,2,2,51500.000000,0,0.000000,0,567375433033637313,GODOMALL5
2025-12-26,1000000092,,1,10,380000.000000,0,0.000000,0,567375433033637313,GODOMALL5
2025-12-26,1000000093,,6,285,1348000.000000,1,4700.000000,14,567375433033637313,GODOMALL5
2025-12-26,1000000094,,1,35,231000.000000,0,0.000000,0,567375433033637313,GODOMALL5
2025-12-26,1000000108,,4,337,1523200.000000,0,0.000000,0,567375433033637313,GODOMALL5
2025-12-26,1000000111,,1,50,355000.000000,0,0.000000,0,567375433033637313,GODOMALL5
2025-12-26,1000000121,,3,4,78500.000000,0,0.000000,0,567375433033637313,GODOMALL5
2025-12-26,1000000127,,1,1,23500.000000,2,47000.000000,2,567375433033637313,GODOMALL5
2025-12-26,1000000144,,2,8,72000.000000,0,0.000000,0,567375433033637313,GODOMALL5
2025-12-26,1000000152,,2,3,100800.000000,1,33600.000000,1,567375433033637313,GODOMALL5
2025-12-26,1000000155,,0,0,0.000000,3,100200.000000,5,567375433033637313,GODOMALL5
2025-12-26,1000000156,,0,0,0.000000,1,29000.000000,1,567375433033637313,GODOMALL5
2025-12-26,1000000164,,3,5,865000.000000,1,173000.000000,2,567375433033637313,GODOMALL5
2025-12-27,1000000035,,1,1,6000.000000,4,24000.000000,12,567375433033637313,GODOMALL5
2025-12-27,1000000041,,0,0,0.000000,1,20000.000000,1,567375433033637313,GODOMALL5
2025-12-27,1000000043,,1,1,22500.000000,2,67500.000000,2,567375433033637313,GODOMALL5
2025-12-27,1000000045,,1,1,20000.000000,3,80000.000000,3,567375433033637313,GODOMALL5
2025-12-27,1000000064,,6,9,493500.000000,3,108000.000000,7,567375433033637313,GODOMALL5
2025-12-27,1000000083,,0,0,0.000000,1,45000.000000,1,567375433033637313,GODOMALL5
2025-12-27,1000000087,,2,2,130000.000000,0,0.000000,0,567375433033637313,GODOMALL5
2025-12-27,1000000093,,3,160,765000.000000,2,9600.000000,80,567375433033637313,GODOMALL5
2025-12-27,1000000108,,2,85,391000.000000,0,0.000000,0,567375433033637313,GODOMALL5
2025-12-27,1000000111,,0,0,0.000000,1,7100.000000,50,567375433033637313,GODOMALL5
2025-12-27,1000000121,,0,0,0.000000,1,19500.000000,1,567375433033637313,GODOMALL5
2025-12-27,1000000144,,0,0,0.000000,0,0.000000,0,567375433033637313,GODOMALL5
2025-12-27,1000000152,,4,4,134400.000000,0,0.000000,0,567375433033637313,GODOMALL5
2025-12-27,1000000155,,1,1,33400.000000,0,0.000000,0,567375433033637313,GODOMALL5
2025-12-28,1000000035,,1,6,36000.000000,1,6000.000000,3,567375433033637313,GODOMALL5
2025-12-28,1000000041,,1,1,20000.000000,1,20000.000000,1,567375433033637313,GODOMALL5
2025-12-28,1000000042,,1,1,87500.000000,0,0.000000,0,567375433033637313,GODOMALL5
2025-12-28,1000000043,,2,3,132500.000000,1,87500.000000,1,567375433033637313,GODOMALL5
2025-12-28,1000000062,,0,0,0.000000,2,101000.000000,2,567375433033637313,GODOMALL5
2025-12-28,1000000064,,3,4,235000.000000,6,153000.000000,11,567375433033637313,GODOMALL5
2025-12-28,1000000066,,0,0,0.000000,1,45000.000000,1,567375433033637313,GODOMALL5
2025-12-28,1000000071,,1,1,20000.000000,0,0.000000,0,567375433033637313,GODOMALL5
2025-12-28,1000000085,,0,0,0.000000,1,51000.000000,3,567375433033637313,GODOMALL5
2025-12-28,1000000087,,1,1,57000.000000,0,0.000000,0,567375433033637313,GODOMALL5
2025-12-28,1000000088,,2,2,240000.000000,0,0.000000,0,567375433033637313,GODOMALL5
2025-12-28,1000000090,,1,9,117000.000000,0,0.000000,0,567375433033637313,GODOMALL5
2025-12-28,1000000091,,0,0,0.000000,1,27000.000000,1,567375433033637313,GODOMALL5
2025-12-28,1000000092,,0,0,0.000000,1,38000.000000,1,567375433033637313,GODOMALL5
2025-12-28,1000000095,,1,15,157500.000000,0,0.000000,0,567375433033637313,GODOMALL5
2025-12-28,1000000108,,0,0,0.000000,1,4500.000000,70,567375433033637313,GODOMALL5
2025-12-28,1000000111,,2,70,497000.000000,0,0.000000,0,567375433033637313,GODOMALL5
2025-12-28,1000000112,,0,0,0.000000,1,11600.000000,20,567375433033637313,GODOMALL5
2025-12-28,1000000113,,1,10,115000.000000,0,0.000000,0,567375433033637313,GODOMALL5
2025-12-28,1000000127,,0,0,0.000000,2,47000.000000,2,567375433033637313,GODOMALL5
2025-12-28,1000000128,,0,0,0.000000,1,22500.000000,1,567375433033637313,GODOMALL5
2025-12-28,1000000144,,1,1,9000.000000,0,0.000000,0,567375433033637313,GODOMALL5
2025-12-28,1000000152,,3,5,168000.000000,0,0.000000,0,567375433033637313,GODOMALL5
2025-12-28,1000000155,,3,4,133600.000000,0,0.000000,0,567375433033637313,GODOMALL5
2025-12-28,1000000156,,0,0,0.000000,1,29000.000000,1,567375433033637313,GODOMALL5
2025-12-29,1000000035,,4,7,42000.000000,2,12000.000000,6,567375433033637313,GODOMALL5
2025-12-29,1000000041,,3,3,117000.000000,0,0.000000,0,567375433033637313,GODOMALL5
2025-12-29,1000000042,,0,0,0.000000,1,22500.000000,1,567375433033637313,GODOMALL5
2025-12-29,1000000043,,2,3,177500.000000,3,67500.000000,5,567375433033637313,GODOMALL5
2025-12-29,1000000044,,2,2,45000.000000,1,22500.000000,3,567375433033637313,GODOMALL5
2025-12-29,1000000045,,3,3,137000.000000,4,157000.000000,4,567375433033637313,GODOMALL5
2025-12-29,1000000062,,4,4,222000.000000,4,163000.000000,7,567375433033637313,GODOMALL5
2025-12-29,1000000063,,1,1,90000.000000,1,23500.000000,1,567375433033637313,GODOMALL5
2025-12-29,1000000064,,9,32,857000.000000,8,389000.000000,9,567375433033637313,GODOMALL5
2025-12-29,1000000066,,1,1,87500.000000,0,0.000000,0,567375433033637313,GODOMALL5
2025-12-29,1000000069,,1,1,38920.000000,0,0.000000,0,567375433033637313,GODOMALL5
2025-12-29,1000000084,,0,0,0.000000,1,27000.000000,2,567375433033637313,GODOMALL5
2025-12-29,1000000085,,1,1,49000.000000,3,155500.000000,5,567375433033637313,GODOMALL5
2025-12-29,1000000086,,0,0,0.000000,3,239000.000000,4,567375433033637313,GODOMALL5
2025-12-29,1000000088,,10,12,1426000.000000,1,115000.000000,1,567375433033637313,GODOMALL5
2025-12-29,1000000090,,1,6,78000.000000,0,0.000000,0,567375433033637313,GODOMALL5
2025-12-29,1000000091,,3,12,321000.000000,1,26500.000000,8,567375433033637313,GODOMALL5
2025-12-29,1000000093,,5,197,931600.000000,1,4800.000000,10,567375433033637313,GODOMALL5
2025-12-29,1000000094,,2,130,845000.000000,0,0.000000,0,567375433033637313,GODOMALL5
2025-12-29,1000000108,,3,217,991500.000000,1,4600.000000,10,567375433033637313,GODOMALL5
2025-12-29,1000000110,,1,10,68000.000000,0,0.000000,0,567375433033637313,GODOMALL5
2025-12-29,1000000111,,4,257,1804000.000000,1,7100.000000,21,567375433033637313,GODOMALL5
2025-12-29,1000000113,,1,55,638000.000000,1,11600.000000,11,567375433033637313,GODOMALL5
2025-12-29,1000000121,,1,1,19500.000000,0,0.000000,0,567375433033637313,GODOMALL5
2025-12-29,1000000127,,2,2,113500.000000,1,46000.000000,1,567375433033637313,GODOMALL5
2025-12-29,1000000128,,2,3,67500.000000,0,0.000000,0,567375433033637313,GODOMALL5
2025-12-29,1000000142,,0,0,0.000000,1,15000.000000,1,567375433033637313,GODOMALL5
2025-12-29,1000000143,,0,0,0.000000,1,35000.000000,1,567375433033637313,GODOMALL5
2025-12-29,1000000152,,6,28,940800.000000,0,0.000000,0,567375433033637313,GODOMALL5
2025-12-29,1000000155,,2,2,66800.000000,0,0.000000,0,567375433033637313,GODOMALL5
2025-12-29,1000000164,,2,4,692000.000000,0,0.000000,0,567375433033637313,GODOMALL5
2025-12-30,1000000035,,1,3,18000.000000,3,18000.000000,6,567375433033637313,GODOMALL5
2025-12-30,1000000041,,2,2,60000.000000,0,0.000000,0,567375433033637313,GODOMALL5
2025-12-30,1000000042,,3,3,90000.000000,0,0.000000,0,567375433033637313,GODOMALL5
2025-12-30,1000000043,,3,3,67500.000000,2,67500.000000,2,567375433033637313,GODOMALL5
2025-12-30,1000000044,,1,1,22500.000000,0,0.000000,0,567375433033637313,GODOMALL5
2025-12-30,1000000045,,7,9,317000.000000,1,20000.000000,1,567375433033637313,GODOMALL5
2025-12-30,1000000062,,1,1,41000.000000,1,42500.000000,1,567375433033637313,GODOMALL5
2025-12-30,1000000063,,3,4,94000.000000,1,23500.000000,1,567375433033637313,GODOMALL5
2025-12-30,1000000064,,8,15,877500.000000,7,281500.000000,8,567375433033637313,GODOMALL5
2025-12-30,1000000065,,1,1,20000.000000,0,0.000000,0,567375433033637313,GODOMALL5
2025-12-30,1000000066,,2,3,112500.000000,0,0.000000,0,567375433033637313,GODOMALL5
2025-12-30,1000000070,,0,0,0.000000,1,20000.000000,1,567375433033637313,GODOMALL5
2025-12-30,1000000084,,2,55,1485000.000000,1,27000.000000,1,567375433033637313,GODOMALL5
2025-12-30,1000000085,,6,18,955500.000000,3,160000.000000,5,567375433033637313,GODOMALL5
2025-12-30,1000000086,,9,9,721000.000000,2,162000.000000,2,567375433033637313,GODOMALL5
2025-12-30,1000000087,,2,2,114000.000000,2,130000.000000,2,567375433033637313,GODOMALL5
2025-12-30,1000000088,,1,1,120000.000000,1,120000.000000,1,567375433033637313,GODOMALL5
2025-12-30,1000000090,,1,1,13000.000000,3,39000.000000,47,567375433033637313,GODOMALL5
2025-12-30,1000000091,,4,7,184000.000000,5,131000.000000,71,567375433033637313,GODOMALL5
2025-12-30,1000000092,,1,1,37000.000000,1,38000.000000,1,567375433033637313,GODOMALL5
2025-12-30,1000000093,,5,205,981000.000000,2,9600.000000,100,567375433033637313,GODOMALL5
2025-12-30,1000000094,,2,95,622000.000000,0,0.000000,0,567375433033637313,GODOMALL5
2025-12-30,1000000108,,4,105,481500.000000,3,13800.000000,135,567375433033637313,GODOMALL5
2025-12-30,1000000110,,2,150,1030000.000000,0,0.000000,0,567375433033637313,GODOMALL5
2025-12-30,1000000111,,5,102,716800.000000,2,14000.000000,91,567375433033637313,GODOMALL5
2025-12-30,1000000120,,1,1,74000.000000,0,0.000000,0,567375433033637313,GODOMALL5
2025-12-30,1000000127,,1,1,23500.000000,2,47000.000000,2,567375433033637313,GODOMALL5
2025-12-30,1000000128,,1,1,22500.000000,0,0.000000,0,567375433033637313,GODOMALL5
2025-12-30,1000000144,,1,3,27000.000000,1,9000.000000,3,567375433033637313,GODOMALL5
2025-12-30,1000000152,,5,7,235200.000000,0,0.000000,0,567375433033637313,GODOMALL5
2025-12-30,1000000153,,0,0,0.000000,2,57200.000000,2,567375433033637313,GODOMALL5
2025-12-30,1000000154,,1,1,27800.000000,1,27800.000000,1,567375433033637313,GODOMALL5
2025-12-30,1000000155,,2,3,100200.000000,0,0.000000,0,567375433033637313,GODOMALL5
2025-12-30,1000000164,,3,3,514000.000000,1,173000.000000,1,567375433033637313,GODOMALL5
2025-12-31,1000000043,,1,1,87500.000000,0,0.000000,0,567375433033637313,GODOMALL5
2025-12-31,1000000044,,1,1,22500.000000,0,0.000000,0,567375433033637313,GODOMALL5
2025-12-31,1000000045,,4,23,574000.000000,0,0.000000,0,567375433033637313,GODOMALL5
2025-12-31,1000000062,,1,1,80000.000000,0,0.000000,0,567375433033637313,GODOMALL5
2025-12-31,1000000063,,1,1,23500.000000,0,0.000000,0,567375433033637313,GODOMALL5
2025-12-31,1000000064,,5,8,407000.000000,0,0.000000,0,567375433033637313,GODOMALL5
2025-12-31,1000000083,,1,3,135000.000000,0,0.000000,0,567375433033637313,GODOMALL5
2025-12-31,1000000085,,4,11,594000.000000,0,0.000000,0,567375433033637313,GODOMALL5
2025-12-31,1000000087,,2,2,114000.000000,0,0.000000,0,567375433033637313,GODOMALL5
2025-12-31,1000000088,,2,2,227000.000000,0,0.000000,0,567375433033637313,GODOMALL5
2025-12-31,1000000090,,1,42,546000.000000,0,0.000000,0,567375433033637313,GODOMALL5
2025-12-31,1000000091,,1,3,80000.000000,0,0.000000,0,567375433033637313,GODOMALL5
2025-12-31,1000000092,,3,3,113000.000000,0,0.000000,0,567375433033637313,GODOMALL5
2025-12-31,1000000093,,9,630,3012000.000000,0,0.000000,0,567375433033637313,GODOMALL5
2025-12-31,1000000094,,1,20,130000.000000,0,0.000000,0,567375433033637313,GODOMALL5
2025-12-31,1000000108,,1,65,292500.000000,1,4500.000000,10,567375433033637313,GODOMALL5
2025-12-31,1000000111,,6,287,2018700.000000,0,0.000000,0,567375433033637313,GODOMALL5
2025-12-31,1000000112,,1,15,172500.000000,0,0.000000,0,567375433033637313,GODOMALL5
2025-12-31,1000000127,,1,1,23500.000000,0,0.000000,0,567375433033637313,GODOMALL5
2025-12-31,1000000128,,1,4,90000.000000,0,0.000000,0,567375433033637313,GODOMALL5
2025-12-31,1000000152,,3,3,100800.000000,0,0.000000,0,567375433033637313,GODOMALL5
2025-12-31,1000000155,,1,4,133600.000000,0,0.000000,0,567375433033637313,GODOMALL5
2025-12-31,1000000162,,0,0,0.000000,0,0.000000,0,567375433033637313,GODOMALL5
2025-12-31,1000000164,,5,7,1201000.000000,0,0.000000,0,567375433033637313,GODOMALL5
2026-01-01,1000000033,,1,1,45000.000000,0,0.000000,0,567375433033637313,GODOMALL5
2026-01-01,1000000035,,2,8,48000.000000,2,12000.000000,5,567375433033637313,GODOMALL5
2026-01-01,1000000043,,2,2,67500.000000,0,0.000000,0,567375433033637313,GODOMALL5
2026-01-01,1000000044,,0,0,0.000000,1,87500.000000,3,567375433033637313,GODOMALL5
2026-01-01,1000000045,,2,2,40000.000000,0,0.000000,0,567375433033637313,GODOMALL5
2026-01-01,1000000062,,0,0,0.000000,4,104000.000000,5,567375433033637313,GODOMALL5
2026-01-01,1000000063,,2,3,70500.000000,1,23500.000000,1,567375433033637313,GODOMALL5
2026-01-01,1000000064,,6,6,237000.000000,4,235000.000000,9,567375433033637313,GODOMALL5
2026-01-01,1000000069,,1,1,18920.000000,0,0.000000,0,567375433033637313,GODOMALL5
2026-01-01,1000000085,,1,1,51000.000000,0,0.000000,0,567375433033637313,GODOMALL5
2026-01-01,1000000086,,2,2,162000.000000,0,0.000000,0,567375433033637313,GODOMALL5
2026-01-01,1000000087,,1,1,57000.000000,0,0.000000,0,567375433033637313,GODOMALL5
2026-01-01,1000000088,,1,1,120000.000000,0,0.000000,0,567375433033637313,GODOMALL5
2026-01-01,1000000091,,2,6,160000.000000,0,0.000000,0,567375433033637313,GODOMALL5
2026-01-01,1000000092,,2,2,75000.000000,1,37000.000000,3,567375433033637313,GODOMALL5
2026-01-01,1000000093,,4,139,665200.000000,2,9400.000000,65,567375433033637313,GODOMALL5
2026-01-01,1000000108,,1,30,138000.000000,0,0.000000,0,567375433033637313,GODOMALL5
2026-01-01,1000000113,,1,11,127600.000000,0,0.000000,0,567375433033637313,GODOMALL5
2026-01-01,1000000127,,2,2,47000.000000,0,0.000000,0,567375433033637313,GODOMALL5
2026-01-01,1000000144,,0,0,0.000000,1,9000.000000,5,567375433033637313,GODOMALL5
2026-01-01,1000000152,,4,4,134400.000000,2,67200.000000,2,567375433033637313,GODOMALL5
2026-01-01,1000000155,,0,0,0.000000,1,33400.000000,1,567375433033637313,GODOMALL5
2026-01-02,1000000033,,1,2,90000.000000,0,0.000000,0,567375433033637313,GODOMALL5
2026-01-02,1000000035,,1,1,6000.000000,1,6000.000000,2,567375433033637313,GODOMALL5
2026-01-02,1000000044,,0,0,0.000000,1,22500.000000,1,567375433033637313,GODOMALL5
2026-01-02,1000000045,,1,1,20000.000000,0,0.000000,0,567375433033637313,GODOMALL5
2026-01-02,1000000062,,1,1,21000.000000,0,0.000000,0,567375433033637313,GODOMALL5
2026-01-02,1000000063,,2,2,71000.000000,0,0.000000,0,567375433033637313,GODOMALL5
2026-01-02,1000000064,,14,22,1349500.000000,13,560500.000000,14,567375433033637313,GODOMALL5
2026-01-02,1000000066,,1,1,22500.000000,0,0.000000,0,567375433033637313,GODOMALL5
2026-01-02,1000000071,,0,0,0.000000,1,20000.000000,1,567375433033637313,GODOMALL5
2026-01-02,1000000085,,2,2,100000.000000,2,103500.000000,5,567375433033637313,GODOMALL5
2026-01-02,1000000086,,4,6,466000.000000,1,81000.000000,1,567375433033637313,GODOMALL5
2026-01-02,1000000087,,1,1,65000.000000,1,61000.000000,1,567375433033637313,GODOMALL5
2026-01-02,1000000088,,5,5,590000.000000,0,0.000000,0,567375433033637313,GODOMALL5
2026-01-02,1000000090,,1,8,104000.000000,2,26000.000000,10,567375433033637313,GODOMALL5
2026-01-02,1000000091,,1,60,1620000.000000,1,27000.000000,60,567375433033637313,GODOMALL5
2026-01-02,1000000092,,1,1,38000.000000,0,0.000000,0,567375433033637313,GODOMALL5
2026-01-02,1000000093,,14,512,2447900.000000,4,19000.000000,110,567375433033637313,GODOMALL5
2026-01-02,1000000108,,2,60,276000.000000,0,0.000000,0,567375433033637313,GODOMALL5
2026-01-02,1000000110,,1,110,759000.000000,0,0.000000,0,567375433033637313,GODOMALL5
2026-01-02,1000000111,,3,185,1303500.000000,1,7000.000000,13,567375433033637313,GODOMALL5
2026-01-02,1000000112,,0,0,0.000000,1,11600.000000,220,567375433033637313,GODOMALL5
2026-01-02,1000000113,,2,47,540500.000000,0,0.000000,0,567375433033637313,GODOMALL5
2026-01-02,1000000127,,2,2,47000.000000,0,0.000000,0,567375433033637313,GODOMALL5
2026-01-02,1000000128,,1,1,22500.000000,0,0.000000,0,567375433033637313,GODOMALL5
2026-01-02,1000000144,,1,12,108000.000000,0,0.000000,0,567375433033637313,GODOMALL5
2026-01-02,1000000152,,4,4,134400.000000,0,0.000000,0,567375433033637313,GODOMALL5
2026-01-02,1000000154,,0,0,0.000000,1,27800.000000,1,567375433033637313,GODOMALL5
2026-01-02,1000000155,,1,1,33400.000000,1,33400.000000,1,567375433033637313,GODOMALL5
2026-01-02,1000000156,,1,2,58000.000000,0,0.000000,0,567375433033637313,GODOMALL5
2026-01-02,1000000164,,1,2,336000.000000,0,0.000000,0,567375433033637313,GODOMALL5
2026-01-03,1000000043,,0,0,0.000000,1,45000.000000,1,567375433033637313,GODOMALL5
2026-01-03,1000000044,,0,0,0.000000,2,67500.000000,2,567375433033637313,GODOMALL5
2026-01-03,1000000045,,0,0,0.000000,3,80000.000000,3,567375433033637313,GODOMALL5
2026-01-03,1000000062,,1,1,80000.000000,1,21000.000000,1,567375433033637313,GODOMALL5
2026-01-03,1000000064,,1,3,66000.000000,7,259000.000000,9,567375433033637313,GODOMALL5
2026-01-03,1000000065,,0,0,0.000000,2,40000.000000,2,567375433033637313,GODOMALL5
2026-01-03,1000000066,,0,0,0.000000,2,45000.000000,2,567375433033637313,GODOMALL5
2026-01-03,1000000070,,0,0,0.000000,1,20000.000000,1,567375433033637313,GODOMALL5
2026-01-03,1000000083,,1,1,45000.000000,0,0.000000,0,567375433033637313,GODOMALL5
2026-01-03,1000000084,,0,0,0.000000,1,27000.000000,3,567375433033637313,GODOMALL5
2026-01-03,1000000085,,4,4,211000.000000,0,0.000000,0,567375433033637313,GODOMALL5
2026-01-03,1000000086,,2,2,162000.000000,0,0.000000,0,567375433033637313,GODOMALL5
2026-01-03,1000000087,,4,5,309000.000000,1,57000.000000,1,567375433033637313,GODOMALL5
2026-01-03,1000000088,,3,3,352000.000000,1,120000.000000,1,567375433033637313,GODOMALL5
2026-01-03,1000000091,,1,2,50000.000000,0,0.000000,0,567375433033637313,GODOMALL5
2026-01-03,1000000092,,1,1,37000.000000,0,0.000000,0,567375433033637313,GODOMALL5
2026-01-03,1000000093,,2,120,566000.000000,0,0.000000,0,567375433033637313,GODOMALL5
2026-01-03,1000000095,,1,55,583000.000000,0,0.000000,0,567375433033637313,GODOMALL5
2026-01-03,1000000108,,0,0,0.000000,1,4500.000000,30,567375433033637313,GODOMALL5
2026-01-03,1000000110,,1,20,136000.000000,0,0.000000,0,567375433033637313,GODOMALL5
2026-01-03,1000000111,,2,31,220100.000000,0,0.000000,0,567375433033637313,GODOMALL5
2026-01-03,1000000127,,0,0,0.000000,1,46000.000000,1,567375433033637313,GODOMALL5
2026-01-03,1000000144,,1,1,9000.000000,1,9000.000000,1,567375433033637313,GODOMALL5
2026-01-03,1000000152,,2,2,67200.000000,0,0.000000,0,567375433033637313,GODOMALL5
2026-01-03,1000000153,,0,0,0.000000,1,28600.000000,1,567375433033637313,GODOMALL5
2026-01-03,1000000154,,2,2,55600.000000,0,0.000000,0,567375433033637313,GODOMALL5
2026-01-03,1000000155,,3,3,100200.000000,0,0.000000,0,567375433033637313,GODOMALL5
2026-01-04,1000000035,,1,1,6000.000000,0,0.000000,0,567375433033637313,GODOMALL5
2026-01-04,1000000042,,1,1,22500.000000,1,22500.000000,2,567375433033637313,GODOMALL5
2026-01-04,1000000043,,1,1,22500.000000,0,0.000000,0,567375433033637313,GODOMALL5
2026-01-04,1000000045,,1,1,20000.000000,0,0.000000,0,567375433033637313,GODOMALL5
2026-01-04,1000000062,,1,6,246000.000000,1,80000.000000,1,567375433033637313,GODOMALL5
2026-01-04,1000000063,,1,1,91500.000000,1,90000.000000,1,567375433033637313,GODOMALL5
2026-01-04,1000000064,,2,7,280000.000000,8,452000.000000,10,567375433033637313,GODOMALL5
2026-01-04,1000000084,,0,0,0.000000,1,26000.000000,1,567375433033637313,GODOMALL5
2026-01-04,1000000085,,0,0,0.000000,1,54500.000000,1,567375433033637313,GODOMALL5
2026-01-04,1000000087,,1,1,65000.000000,0,0.000000,0,567375433033637313,GODOMALL5
2026-01-04,1000000088,,2,2,240000.000000,1,116000.000000,1,567375433033637313,GODOMALL5
2026-01-04,1000000093,,5,153,726600.000000,0,0.000000,0,567375433033637313,GODOMALL5
2026-01-04,1000000108,,1,25,115000.000000,0,0.000000,0,567375433033637313,GODOMALL5
2026-01-04,1000000111,,0,0,0.000000,2,14200.000000,79,567375433033637313,GODOMALL5
2026-01-04,1000000127,,0,0,0.000000,3,115500.000000,3,567375433033637313,GODOMALL5
2026-01-04,1000000142,,0,0,0.000000,1,15000.000000,1,567375433033637313,GODOMALL5
2026-01-04,1000000152,,4,6,201600.000000,0,0.000000,0,567375433033637313,GODOMALL5
2026-01-04,1000000155,,1,2,66800.000000,0,0.000000,0,567375433033637313,GODOMALL5
2026-01-05,1000000033,,2,2,90000.000000,0,0.000000,0,567375433033637313,GODOMALL5
2026-01-05,1000000042,,1,1,22500.000000,0,0.000000,0,567375433033637313,GODOMALL5
2026-01-05,1000000043,,2,4,90000.000000,4,112500.000000,4,567375433033637313,GODOMALL5
2026-01-05,1000000044,,1,1,22500.000000,2,45000.000000,2,567375433033637313,GODOMALL5
2026-01-05,1000000045,,3,3,60000.000000,2,40000.000000,2,567375433033637313,GODOMALL5
2026-01-05,1000000062,,4,4,143000.000000,2,62000.000000,2,567375433033637313,GODOMALL5
2026-01-05,1000000063,,6,7,366500.000000,0,0.000000,0,567375433033637313,GODOMALL5
2026-01-05,1000000064,,25,42,2011500.000000,14,584000.000000,16,567375433033637313,GODOMALL5
2026-01-05,1000000066,,0,0,0.000000,1,45000.000000,1,567375433033637313,GODOMALL5
2026-01-05,1000000070,,0,0,0.000000,1,40000.000000,1,567375433033637313,GODOMALL5
2026-01-05,1000000083,,1,1,45000.000000,0,0.000000,0,567375433033637313,GODOMALL5
2026-01-05,1000000084,,1,3,81000.000000,0,0.000000,0,567375433033637313,GODOMALL5
2026-01-05,1000000085,,5,9,466500.000000,3,159000.000000,4,567375433033637313,GODOMALL5
2026-01-05,1000000086,,4,5,401000.000000,1,77000.000000,1,567375433033637313,GODOMALL5
2026-01-05,1000000087,,1,1,61000.000000,0,0.000000,0,567375433033637313,GODOMALL5
2026-01-05,1000000088,,8,8,924000.000000,1,116000.000000,1,567375433033637313,GODOMALL5
2026-01-05,1000000090,,2,16,208000.000000,1,13000.000000,4,567375433033637313,GODOMALL5
2026-01-05,1000000091,,1,13,331500.000000,0,0.000000,0,567375433033637313,GODOMALL5
2026-01-05,1000000092,,5,18,670000.000000,1,37000.000000,1,567375433033637313,GODOMALL5
2026-01-05,1000000093,,11,236,1131800.000000,1,4700.000000,140,567375433033637313,GODOMALL5
2026-01-05,1000000094,,1,25,165000.000000,0,0.000000,0,567375433033637313,GODOMALL5
2026-01-05,1000000108,,3,130,590500.000000,0,0.000000,0,567375433033637313,GODOMALL5
2026-01-05,1000000110,,2,37,255300.000000,0,0.000000,0,567375433033637313,GODOMALL5
2026-01-05,1000000111,,2,41,289800.000000,0,0.000000,0,567375433033637313,GODOMALL5
2026-01-05,1000000112,,4,314,3614000.000000,0,0.000000,0,567375433033637313,GODOMALL5
2026-01-05,1000000113,,0,0,0.000000,1,11500.000000,10,567375433033637313,GODOMALL5
2026-01-05,1000000121,,2,2,39500.000000,1,19500.000000,1,567375433033637313,GODOMALL5
2026-01-05,1000000127,,3,3,115500.000000,1,46000.000000,1,567375433033637313,GODOMALL5
2026-01-05,1000000144,,2,7,63000.000000,0,0.000000,0,567375433033637313,GODOMALL5
2026-01-05,1000000152,,9,12,403200.000000,0,0.000000,0,567375433033637313,GODOMALL5
2026-01-05,1000000153,,4,4,114400.000000,0,0.000000,0,567375433033637313,GODOMALL5
2026-01-05,1000000155,,1,1,33400.000000,0,0.000000,0,567375433033637313,GODOMALL5
2026-01-05,1000000164,,3,3,519000.000000,0,0.000000,0,567375433033637313,GODOMALL5
2026-01-06,1000000027,,0,0,0.000000,1,40000.000000,1,567375433033637313,GODOMALL5
2026-01-06,1000000033,,0,0,0.000000,1,45000.000000,1,567375433033637313,GODOMALL5
2026-01-06,1000000035,,0,0,0.000000,1,6000.000000,3,567375433033637313,GODOMALL5
2026-01-06,1000000042,,1,2,132500.000000,2,45000.000000,2,567375433033637313,GODOMALL5
2026-01-06,1000000045,,1,1,40000.000000,0,0.000000,0,567375433033637313,GODOMALL5
2026-01-06,1000000062,,4,5,205500.000000,1,21000.000000,1,567375433033637313,GODOMALL5
2026-01-06,1000000063,,1,1,47500.000000,0,0.000000,0,567375433033637313,GODOMALL5
2026-01-06,1000000064,,17,43,1963000.000000,12,541500.000000,17,567375433033637313,GODOMALL5
2026-01-06,1000000066,,0,0,0.000000,1,22500.000000,1,567375433033637313,GODOMALL5
2026-01-06,1000000070,,1,1,40000.000000,0,0.000000,0,567375433033637313,GODOMALL5
2026-01-06,1000000083,,2,3,138000.000000,0,0.000000,0,567375433033637313,GODOMALL5
2026-01-06,1000000084,,4,6,161500.000000,3,84500.000000,3,567375433033637313,GODOMALL5
2026-01-06,1000000085,,5,8,427000.000000,1,51000.000000,1,567375433033637313,GODOMALL5
2026-01-06,1000000086,,5,6,470000.000000,0,0.000000,0,567375433033637313,GODOMALL5
2026-01-06,1000000087,,6,7,437000.000000,2,128000.000000,2,567375433033637313,GODOMALL5
2026-01-06,1000000088,,2,2,231000.000000,0,0.000000,0,567375433033637313,GODOMALL5
2026-01-06,1000000090,,1,7,91000.000000,2,26000.000000,48,567375433033637313,GODOMALL5
2026-01-06,1000000091,,0,0,0.000000,1,26000.000000,50,567375433033637313,GODOMALL5
2026-01-06,1000000092,,1,1,38000.000000,0,0.000000,0,567375433033637313,GODOMALL5
2026-01-06,1000000093,,6,185,884000.000000,8,38100.000000,249,567375433033637313,GODOMALL5
2026-01-06,1000000094,,1,30,195000.000000,0,0.000000,0,567375433033637313,GODOMALL5
2026-01-06,1000000108,,3,70,322000.000000,1,4500.000000,20,567375433033637313,GODOMALL5
2026-01-06,1000000111,,7,249,1750200.000000,1,7100.000000,10,567375433033637313,GODOMALL5
2026-01-06,1000000112,,1,220,2552000.000000,1,11500.000000,25,567375433033637313,GODOMALL5
2026-01-06,1000000113,,1,10,115000.000000,0,0.000000,0,567375433033637313,GODOMALL5
2026-01-06,1000000121,,0,0,0.000000,1,19500.000000,1,567375433033637313,GODOMALL5
2026-01-06,1000000127,,2,2,69500.000000,1,46000.000000,1,567375433033637313,GODOMALL5
2026-01-06,1000000144,,0,0,0.000000,1,9000.000000,2,567375433033637313,GODOMALL5
2026-01-06,1000000152,,10,12,403200.000000,1,33600.000000,1,567375433033637313,GODOMALL5
2026-01-06,1000000153,,2,2,57200.000000,0,0.000000,0,567375433033637313,GODOMALL5
2026-01-06,1000000155,,1,1,33400.000000,0,0.000000,0,567375433033637313,GODOMALL5
2026-01-06,1000000164,,2,3,509000.000000,1,168000.000000,1,567375433033637313,GODOMALL5
2026-01-07,1000000028,,0,0,0.000000,1,20000.000000,1,567375433033637313,GODOMALL5
2026-01-07,1000000042,,2,2,45000.000000,2,45000.000000,2,567375433033637313,GODOMALL5
2026-01-07,1000000044,,1,1,22500.000000,0,0.000000,0,567375433033637313,GODOMALL5
2026-01-07,1000000045,,2,2,80000.000000,1,20000.000000,1,567375433033637313,GODOMALL5
2026-01-07,1000000062,,3,16,336000.000000,2,42000.000000,2,567375433033637313,GODOMALL5
2026-01-07,1000000063,,2,7,164500.000000,2,69500.000000,3,567375433033637313,GODOMALL5
2026-01-07,1000000064,,17,27,1485000.000000,12,393000.000000,16,567375433033637313,GODOMALL5
2026-01-07,1000000065,,0,0,0.000000,1,40000.000000,1,567375433033637313,GODOMALL5
2026-01-07,1000000066,,1,1,22500.000000,0,0.000000,0,567375433033637313,GODOMALL5
2026-01-07,1000000069,,1,4,75680.000000,1,18920.000000,1,567375433033637313,GODOMALL5
2026-01-07,1000000072,,0,0,0.000000,1,20000.000000,1,567375433033637313,GODOMALL5
2026-01-07,1000000083,,1,1,45000.000000,1,45000.000000,1,567375433033637313,GODOMALL5
2026-01-07,1000000085,,1,2,109000.000000,0,0.000000,0,567375433033637313,GODOMALL5
2026-01-07,1000000087,,6,6,378000.000000,2,126000.000000,5,567375433033637313,GODOMALL5
2026-01-07,1000000088,,6,6,689000.000000,0,0.000000,0,567375433033637313,GODOMALL5
2026-01-07,1000000090,,0,0,0.000000,1,13000.000000,2,567375433033637313,GODOMALL5
2026-01-07,1000000091,,1,50,1300000.000000,0,0.000000,0,567375433033637313,GODOMALL5
2026-01-07,1000000092,,2,3,114000.000000,0,0.000000,0,567375433033637313,GODOMALL5
2026-01-07,1000000093,,5,96,457200.000000,1,4800.000000,40,567375433033637313,GODOMALL5
2026-01-07,1000000094,,1,50,325000.000000,0,0.000000,0,567375433033637313,GODOMALL5
2026-01-07,1000000108,,7,159,721300.000000,1,4600.000000,17,567375433033637313,GODOMALL5
2026-01-07,1000000111,,6,175,1238500.000000,2,14200.000000,74,567375433033637313,GODOMALL5
2026-01-07,1000000112,,1,34,391000.000000,0,0.000000,0,567375433033637313,GODOMALL5
2026-01-07,1000000113,,1,130,1508000.000000,0,0.000000,0,567375433033637313,GODOMALL5
2026-01-07,1000000121,,1,1,19500.000000,1,19500.000000,1,567375433033637313,GODOMALL5
2026-01-07,1000000127,,1,1,23500.000000,2,47000.000000,2,567375433033637313,GODOMALL5
2026-01-07,1000000142,,1,1,12000.000000,0,0.000000,0,567375433033637313,GODOMALL5
2026-01-07,1000000144,,1,3,27000.000000,1,9000.000000,20,567375433033637313,GODOMALL5
2026-01-07,1000000152,,11,13,436800.000000,2,67200.000000,3,567375433033637313,GODOMALL5
2026-01-07,1000000155,,1,1,33400.000000,0,0.000000,0,567375433033637313,GODOMALL5
2026-01-07,1000000156,,2,2,58000.000000,0,0.000000,0,567375433033637313,GODOMALL5
2026-01-07,1000000164,,1,1,168000.000000,0,0.000000,0,567375433033637313,GODOMALL5
2026-01-08,1000000033,,1,1,45000.000000,0,0.000000,0,567375433033637313,GODOMALL5
2026-01-08,1000000035,,0,0,0.000000,1,6000.000000,2,567375433033637313,GODOMALL5
2026-01-08,1000000043,,0,0,0.000000,1,22500.000000,1,567375433033637313,GODOMALL5
2026-01-08,1000000045,,1,1,20000.000000,0,0.000000,0,567375433033637313,GODOMALL5
2026-01-08,1000000064,,17,33,1597500.000000,9,283500.000000,17,567375433033637313,GODOMALL5
2026-01-08,1000000066,,1,1,45000.000000,0,0.000000,0,567375433033637313,GODOMALL5
2026-01-08,1000000071,,0,0,0.000000,1,20000.000000,1,567375433033637313,GODOMALL5
2026-01-08,1000000084,,1,4,108000.000000,2,57500.000000,4,567375433033637313,GODOMALL5
2026-01-08,1000000085,,3,6,308500.000000,1,50000.000000,1,567375433033637313,GODOMALL5
2026-01-08,1000000086,,0,0,0.000000,0,0.000000,0,567375433033637313,GODOMALL5
2026-01-08,1000000087,,4,7,421000.000000,2,114000.000000,2,567375433033637313,GODOMALL5
2026-01-08,1000000088,,3,9,1044000.000000,1,120000.000000,1,567375433033637313,GODOMALL5
2026-01-08,1000000090,,1,9,117000.000000,1,13000.000000,1,567375433033637313,GODOMALL5
2026-01-08,1000000093,,8,192,914600.000000,2,9400.000000,95,567375433033637313,GODOMALL5
2026-01-08,1000000094,,2,102,663000.000000,0,0.000000,0,567375433033637313,GODOMALL5
2026-01-08,1000000095,,1,15,159000.000000,0,0.000000,0,567375433033637313,GODOMALL5
2026-01-08,1000000110,,1,200,1360000.000000,0,0.000000,0,567375433033637313,GODOMALL5
2026-01-08,1000000111,,1,26,182000.000000,1,7000.000000,20,567375433033637313,GODOMALL5
2026-01-08,1000000112,,1,10,115000.000000,0,0.000000,0,567375433033637313,GODOMALL5
2026-01-08,1000000127,,0,0,0.000000,1,23500.000000,1,567375433033637313,GODOMALL5
2026-01-08,1000000142,,1,1,15000.000000,0,0.000000,0,567375433033637313,GODOMALL5
2026-01-08,1000000152,,5,5,168000.000000,0,0.000000,0,567375433033637313,GODOMALL5
2026-01-08,1000000153,,1,1,28600.000000,0,0.000000,0,567375433033637313,GODOMALL5
2026-01-08,1000000155,,1,1,33400.000000,0,0.000000,0,567375433033637313,GODOMALL5
2026-01-09,1000000035,,0,0,0.000000,1,6000.000000,1,567375433033637313,GODOMALL5
2026-01-09,1000000042,,1,1,22500.000000,1,22500.000000,1,567375433033637313,GODOMALL5
2026-01-09,1000000043,,3,4,155000.000000,0,0.000000,0,567375433033637313,GODOMALL5
2026-01-09,1000000044,,1,1,87500.000000,0,0.000000,0,567375433033637313,GODOMALL5
2026-01-09,1000000045,,4,6,197000.000000,2,60000.000000,2,567375433033637313,GODOMALL5
2026-01-09,1000000062,,3,3,162000.000000,1,21000.000000,1,567375433033637313,GODOMALL5
2026-01-09,1000000063,,3,3,137000.000000,0,0.000000,0,567375433033637313,GODOMALL5
2026-01-09,1000000064,,14,19,1180000.000000,11,498500.000000,34,567375433033637313,GODOMALL5
2026-01-09,1000000066,,2,3,220000.000000,0,0.000000,0,567375433033637313,GODOMALL5
2026-01-09,1000000084,,0,0,0.000000,1,27000.000000,5,567375433033637313,GODOMALL5
2026-01-09,1000000085,,5,7,362500.000000,1,51000.000000,1,567375433033637313,GODOMALL5
2026-01-09,1000000086,,5,6,474000.000000,0,0.000000,0,567375433033637313,GODOMALL5
2026-01-09,1000000088,,1,1,115000.000000,0,0.000000,0,567375433033637313,GODOMALL5
2026-01-09,1000000090,,0,0,0.000000,2,26000.000000,2,567375433033637313,GODOMALL5
2026-01-09,1000000091,,2,9,242000.000000,1,27000.000000,1,567375433033637313,GODOMALL5
2026-01-09,1000000093,,4,130,614000.000000,2,9600.000000,2955,567375433033637313,GODOMALL5
2026-01-09,1000000094,,1,30,195000.000000,0,0.000000,0,567375433033637313,GODOMALL5
2026-01-09,1000000108,,3,90,414000.000000,0,0.000000,0,567375433033637313,GODOMALL5
2026-01-09,1000000111,,4,187,1320200.000000,1,7100.000000,22,567375433033637313,GODOMALL5
2026-01-09,1000000127,,4,5,165500.000000,2,69500.000000,3,567375433033637313,GODOMALL5
2026-01-09,1000000143,,1,1,40000.000000,0,0.000000,0,567375433033637313,GODOMALL5
2026-01-09,1000000152,,9,9,302400.000000,0,0.000000,0,567375433033637313,GODOMALL5
2026-01-09,1000000153,,1,1,28600.000000,0,0.000000,0,567375433033637313,GODOMALL5
2026-01-09,1000000156,,1,1,29000.000000,0,0.000000,0,567375433033637313,GODOMALL5
2026-01-10,1000000033,,1,1,45000.000000,0,0.000000,0,567375433033637313,GODOMALL5
2026-01-10,1000000035,,1,1,6000.000000,1,6000.000000,1,567375433033637313,GODOMALL5
2026-01-10,1000000042,,0,0,0.000000,2,45000.000000,2,567375433033637313,GODOMALL5
2026-01-10,1000000045,,0,0,0.000000,1,20000.000000,1,567375433033637313,GODOMALL5
2026-01-10,1000000062,,1,1,41000.000000,1,21000.000000,1,567375433033637313,GODOMALL5
2026-01-10,1000000063,,2,2,47000.000000,0,0.000000,0,567375433033637313,GODOMALL5
2026-01-10,1000000064,,1,1,43000.000000,2,44000.000000,2,567375433033637313,GODOMALL5
2026-01-10,1000000069,,0,0,0.000000,1,38920.000000,1,567375433033637313,GODOMALL5
2026-01-10,1000000083,,1,1,45000.000000,0,0.000000,0,567375433033637313,GODOMALL5
2026-01-10,1000000084,,1,1,27000.000000,0,0.000000,0,567375433033637313,GODOMALL5
2026-01-10,1000000085,,1,1,51000.000000,1,51000.000000,1,567375433033637313,GODOMALL5
2026-01-10,1000000087,,2,3,179000.000000,0,0.000000,0,567375433033637313,GODOMALL5
2026-01-10,1000000088,,2,2,232000.000000,0,0.000000,0,567375433033637313,GODOMALL5
2026-01-10,1000000090,,1,5,65000.000000,1,13000.000000,4,567375433033637313,GODOMALL5
2026-01-10,1000000091,,1,2,54000.000000,0,0.000000,0,567375433033637313,GODOMALL5
2026-01-10,1000000093,,2,51,240800.000000,0,0.000000,0,567375433033637313,GODOMALL5
2026-01-10,1000000094,,1,25,165000.000000,0,0.000000,0,567375433033637313,GODOMALL5
2026-01-10,1000000108,,2,110,506000.000000,0,0.000000,0,567375433033637313,GODOMALL5
2026-01-10,1000000111,,0,0,0.000000,1,7100.000000,24,567375433033637313,GODOMALL5
2026-01-10,1000000121,,1,1,19500.000000,1,19500.000000,1,567375433033637313,GODOMALL5
2026-01-10,1000000152,,2,3,100800.000000,2,67200.000000,3,567375433033637313,GODOMALL5
2026-01-10,1000000155,,1,1,33400.000000,0,0.000000,0,567375433033637313,GODOMALL5
2026-01-11,1000000045,,2,2,60000.000000,2,40000.000000,2,567375433033637313,GODOMALL5
2026-01-11,1000000062,,0,0,0.000000,2,42000.000000,2,567375433033637313,GODOMALL5
2026-01-11,1000000063,,0,0,0.000000,2,47000.000000,2,567375433033637313,GODOMALL5
2026-01-11,1000000064,,6,8,323000.000000,7,260500.000000,7,567375433033637313,GODOMALL5
2026-01-11,1000000065,,0,0,0.000000,2,40000.000000,2,567375433033637313,GODOMALL5
2026-01-11,1000000066,,0,0,0.000000,1,22500.000000,1,567375433033637313,GODOMALL5
2026-01-11,1000000083,,1,2,90000.000000,1,45000.000000,1,567375433033637313,GODOMALL5
2026-01-11,1000000085,,0,0,0.000000,3,160000.000000,4,567375433033637313,GODOMALL5
2026-01-11,1000000086,,1,1,77000.000000,1,81000.000000,1,567375433033637313,GODOMALL5
2026-01-11,1000000087,,2,2,122000.000000,0,0.000000,0,567375433033637313,GODOMALL5
2026-01-11,1000000088,,1,1,116000.000000,0,0.000000,0,567375433033637313,GODOMALL5
2026-01-11,1000000090,,0,0,0.000000,1,13000.000000,1,567375433033637313,GODOMALL5
2026-01-11,1000000091,,1,3,76500.000000,1,25500.000000,3,567375433033637313,GODOMALL5
2026-01-11,1000000092,,1,2,76000.000000,0,0.000000,0,567375433033637313,GODOMALL5
2026-01-11,1000000093,,6,300,1418000.000000,0,0.000000,0,567375433033637313,GODOMALL5
2026-01-11,1000000094,,0,0,0.000000,1,6500.000000,45,567375433033637313,GODOMALL5
2026-01-11,1000000127,,0,0,0.000000,1,90000.000000,1,567375433033637313,GODOMALL5
2026-01-11,1000000144,,0,0,0.000000,1,9000.000000,2,567375433033637313,GODOMALL5
2026-01-11,1000000152,,5,7,235200.000000,1,33600.000000,1,567375433033637313,GODOMALL5
2026-01-11,1000000155,,1,1,33400.000000,0,0.000000,0,567375433033637313,GODOMALL5
2026-01-11,1000000156,,1,1,29000.000000,0,0.000000,0,567375433033637313,GODOMALL5
2026-01-11,1000000164,,1,1,168000.000000,0,0.000000,0,567375433033637313,GODOMALL5
2026-01-12,1000000027,,0,0,0.000000,1,20000.000000,1,567375433033637313,GODOMALL5
2026-01-12,1000000028,,0,0,0.000000,1,40000.000000,1,567375433033637313,GODOMALL5
2026-01-12,1000000033,,0,0,0.000000,1,45000.000000,1,567375433033637313,GODOMALL5
2026-01-12,1000000035,,0,0,0.000000,2,12000.000000,4,567375433033637313,GODOMALL5
2026-01-12,1000000042,,2,2,67500.000000,2,45000.000000,2,567375433033637313,GODOMALL5
2026-01-12,1000000043,,0,0,0.000000,3,67500.000000,4,567375433033637313,GODOMALL5
2026-01-12,1000000044,,0,0,0.000000,1,22500.000000,1,567375433033637313,GODOMALL5
2026-01-12,1000000045,,1,1,20000.000000,3,80000.000000,3,567375433033637313,GODOMALL5
2026-01-12,1000000062,,1,1,41000.000000,3,142000.000000,3,567375433033637313,GODOMALL5
2026-01-12,1000000063,,1,1,90000.000000,3,183500.000000,3,567375433033637313,GODOMALL5
2026-01-12,1000000064,,9,14,779000.000000,10,515500.000000,10,567375433033637313,GODOMALL5
2026-01-12,1000000065,,1,2,40000.000000,1,40000.000000,1,567375433033637313,GODOMALL5
2026-01-12,1000000066,,0,0,0.000000,1,45000.000000,1,567375433033637313,GODOMALL5
2026-01-12,1000000083,,0,0,0.000000,1,45000.000000,4,567375433033637313,GODOMALL5
2026-01-12,1000000084,,2,5,135000.000000,2,57500.000000,20,567375433033637313,GODOMALL5
2026-01-12,1000000085,,1,1,54500.000000,0,0.000000,0,567375433033637313,GODOMALL5
2026-01-12,1000000086,,2,2,158000.000000,1,81000.000000,1,567375433033637313,GODOMALL5
2026-01-12,1000000087,,4,4,240000.000000,1,65000.000000,1,567375433033637313,GODOMALL5
2026-01-12,1000000088,,5,6,706000.000000,1,120000.000000,1,567375433033637313,GODOMALL5
2026-01-12,1000000090,,1,10,130000.000000,0,0.000000,0,567375433033637313,GODOMALL5
2026-01-12,1000000091,,2,2,50000.000000,1,26000.000000,1,567375433033637313,GODOMALL5
2026-01-12,1000000093,,4,78,371800.000000,2,9400.000000,30,567375433033637313,GODOMALL5
2026-01-12,1000000094,,2,60,390000.000000,0,0.000000,0,567375433033637313,GODOMALL5
2026-01-12,1000000108,,1,100,450000.000000,0,0.000000,0,567375433033637313,GODOMALL5
2026-01-12,1000000111,,6,266,1887000.000000,1,7000.000000,20,567375433033637313,GODOMALL5
2026-01-12,1000000121,,0,0,0.000000,2,38500.000000,2,567375433033637313,GODOMALL5
2026-01-12,1000000127,,2,2,92000.000000,3,182000.000000,3,567375433033637313,GODOMALL5
2026-01-12,1000000143,,0,0,0.000000,2,48000.000000,2,567375433033637313,GODOMALL5
2026-01-12,1000000152,,3,5,168000.000000,0,0.000000,0,567375433033637313,GODOMALL5
2026-01-12,1000000153,,3,4,114400.000000,0,0.000000,0,567375433033637313,GODOMALL5
2026-01-12,1000000154,,1,2,55600.000000,0,0.000000,0,567375433033637313,GODOMALL5
2026-01-12,1000000155,,1,1,33400.000000,1,33400.000000,2,567375433033637313,GODOMALL5
2026-01-12,1000000156,,1,1,29000.000000,0,0.000000,0,567375433033637313,GODOMALL5
2026-01-12,1000000164,,2,2,341000.000000,0,0.000000,0,567375433033637313,GODOMALL5
2026-01-13,1000000035,,0,0,0.000000,1,6000.000000,2,567375433033637313,GODOMALL5
2026-01-13,1000000042,,1,1,22500.000000,1,22500.000000,1,567375433033637313,GODOMALL5
2026-01-13,1000000043,,2,2,110000.000000,0,0.000000,0,567375433033637313,GODOMALL5
2026-01-13,1000000045,,1,2,154000.000000,1,20000.000000,1,567375433033637313,GODOMALL5
2026-01-13,1000000062,,3,3,122000.000000,1,80000.000000,1,567375433033637313,GODOMALL5
2026-01-13,1000000063,,5,7,303000.000000,3,94500.000000,4,567375433033637313,GODOMALL5
2026-01-13,1000000064,,19,26,1119500.000000,4,217000.000000,4,567375433033637313,GODOMALL5
2026-01-13,1000000065,,2,2,40000.000000,1,20000.000000,1,567375433033637313,GODOMALL5
2026-01-13,1000000066,,1,1,22500.000000,1,22500.000000,1,567375433033637313,GODOMALL5
2026-01-13,1000000069,,1,1,18920.000000,0,0.000000,0,567375433033637313,GODOMALL5
2026-01-13,1000000083,,0,0,0.000000,1,45000.000000,1,567375433033637313,GODOMALL5
2026-01-13,1000000084,,1,8,208000.000000,0,0.000000,0,567375433033637313,GODOMALL5
2026-01-13,1000000085,,3,3,155000.000000,1,52500.000000,1,567375433033637313,GODOMALL5
2026-01-13,1000000086,,5,5,401000.000000,0,0.000000,0,567375433033637313,GODOMALL5
2026-01-13,1000000087,,4,4,244000.000000,3,179000.000000,3,567375433033637313,GODOMALL5
2026-01-13,1000000088,,6,7,809000.000000,0,0.000000,0,567375433033637313,GODOMALL5
2026-01-13,1000000091,,1,1,26000.000000,1,26000.000000,1,567375433033637313,GODOMALL5
2026-01-13,1000000092,,1,3,114000.000000,0,0.000000,0,567375433033637313,GODOMALL5
2026-01-13,1000000093,,3,44,209900.000000,2,9400.000000,45,567375433033637313,GODOMALL5
2026-01-13,1000000094,,0,0,0.000000,1,6600.000000,18,567375433033637313,GODOMALL5
2026-01-13,1000000108,,2,56,252000.000000,0,0.000000,0,567375433033637313,GODOMALL5
2026-01-13,1000000111,,1,10,70000.000000,0,0.000000,0,567375433033637313,GODOMALL5
2026-01-13,1000000113,,1,10,115000.000000,1,11600.000000,30,567375433033637313,GODOMALL5
2026-01-13,1000000121,,0,0,0.000000,2,39000.000000,2,567375433033637313,GODOMALL5
2026-01-13,1000000127,,2,3,93000.000000,2,69500.000000,3,567375433033637313,GODOMALL5
2026-01-13,1000000128,,3,3,90000.000000,1,22500.000000,1,567375433033637313,GODOMALL5
2026-01-13,1000000142,,0,0,0.000000,1,15000.000000,1,567375433033637313,GODOMALL5
2026-01-13,1000000143,,1,2,26000.000000,1,35000.000000,1,567375433033637313,GODOMALL5
2026-01-13,1000000144,,1,1,9000.000000,0,0.000000,0,567375433033637313,GODOMALL5
2026-01-13,1000000152,,4,6,201600.000000,0,0.000000,0,567375433033637313,GODOMALL5
2026-01-13,1000000155,,1,1,33400.000000,0,0.000000,0,567375433033637313,GODOMALL5
2026-01-13,1000000164,,3,3,514000.000000,1,173000.000000,1,567375433033637313,GODOMALL5
2026-01-14,1000000028,,1,1,40000.000000,0,0.000000,0,567375433033637313,GODOMALL5
2026-01-14,1000000033,,1,1,45000.000000,1,45000.000000,1,567375433033637313,GODOMALL5
2026-01-14,1000000042,,1,1,22500.000000,1,22500.000000,1,567375433033637313,GODOMALL5
2026-01-14,1000000043,,1,1,22500.000000,1,22500.000000,1,567375433033637313,GODOMALL5
2026-01-14,1000000044,,1,1,22500.000000,0,0.000000,0,567375433033637313,GODOMALL5
2026-01-14,1000000045,,1,1,40000.000000,0,0.000000,0,567375433033637313,GODOMALL5
2026-01-14,1000000062,,3,3,123000.000000,2,121000.000000,3,567375433033637313,GODOMALL5
2026-01-14,1000000063,,3,3,115500.000000,1,46000.000000,1,567375433033637313,GODOMALL5
2026-01-14,1000000064,,9,11,663500.000000,3,171000.000000,4,567375433033637313,GODOMALL5
2026-01-14,1000000065,,0,0,0.000000,1,20000.000000,1,567375433033637313,GODOMALL5
2026-01-14,1000000066,,1,1,87500.000000,0,0.000000,0,567375433033637313,GODOMALL5
2026-01-14,1000000069,,0,0,0.000000,2,114840.000000,3,567375433033637313,GODOMALL5
2026-01-14,1000000071,,0,0,0.000000,1,20000.000000,1,567375433033637313,GODOMALL5
2026-01-14,1000000083,,0,0,0.000000,1,45000.000000,1,567375433033637313,GODOMALL5
2026-01-14,1000000085,,4,6,327000.000000,2,105500.000000,2,567375433033637313,GODOMALL5
2026-01-14,1000000086,,2,2,158000.000000,0,0.000000,0,567375433033637313,GODOMALL5
2026-01-14,1000000087,,8,8,484000.000000,3,189000.000000,5,567375433033637313,GODOMALL5
2026-01-14,1000000088,,9,13,1545000.000000,1,116000.000000,1,567375433033637313,GODOMALL5
2026-01-14,1000000090,,3,8,104000.000000,0,0.000000,0,567375433033637313,GODOMALL5
2026-01-14,1000000091,,0,0,0.000000,1,25000.000000,1,567375433033637313,GODOMALL5
2026-01-14,1000000092,,3,3,113000.000000,0,0.000000,0,567375433033637313,GODOMALL5
2026-01-14,1000000093,,4,140,672000.000000,0,0.000000,0,567375433033637313,GODOMALL5
2026-01-14,1000000094,,3,110,718000.000000,0,0.000000,0,567375433033637313,GODOMALL5
2026-01-14,1000000108,,5,200,905000.000000,1,4500.000000,10,567375433033637313,GODOMALL5
2026-01-14,1000000121,,0,0,0.000000,1,19500.000000,2,567375433033637313,GODOMALL5
2026-01-14,1000000127,,2,2,113500.000000,3,70500.000000,3,567375433033637313,GODOMALL5
2026-01-14,1000000128,,1,2,90000.000000,0,0.000000,0,567375433033637313,GODOMALL5
2026-01-14,1000000142,,0,0,0.000000,2,30000.000000,5,567375433033637313,GODOMALL5
2026-01-14,1000000144,,0,0,0.000000,1,9000.000000,3,567375433033637313,GODOMALL5
2026-01-14,1000000152,,8,12,403200.000000,3,100800.000000,3,567375433033637313,GODOMALL5
2026-01-14,1000000153,,0,0,0.000000,1,28600.000000,1,567375433033637313,GODOMALL5
2026-01-14,1000000154,,0,0,0.000000,1,27800.000000,1,567375433033637313,GODOMALL5
2026-01-14,1000000155,,1,1,33400.000000,1,33400.000000,1,567375433033637313,GODOMALL5
2026-01-14,1000000156,,0,0,0.000000,1,29000.000000,1,567375433033637313,GODOMALL5
2026-01-14,1000000164,,2,2,346000.000000,1,173000.000000,2,567375433033637313,GODOMALL5
2026-01-15,1000000042,,2,2,45000.000000,1,22500.000000,1,567375433033637313,GODOMALL5
2026-01-15,1000000043,,0,0,0.000000,1,45000.000000,1,567375433033637313,GODOMALL5
2026-01-15,1000000044,,0,0,0.000000,1,45000.000000,1,567375433033637313,GODOMALL5
2026-01-15,1000000045,,2,2,40000.000000,1,77000.000000,1,567375433033637313,GODOMALL5
2026-01-15,1000000062,,2,2,121000.000000,0,0.000000,0,567375433033637313,GODOMALL5
2026-01-15,1000000063,,1,1,46000.000000,1,90000.000000,1,567375433033637313,GODOMALL5
2026-01-15,1000000064,,14,29,1173500.000000,5,194000.000000,8,567375433033637313,GODOMALL5
2026-01-15,1000000069,,0,0,0.000000,1,18920.000000,2,567375433033637313,GODOMALL5
2026-01-15,1000000085,,5,6,310000.000000,3,158000.000000,6,567375433033637313,GODOMALL5
2026-01-15,1000000086,,3,3,239000.000000,0,0.000000,0,567375433033637313,GODOMALL5
2026-01-15,1000000087,,4,9,543000.000000,0,0.000000,0,567375433033637313,GODOMALL5
2026-01-15,1000000088,,4,4,462000.000000,0,0.000000,0,567375433033637313,GODOMALL5
2026-01-15,1000000090,,3,26,331000.000000,0,0.000000,0,567375433033637313,GODOMALL5
2026-01-15,1000000091,,2,135,3577500.000000,2,52500.000000,2,567375433033637313,GODOMALL5
2026-01-15,1000000092,,1,1,38000.000000,0,0.000000,0,567375433033637313,GODOMALL5
2026-01-15,1000000093,,6,183,867400.000000,0,0.000000,0,567375433033637313,GODOMALL5
2026-01-15,1000000111,,4,231,1617000.000000,0,0.000000,0,567375433033637313,GODOMALL5
2026-01-15,1000000127,,1,1,46000.000000,1,90000.000000,1,567375433033637313,GODOMALL5
2026-01-15,1000000128,,1,1,45000.000000,0,0.000000,0,567375433033637313,GODOMALL5
2026-01-15,1000000152,,6,6,201600.000000,3,100800.000000,4,567375433033637313,GODOMALL5
2026-01-15,1000000154,,1,1,27800.000000,0,0.000000,0,567375433033637313,GODOMALL5
2026-01-15,1000000155,,4,5,167000.000000,1,33400.000000,1,567375433033637313,GODOMALL5
2026-01-15,1000000156,,1,1,29000.000000,0,0.000000,0,567375433033637313,GODOMALL5
2026-01-15,1000000164,,2,2,341000.000000,1,173000.000000,1,567375433033637313,GODOMALL5
2026-01-16,1000000033,,1,1,45000.000000,0,0.000000,0,567375433033637313,GODOMALL5
2026-01-16,1000000042,,0,0,0.000000,1,45000.000000,1,567375433033637313,GODOMALL5
2026-01-16,1000000043,,1,1,22500.000000,0,0.000000,0,567375433033637313,GODOMALL5
2026-01-16,1000000044,,1,2,110000.000000,0,0.000000,0,567375433033637313,GODOMALL5
2026-01-16,1000000045,,3,4,137000.000000,2,40000.000000,3,567375433033637313,GODOMALL5
2026-01-16,1000000062,,1,1,41000.000000,0,0.000000,0,567375433033637313,GODOMALL5
2026-01-16,1000000063,,2,2,113500.000000,1,46000.000000,1,567375433033637313,GODOMALL5
2026-01-16,1000000064,,19,96,4570500.000000,8,386000.000000,8,567375433033637313,GODOMALL5
2026-01-16,1000000065,,0,0,0.000000,1,20000.000000,1,567375433033637313,GODOMALL5
2026-01-16,1000000071,,1,1,20000.000000,0,0.000000,0,567375433033637313,GODOMALL5
2026-01-16,1000000084,,2,6,181000.000000,1,27000.000000,3,567375433033637313,GODOMALL5
2026-01-16,1000000085,,2,33,1652500.000000,0,0.000000,0,567375433033637313,GODOMALL5
2026-01-16,1000000086,,4,4,320000.000000,0,0.000000,0,567375433033637313,GODOMALL5
2026-01-16,1000000087,,1,2,130000.000000,1,61000.000000,1,567375433033637313,GODOMALL5
2026-01-16,1000000088,,2,2,226000.000000,1,120000.000000,1,567375433033637313,GODOMALL5
2026-01-16,1000000090,,1,4,52000.000000,1,13000.000000,7,567375433033637313,GODOMALL5
2026-01-16,1000000091,,1,2,53000.000000,2,52000.000000,3,567375433033637313,GODOMALL5
2026-01-16,1000000092,,1,3,114000.000000,1,38000.000000,2,567375433033637313,GODOMALL5
2026-01-16,1000000093,,5,123,586600.000000,1,4800.000000,20,567375433033637313,GODOMALL5
2026-01-16,1000000094,,2,87,574200.000000,0,0.000000,0,567375433033637313,GODOMALL5
2026-01-16,1000000108,,2,2200,10120000.000000,0,0.000000,0,567375433033637313,GODOMALL5
2026-01-16,1000000110,,1,12,82800.000000,2,13700.000000,24,567375433033637313,GODOMALL5
2026-01-16,1000000121,,1,2,39000.000000,0,0.000000,0,567375433033637313,GODOMALL5
2026-01-16,1000000144,,1,1,9000.000000,3,27000.000000,4,567375433033637313,GODOMALL5
2026-01-16,1000000152,,6,8,268800.000000,1,33600.000000,1,567375433033637313,GODOMALL5
2026-01-16,1000000153,,1,1,28600.000000,0,0.000000,0,567375433033637313,GODOMALL5
2026-01-16,1000000155,,2,2,66800.000000,0,0.000000,0,567375433033637313,GODOMALL5
2026-01-16,1000000164,,1,1,168000.000000,0,0.000000,0,567375433033637313,GODOMALL5
2026-01-17,1000000042,,0,0,0.000000,2,45000.000000,2,567375433033637313,GODOMALL5
2026-01-17,1000000043,,0,0,0.000000,1,22500.000000,1,567375433033637313,GODOMALL5
2026-01-17,1000000044,,0,0,0.000000,1,22500.000000,1,567375433033637313,GODOMALL5
2026-01-17,1000000045,,2,3,60000.000000,0,0.000000,0,567375433033637313,GODOMALL5
2026-01-17,1000000064,,7,9,417000.000000,4,109000.000000,4,567375433033637313,GODOMALL5
2026-01-17,1000000083,,2,5,225000.000000,0,0.000000,0,567375433033637313,GODOMALL5
2026-01-17,1000000085,,1,1,54500.000000,0,0.000000,0,567375433033637313,GODOMALL5
2026-01-17,1000000086,,2,2,154000.000000,0,0.000000,0,567375433033637313,GODOMALL5
2026-01-17,1000000087,,3,8,498000.000000,1,61000.000000,1,567375433033637313,GODOMALL5
2026-01-17,1000000088,,0,0,0.000000,2,240000.000000,2,567375433033637313,GODOMALL5
2026-01-17,1000000091,,1,3,81000.000000,0,0.000000,0,567375433033637313,GODOMALL5
2026-01-17,1000000093,,2,35,168000.000000,1,4700.000000,24,567375433033637313,GODOMALL5
2026-01-17,1000000094,,1,20,132000.000000,0,0.000000,0,567375433033637313,GODOMALL5
2026-01-17,1000000108,,1,12,55200.000000,0,0.000000,0,567375433033637313,GODOMALL5
2026-01-17,1000000111,,1,16,112000.000000,0,0.000000,0,567375433033637313,GODOMALL5
2026-01-17,1000000112,,1,15,172500.000000,0,0.000000,0,567375433033637313,GODOMALL5
2026-01-17,1000000142,,0,0,0.000000,1,12000.000000,1,567375433033637313,GODOMALL5
2026-01-17,1000000143,,0,0,0.000000,1,13000.000000,1,567375433033637313,GODOMALL5
2026-01-17,1000000144,,1,3,27000.000000,0,0.000000,0,567375433033637313,GODOMALL5
2026-01-17,1000000152,,4,4,134400.000000,2,67200.000000,2,567375433033637313,GODOMALL5
2026-01-17,1000000153,,0,0,0.000000,1,28600.000000,1,567375433033637313,GODOMALL5
2026-01-17,1000000154,,0,0,0.000000,1,27800.000000,1,567375433033637313,GODOMALL5
2026-01-17,1000000155,,0,0,0.000000,0,0.000000,0,567375433033637313,GODOMALL5
2026-01-18,1000000042,,0,0,0.000000,3,90000.000000,3,567375433033637313,GODOMALL5
2026-01-18,1000000045,,1,1,20000.000000,1,77000.000000,1,567375433033637313,GODOMALL5
2026-01-18,1000000062,,0,0,0.000000,1,21000.000000,1,567375433033637313,GODOMALL5
2026-01-18,1000000063,,0,0,0.000000,2,69500.000000,2,567375433033637313,GODOMALL5
2026-01-18,1000000064,,4,5,341000.000000,4,173500.000000,4,567375433033637313,GODOMALL5
2026-01-18,1000000069,,0,0,0.000000,1,18920.000000,1,567375433033637313,GODOMALL5
2026-01-18,1000000072,,0,0,0.000000,1,40000.000000,1,567375433033637313,GODOMALL5
2026-01-18,1000000085,,2,3,156500.000000,0,0.000000,0,567375433033637313,GODOMALL5
2026-01-18,1000000086,,1,1,81000.000000,0,0.000000,0,567375433033637313,GODOMALL5
2026-01-18,1000000087,,1,1,65000.000000,0,0.000000,0,567375433033637313,GODOMALL5
2026-01-18,1000000091,,2,7,187500.000000,0,0.000000,0,567375433033637313,GODOMALL5
2026-01-18,1000000092,,0,0,0.000000,1,37000.000000,1,567375433033637313,GODOMALL5
2026-01-18,1000000093,,4,136,652800.000000,2,9500.000000,35,567375433033637313,GODOMALL5
2026-01-18,1000000108,,2,47,213700.000000,1,4500.000000,40,567375433033637313,GODOMALL5
2026-01-18,1000000111,,3,133,944300.000000,0,0.000000,0,567375433033637313,GODOMALL5
2026-01-18,1000000112,,0,0,0.000000,1,11500.000000,15,567375433033637313,GODOMALL5
2026-01-18,1000000152,,1,1,33600.000000,1,33600.000000,1,567375433033637313,GODOMALL5
2026-01-18,1000000153,,1,1,28600.000000,0,0.000000,0,567375433033637313,GODOMALL5
2026-01-18,1000000154,,0,0,0.000000,1,27800.000000,1,567375433033637313,GODOMALL5
2026-01-18,1000000155,,1,3,100200.000000,0,0.000000,0,567375433033637313,GODOMALL5
2026-01-18,1000000156,,2,2,58000.000000,0,0.000000,0,567375433033637313,GODOMALL5
2026-01-18,1000000164,,1,1,173000.000000,0,0.000000,0,567375433033637313,GODOMALL5
2026-01-19,1000000042,,3,3,112500.000000,1,22500.000000,1,567375433033637313,GODOMALL5
2026-01-19,1000000043,,3,5,200000.000000,0,0.000000,0,567375433033637313,GODOMALL5
2026-01-19,1000000044,,0,0,0.000000,1,22500.000000,1,567375433033637313,GODOMALL5
2026-01-19,1000000045,,1,1,20000.000000,0,0.000000,0,567375433033637313,GODOMALL5
2026-01-19,1000000062,,1,1,80000.000000,1,21000.000000,1,567375433033637313,GODOMALL5
2026-01-19,1000000063,,3,3,227500.000000,2,47000.000000,2,567375433033637313,GODOMALL5
2026-01-19,1000000064,,16,23,990500.000000,10,389500.000000,11,567375433033637313,GODOMALL5
2026-01-19,1000000065,,1,1,20000.000000,0,0.000000,0,567375433033637313,GODOMALL5
2026-01-19,1000000066,,1,1,22500.000000,0,0.000000,0,567375433033637313,GODOMALL5
2026-01-19,1000000069,,0,0,0.000000,2,57840.000000,2,567375433033637313,GODOMALL5
2026-01-19,1000000083,,1,1,45000.000000,2,90000.000000,2,567375433033637313,GODOMALL5
2026-01-19,1000000084,,2,10,298000.000000,2,57500.000000,5,567375433033637313,GODOMALL5
2026-01-19,1000000085,,4,5,254500.000000,1,51000.000000,2,567375433033637313,GODOMALL5
2026-01-19,1000000086,,3,3,235000.000000,0,0.000000,0,567375433033637313,GODOMALL5
2026-01-19,1000000087,,14,37,2145000.000000,1,65000.000000,1,567375433033637313,GODOMALL5
2026-01-19,1000000088,,5,5,579000.000000,0,0.000000,0,567375433033637313,GODOMALL5
2026-01-19,1000000090,,1,2,26000.000000,2,26000.000000,3,567375433033637313,GODOMALL5
2026-01-19,1000000091,,0,0,0.000000,1,26000.000000,3,567375433033637313,GODOMALL5
2026-01-19,1000000092,,1,1,38000.000000,2,75000.000000,7,567375433033637313,GODOMALL5
2026-01-19,1000000093,,9,446,2137800.000000,0,0.000000,0,567375433033637313,GODOMALL5
2026-01-19,1000000094,,4,170,1106000.000000,0,0.000000,0,567375433033637313,GODOMALL5
2026-01-19,1000000108,,1,10,46000.000000,1,4500.000000,20,567375433033637313,GODOMALL5
2026-01-19,1000000111,,1,10,70000.000000,0,0.000000,0,567375433033637313,GODOMALL5
2026-01-19,1000000113,,1,26,299000.000000,2,23000.000000,60,567375433033637313,GODOMALL5
2026-01-19,1000000127,,0,0,0.000000,1,23500.000000,1,567375433033637313,GODOMALL5
2026-01-19,1000000128,,1,1,45000.000000,1,22500.000000,1,567375433033637313,GODOMALL5
2026-01-19,1000000143,,1,1,13000.000000,0,0.000000,0,567375433033637313,GODOMALL5
2026-01-19,1000000144,,2,12,108000.000000,0,0.000000,0,567375433033637313,GODOMALL5
2026-01-19,1000000152,,7,7,235200.000000,2,67200.000000,2,567375433033637313,GODOMALL5
2026-01-19,1000000154,,0,0,0.000000,1,27800.000000,1,567375433033637313,GODOMALL5
2026-01-19,1000000155,,2,2,66800.000000,0,0.000000,0,567375433033637313,GODOMALL5
2026-01-19,1000000164,,2,2,346000.000000,0,0.000000,0,567375433033637313,GODOMALL5
2026-01-20,1000000033,,1,1,45000.000000,0,0.000000,0,567375433033637313,GODOMALL5
2026-01-20,1000000042,,1,1,22500.000000,1,22500.000000,1,567375433033637313,GODOMALL5
2026-01-20,1000000043,,1,1,22500.000000,1,22500.000000,1,567375433033637313,GODOMALL5
2026-01-20,1000000044,,0,0,0.000000,2,45000.000000,2,567375433033637313,GODOMALL5
2026-01-20,1000000062,,3,3,122000.000000,2,62000.000000,2,567375433033637313,GODOMALL5
2026-01-20,1000000063,,1,1,23500.000000,2,69500.000000,2,567375433033637313,GODOMALL5
2026-01-20,1000000064,,16,29,1103000.000000,8,282500.000000,15,567375433033637313,GODOMALL5
2026-01-20,1000000065,,0,0,0.000000,2,60000.000000,2,567375433033637313,GODOMALL5
2026-01-20,1000000083,,1,1,45000.000000,0,0.000000,0,567375433033637313,GODOMALL5
2026-01-20,1000000084,,1,1,27000.000000,2,54000.000000,9,567375433033637313,GODOMALL5
2026-01-20,1000000085,,0,0,0.000000,2,109000.000000,2,567375433033637313,GODOMALL5
2026-01-20,1000000086,,3,3,243000.000000,0,0.000000,0,567375433033637313,GODOMALL5
2026-01-20,1000000087,,3,12,696000.000000,1,61000.000000,1,567375433033637313,GODOMALL5
2026-01-20,1000000088,,8,9,1057000.000000,2,230000.000000,2,567375433033637313,GODOMALL5
2026-01-20,1000000090,,1,30,390000.000000,0,0.000000,0,567375433033637313,GODOMALL5
2026-01-20,1000000091,,0,0,0.000000,1,27000.000000,6,567375433033637313,GODOMALL5
2026-01-20,1000000092,,1,1,38000.000000,1,37000.000000,1,567375433033637313,GODOMALL5
2026-01-20,1000000093,,4,230,1081000.000000,1,4800.000000,20,567375433033637313,GODOMALL5
2026-01-20,1000000094,,0,0,0.000000,0,0.000000,0,567375433033637313,GODOMALL5
2026-01-20,1000000111,,1,50,355000.000000,2,14000.000000,60,567375433033637313,GODOMALL5
2026-01-20,1000000121,,0,0,0.000000,2,39500.000000,2,567375433033637313,GODOMALL5
2026-01-20,1000000127,,2,2,47000.000000,1,46000.000000,1,567375433033637313,GODOMALL5
2026-01-20,1000000152,,8,13,436800.000000,1,33600.000000,1,567375433033637313,GODOMALL5
2026-01-20,1000000153,,1,1,28600.000000,0,0.000000,0,567375433033637313,GODOMALL5
2026-01-20,1000000154,,1,1,27800.000000,0,0.000000,0,567375433033637313,GODOMALL5
2026-01-21,1000000035,,1,4,24000.000000,0,0.000000,0,567375433033637313,GODOMALL5
2026-01-21,1000000042,,1,1,22500.000000,1,22500.000000,1,567375433033637313,GODOMALL5
2026-01-21,1000000043,,1,1,22500.000000,3,67500.000000,3,567375433033637313,GODOMALL5
2026-01-21,1000000044,,0,0,0.000000,3,67500.000000,3,567375433033637313,GODOMALL5
2026-01-21,1000000045,,1,1,41500.000000,3,80000.000000,3,567375433033637313,GODOMALL5
2026-01-21,1000000062,,3,5,165000.000000,1,21000.000000,1,567375433033637313,GODOMALL5
2026-01-21,1000000063,,2,2,92000.000000,1,23500.000000,1,567375433033637313,GODOMALL5
2026-01-21,1000000064,,27,99,4944000.000000,8,324500.000000,11,567375433033637313,GODOMALL5
2026-01-21,1000000065,,1,1,40000.000000,0,0.000000,0,567375433033637313,GODOMALL5
2026-01-21,1000000066,,1,1,22500.000000,0,0.000000,0,567375433033637313,GODOMALL5
2026-01-21,1000000069,,1,4,303680.000000,1,18920.000000,1,567375433033637313,GODOMALL5
2026-01-21,1000000083,,2,2,90000.000000,0,0.000000,0,567375433033637313,GODOMALL5
2026-01-21,1000000085,,2,3,151000.000000,1,51000.000000,1,567375433033637313,GODOMALL5
2026-01-21,1000000086,,5,5,385000.000000,1,77000.000000,1,567375433033637313,GODOMALL5
2026-01-21,1000000087,,6,10,598000.000000,5,303000.000000,6,567375433033637313,GODOMALL5
2026-01-21,1000000088,,6,8,938000.000000,0,0.000000,0,567375433033637313,GODOMALL5
2026-01-21,1000000090,,3,29,377000.000000,1,13000.000000,1,567375433033637313,GODOMALL5
2026-01-21,1000000091,,1,3,78000.000000,1,25500.000000,2,567375433033637313,GODOMALL5
2026-01-21,1000000092,,2,4,152000.000000,0,0.000000,0,567375433033637313,GODOMALL5
2026-01-21,1000000093,,14,515,2470500.000000,0,0.000000,0,567375433033637313,GODOMALL5
2026-01-21,1000000094,,0,0,0.000000,1,6500.000000,16,567375433033637313,GODOMALL5
2026-01-21,1000000108,,1,50,230000.000000,0,0.000000,0,567375433033637313,GODOMALL5
2026-01-21,1000000111,,3,250,1768000.000000,1,7000.000000,10,567375433033637313,GODOMALL5
2026-01-21,1000000112,,2,21,241500.000000,0,0.000000,0,567375433033637313,GODOMALL5
2026-01-21,1000000121,,1,1,19000.000000,0,0.000000,0,567375433033637313,GODOMALL5
2026-01-21,1000000127,,1,1,23500.000000,3,93000.000000,3,567375433033637313,GODOMALL5
2026-01-21,1000000128,,0,0,0.000000,2,67500.000000,2,567375433033637313,GODOMALL5
2026-01-21,1000000142,,1,1,15000.000000,0,0.000000,0,567375433033637313,GODOMALL5
2026-01-21,1000000152,,14,18,604800.000000,2,67200.000000,2,567375433033637313,GODOMALL5
2026-01-22,1000000042,,2,2,132500.000000,0,0.000000,0,567375433033637313,GODOMALL5
2026-01-22,1000000043,,1,1,22500.000000,0,0.000000,0,567375433033637313,GODOMALL5
2026-01-22,1000000044,,1,1,22500.000000,0,0.000000,0,567375433033637313,GODOMALL5
2026-01-22,1000000045,,4,4,178500.000000,3,80000.000000,3,567375433033637313,GODOMALL5
2026-01-22,1000000062,,4,4,144500.000000,2,42000.000000,2,567375433033637313,GODOMALL5
2026-01-22,1000000063,,1,1,23500.000000,2,69500.000000,2,567375433033637313,GODOMALL5
2026-01-22,1000000064,,16,16,922000.000000,7,175000.000000,8,567375433033637313,GODOMALL5
2026-01-22,1000000070,,0,0,0.000000,1,40000.000000,1,567375433033637313,GODOMALL5
2026-01-22,1000000072,,1,1,40000.000000,0,0.000000,0,567375433033637313,GODOMALL5
2026-01-22,1000000084,,1,5,135000.000000,1,27000.000000,1,567375433033637313,GODOMALL5
2026-01-22,1000000085,,1,1,51000.000000,0,0.000000,0,567375433033637313,GODOMALL5
2026-01-22,1000000086,,1,1,81000.000000,0,0.000000,0,567375433033637313,GODOMALL5
2026-01-22,1000000087,,2,3,175000.000000,0,0.000000,0,567375433033637313,GODOMALL5
2026-01-22,1000000088,,3,3,333000.000000,1,111000.000000,1,567375433033637313,GODOMALL5
2026-01-22,1000000091,,1,1,25500.000000,0,0.000000,0,567375433033637313,GODOMALL5
2026-01-22,1000000092,,3,15,568000.000000,1,38000.000000,1,567375433033637313,GODOMALL5
2026-01-22,1000000093,,6,142,679400.000000,0,0.000000,0,567375433033637313,GODOMALL5
2026-01-22,1000000094,,2,95,626000.000000,0,0.000000,0,567375433033637313,GODOMALL5
2026-01-22,1000000108,,1,29,130500.000000,0,0.000000,0,567375433033637313,GODOMALL5
2026-01-22,1000000111,,1,35,245000.000000,0,0.000000,0,567375433033637313,GODOMALL5
2026-01-22,1000000112,,0,0,0.000000,1,11600.000000,30,567375433033637313,GODOMALL5
2026-01-22,1000000127,,1,1,23500.000000,2,113500.000000,2,567375433033637313,GODOMALL5
2026-01-22,1000000128,,1,1,22500.000000,0,0.000000,0,567375433033637313,GODOMALL5
2026-01-22,1000000144,,1,4,36000.000000,0,0.000000,0,567375433033637313,GODOMALL5
2026-01-22,1000000152,,9,13,436800.000000,0,0.000000,0,567375433033637313,GODOMALL5
2026-01-22,1000000154,,0,0,0.000000,1,27800.000000,1,567375433033637313,GODOMALL5
2026-01-22,1000000156,,1,2,58000.000000,1,29000.000000,1,567375433033637313,GODOMALL5
2026-01-22,1000000164,,2,2,346000.000000,0,0.000000,0,567375433033637313,GODOMALL5
2026-01-23,1000000033,,1,1,45000.000000,0,0.000000,0,567375433033637313,GODOMALL5
2026-01-23,1000000035,,1,3,18000.000000,0,0.000000,0,567375433033637313,GODOMALL5
2026-01-23,1000000042,,1,1,22500.000000,2,67500.000000,2,567375433033637313,GODOMALL5
2026-01-23,1000000043,,0,0,0.000000,2,45000.000000,2,567375433033637313,GODOMALL5
2026-01-23,1000000044,,0,0,0.000000,2,45000.000000,2,567375433033637313,GODOMALL5
2026-01-23,1000000045,,1,2,40000.000000,3,60000.000000,3,567375433033637313,GODOMALL5
2026-01-23,1000000063,,1,1,47500.000000,1,23500.000000,2,567375433033637313,GODOMALL5
2026-01-23,1000000064,,13,18,672000.000000,7,196000.000000,10,567375433033637313,GODOMALL5
2026-01-23,1000000066,,2,3,67500.000000,0,0.000000,0,567375433033637313,GODOMALL5
2026-01-23,1000000069,,0,0,0.000000,1,18920.000000,1,567375433033637313,GODOMALL5
2026-01-23,1000000084,,1,1,27000.000000,0,0.000000,0,567375433033637313,GODOMALL5
2026-01-23,1000000085,,0,0,0.000000,3,154500.000000,3,567375433033637313,GODOMALL5
2026-01-23,1000000086,,1,1,77000.000000,0,0.000000,0,567375433033637313,GODOMALL5
2026-01-23,1000000087,,2,4,248000.000000,0,0.000000,0,567375433033637313,GODOMALL5
2026-01-23,1000000088,,4,4,466000.000000,0,0.000000,0,567375433033637313,GODOMALL5
2026-01-23,1000000090,,2,31,403000.000000,1,13000.000000,3,567375433033637313,GODOMALL5
2026-01-23,1000000092,,2,17,646000.000000,0,0.000000,0,567375433033637313,GODOMALL5
2026-01-23,1000000093,,5,198,950400.000000,2,9600.000000,77,567375433033637313,GODOMALL5
2026-01-23,1000000095,,0,0,0.000000,1,10600.000000,250,567375433033637313,GODOMALL5
2026-01-23,1000000108,,3,430,1977000.000000,1,4600.000000,85,567375433033637313,GODOMALL5
2026-01-23,1000000111,,1,13,91000.000000,1,7000.000000,100,567375433033637313,GODOMALL5
2026-01-23,1000000113,,2,35,406000.000000,0,0.000000,0,567375433033637313,GODOMALL5
2026-01-23,1000000121,,2,3,58500.000000,0,0.000000,0,567375433033637313,GODOMALL5
2026-01-23,1000000128,,1,1,22500.000000,0,0.000000,0,567375433033637313,GODOMALL5
2026-01-23,1000000143,,0,0,0.000000,1,35000.000000,1,567375433033637313,GODOMALL5
2026-01-23,1000000152,,4,4,134400.000000,1,33600.000000,2,567375433033637313,GODOMALL5
2026-01-23,1000000153,,1,1,28600.000000,0,0.000000,0,567375433033637313,GODOMALL5
2026-01-23,1000000154,,1,1,27800.000000,0,0.000000,0,567375433033637313,GODOMALL5
2026-01-23,1000000164,,1,1,173000.000000,0,0.000000,0,567375433033637313,GODOMALL5
2026-01-24,1000000033,,0,0,0.000000,1,45000.000000,1,567375433033637313,GODOMALL5
2026-01-24,1000000035,,0,0,0.000000,1,6000.000000,3,567375433033637313,GODOMALL5
2026-01-24,1000000043,,1,1,45000.000000,0,0.000000,0,567375433033637313,GODOMALL5
2026-01-24,1000000045,,1,1,40000.000000,0,0.000000,0,567375433033637313,GODOMALL5
2026-01-24,1000000063,,1,1,90000.000000,2,137500.000000,2,567375433033637313,GODOMALL5
2026-01-24,1000000064,,5,8,323000.000000,3,108000.000000,3,567375433033637313,GODOMALL5
2026-01-24,1000000066,,1,1,22500.000000,0,0.000000,0,567375433033637313,GODOMALL5
2026-01-24,1000000084,,1,4,108000.000000,0,0.000000,0,567375433033637313,GODOMALL5
2026-01-24,1000000085,,2,2,104500.000000,1,54500.000000,1,567375433033637313,GODOMALL5
2026-01-24,1000000087,,1,1,65000.000000,1,59000.000000,3,567375433033637313,GODOMALL5
2026-01-24,1000000091,,1,3,76500.000000,0,0.000000,0,567375433033637313,GODOMALL5
2026-01-24,1000000093,,3,57,273600.000000,0,0.000000,0,567375433033637313,GODOMALL5
2026-01-24,1000000094,,1,15,99000.000000,0,0.000000,0,567375433033637313,GODOMALL5
2026-01-24,1000000095,,1,250,2650000.000000,0,0.000000,0,567375433033637313,GODOMALL5
2026-01-24,1000000108,,1,40,180000.000000,0,0.000000,0,567375433033637313,GODOMALL5
2026-01-24,1000000110,,1,30,204000.000000,0,0.000000,0,567375433033637313,GODOMALL5
2026-01-24,1000000113,,1,10,116000.000000,1,11600.000000,30,567375433033637313,GODOMALL5
2026-01-24,1000000127,,1,1,23500.000000,0,0.000000,0,567375433033637313,GODOMALL5
2026-01-24,1000000143,,0,0,0.000000,1,40000.000000,1,567375433033637313,GODOMALL5
2026-01-24,1000000152,,5,7,235200.000000,1,33600.000000,2,567375433033637313,GODOMALL5
2026-01-24,1000000153,,1,2,57200.000000,1,28600.000000,2,567375433033637313,GODOMALL5
2026-01-24,1000000154,,1,2,55600.000000,1,27800.000000,2,567375433033637313,GODOMALL5
2026-01-25,1000000028,,0,0,0.000000,1,20000.000000,1,567375433033637313,GODOMALL5
2026-01-25,1000000042,,0,0,0.000000,4,90000.000000,4,567375433033637313,GODOMALL5
2026-01-25,1000000043,,0,0,0.000000,1,45000.000000,1,567375433033637313,GODOMALL5
2026-01-25,1000000044,,0,0,0.000000,1,22500.000000,1,567375433033637313,GODOMALL5
2026-01-25,1000000045,,1,1,40000.000000,1,20000.000000,1,567375433033637313,GODOMALL5
2026-01-25,1000000062,,1,2,101000.000000,1,21000.000000,1,567375433033637313,GODOMALL5
2026-01-25,1000000063,,0,0,0.000000,1,23500.000000,1,567375433033637313,GODOMALL5
2026-01-25,1000000064,,7,10,475000.000000,12,495000.000000,14,567375433033637313,GODOMALL5
2026-01-25,1000000066,,0,0,0.000000,1,22500.000000,1,567375433033637313,GODOMALL5
2026-01-25,1000000085,,1,1,51000.000000,1,54500.000000,1,567375433033637313,GODOMALL5
2026-01-25,1000000087,,1,38,2318000.000000,1,61000.000000,1,567375433033637313,GODOMALL5
2026-01-25,1000000088,,1,1,120000.000000,1,120000.000000,1,567375433033637313,GODOMALL5
2026-01-25,1000000090,,1,40,520000.000000,1,13000.000000,1,567375433033637313,GODOMALL5
2026-01-25,1000000091,,0,0,0.000000,1,26000.000000,2,567375433033637313,GODOMALL5
2026-01-25,1000000092,,0,0,0.000000,1,38000.000000,2,567375433033637313,GODOMALL5
2026-01-25,1000000093,,1,100,480000.000000,0,0.000000,0,567375433033637313,GODOMALL5
2026-01-25,1000000110,,1,15,102000.000000,0,0.000000,0,567375433033637313,GODOMALL5
2026-01-25,1000000111,,2,115,805000.000000,0,0.000000,0,567375433033637313,GODOMALL5
2026-01-25,1000000112,,1,30,348000.000000,0,0.000000,0,567375433033637313,GODOMALL5
2026-01-25,1000000113,,1,32,371200.000000,0,0.000000,0,567375433033637313,GODOMALL5
2026-01-25,1000000121,,0,0,0.000000,1,19500.000000,1,567375433033637313,GODOMALL5
2026-01-25,1000000127,,0,0,0.000000,3,70500.000000,3,567375433033637313,GODOMALL5
2026-01-25,1000000152,,2,2,67200.000000,3,100800.000000,5,567375433033637313,GODOMALL5
2026-01-25,1000000164,,8,8,1379000.000000,0,0.000000,0,567375433033637313,GODOMALL5
2026-01-26,1000000035,,0,0,0.000000,1,6000.000000,1,567375433033637313,GODOMALL5
2026-01-26,1000000042,,2,2,45000.000000,0,0.000000,0,567375433033637313,GODOMALL5
2026-01-26,1000000043,,2,2,67500.000000,1,22500.000000,3,567375433033637313,GODOMALL5
2026-01-26,1000000044,,1,1,22500.000000,0,0.000000,0,567375433033637313,GODOMALL5
2026-01-26,1000000045,,1,1,20000.000000,1,77000.000000,2,567375433033637313,GODOMALL5
2026-01-26,1000000062,,0,0,0.000000,1,80000.000000,1,567375433033637313,GODOMALL5
2026-01-26,1000000063,,3,5,295500.000000,3,162500.000000,4,567375433033637313,GODOMALL5
2026-01-26,1000000064,,16,41,1503500.000000,4,131500.000000,4,567375433033637313,GODOMALL5
2026-01-26,1000000065,,0,0,0.000000,2,97000.000000,2,567375433033637313,GODOMALL5
2026-01-26,1000000069,,1,1,38920.000000,1,75920.000000,1,567375433033637313,GODOMALL5
2026-01-26,1000000070,,2,2,80000.000000,0,0.000000,0,567375433033637313,GODOMALL5
2026-01-26,1000000083,,0,0,0.000000,2,90000.000000,2,567375433033637313,GODOMALL5
2026-01-26,1000000084,,2,4,113000.000000,5,135500.000000,7,567375433033637313,GODOMALL5
2026-01-26,1000000085,,8,8,427000.000000,1,54500.000000,8,567375433033637313,GODOMALL5
2026-01-26,1000000086,,1,1,81000.000000,1,77000.000000,1,567375433033637313,GODOMALL5
2026-01-26,1000000087,,7,40,2296000.000000,4,248000.000000,5,567375433033637313,GODOMALL5
2026-01-26,1000000088,,4,4,480000.000000,2,235000.000000,2,567375433033637313,GODOMALL5
2026-01-26,1000000090,,1,3,39000.000000,0,0.000000,0,567375433033637313,GODOMALL5
2026-01-26,1000000091,,3,13,338000.000000,0,0.000000,0,567375433033637313,GODOMALL5
2026-01-26,1000000092,,0,0,0.000000,3,114000.000000,27,567375433033637313,GODOMALL5
2026-01-26,1000000093,,1,22,103400.000000,2,9400.000000,285,567375433033637313,GODOMALL5
2026-01-26,1000000108,,4,101,462100.000000,1,4600.000000,100,567375433033637313,GODOMALL5
2026-01-26,1000000111,,3,70,497000.000000,0,0.000000,0,567375433033637313,GODOMALL5
2026-01-26,1000000112,,2,52,599000.000000,0,0.000000,0,567375433033637313,GODOMALL5
2026-01-26,1000000113,,1,10,115000.000000,1,11500.000000,10,567375433033637313,GODOMALL5
2026-01-26,1000000120,,0,0,0.000000,1,76000.000000,1,567375433033637313,GODOMALL5
2026-01-26,1000000121,,0,0,0.000000,1,19500.000000,1,567375433033637313,GODOMALL5
2026-01-26,1000000127,,1,1,23500.000000,1,90000.000000,2,567375433033637313,GODOMALL5
2026-01-26,1000000152,,11,12,403200.000000,3,100800.000000,3,567375433033637313,GODOMALL5
2026-01-26,1000000153,,1,1,28600.000000,0,0.000000,0,567375433033637313,GODOMALL5
2026-01-26,1000000156,,1,1,29000.000000,1,29000.000000,1,567375433033637313,GODOMALL5
2026-01-26,1000000164,,0,0,0.000000,1,168000.000000,1,567375433033637313,GODOMALL5
2026-01-26,1000000165,,0,0,0.000000,1,29900.000000,1,567375433033637313,GODOMALL5
2026-01-26,1000000167,,1,1,24900.000000,0,0.000000,0,567375433033637313,GODOMALL5
2026-01-27,1000000033,,4,4,180000.000000,2,90000.000000,2,567375433033637313,GODOMALL5
2026-01-27,1000000035,,2,6,36000.000000,1,6000.000000,4,567375433033637313,GODOMALL5
2026-01-27,1000000042,,3,4,90000.000000,3,112500.000000,3,567375433033637313,GODOMALL5
2026-01-27,1000000043,,2,2,67500.000000,2,45000.000000,2,567375433033637313,GODOMALL5
2026-01-27,1000000044,,1,1,45000.000000,1,45000.000000,1,567375433033637313,GODOMALL5
2026-01-27,1000000045,,1,1,20000.000000,2,60000.000000,2,567375433033637313,GODOMALL5
2026-01-27,1000000063,,3,4,249500.000000,0,0.000000,0,567375433033637313,GODOMALL5
2026-01-27,1000000064,,17,30,1047000.000000,9,367500.000000,16,567375433033637313,GODOMALL5
2026-01-27,1000000065,,2,2,40000.000000,0,0.000000,0,567375433033637313,GODOMALL5
2026-01-27,1000000066,,1,1,22500.000000,0,0.000000,0,567375433033637313,GODOMALL5
2026-01-27,1000000069,,2,2,57840.000000,1,18920.000000,1,567375433033637313,GODOMALL5
2026-01-27,1000000084,,1,1,30500.000000,1,26000.000000,1,567375433033637313,GODOMALL5
2026-01-27,1000000085,,5,5,263000.000000,1,53500.000000,1,567375433033637313,GODOMALL5
2026-01-27,1000000086,,2,4,324000.000000,0,0.000000,0,567375433033637313,GODOMALL5
2026-01-27,1000000087,,12,17,981000.000000,0,0.000000,0,567375433033637313,GODOMALL5
2026-01-27,1000000088,,1,1,116000.000000,1,116000.000000,1,567375433033637313,GODOMALL5
2026-01-27,1000000090,,2,8,104000.000000,2,26000.000000,2,567375433033637313,GODOMALL5
2026-01-27,1000000091,,1,3,79500.000000,0,0.000000,0,567375433033637313,GODOMALL5
2026-01-27,1000000092,,5,32,1216000.000000,1,38000.000000,1,567375433033637313,GODOMALL5
2026-01-27,1000000093,,6,161,768100.000000,0,0.000000,0,567375433033637313,GODOMALL5
2026-01-27,1000000094,,2,90,587000.000000,0,0.000000,0,567375433033637313,GODOMALL5
2026-01-27,1000000108,,2,210,946000.000000,0,0.000000,0,567375433033637313,GODOMALL5
2026-01-27,1000000111,,2,60,426000.000000,0,0.000000,0,567375433033637313,GODOMALL5
2026-01-27,1000000113,,2,50,580000.000000,0,0.000000,0,567375433033637313,GODOMALL5
2026-01-27,1000000127,,3,5,184000.000000,0,0.000000,0,567375433033637313,GODOMALL5
2026-01-27,1000000144,,1,1,9000.000000,0,0.000000,0,567375433033637313,GODOMALL5
2026-01-27,1000000152,,6,10,336000.000000,1,33600.000000,1,567375433033637313,GODOMALL5
2026-01-27,1000000153,,1,1,28600.000000,1,28600.000000,1,567375433033637313,GODOMALL5
2026-01-27,1000000164,,1,2,346000.000000,0,0.000000,0,567375433033637313,GODOMALL5
2026-01-28,1000000033,,0,0,0.000000,1,45000.000000,1,567375433033637313,GODOMALL5
2026-01-28,1000000035,,1,1,6000.000000,0,0.000000,0,567375433033637313,GODOMALL5
2026-01-28,1000000042,,0,0,0.000000,2,67500.000000,3,567375433033637313,GODOMALL5
2026-01-28,1000000043,,2,2,90000.000000,0,0.000000,0,567375433033637313,GODOMALL5
2026-01-28,1000000044,,0,0,0.000000,1,22500.000000,1,567375433033637313,GODOMALL5
2026-01-28,1000000045,,3,3,117000.000000,2,60000.000000,2,567375433033637313,GODOMALL5
2026-01-28,1000000062,,2,33,2640000.000000,6,186000.000000,6,567375433033637313,GODOMALL5
2026-01-28,1000000063,,1,1,90000.000000,3,159500.000000,3,567375433033637313,GODOMALL5
2026-01-28,1000000064,,13,44,1605500.000000,14,543500.000000,26,567375433033637313,GODOMALL5
2026-01-28,1000000065,,0,0,0.000000,1,20000.000000,2,567375433033637313,GODOMALL5
2026-01-28,1000000066,,0,0,0.000000,2,45000.000000,3,567375433033637313,GODOMALL5
2026-01-28,1000000069,,1,1,18920.000000,1,18920.000000,1,567375433033637313,GODOMALL5
2026-01-28,1000000070,,0,0,0.000000,1,20000.000000,1,567375433033637313,GODOMALL5
2026-01-28,1000000084,,1,4,122000.000000,0,0.000000,0,567375433033637313,GODOMALL5
2026-01-28,1000000085,,11,17,877000.000000,0,0.000000,0,567375433033637313,GODOMALL5
2026-01-28,1000000086,,1,1,81000.000000,0,0.000000,0,567375433033637313,GODOMALL5
2026-01-28,1000000087,,8,37,2251000.000000,4,242000.000000,19,567375433033637313,GODOMALL5
2026-01-28,1000000088,,8,8,931000.000000,5,585000.000000,6,567375433033637313,GODOMALL5
2026-01-28,1000000090,,2,6,78000.000000,3,39000.000000,10,567375433033637313,GODOMALL5
2026-01-28,1000000091,,1,10,255000.000000,3,79000.000000,17,567375433033637313,GODOMALL5
2026-01-28,1000000092,,0,0,0.000000,3,113000.000000,9,567375433033637313,GODOMALL5
2026-01-28,1000000093,,1,18,84600.000000,3,14300.000000,90,567375433033637313,GODOMALL5
2026-01-28,1000000094,,2,132,871200.000000,0,0.000000,0,567375433033637313,GODOMALL5
2026-01-28,1000000108,,1,25,112500.000000,0,0.000000,0,567375433033637313,GODOMALL5
2026-01-28,1000000110,,1,20,136000.000000,0,0.000000,0,567375433033637313,GODOMALL5
2026-01-28,1000000111,,1,16,112000.000000,1,7000.000000,20,567375433033637313,GODOMALL5
2026-01-28,1000000112,,0,0,0.000000,1,11600.000000,50,567375433033637313,GODOMALL5
2026-01-28,1000000120,,1,1,74000.000000,0,0.000000,0,567375433033637313,GODOMALL5
2026-01-28,1000000121,,0,0,0.000000,1,19500.000000,3,567375433033637313,GODOMALL5
2026-01-28,1000000127,,10,10,525500.000000,7,342500.000000,10,567375433033637313,GODOMALL5
2026-01-28,1000000128,,0,0,0.000000,3,90000.000000,3,567375433033637313,GODOMALL5
2026-01-28,1000000142,,1,1,12000.000000,0,0.000000,0,567375433033637313,GODOMALL5
2026-01-28,1000000143,,1,1,13000.000000,2,75000.000000,28,567375433033637313,GODOMALL5
2026-01-28,1000000152,,8,14,470400.000000,7,235200.000000,7,567375433033637313,GODOMALL5
2026-01-28,1000000156,,1,1,29000.000000,1,29000.000000,2,567375433033637313,GODOMALL5
2026-01-28,1000000164,,2,2,346000.000000,1,168000.000000,1,567375433033637313,GODOMALL5
2026-01-28,1000000165,,13,14,418600.000000,12,358800.000000,13,567375433033637313,GODOMALL5
2026-01-28,1000000166,,1,1,25900.000000,3,77700.000000,3,567375433033637313,GODOMALL5
2026-01-28,1000000167,,2,2,49800.000000,1,24900.000000,1,567375433033637313,GODOMALL5
2026-01-28,1000000169,,1,1,27900.000000,3,83700.000000,3,567375433033637313,GODOMALL5
2026-01-29,1000000042,,0,0,0.000000,3,90000.000000,3,567375433033637313,GODOMALL5
2026-01-29,1000000043,,0,0,0.000000,1,22500.000000,1,567375433033637313,GODOMALL5
2026-01-29,1000000044,,2,3,155000.000000,0,0.000000,0,567375433033637313,GODOMALL5
2026-01-29,1000000045,,1,1,20000.000000,1,20000.000000,1,567375433033637313,GODOMALL5
2026-01-29,1000000062,,1,1,21000.000000,2,121000.000000,3,567375433033637313,GODOMALL5
2026-01-29,1000000063,,3,4,249500.000000,0,0.000000,0,567375433033637313,GODOMALL5
2026-01-29,1000000064,,7,7,239500.000000,10,515500.000000,12,567375433033637313,GODOMALL5
2026-01-29,1000000069,,1,1,18920.000000,2,114840.000000,3,567375433033637313,GODOMALL5
2026-01-29,1000000084,,1,1,27000.000000,1,27000.000000,1,567375433033637313,GODOMALL5
2026-01-29,1000000085,,3,4,211000.000000,0,0.000000,0,567375433033637313,GODOMALL5
2026-01-29,1000000086,,2,2,162000.000000,2,162000.000000,6,567375433033637313,GODOMALL5
2026-01-29,1000000087,,9,45,2605000.000000,4,242000.000000,26,567375433033637313,GODOMALL5
2026-01-29,1000000088,,2,2,231000.000000,1,120000.000000,1,567375433033637313,GODOMALL5
2026-01-29,1000000090,,1,4,52000.000000,1,13000.000000,2,567375433033637313,GODOMALL5
2026-01-29,1000000091,,2,19,511500.000000,2,52000.000000,8,567375433033637313,GODOMALL5
2026-01-29,1000000092,,3,3,114000.000000,1,38000.000000,1,567375433033637313,GODOMALL5
2026-01-29,1000000093,,5,107,506900.000000,1,4800.000000,580,567375433033637313,GODOMALL5
2026-01-29,1000000094,,1,37,244200.000000,1,6600.000000,21,567375433033637313,GODOMALL5
2026-01-29,1000000108,,2,69,310500.000000,0,0.000000,0,567375433033637313,GODOMALL5
2026-01-29,1000000110,,1,14,96600.000000,0,0.000000,0,567375433033637313,GODOMALL5
2026-01-29,1000000111,,1,10,70000.000000,0,0.000000,0,567375433033637313,GODOMALL5
2026-01-29,1000000112,,3,143,1658800.000000,0,0.000000,0,567375433033637313,GODOMALL5
2026-01-29,1000000113,,1,29,333500.000000,0,0.000000,0,567375433033637313,GODOMALL5
2026-01-29,1000000121,,1,2,40000.000000,0,0.000000,0,567375433033637313,GODOMALL5
2026-01-29,1000000127,,2,2,115000.000000,1,23500.000000,1,567375433033637313,GODOMALL5
2026-01-29,1000000143,,1,28,1050000.000000,0,0.000000,0,567375433033637313,GODOMALL5
2026-01-29,1000000152,,7,9,302400.000000,1,33600.000000,1,567375433033637313,GODOMALL5
2026-01-29,1000000153,,1,1,28600.000000,1,28600.000000,1,567375433033637313,GODOMALL5
2026-01-29,1000000154,,1,1,27800.000000,1,27800.000000,1,567375433033637313,GODOMALL5
2026-01-29,1000000156,,0,0,0.000000,1,29000.000000,1,567375433033637313,GODOMALL5
2026-01-29,1000000164,,2,2,341000.000000,1,173000.000000,1,567375433033637313,GODOMALL5
2026-01-30,1000000027,,0,0,0.000000,1,20000.000000,1,567375433033637313,GODOMALL5
2026-01-30,1000000033,,1,2,90000.000000,0,0.000000,0,567375433033637313,GODOMALL5
2026-01-30,1000000035,,2,306,1836000.000000,1,6000.000000,1,567375433033637313,GODOMALL5
2026-01-30,1000000042,,0,0,0.000000,1,22500.000000,1,567375433033637313,GODOMALL5
2026-01-30,1000000045,,1,1,77000.000000,2,60000.000000,2,567375433033637313,GODOMALL5
2026-01-30,1000000062,,3,6,382000.000000,5,204000.000000,5,567375433033637313,GODOMALL5
2026-01-30,1000000063,,2,2,136000.000000,0,0.000000,0,567375433033637313,GODOMALL5
2026-01-30,1000000064,,16,34,2194000.000000,13,479500.000000,17,567375433033637313,GODOMALL5
2026-01-30,1000000069,,1,3,190760.000000,0,0.000000,0,567375433033637313,GODOMALL5
2026-01-30,1000000070,,0,0,0.000000,1,20000.000000,1,567375433033637313,GODOMALL5
2026-01-30,1000000071,,0,0,0.000000,1,20000.000000,1,567375433033637313,GODOMALL5
2026-01-30,1000000084,,1,11,297000.000000,1,30500.000000,8,567375433033637313,GODOMALL5
2026-01-30,1000000085,,6,54,2775500.000000,3,159000.000000,7,567375433033637313,GODOMALL5
2026-01-30,1000000086,,4,4,324000.000000,2,154000.000000,4,567375433033637313,GODOMALL5
2026-01-30,1000000087,,8,20,1176000.000000,3,173000.000000,24,567375433033637313,GODOMALL5
2026-01-30,1000000088,,15,22,2556000.000000,3,352000.000000,4,567375433033637313,GODOMALL5
2026-01-30,1000000090,,0,0,0.000000,2,26000.000000,5,567375433033637313,GODOMALL5
2026-01-30,1000000091,,2,8,208000.000000,0,0.000000,0,567375433033637313,GODOMALL5
2026-01-30,1000000092,,2,4,152000.000000,0,0.000000,0,567375433033637313,GODOMALL5
2026-01-30,1000000093,,4,229,1099200.000000,1,4700.000000,20,567375433033637313,GODOMALL5
2026-01-30,1000000094,,3,73,481800.000000,1,6500.000000,50,567375433033637313,GODOMALL5
2026-01-30,1000000111,,4,240,1694000.000000,1,7000.000000,50,567375433033637313,GODOMALL5
2026-01-30,1000000112,,1,34,394400.000000,0,0.000000,0,567375433033637313,GODOMALL5
2026-01-30,1000000120,,1,1,76000.000000,0,0.000000,0,567375433033637313,GODOMALL5
2026-01-30,1000000127,,1,4,272000.000000,2,69500.000000,2,567375433033637313,GODOMALL5
2026-01-30,1000000143,,0,0,0.000000,2,75000.000000,29,567375433033637313,GODOMALL5
2026-01-30,1000000152,,2,2,67200.000000,3,100800.000000,3,567375433033637313,GODOMALL5
2026-01-30,1000000164,,1,1,168000.000000,0,0.000000,0,567375433033637313,GODOMALL5
2026-01-30,1000000165,,0,0,0.000000,1,29900.000000,1,567375433033637313,GODOMALL5
2026-01-31,1000000042,,0,0,0.000000,1,22500.000000,3,567375433033637313,GODOMALL5
2026-01-31,1000000044,,0,0,0.000000,1,45000.000000,1,567375433033637313,GODOMALL5
2026-01-31,1000000045,,1,1,20000.000000,1,20000.000000,2,567375433033637313,GODOMALL5
2026-01-31,1000000062,,0,0,0.000000,1,80000.000000,2,567375433033637313,GODOMALL5
2026-01-31,1000000063,,0,0,0.000000,3,161000.000000,5,567375433033637313,GODOMALL5
2026-01-31,1000000064,,5,9,240000.000000,8,389000.000000,8,567375433033637313,GODOMALL5
2026-01-31,1000000066,,0,0,0.000000,2,45000.000000,2,567375433033637313,GODOMALL5
2026-01-31,1000000069,,0,0,0.000000,1,18920.000000,1,567375433033637313,GODOMALL5
2026-01-31,1000000084,,0,0,0.000000,1,27000.000000,3,567375433033637313,GODOMALL5
2026-01-31,1000000085,,2,2,108000.000000,3,155500.000000,9,567375433033637313,GODOMALL5
2026-01-31,1000000086,,1,1,81000.000000,2,158000.000000,2,567375433033637313,GODOMALL5
2026-01-31,1000000087,,1,1,57000.000000,3,191000.000000,3,567375433033637313,GODOMALL5
2026-01-31,1000000088,,5,5,586000.000000,2,240000.000000,2,567375433033637313,GODOMALL5
2026-01-31,1000000090,,1,1,13000.000000,0,0.000000,0,567375433033637313,GODOMALL5
2026-01-31,1000000092,,2,10,370000.000000,1,38000.000000,2,567375433033637313,GODOMALL5
2026-01-31,1000000093,,2,55,259500.000000,2,9500.000000,54,567375433033637313,GODOMALL5
2026-01-31,1000000108,,0,0,0.000000,0,0.000000,0,567375433033637313,GODOMALL5
2026-01-31,1000000111,,4,205,1455500.000000,1,7100.000000,10,567375433033637313,GODOMALL5
2026-01-31,1000000121,,0,0,0.000000,1,19000.000000,1,567375433033637313,GODOMALL5
2026-01-31,1000000127,,0,0,0.000000,3,117000.000000,4,567375433033637313,GODOMALL5
2026-01-31,1000000142,,0,0,0.000000,1,15000.000000,1,567375433033637313,GODOMALL5
2026-01-31,1000000152,,3,3,100800.000000,1,33600.000000,2,567375433033637313,GODOMALL5
2026-01-31,1000000164,,1,1,173000.000000,0,0.000000,0,567375433033637313,GODOMALL5
2026-01-31,1000000165,,1,1,29900.000000,0,0.000000,0,567375433033637313,GODOMALL5
2026-02-01,1000000042,,0,0,0.000000,2,45000.000000,2,567375433033637313,GODOMALL5
2026-02-01,1000000043,,1,1,22500.000000,1,45000.000000,1,567375433033637313,GODOMALL5
2026-02-01,1000000044,,1,1,45000.000000,1,45000.000000,1,567375433033637313,GODOMALL5
2026-02-01,1000000045,,3,4,100000.000000,4,100000.000000,4,567375433033637313,GODOMALL5
2026-02-01,1000000063,,2,17,737000.000000,1,23500.000000,1,567375433033637313,GODOMALL5
2026-02-01,1000000064,,6,8,282500.000000,6,216000.000000,8,567375433033637313,GODOMALL5
2026-02-01,1000000065,,1,1,20000.000000,0,0.000000,0,567375433033637313,GODOMALL5
2026-02-01,1000000066,,1,1,22500.000000,0,0.000000,0,567375433033637313,GODOMALL5
2026-02-01,1000000069,,1,1,38920.000000,0,0.000000,0,567375433033637313,GODOMALL5
2026-02-01,1000000072,,1,1,20000.000000,0,0.000000,0,567375433033637313,GODOMALL5
2026-02-01,1000000084,,1,3,91500.000000,2,57500.000000,3,567375433033637313,GODOMALL5
2026-02-01,1000000085,,2,2,108000.000000,2,105500.000000,3,567375433033637313,GODOMALL5
2026-02-01,1000000086,,2,2,158000.000000,1,81000.000000,1,567375433033637313,GODOMALL5
2026-02-01,1000000087,,3,3,179000.000000,1,57000.000000,1,567375433033637313,GODOMALL5
2026-02-01,1000000088,,4,8,935000.000000,4,466000.000000,4,567375433033637313,GODOMALL5
2026-02-01,1000000090,,2,2,26000.000000,0,0.000000,0,567375433033637313,GODOMALL5
2026-02-01,1000000091,,0,0,0.000000,1,26500.000000,1,567375433033637313,GODOMALL5
2026-02-01,1000000092,,2,3,113000.000000,0,0.000000,0,567375433033637313,GODOMALL5
2026-02-01,1000000093,,4,200,947000.000000,2,9500.000000,27,567375433033637313,GODOMALL5
2026-02-01,1000000108,,1,50,230000.000000,0,0.000000,0,567375433033637313,GODOMALL5
2026-02-01,1000000111,,2,115,814000.000000,2,14100.000000,100,567375433033637313,GODOMALL5
2026-02-01,1000000121,,2,2,38500.000000,1,19500.000000,1,567375433033637313,GODOMALL5
2026-02-01,1000000127,,2,2,69500.000000,0,0.000000,0,567375433033637313,GODOMALL5
2026-02-01,1000000152,,4,5,168000.000000,1,33600.000000,1,567375433033637313,GODOMALL5
2026-02-01,1000000153,,1,1,28600.000000,1,28600.000000,1,567375433033637313,GODOMALL5
2026-02-01,1000000156,,2,2,58000.000000,2,58000.000000,2,567375433033637313,GODOMALL5
2026-02-01,1000000164,,0,0,0.000000,1,168000.000000,1,567375433033637313,GODOMALL5
2026-02-01,1000000165,,4,4,119600.000000,1,29900.000000,1,567375433033637313,GODOMALL5
2026-02-01,1000000166,,1,1,25900.000000,0,0.000000,0,567375433033637313,GODOMALL5
2026-02-01,1000000169,,8,8,223200.000000,3,83700.000000,4,567375433033637313,GODOMALL5
2026-02-02,1000000027,,1,1,20000.000000,0,0.000000,0,567375433033637313,GODOMALL5
2026-02-02,1000000033,,0,0,0.000000,1,45000.000000,1,567375433033637313,GODOMALL5
2026-02-02,1000000035,,0,0,0.000000,3,18000.000000,7,567375433033637313,GODOMALL5
2026-02-02,1000000042,,3,3,90000.000000,0,0.000000,0,567375433033637313,GODOMALL5
2026-02-02,1000000043,,1,1,22500.000000,3,90000.000000,3,567375433033637313,GODOMALL5
2026-02-02,1000000044,,1,3,90000.000000,3,67500.000000,3,567375433033637313,GODOMALL5
2026-02-02,1000000045,,4,11,240000.000000,3,80000.000000,3,567375433033637313,GODOMALL5
2026-02-02,1000000062,,0,0,0.000000,6,225000.000000,7,567375433033637313,GODOMALL5
2026-02-02,1000000063,,2,2,47000.000000,2,136000.000000,2,567375433033637313,GODOMALL5
2026-02-02,1000000064,,27,45,2433000.000000,18,711000.000000,29,567375433033637313,GODOMALL5
2026-02-02,1000000065,,0,0,0.000000,1,20000.000000,1,567375433033637313,GODOMALL5
2026-02-02,1000000066,,0,0,0.000000,1,45000.000000,1,567375433033637313,GODOMALL5
2026-02-02,1000000069,,2,2,57840.000000,1,18920.000000,1,567375433033637313,GODOMALL5
2026-02-02,1000000070,,1,1,20000.000000,0,0.000000,0,567375433033637313,GODOMALL5
2026-02-02,1000000071,,1,1,20000.000000,0,0.000000,0,567375433033637313,GODOMALL5
2026-02-02,1000000083,,1,2,90000.000000,1,45000.000000,1,567375433033637313,GODOMALL5
2026-02-02,1000000084,,1,17,476000.000000,3,85500.000000,19,567375433033637313,GODOMALL5
2026-02-02,1000000085,,6,16,829500.000000,3,155500.000000,9,567375433033637313,GODOMALL5
2026-02-02,1000000086,,4,7,547000.000000,1,77000.000000,1,567375433033637313,GODOMALL5
2026-02-02,1000000087,,14,75,4385000.000000,6,370000.000000,10,567375433033637313,GODOMALL5
2026-02-02,1000000088,,6,17,1921000.000000,2,240000.000000,10,567375433033637313,GODOMALL5
2026-02-02,1000000090,,3,74,962000.000000,1,13000.000000,1,567375433033637313,GODOMALL5
2026-02-02,1000000091,,3,12,315500.000000,2,52000.000000,3,567375433033637313,GODOMALL5
2026-02-02,1000000092,,2,11,418000.000000,2,75000.000000,2,567375433033637313,GODOMALL5
2026-02-02,1000000093,,6,370,1771500.000000,0,0.000000,0,567375433033637313,GODOMALL5
2026-02-02,1000000094,,5,338,2208600.000000,0,0.000000,0,567375433033637313,GODOMALL5
2026-02-02,1000000108,,2,187,860200.000000,2,9100.000000,98,567375433033637313,GODOMALL5
2026-02-02,1000000110,,1,70,483000.000000,1,6900.000000,70,567375433033637313,GODOMALL5
2026-02-02,1000000111,,3,152,1064000.000000,2,14100.000000,45,567375433033637313,GODOMALL5
2026-02-02,1000000113,,0,0,0.000000,1,11500.000000,10,567375433033637313,GODOMALL5
2026-02-02,1000000127,,1,2,47000.000000,8,254500.000000,8,567375433033637313,GODOMALL5
2026-02-02,1000000128,,0,0,0.000000,3,132500.000000,3,567375433033637313,GODOMALL5
2026-02-02,1000000142,,1,1,12000.000000,1,15000.000000,2,567375433033637313,GODOMALL5
2026-02-02,1000000143,,1,29,1090000.000000,0,0.000000,0,567375433033637313,GODOMALL5
2026-02-02,1000000144,,0,0,0.000000,1,9000.000000,2,567375433033637313,GODOMALL5
2026-02-02,1000000153,,2,2,57200.000000,2,57200.000000,2,567375433033637313,GODOMALL5
2026-02-02,1000000154,,2,2,55600.000000,1,27800.000000,1,567375433033637313,GODOMALL5
2026-02-02,1000000156,,4,5,145000.000000,0,0.000000,0,567375433033637313,GODOMALL5
2026-02-02,1000000164,,3,6,1013000.000000,0,0.000000,0,567375433033637313,GODOMALL5
2026-02-02,1000000166,,1,1,25900.000000,0,0.000000,0,567375433033637313,GODOMALL5
2026-02-02,1000000169,,2,2,55800.000000,0,0.000000,0,567375433033637313,GODOMALL5
2026-02-02,1000000175,,2,2,59000.000000,2,59000.000000,4,567375433033637313,GODOMALL5
2026-02-02,1000000176,,2,10,604000.000000,1,62000.000000,1,567375433033637313,GODOMALL5
2026-02-02,1000000177,,3,6,338000.000000,0,0.000000,0,567375433033637313,GODOMALL5
2026-02-02,1000000178,,0,0,0.000000,1,120000.000000,1,567375433033637313,GODOMALL5
2026-02-03,1000000033,,0,0,0.000000,1,45000.000000,1,567375433033637313,GODOMALL5
2026-02-03,1000000035,,1,1,6000.000000,2,12000.000000,6,567375433033637313,GODOMALL5
2026-02-03,1000000042,,2,2,45000.000000,1,22500.000000,1,567375433033637313,GODOMALL5
2026-02-03,1000000043,,5,8,225000.000000,1,22500.000000,1,567375433033637313,GODOMALL5
2026-02-03,1000000044,,3,3,90000.000000,3,67500.000000,3,567375433033637313,GODOMALL5
2026-02-03,1000000045,,6,12,454000.000000,4,120000.000000,5,567375433033637313,GODOMALL5
2026-02-03,1000000062,,0,0,0.000000,2,42000.000000,2,567375433033637313,GODOMALL5
2026-02-03,1000000063,,3,24,564000.000000,2,47000.000000,2,567375433033637313,GODOMALL5
2026-02-03,1000000064,,22,41,1907000.000000,10,454000.000000,11,567375433033637313,GODOMALL5
2026-02-03,1000000065,,1,1,40000.000000,0,0.000000,0,567375433033637313,GODOMALL5
2026-02-03,1000000066,,1,1,22500.000000,0,0.000000,0,567375433033637313,GODOMALL5
2026-02-03,1000000072,,0,0,0.000000,1,20000.000000,1,567375433033637313,GODOMALL5
2026-02-03,1000000083,,0,0,0.000000,1,45000.000000,1,567375433033637313,GODOMALL5
2026-02-03,1000000093,,6,189,898800.000000,3,14200.000000,325,567375433033637313,GODOMALL5
2026-02-03,1000000094,,1,25,162500.000000,1,6500.000000,10,567375433033637313,GODOMALL5
2026-02-03,1000000108,,2,85,391000.000000,1,4500.000000,10,567375433033637313,GODOMALL5
2026-02-03,1000000111,,4,197,1379000.000000,0,0.000000,0,567375433033637313,GODOMALL5
2026-02-03,1000000112,,1,22,253000.000000,0,0.000000,0,567375433033637313,GODOMALL5
2026-02-03,1000000113,,1,22,253000.000000,1,11500.000000,10,567375433033637313,GODOMALL5
2026-02-03,1000000120,,0,0,0.000000,1,76000.000000,1,567375433033637313,GODOMALL5
2026-02-03,1000000121,,2,5,98000.000000,1,19500.000000,1,567375433033637313,GODOMALL5
2026-02-03,1000000127,,3,3,93000.000000,7,209500.000000,8,567375433033637313,GODOMALL5
2026-02-03,1000000144,,0,0,0.000000,1,9000.000000,1,567375433033637313,GODOMALL5
2026-02-03,1000000152,,0,0,0.000000,0,0.000000,0,567375433033637313,GODOMALL5
2026-02-03,1000000156,,0,0,0.000000,1,29000.000000,1,567375433033637313,GODOMALL5
2026-02-03,1000000164,,4,4,677000.000000,1,168000.000000,3,567375433033637313,GODOMALL5
2026-02-03,1000000165,,0,0,0.000000,0,0.000000,0,567375433033637313,GODOMALL5
2026-02-03,1000000169,,1,2,55800.000000,0,0.000000,0,567375433033637313,GODOMALL5
2026-02-03,1000000175,,3,8,235000.000000,7,206000.000000,20,567375433033637313,GODOMALL5
2026-02-03,1000000176,,11,14,852000.000000,4,236000.000000,7,567375433033637313,GODOMALL5
2026-02-03,1000000177,,6,7,409000.000000,4,228000.000000,4,567375433033637313,GODOMALL5
2026-02-03,1000000178,,10,12,1405000.000000,3,355000.000000,8,567375433033637313,GODOMALL5
2026-02-04,1000000027,,1,2,154000.000000,0,0.000000,0,567375433033637313,GODOMALL5
2026-02-04,1000000033,,1,1,45000.000000,0,0.000000,0,567375433033637313,GODOMALL5
2026-02-04,1000000035,,2,3,18000.000000,1,6000.000000,1,567375433033637313,GODOMALL5
2026-02-04,1000000042,,1,1,45000.000000,0,0.000000,0,567375433033637313,GODOMALL5
2026-02-04,1000000043,,7,8,338000.000000,4,200000.000000,4,567375433033637313,GODOMALL5
2026-02-04,1000000044,,4,4,112500.000000,1,22500.000000,1,567375433033637313,GODOMALL5
2026-02-04,1000000045,,9,11,431000.000000,3,60000.000000,5,567375433033637313,GODOMALL5
2026-02-04,1000000062,,4,4,143000.000000,3,145000.000000,36,567375433033637313,GODOMALL5
2026-02-04,1000000063,,4,4,139000.000000,1,46000.000000,1,567375433033637313,GODOMALL5
2026-02-04,1000000064,,17,26,1229000.000000,22,889000.000000,27,567375433033637313,GODOMALL5
2026-02-04,1000000066,,1,1,45000.000000,0,0.000000,0,567375433033637313,GODOMALL5
2026-02-04,1000000069,,3,3,76760.000000,1,18920.000000,1,567375433033637313,GODOMALL5
2026-02-04,1000000071,,2,5,160000.000000,1,77000.000000,1,567375433033637313,GODOMALL5
2026-02-04,1000000083,,0,0,0.000000,1,45000.000000,1,567375433033637313,GODOMALL5
2026-02-04,1000000093,,1,265,1245500.000000,2,9500.000000,80,567375433033637313,GODOMALL5
2026-02-04,1000000094,,3,165,1089000.000000,1,6500.000000,100,567375433033637313,GODOMALL5
2026-02-04,1000000108,,4,190,858000.000000,2,9200.000000,45,567375433033637313,GODOMALL5
2026-02-04,1000000111,,0,0,0.000000,1,7100.000000,20,567375433033637313,GODOMALL5
2026-02-04,1000000112,,0,0,0.000000,1,11500.000000,10,567375433033637313,GODOMALL5
2026-02-04,1000000121,,3,4,78000.000000,0,0.000000,0,567375433033637313,GODOMALL5
2026-02-04,1000000127,,5,7,386500.000000,5,206500.000000,5,567375433033637313,GODOMALL5
2026-02-04,1000000128,,1,1,22500.000000,0,0.000000,0,567375433033637313,GODOMALL5
2026-02-04,1000000152,,0,0,0.000000,0,0.000000,0,567375433033637313,GODOMALL5
2026-02-04,1000000164,,2,4,677000.000000,1,168000.000000,1,567375433033637313,GODOMALL5
2026-02-04,1000000175,,6,21,610000.000000,3,88000.000000,32,567375433033637313,GODOMALL5
2026-02-04,1000000176,,22,42,2480000.000000,3,182000.000000,3,567375433033637313,GODOMALL5
2026-02-04,1000000177,,11,22,1278000.000000,7,401000.000000,10,567375433033637313,GODOMALL5
2026-02-04,1000000178,,23,40,4755000.000000,8,935000.000000,10,567375433033637313,GODOMALL5
2026-02-05,1000000033,,0,0,0.000000,1,45000.000000,2,567375433033637313,GODOMALL5
2026-02-05,1000000035,,1,2,12000.000000,0,0.000000,0,567375433033637313,GODOMALL5
2026-02-05,1000000042,,4,6,248000.000000,2,45000.000000,2,567375433033637313,GODOMALL5
2026-02-05,1000000043,,1,1,45000.000000,4,90000.000000,4,567375433033637313,GODOMALL5
2026-02-05,1000000044,,6,7,202500.000000,1,22500.000000,1,567375433033637313,GODOMALL5
2026-02-05,1000000045,,3,4,100000.000000,5,120000.000000,5,567375433033637313,GODOMALL5
2026-02-05,1000000062,,2,2,42000.000000,2,62000.000000,2,567375433033637313,GODOMALL5
2026-02-05,1000000063,,3,7,187000.000000,2,47000.000000,2,567375433033637313,GODOMALL5
2026-02-05,1000000064,,23,45,1935000.000000,20,782000.000000,31,567375433033637313,GODOMALL5
2026-02-05,1000000065,,1,1,40000.000000,1,20000.000000,1,567375433033637313,GODOMALL5
2026-02-05,1000000069,,0,0,0.000000,1,18920.000000,1,567375433033637313,GODOMALL5
2026-02-05,1000000071,,1,1,20000.000000,0,0.000000,0,567375433033637313,GODOMALL5
2026-02-05,1000000083,,0,0,0.000000,1,45000.000000,2,567375433033637313,GODOMALL5
2026-02-05,1000000093,,4,141,668700.000000,0,0.000000,0,567375433033637313,GODOMALL5
2026-02-05,1000000094,,1,55,363000.000000,1,6600.000000,14,567375433033637313,GODOMALL5
2026-02-05,1000000108,,4,193,887800.000000,2,9200.000000,150,567375433033637313,GODOMALL5
2026-02-05,1000000111,,3,190,1338500.000000,1,7000.000000,30,567375433033637313,GODOMALL5
2026-02-05,1000000112,,0,0,0.000000,2,23100.000000,42,567375433033637313,GODOMALL5
2026-02-05,1000000113,,2,40,462000.000000,1,11500.000000,10,567375433033637313,GODOMALL5
2026-02-05,1000000120,,1,1,76000.000000,0,0.000000,0,567375433033637313,GODOMALL5
2026-02-05,1000000121,,1,1,19000.000000,2,39000.000000,2,567375433033637313,GODOMALL5
2026-02-05,1000000127,,5,14,351500.000000,6,163500.000000,7,567375433033637313,GODOMALL5
2026-02-05,1000000128,,1,1,45000.000000,2,45000.000000,2,567375433033637313,GODOMALL5
2026-02-05,1000000144,,1,3,27000.000000,0,0.000000,0,567375433033637313,GODOMALL5
2026-02-05,1000000154,,1,1,27800.000000,0,0.000000,0,567375433033637313,GODOMALL5
2026-02-05,1000000156,,1,1,29000.000000,0,0.000000,0,567375433033637313,GODOMALL5
2026-02-05,1000000164,,3,5,845000.000000,2,341000.000000,9,567375433033637313,GODOMALL5
2026-02-05,1000000175,,5,9,262000.000000,6,175000.000000,9,567375433033637313,GODOMALL5
2026-02-05,1000000176,,22,45,2722000.000000,7,434000.000000,7,567375433033637313,GODOMALL5
2026-02-05,1000000177,,13,79,4385000.000000,8,468000.000000,16,567375433033637313,GODOMALL5
2026-02-05,1000000178,,19,20,2355000.000000,1,120000.000000,2,567375433033637313,GODOMALL5
2026-02-05,1000000179,,3,3,570000.000000,0,0.000000,0,567375433033637313,GODOMALL5
2026-02-06,1000000033,,1,1,45000.000000,0,0.000000,0,567375433033637313,GODOMALL5
2026-02-06,1000000035,,2,3,18000.000000,0,0.000000,0,567375433033637313,GODOMALL5
2026-02-06,1000000042,,3,3,67500.000000,1,22500.000000,1,567375433033637313,GODOMALL5
2026-02-06,1000000043,,4,4,155000.000000,2,110000.000000,4,567375433033637313,GODOMALL5
2026-02-06,1000000044,,1,1,22500.000000,2,110000.000000,2,567375433033637313,GODOMALL5
2026-02-06,1000000045,,4,6,351000.000000,2,60000.000000,2,567375433033637313,GODOMALL5
2026-02-06,1000000062,,4,38,2428500.000000,1,41000.000000,1,567375433033637313,GODOMALL5
2026-02-06,1000000063,,3,12,282000.000000,2,47000.000000,2,567375433033637313,GODOMALL5
2026-02-06,1000000064,,30,82,2716000.000000,19,803500.000000,31,567375433033637313,GODOMALL5
2026-02-06,1000000066,,0,0,0.000000,1,22500.000000,1,567375433033637313,GODOMALL5
2026-02-06,1000000069,,1,1,38920.000000,2,94840.000000,2,567375433033637313,GODOMALL5
2026-02-06,1000000083,,1,2,90000.000000,0,0.000000,0,567375433033637313,GODOMALL5
2026-02-06,1000000088,,0,0,0.000000,0,0.000000,0,567375433033637313,GODOMALL5
2026-02-06,1000000093,,7,416,1986700.000000,3,14200.000000,562,567375433033637313,GODOMALL5
2026-02-06,1000000094,,0,0,0.000000,1,6500.000000,10,567375433033637313,GODOMALL5
2026-02-06,1000000108,,1,65,292500.000000,0,0.000000,0,567375433033637313,GODOMALL5
2026-02-06,1000000110,,1,12,81600.000000,1,6800.000000,10,567375433033637313,GODOMALL5
2026-02-06,1000000111,,5,440,3109000.000000,2,14000.000000,25,567375433033637313,GODOMALL5
2026-02-06,1000000113,,2,160,1856000.000000,0,0.000000,0,567375433033637313,GODOMALL5
2026-02-06,1000000121,,1,2,39000.000000,0,0.000000,0,567375433033637313,GODOMALL5
2026-02-06,1000000127,,7,15,944000.000000,4,118000.000000,5,567375433033637313,GODOMALL5
2026-02-06,1000000128,,1,1,22500.000000,0,0.000000,0,567375433033637313,GODOMALL5
2026-02-06,1000000143,,0,0,0.000000,1,35000.000000,1,567375433033637313,GODOMALL5
2026-02-06,1000000144,,1,5,45000.000000,0,0.000000,0,567375433033637313,GODOMALL5
2026-02-06,1000000156,,0,0,0.000000,1,29000.000000,1,567375433033637313,GODOMALL5
2026-02-06,1000000164,,1,1,173000.000000,2,341000.000000,3,567375433033637313,GODOMALL5
2026-02-06,1000000175,,5,23,680000.000000,4,119000.000000,6,567375433033637313,GODOMALL5
2026-02-06,1000000176,,26,46,2808000.000000,5,306000.000000,9,567375433033637313,GODOMALL5
2026-02-06,1000000177,,10,58,3222000.000000,5,287000.000000,29,567375433033637313,GODOMALL5
2026-02-06,1000000178,,13,19,2250000.000000,4,480000.000000,21,567375433033637313,GODOMALL5
2026-02-06,1000000179,,1,1,190000.000000,0,0.000000,0,567375433033637313,GODOMALL5
2026-02-07,1000000027,,1,1,20000.000000,0,0.000000,0,567375433033637313,GODOMALL5
2026-02-07,1000000033,,3,4,180000.000000,1,45000.000000,2,567375433033637313,GODOMALL5
2026-02-07,1000000035,,4,11,66000.000000,1,6000.000000,2,567375433033637313,GODOMALL5
2026-02-07,1000000042,,1,1,22500.000000,1,22500.000000,1,567375433033637313,GODOMALL5
2026-02-07,1000000043,,1,1,87500.000000,1,22500.000000,1,567375433033637313,GODOMALL5
2026-02-07,1000000044,,2,2,45000.000000,1,45000.000000,1,567375433033637313,GODOMALL5
2026-02-07,1000000045,,5,5,100000.000000,3,80000.000000,3,567375433033637313,GODOMALL5
2026-02-07,1000000062,,1,1,21000.000000,1,42500.000000,1,567375433033637313,GODOMALL5
2026-02-07,1000000063,,3,4,207000.000000,5,141500.000000,5,567375433033637313,GODOMALL5
2026-02-07,1000000064,,22,30,1218000.000000,14,522500.000000,20,567375433033637313,GODOMALL5
2026-02-07,1000000066,,2,2,45000.000000,1,22500.000000,1,567375433033637313,GODOMALL5
2026-02-07,1000000069,,2,2,94840.000000,2,37840.000000,3,567375433033637313,GODOMALL5
2026-02-07,1000000088,,0,0,0.000000,0,0.000000,0,567375433033637313,GODOMALL5
2026-02-07,1000000093,,1,19,89300.000000,3,14200.000000,58,567375433033637313,GODOMALL5
2026-02-07,1000000111,,4,270,1894000.000000,0,0.000000,0,567375433033637313,GODOMALL5
2026-02-07,1000000113,,4,103,1192300.000000,1,11600.000000,10,567375433033637313,GODOMALL5
2026-02-07,1000000121,,1,4,78000.000000,0,0.000000,0,567375433033637313,GODOMALL5
2026-02-07,1000000127,,5,5,162500.000000,4,118000.000000,4,567375433033637313,GODOMALL5
2026-02-07,1000000128,,1,1,22500.000000,1,22500.000000,1,567375433033637313,GODOMALL5
2026-02-07,1000000153,,1,1,28600.000000,0,0.000000,0,567375433033637313,GODOMALL5
2026-02-07,1000000154,,0,0,0.000000,2,55600.000000,2,567375433033637313,GODOMALL5
2026-02-07,1000000156,,0,0,0.000000,1,29000.000000,1,567375433033637313,GODOMALL5
2026-02-07,1000000164,,3,3,519000.000000,1,173000.000000,1,567375433033637313,GODOMALL5
2026-02-07,1000000175,,5,17,505000.000000,4,117000.000000,12,567375433033637313,GODOMALL5
2026-02-07,1000000176,,8,9,538000.000000,6,356000.000000,8,567375433033637313,GODOMALL5
2026-02-07,1000000177,,6,7,405000.000000,1,59000.000000,1,567375433033637313,GODOMALL5
2026-02-07,1000000178,,11,14,1635000.000000,4,465000.000000,4,567375433033637313,GODOMALL5
2026-02-07,1000000179,,1,1,190000.000000,0,0.000000,0,567375433033637313,GODOMALL5
2026-02-08,1000000033,,1,2,90000.000000,0,0.000000,0,567375433033637313,GODOMALL5
2026-02-08,1000000035,,1,2,12000.000000,2,12000.000000,4,567375433033637313,GODOMALL5
2026-02-08,1000000042,,0,0,0.000000,4,112500.000000,4,567375433033637313,GODOMALL5
2026-02-08,1000000043,,0,0,0.000000,3,67500.000000,3,567375433033637313,GODOMALL5
2026-02-08,1000000044,,3,6,135000.000000,2,45000.000000,2,567375433033637313,GODOMALL5
2026-02-08,1000000045,,2,2,60000.000000,7,180000.000000,7,567375433033637313,GODOMALL5
2026-02-08,1000000062,,2,4,143000.000000,3,63000.000000,3,567375433033637313,GODOMALL5
2026-02-08,1000000063,,3,3,159500.000000,5,164000.000000,6,567375433033637313,GODOMALL5
2026-02-08,1000000064,,13,20,803000.000000,18,630000.000000,26,567375433033637313,GODOMALL5
2026-02-08,1000000065,,0,0,0.000000,1,20000.000000,1,567375433033637313,GODOMALL5
2026-02-08,1000000066,,1,1,22500.000000,1,45000.000000,1,567375433033637313,GODOMALL5
2026-02-08,1000000069,,3,4,95680.000000,2,37840.000000,2,567375433033637313,GODOMALL5
2026-02-08,1000000083,,0,0,0.000000,1,45000.000000,1,567375433033637313,GODOMALL5
2026-02-08,1000000093,,1,12,57600.000000,1,4800.000000,35,567375433033637313,GODOMALL5
2026-02-08,1000000113,,1,47,545200.000000,2,23000.000000,35,567375433033637313,GODOMALL5
2026-02-08,1000000121,,2,7,136500.000000,2,39500.000000,2,567375433033637313,GODOMALL5
2026-02-08,1000000127,,1,1,23500.000000,5,117500.000000,5,567375433033637313,GODOMALL5
2026-02-08,1000000128,,0,0,0.000000,1,22500.000000,1,567375433033637313,GODOMALL5
2026-02-08,1000000143,,0,0,0.000000,1,35000.000000,4,567375433033637313,GODOMALL5
2026-02-08,1000000144,,0,0,0.000000,1,9000.000000,5,567375433033637313,GODOMALL5
2026-02-08,1000000153,,1,1,28600.000000,0,0.000000,0,567375433033637313,GODOMALL5
2026-02-08,1000000154,,2,2,55600.000000,0,0.000000,0,567375433033637313,GODOMALL5
2026-02-08,1000000156,,5,5,145000.000000,0,0.000000,0,567375433033637313,GODOMALL5
2026-02-08,1000000164,,3,3,519000.000000,1,173000.000000,1,567375433033637313,GODOMALL5
2026-02-08,1000000175,,4,46,1340000.000000,6,174000.000000,16,567375433033637313,GODOMALL5
2026-02-08,1000000176,,14,22,1348000.000000,13,786000.000000,22,567375433033637313,GODOMALL5
2026-02-08,1000000177,,12,57,3327000.000000,4,228000.000000,4,567375433033637313,GODOMALL5
2026-02-08,1000000178,,11,12,1420000.000000,8,950000.000000,11,567375433033637313,GODOMALL5
2026-02-08,1000000179,,1,1,190000.000000,0,0.000000,0,567375433033637313,GODOMALL5
2026-02-09,1000000033,,1,1,45000.000000,0,0.000000,0,567375433033637313,GODOMALL5
2026-02-09,1000000035,,5,15,90000.000000,2,12000.000000,7,567375433033637313,GODOMALL5
2026-02-09,1000000042,,5,9,290000.000000,3,132500.000000,3,567375433033637313,GODOMALL5
2026-02-09,1000000043,,7,9,377500.000000,2,67500.000000,2,567375433033637313,GODOMALL5
2026-02-09,1000000044,,5,5,200000.000000,2,45000.000000,4,567375433033637313,GODOMALL5
2026-02-09,1000000045,,7,14,589500.000000,2,97000.000000,2,567375433033637313,GODOMALL5
2026-02-09,1000000062,,4,5,211000.000000,5,184000.000000,6,567375433033637313,GODOMALL5
2026-02-09,1000000063,,5,7,324000.000000,6,207500.000000,9,567375433033637313,GODOMALL5
2026-02-09,1000000064,,44,118,4597000.000000,43,1751500.000000,65,567375433033637313,GODOMALL5
2026-02-09,1000000065,,0,0,0.000000,1,40000.000000,1,567375433033637313,GODOMALL5
2026-02-09,1000000066,,0,0,0.000000,1,22500.000000,1,567375433033637313,GODOMALL5
2026-02-09,1000000069,,1,1,38920.000000,1,18920.000000,1,567375433033637313,GODOMALL5
2026-02-09,1000000070,,0,0,0.000000,1,20000.000000,1,567375433033637313,GODOMALL5
2026-02-09,1000000093,,5,137,654900.000000,2,9500.000000,106,567375433033637313,GODOMALL5
2026-02-09,1000000094,,3,56,364000.000000,2,13100.000000,35,567375433033637313,GODOMALL5
2026-02-09,1000000095,,0,0,0.000000,1,10600.000000,200,567375433033637313,GODOMALL5
2026-02-09,1000000108,,2,85,386500.000000,2,9000.000000,28,567375433033637313,GODOMALL5
2026-02-09,1000000110,,0,0,0.000000,1,6900.000000,10,567375433033637313,GODOMALL5
2026-02-09,1000000111,,4,140,983000.000000,1,7100.000000,15,567375433033637313,GODOMALL5
2026-02-09,1000000112,,5,499,5788400.000000,1,11500.000000,30,567375433033637313,GODOMALL5
2026-02-09,1000000113,,1,55,632500.000000,2,23100.000000,25,567375433033637313,GODOMALL5
2026-02-09,1000000121,,2,3,58500.000000,2,39000.000000,4,567375433033637313,GODOMALL5
2026-02-09,1000000127,,7,7,277500.000000,11,370000.000000,14,567375433033637313,GODOMALL5
2026-02-09,1000000128,,2,2,67500.000000,0,0.000000,0,567375433033637313,GODOMALL5
2026-02-09,1000000143,,1,2,75000.000000,0,0.000000,0,567375433033637313,GODOMALL5
2026-02-09,1000000144,,2,2,18000.000000,0,0.000000,0,567375433033637313,GODOMALL5
2026-02-09,1000000153,,2,6,171600.000000,2,57200.000000,2,567375433033637313,GODOMALL5
2026-02-09,1000000154,,0,0,0.000000,3,83400.000000,3,567375433033637313,GODOMALL5
2026-02-09,1000000156,,5,7,203000.000000,2,58000.000000,3,567375433033637313,GODOMALL5
2026-02-09,1000000164,,2,2,346000.000000,1,173000.000000,1,567375433033637313,GODOMALL5
2026-02-09,1000000175,,17,85,2469000.000000,10,291000.000000,36,567375433033637313,GODOMALL5
2026-02-09,1000000176,,36,62,3792000.000000,21,1258000.000000,32,567375433033637313,GODOMALL5
2026-02-09,1000000177,,30,96,5592000.000000,7,397000.000000,79,567375433033637313,GODOMALL5
2026-02-09,1000000178,,44,50,5955000.000000,3,360000.000000,3,567375433033637313,GODOMALL5
2026-02-10,1000000033,,0,0,0.000000,1,45000.000000,1,567375433033637313,GODOMALL5
2026-02-10,1000000035,,2,6,36000.000000,3,18000.000000,9,567375433033637313,GODOMALL5
2026-02-10,1000000042,,2,2,67500.000000,3,67500.000000,3,567375433033637313,GODOMALL5
2026-02-10,1000000043,,1,1,22500.000000,2,45000.000000,2,567375433033637313,GODOMALL5
2026-02-10,1000000044,,1,1,22500.000000,2,132500.000000,3,567375433033637313,GODOMALL5
2026-02-10,1000000045,,3,3,80000.000000,5,100000.000000,5,567375433033637313,GODOMALL5
2026-02-10,1000000062,,0,0,0.000000,6,287000.000000,16,567375433033637313,GODOMALL5
2026-02-10,1000000063,,1,1,47500.000000,10,328000.000000,20,567375433033637313,GODOMALL5
2026-02-10,1000000064,,21,30,1489500.000000,55,2300500.000000,123,567375433033637313,GODOMALL5
2026-02-10,1000000065,,2,2,60000.000000,1,40000.000000,1,567375433033637313,GODOMALL5
2026-02-10,1000000066,,2,2,67500.000000,3,90000.000000,3,567375433033637313,GODOMALL5
2026-02-10,1000000069,,1,1,18920.000000,0,0.000000,0,567375433033637313,GODOMALL5
2026-02-10,1000000071,,0,0,0.000000,1,20000.000000,1,567375433033637313,GODOMALL5
2026-02-10,1000000087,,0,0,0.000000,0,0.000000,0,567375433033637313,GODOMALL5
2026-02-10,1000000093,,0,0,0.000000,5,23700.000000,165,567375433033637313,GODOMALL5
2026-02-10,1000000094,,0,0,0.000000,2,13200.000000,115,567375433033637313,GODOMALL5
2026-02-10,1000000112,,1,42,487200.000000,1,11600.000000,10,567375433033637313,GODOMALL5
2026-02-10,1000000113,,1,10,115000.000000,1,11500.000000,10,567375433033637313,GODOMALL5
2026-02-10,1000000121,,0,0,0.000000,4,78000.000000,9,567375433033637313,GODOMALL5
2026-02-10,1000000127,,3,3,139500.000000,6,255500.000000,8,567375433033637313,GODOMALL5
2026-02-10,1000000128,,0,0,0.000000,3,90000.000000,4,567375433033637313,GODOMALL5
2026-02-10,1000000142,,0,0,0.000000,2,27000.000000,2,567375433033637313,GODOMALL5
2026-02-10,1000000144,,0,0,0.000000,1,9000.000000,5,567375433033637313,GODOMALL5
2026-02-10,1000000153,,1,1,28600.000000,0,0.000000,0,567375433033637313,GODOMALL5
2026-02-10,1000000154,,0,0,0.000000,1,27800.000000,1,567375433033637313,GODOMALL5
2026-02-10,1000000156,,6,15,435000.000000,2,58000.000000,2,567375433033637313,GODOMALL5
2026-02-10,1000000164,,3,3,519000.000000,2,341000.000000,3,567375433033637313,GODOMALL5
2026-02-10,1000000175,,7,14,408000.000000,12,353000.000000,37,567375433033637313,GODOMALL5
2026-02-10,1000000176,,15,22,1312000.000000,17,1018000.000000,24,567375433033637313,GODOMALL5
2026-02-10,1000000177,,12,13,747000.000000,8,452000.000000,10,567375433033637313,GODOMALL5
2026-02-10,1000000178,,16,17,2015000.000000,4,470000.000000,4,567375433033637313,GODOMALL5
2026-02-11,1000000035,,0,0,0.000000,2,12000.000000,12,567375433033637313,GODOMALL5
2026-02-11,1000000042,,1,1,87500.000000,4,135000.000000,4,567375433033637313,GODOMALL5
2026-02-11,1000000043,,2,2,45000.000000,4,90000.000000,4,567375433033637313,GODOMALL5
2026-02-11,1000000044,,1,1,22500.000000,5,157500.000000,6,567375433033637313,GODOMALL5
2026-02-11,1000000045,,5,6,180000.000000,5,120000.000000,5,567375433033637313,GODOMALL5
2026-02-11,1000000062,,4,8,208000.000000,3,63000.000000,3,567375433033637313,GODOMALL5
2026-02-11,1000000063,,3,3,115500.000000,4,183000.000000,4,567375433033637313,GODOMALL5
2026-02-11,1000000064,,22,37,1519000.000000,46,1720000.000000,79,567375433033637313,GODOMALL5
2026-02-11,1000000066,,1,1,22500.000000,4,90000.000000,5,567375433033637313,GODOMALL5
2026-02-11,1000000069,,1,1,18920.000000,1,18920.000000,2,567375433033637313,GODOMALL5
2026-02-11,1000000085,,0,0,0.000000,0,0.000000,0,567375433033637313,GODOMALL5
2026-02-11,1000000090,,0,0,0.000000,0,0.000000,0,567375433033637313,GODOMALL5
2026-02-11,1000000093,,3,160,755000.000000,1,4800.000000,40,567375433033637313,GODOMALL5
2026-02-11,1000000094,,0,0,0.000000,1,6500.000000,20,567375433033637313,GODOMALL5
2026-02-11,1000000108,,0,0,0.000000,1,4500.000000,20,567375433033637313,GODOMALL5
2026-02-11,1000000110,,0,0,0.000000,1,6800.000000,10,567375433033637313,GODOMALL5
2026-02-11,1000000111,,0,0,0.000000,1,7100.000000,160,567375433033637313,GODOMALL5
2026-02-11,1000000112,,1,10,116000.000000,2,23000.000000,30,567375433033637313,GODOMALL5
2026-02-11,1000000113,,0,0,0.000000,1,11500.000000,11,567375433033637313,GODOMALL5
2026-02-11,1000000121,,2,5,98000.000000,0,0.000000,0,567375433033637313,GODOMALL5
2026-02-11,1000000127,,4,4,116500.000000,10,257500.000000,20,567375433033637313,GODOMALL5
2026-02-11,1000000128,,0,0,0.000000,3,67500.000000,3,567375433033637313,GODOMALL5
2026-02-11,1000000153,,2,2,57200.000000,0,0.000000,0,567375433033637313,GODOMALL5
2026-02-11,1000000154,,1,1,27800.000000,0,0.000000,0,567375433033637313,GODOMALL5
2026-02-11,1000000156,,1,1,29000.000000,0,0.000000,0,567375433033637313,GODOMALL5
2026-02-11,1000000164,,1,1,173000.000000,0,0.000000,0,567375433033637313,GODOMALL5
2026-02-11,1000000175,,9,12,351000.000000,11,323000.000000,26,567375433033637313,GODOMALL5
2026-02-11,1000000176,,18,21,1270000.000000,18,1092000.000000,32,567375433033637313,GODOMALL5
2026-02-11,1000000177,,7,9,523000.000000,9,523000.000000,14,567375433033637313,GODOMALL5
2026-02-11,1000000178,,11,11,1295000.000000,4,480000.000000,4,567375433033637313,GODOMALL5
2026-02-11,1000000179,,0,0,0.000000,1,185000.000000,1,567375433033637313,GODOMALL5
2026-02-12,1000000033,,0,0,0.000000,1,45000.000000,1,567375433033637313,GODOMALL5
2026-02-12,1000000042,,1,1,45000.000000,0,0.000000,0,567375433033637313,GODOMALL5
2026-02-12,1000000043,,2,2,45000.000000,1,45000.000000,1,567375433033637313,GODOMALL5
2026-02-12,1000000044,,3,3,67500.000000,1,22500.000000,1,567375433033637313,GODOMALL5
2026-02-12,1000000045,,4,5,100000.000000,2,40000.000000,2,567375433033637313,GODOMALL5
2026-02-12,1000000062,,1,1,21000.000000,8,247000.000000,9,567375433033637313,GODOMALL5
2026-02-12,1000000063,,4,4,116500.000000,7,231000.000000,9,567375433033637313,GODOMALL5
2026-02-12,1000000064,,29,56,2088500.000000,21,823500.000000,40,567375433033637313,GODOMALL5
2026-02-12,1000000066,,1,1,22500.000000,2,45000.000000,2,567375433033637313,GODOMALL5
2026-02-12,1000000069,,1,1,18920.000000,4,97180.000000,4,567375433033637313,GODOMALL5
2026-02-12,1000000093,,2,23,108100.000000,2,9500.000000,22,567375433033637313,GODOMALL5
2026-02-12,1000000094,,0,0,0.000000,1,6500.000000,27,567375433033637313,GODOMALL5
2026-02-12,1000000108,,2,48,216000.000000,1,4600.000000,500,567375433033637313,GODOMALL5
2026-02-12,1000000111,,0,0,0.000000,1,7000.000000,50,567375433033637313,GODOMALL5
2026-02-12,1000000112,,2,85,979000.000000,0,0.000000,0,567375433033637313,GODOMALL5
2026-02-12,1000000121,,1,2,39000.000000,3,59000.000000,4,567375433033637313,GODOMALL5
2026-02-12,1000000127,,4,4,94000.000000,4,139000.000000,4,567375433033637313,GODOMALL5
2026-02-12,1000000128,,0,0,0.000000,5,135000.000000,5,567375433033637313,GODOMALL5
2026-02-12,1000000142,,1,1,15000.000000,0,0.000000,0,567375433033637313,GODOMALL5
2026-02-12,1000000144,,2,8,72000.000000,0,0.000000,0,567375433033637313,GODOMALL5
2026-02-12,1000000156,,0,0,0.000000,0,0.000000,0,567375433033637313,GODOMALL5
2026-02-12,1000000175,,8,20,584000.000000,12,352000.000000,23,567375433033637313,GODOMALL5
2026-02-12,1000000176,,15,18,1100000.000000,10,608000.000000,11,567375433033637313,GODOMALL5
2026-02-12,1000000177,,13,25,1451000.000000,9,515000.000000,11,567375433033637313,GODOMALL5
2026-02-12,1000000178,,11,11,1310000.000000,2,235000.000000,2,567375433033637313,GODOMALL5
2026-02-12,1000000179,,1,1,190000.000000,0,0.000000,0,567375433033637313,GODOMALL5
2026-02-13,1000000035,,3,13,78000.000000,1,6000.000000,1,567375433033637313,GODOMALL5
2026-02-13,1000000042,,1,1,22500.000000,0,0.000000,0,567375433033637313,GODOMALL5
2026-02-13,1000000043,,1,1,22500.000000,3,90000.000000,4,567375433033637313,GODOMALL5
2026-02-13,1000000044,,1,1,22500.000000,3,67500.000000,3,567375433033637313,GODOMALL5
2026-02-13,1000000045,,1,1,20000.000000,3,80000.000000,4,567375433033637313,GODOMALL5
2026-02-13,1000000062,,2,5,223000.000000,4,104000.000000,4,567375433033637313,GODOMALL5
2026-02-13,1000000063,,5,5,140000.000000,1,23500.000000,1,567375433033637313,GODOMALL5
2026-02-13,1000000064,,17,28,1172500.000000,20,804500.000000,32,567375433033637313,GODOMALL5
2026-02-13,1000000066,,0,0,0.000000,1,45000.000000,2,567375433033637313,GODOMALL5
2026-02-13,1000000069,,0,0,0.000000,1,18920.000000,1,567375433033637313,GODOMALL5
2026-02-13,1000000093,,1,20,96000.000000,1,4700.000000,28,567375433033637313,GODOMALL5
2026-02-13,1000000094,,1,150,990000.000000,0,0.000000,0,567375433033637313,GODOMALL5
2026-02-13,1000000108,,1,500,2300000.000000,0,0.000000,0,567375433033637313,GODOMALL5
2026-02-13,1000000112,,1,20,232000.000000,0,0.000000,0,567375433033637313,GODOMALL5
2026-02-13,1000000121,,0,0,0.000000,1,19500.000000,1,567375433033637313,GODOMALL5
2026-02-13,1000000127,,2,3,70500.000000,5,164000.000000,6,567375433033637313,GODOMALL5
2026-02-13,1000000153,,0,0,0.000000,0,0.000000,0,567375433033637313,GODOMALL5
2026-02-13,1000000156,,0,0,0.000000,0,0.000000,0,567375433033637313,GODOMALL5
2026-02-13,1000000164,,2,4,672000.000000,0,0.000000,0,567375433033637313,GODOMALL5
2026-02-13,1000000175,,3,16,464000.000000,13,384000.000000,24,567375433033637313,GODOMALL5
2026-02-13,1000000176,,14,21,1270000.000000,10,608000.000000,12,567375433033637313,GODOMALL5
2026-02-13,1000000177,,4,6,354000.000000,3,177000.000000,3,567375433033637313,GODOMALL5
2026-02-13,1000000178,,9,9,1065000.000000,1,120000.000000,4,567375433033637313,GODOMALL5
2026-02-14,1000000033,,0,0,0.000000,1,45000.000000,1,567375433033637313,GODOMALL5
2026-02-14,1000000035,,1,1,6000.000000,0,0.000000,0,567375433033637313,GODOMALL5
2026-02-14,1000000042,,0,0,0.000000,1,22500.000000,1,567375433033637313,GODOMALL5
2026-02-14,1000000043,,1,1,22500.000000,2,45000.000000,2,567375433033637313,GODOMALL5
2026-02-14,1000000044,,1,1,22500.000000,0,0.000000,0,567375433033637313,GODOMALL5
2026-02-14,1000000045,,0,0,0.000000,2,40000.000000,2,567375433033637313,GODOMALL5
2026-02-14,1000000062,,1,1,41000.000000,2,101000.000000,3,567375433033637313,GODOMALL5
2026-02-14,1000000063,,2,5,185500.000000,3,137000.000000,3,567375433033637313,GODOMALL5
2026-02-14,1000000064,,17,55,2288500.000000,4,110500.000000,8,567375433033637313,GODOMALL5
2026-02-14,1000000066,,1,1,22500.000000,0,0.000000,0,567375433033637313,GODOMALL5
2026-02-14,1000000069,,0,0,0.000000,2,37840.000000,2,567375433033637313,GODOMALL5
2026-02-14,1000000070,,1,1,20000.000000,0,0.000000,0,567375433033637313,GODOMALL5
2026-02-14,1000000072,,1,1,20000.000000,0,0.000000,0,567375433033637313,GODOMALL5
2026-02-14,1000000112,,0,0,0.000000,1,11600.000000,40,567375433033637313,GODOMALL5
2026-02-14,1000000127,,0,0,0.000000,4,118000.000000,5,567375433033637313,GODOMALL5
2026-02-14,1000000128,,1,1,22500.000000,1,45000.000000,1,567375433033637313,GODOMALL5
2026-02-14,1000000175,,1,1,30000.000000,2,59000.000000,3,567375433033637313,GODOMALL5
2026-02-14,1000000176,,10,12,728000.000000,5,306000.000000,5,567375433033637313,GODOMALL5
2026-02-14,1000000177,,4,8,468000.000000,4,228000.000000,9,567375433033637313,GODOMALL5
2026-02-15,1000000028,,1,1,20000.000000,0,0.000000,0,567375433033637313,GODOMALL5
2026-02-15,1000000033,,0,0,0.000000,1,45000.000000,2,567375433033637313,GODOMALL5
2026-02-15,1000000035,,0,0,0.000000,2,12000.000000,7,567375433033637313,GODOMALL5
2026-02-15,1000000044,,0,0,0.000000,1,45000.000000,1,567375433033637313,GODOMALL5
2026-02-15,1000000045,,1,1,40000.000000,0,0.000000,0,567375433033637313,GODOMALL5
2026-02-15,1000000062,,0,0,0.000000,3,63000.000000,3,567375433033637313,GODOMALL5
2026-02-15,1000000063,,1,1,23500.000000,1,23500.000000,1,567375433033637313,GODOMALL5
2026-02-15,1000000064,,0,0,0.000000,16,671500.000000,21,567375433033637313,GODOMALL5
2026-02-15,1000000066,,0,0,0.000000,2,67500.000000,2,567375433033637313,GODOMALL5
2026-02-15,1000000093,,0,0,0.000000,1,4700.000000,10,567375433033637313,GODOMALL5
2026-02-15,1000000127,,0,0,0.000000,2,47000.000000,2,567375433033637313,GODOMALL5
2026-02-15,1000000175,,2,4,118000.000000,3,87000.000000,5,567375433033637313,GODOMALL5
2026-02-15,1000000176,,1,1,62000.000000,1,58000.000000,1,567375433033637313,GODOMALL5
2026-02-15,1000000177,,1,1,59000.000000,4,232000.000000,6,567375433033637313,GODOMALL5
2026-02-16,1000000042,,0,0,0.000000,2,69000.000000,2,567375433033637313,GODOMALL5
2026-02-16,1000000043,,0,0,0.000000,2,67500.000000,2,567375433033637313,GODOMALL5
2026-02-16,1000000045,,0,0,0.000000,2,117000.000000,2,567375433033637313,GODOMALL5
2026-02-16,1000000063,,1,1,23500.000000,1,23500.000000,1,567375433033637313,GODOMALL5
2026-02-16,1000000064,,2,2,44000.000000,5,198500.000000,5,567375433033637313,GODOMALL5
2026-02-16,1000000065,,0,0,0.000000,1,20000.000000,1,567375433033637313,GODOMALL5
2026-02-16,1000000093,,1,10,47000.000000,0,0.000000,0,567375433033637313,GODOMALL5
2026-02-16,1000000108,,0,0,0.000000,1,4500.000000,90,567375433033637313,GODOMALL5
2026-02-16,1000000111,,1,26,184600.000000,0,0.000000,0,567375433033637313,GODOMALL5
2026-02-16,1000000121,,0,0,0.000000,1,19500.000000,1,567375433033637313,GODOMALL5
2026-02-16,1000000127,,1,1,23500.000000,0,0.000000,0,567375433033637313,GODOMALL5
2026-02-16,1000000144,,0,0,0.000000,1,9000.000000,1,567375433033637313,GODOMALL5
2026-02-16,1000000175,,0,0,0.000000,1,29000.000000,1,567375433033637313,GODOMALL5
2026-02-16,1000000176,,0,0,0.000000,6,368000.000000,9,567375433033637313,GODOMALL5
2026-02-16,1000000177,,0,0,0.000000,2,118000.000000,2,567375433033637313,GODOMALL5
2026-02-17,1000000042,,0,0,0.000000,1,22500.000000,1,567375433033637313,GODOMALL5
2026-02-17,1000000044,,1,1,22500.000000,0,0.000000,0,567375433033637313,GODOMALL5
2026-02-17,1000000045,,1,1,20000.000000,0,0.000000,0,567375433033637313,GODOMALL5
2026-02-17,1000000062,,0,0,0.000000,1,21000.000000,1,567375433033637313,GODOMALL5
2026-02-17,1000000063,,0,0,0.000000,2,69500.000000,2,567375433033637313,GODOMALL5
2026-02-17,1000000064,,5,5,237500.000000,3,87000.000000,6,567375433033637313,GODOMALL5
2026-02-17,1000000127,,1,1,23500.000000,2,47000.000000,2,567375433033637313,GODOMALL5
2026-02-17,1000000175,,1,1,29000.000000,1,29000.000000,1,567375433033637313,GODOMALL5
2026-02-17,1000000177,,1,1,55000.000000,0,0.000000,0,567375433033637313,GODOMALL5
2026-02-18,1000000043,,2,2,134000.000000,0,0.000000,0,567375433033637313,GODOMALL5
2026-02-18,1000000045,,2,2,118500.000000,1,20000.000000,1,567375433033637313,GODOMALL5
2026-02-18,1000000062,,0,0,0.000000,1,21000.000000,1,567375433033637313,GODOMALL5
2026-02-18,1000000063,,0,0,0.000000,3,93000.000000,3,567375433033637313,GODOMALL5
2026-02-18,1000000064,,3,4,172000.000000,3,66000.000000,3,567375433033637313,GODOMALL5
2026-02-18,1000000066,,1,1,45000.000000,2,110000.000000,2,567375433033637313,GODOMALL5
2026-02-18,1000000093,,2,39,187200.000000,0,0.000000,0,567375433033637313,GODOMALL5
2026-02-18,1000000108,,1,82,369000.000000,0,0.000000,0,567375433033637313,GODOMALL5
2026-02-18,1000000111,,1,50,350000.000000,1,7100.000000,60,567375433033637313,GODOMALL5
2026-02-18,1000000112,,1,15,172500.000000,0,0.000000,0,567375433033637313,GODOMALL5
2026-02-18,1000000127,,0,0,0.000000,1,23500.000000,1,567375433033637313,GODOMALL5
2026-02-18,1000000128,,1,1,45000.000000,1,22500.000000,1,567375433033637313,GODOMALL5
2026-02-18,1000000143,,0,0,0.000000,2,26000.000000,2,567375433033637313,GODOMALL5
2026-02-18,1000000144,,1,3,27000.000000,2,18000.000000,3,567375433033637313,GODOMALL5
2026-02-18,1000000175,,1,2,58000.000000,2,58000.000000,2,567375433033637313,GODOMALL5
2026-02-18,1000000177,,3,6,350000.000000,0,0.000000,0,567375433033637313,GODOMALL5
2026-02-19,1000000033,,0,0,0.000000,1,45000.000000,1,567375433033637313,GODOMALL5
2026-02-19,1000000042,,1,1,22500.000000,2,67500.000000,2,567375433033637313,GODOMALL5
2026-02-19,1000000043,,0,0,0.000000,2,67500.000000,2,567375433033637313,GODOMALL5
2026-02-19,1000000044,,2,2,67500.000000,0,0.000000,0,567375433033637313,GODOMALL5
2026-02-19,1000000045,,1,1,20000.000000,2,60000.000000,2,567375433033637313,GODOMALL5
2026-02-19,1000000062,,1,1,21000.000000,1,21000.000000,1,567375433033637313,GODOMALL5
2026-02-19,1000000063,,3,3,115500.000000,1,90000.000000,1,567375433033637313,GODOMALL5
2026-02-19,1000000064,,5,12,415500.000000,8,345500.000000,9,567375433033637313,GODOMALL5
2026-02-19,1000000069,,1,1,18920.000000,2,37840.000000,3,567375433033637313,GODOMALL5
2026-02-19,1000000085,,4,4,214000.000000,0,0.000000,0,567375433033637313,GODOMALL5
2026-02-19,1000000086,,1,1,81000.000000,0,0.000000,0,567375433033637313,GODOMALL5
2026-02-19,1000000087,,2,2,126000.000000,3,179000.000000,3,567375433033637313,GODOMALL5
2026-02-19,1000000088,,0,0,0.000000,1,115000.000000,1,567375433033637313,GODOMALL5
2026-02-19,1000000090,,1,1,13000.000000,1,13000.000000,1,567375433033637313,GODOMALL5
2026-02-19,1000000091,,1,11,286000.000000,0,0.000000,0,567375433033637313,GODOMALL5
2026-02-19,1000000093,,3,150,706000.000000,1,4800.000000,30,567375433033637313,GODOMALL5
2026-02-19,1000000094,,1,45,297000.000000,0,0.000000,0,567375433033637313,GODOMALL5
2026-02-19,1000000108,,1,110,506000.000000,0,0.000000,0,567375433033637313,GODOMALL5
2026-02-19,1000000111,,1,45,319500.000000,2,14200.000000,170,567375433033637313,GODOMALL5
2026-02-19,1000000113,,1,240,2760000.000000,0,0.000000,0,567375433033637313,GODOMALL5
2026-02-19,1000000127,,3,3,93000.000000,2,47000.000000,2,567375433033637313,GODOMALL5
2026-02-19,1000000128,,0,0,0.000000,1,22500.000000,1,567375433033637313,GODOMALL5
2026-02-19,1000000143,,0,0,0.000000,1,13000.000000,1,567375433033637313,GODOMALL5
2026-02-19,1000000162,,1,1,61000.000000,0,0.000000,0,567375433033637313,GODOMALL5
2026-02-19,1000000176,,1,1,62000.000000,0,0.000000,0,567375433033637313,GODOMALL5
2026-02-19,1000000177,,1,4,236000.000000,0,0.000000,0,567375433033637313,GODOMALL5
2026-02-20,1000000027,,0,0,0.000000,1,20000.000000,1,567375433033637313,GODOMALL5
2026-02-20,1000000033,,0,0,0.000000,1,45000.000000,1,567375433033637313,GODOMALL5
2026-02-20,1000000042,,1,2,175000.000000,1,22500.000000,1,567375433033637313,GODOMALL5
2026-02-20,1000000043,,0,0,0.000000,1,22500.000000,1,567375433033637313,GODOMALL5
2026-02-20,1000000045,,2,5,214000.000000,1,20000.000000,1,567375433033637313,GODOMALL5
2026-02-20,1000000062,,1,2,160000.000000,0,0.000000,0,567375433033637313,GODOMALL5
2026-02-20,1000000063,,1,1,23500.000000,2,47000.000000,3,567375433033637313,GODOMALL5
2026-02-20,1000000064,,6,10,409000.000000,9,325500.000000,9,567375433033637313,GODOMALL5
2026-02-20,1000000066,,1,3,67500.000000,1,22500.000000,1,567375433033637313,GODOMALL5
2026-02-20,1000000069,,0,0,0.000000,1,18920.000000,1,567375433033637313,GODOMALL5
2026-02-20,1000000070,,1,3,60000.000000,0,0.000000,0,567375433033637313,GODOMALL5
2026-02-20,1000000072,,0,0,0.000000,1,20000.000000,1,567375433033637313,GODOMALL5
2026-02-20,1000000084,,1,11,335500.000000,0,0.000000,0,567375433033637313,GODOMALL5
2026-02-20,1000000085,,1,1,49000.000000,2,105500.000000,2,567375433033637313,GODOMALL5
2026-02-20,1000000086,,3,3,239000.000000,1,81000.000000,1,567375433033637313,GODOMALL5
2026-02-20,1000000087,,2,2,120000.000000,1,65000.000000,1,567375433033637313,GODOMALL5
2026-02-20,1000000090,,1,1,13000.000000,0,0.000000,0,567375433033637313,GODOMALL5
2026-02-20,1000000091,,1,5,130000.000000,1,27000.000000,2,567375433033637313,GODOMALL5
2026-02-20,1000000092,,0,0,0.000000,2,76000.000000,2,567375433033637313,GODOMALL5
2026-02-20,1000000093,,2,50,238000.000000,2,9500.000000,40,567375433033637313,GODOMALL5
2026-02-20,1000000094,,2,180,1170000.000000,0,0.000000,0,567375433033637313,GODOMALL5
2026-02-20,1000000108,,3,198,902800.000000,0,0.000000,0,567375433033637313,GODOMALL5
2026-02-20,1000000110,,1,10,69000.000000,0,0.000000,0,567375433033637313,GODOMALL5
2026-02-20,1000000112,,2,56,646600.000000,0,0.000000,0,567375433033637313,GODOMALL5
2026-02-20,1000000113,,3,70,809000.000000,0,0.000000,0,567375433033637313,GODOMALL5
2026-02-20,1000000127,,0,0,0.000000,1,46000.000000,1,567375433033637313,GODOMALL5
2026-02-21,1000000042,,2,3,90000.000000,2,67500.000000,2,567375433033637313,GODOMALL5
2026-02-21,1000000043,,0,0,0.000000,2,67500.000000,2,567375433033637313,GODOMALL5
2026-02-21,1000000045,,0,0,0.000000,2,60000.000000,2,567375433033637313,GODOMALL5
2026-02-21,1000000062,,1,1,80000.000000,0,0.000000,0,567375433033637313,GODOMALL5
2026-02-21,1000000063,,0,0,0.000000,1,23500.000000,1,567375433033637313,GODOMALL5
2026-02-21,1000000064,,6,7,239500.000000,8,260000.000000,10,567375433033637313,GODOMALL5
2026-02-21,1000000066,,0,0,0.000000,1,22500.000000,1,567375433033637313,GODOMALL5
2026-02-21,1000000070,,0,0,0.000000,1,20000.000000,1,567375433033637313,GODOMALL5
2026-02-21,1000000071,,0,0,0.000000,1,20000.000000,1,567375433033637313,GODOMALL5
2026-02-21,1000000085,,1,1,51000.000000,0,0.000000,0,567375433033637313,GODOMALL5
2026-02-21,1000000087,,1,1,63000.000000,0,0.000000,0,567375433033637313,GODOMALL5
2026-02-21,1000000091,,2,8,200000.000000,0,0.000000,0,567375433033637313,GODOMALL5
2026-02-21,1000000092,,3,4,150000.000000,0,0.000000,0,567375433033637313,GODOMALL5
2026-02-21,1000000093,,3,100,476000.000000,0,0.000000,0,567375433033637313,GODOMALL5
2026-02-21,1000000094,,2,130,845000.000000,0,0.000000,0,567375433033637313,GODOMALL5
2026-02-21,1000000111,,2,20,140000.000000,0,0.000000,0,567375433033637313,GODOMALL5
2026-02-21,1000000113,,3,32,369200.000000,0,0.000000,0,567375433033637313,GODOMALL5
2026-02-21,1000000127,,1,1,23500.000000,1,23500.000000,1,567375433033637313,GODOMALL5
2026-02-21,1000000128,,1,1,22500.000000,1,22500.000000,1,567375433033637313,GODOMALL5
2026-02-21,1000000177,,0,0,0.000000,0,0.000000,0,567375433033637313,GODOMALL5
2026-02-22,1000000035,,0,0,0.000000,2,12000.000000,5,567375433033637313,GODOMALL5
2026-02-22,1000000042,,2,3,155000.000000,0,0.000000,0,567375433033637313,GODOMALL5
2026-02-22,1000000043,,2,2,45000.000000,0,0.000000,0,567375433033637313,GODOMALL5
2026-02-22,1000000044,,0,0,0.000000,1,45000.000000,1,567375433033637313,GODOMALL5
2026-02-22,1000000062,,2,2,82000.000000,0,0.000000,0,567375433033637313,GODOMALL5
2026-02-22,1000000064,,3,4,193000.000000,3,150000.000000,4,567375433033637313,GODOMALL5
2026-02-22,1000000066,,0,0,0.000000,1,22500.000000,1,567375433033637313,GODOMALL5
2026-02-22,1000000069,,0,0,0.000000,1,18920.000000,1,567375433033637313,GODOMALL5
2026-02-22,1000000084,,2,5,140000.000000,1,27000.000000,3,567375433033637313,GODOMALL5
2026-02-22,1000000085,,1,2,100000.000000,0,0.000000,0,567375433033637313,GODOMALL5
2026-02-22,1000000087,,1,1,61000.000000,0,0.000000,0,567375433033637313,GODOMALL5
2026-02-22,1000000091,,2,6,156000.000000,0,0.000000,0,567375433033637313,GODOMALL5
2026-02-22,1000000093,,3,135,634500.000000,0,0.000000,0,567375433033637313,GODOMALL5
2026-02-22,1000000094,,0,0,0.000000,1,6500.000000,50,567375433033637313,GODOMALL5
2026-02-22,1000000108,,0,0,0.000000,2,9100.000000,60,567375433033637313,GODOMALL5
2026-02-22,1000000111,,1,65,461500.000000,0,0.000000,0,567375433033637313,GODOMALL5
2026-02-22,1000000112,,1,10,115000.000000,0,0.000000,0,567375433033637313,GODOMALL5
2026-02-22,1000000144,,1,5,45000.000000,1,9000.000000,2,567375433033637313,GODOMALL5
2026-02-23,1000000042,,1,2,132500.000000,1,22500.000000,1,567375433033637313,GODOMALL5
2026-02-23,1000000044,,1,2,45000.000000,0,0.000000,0,567375433033637313,GODOMALL5
2026-02-23,1000000045,,0,0,0.000000,2,97000.000000,3,567375433033637313,GODOMALL5
2026-02-23,1000000062,,2,2,101000.000000,1,80000.000000,1,567375433033637313,GODOMALL5
2026-02-23,1000000063,,2,3,115500.000000,0,0.000000,0,567375433033637313,GODOMALL5
2026-02-23,1000000064,,13,27,1338000.000000,11,476000.000000,23,567375433033637313,GODOMALL5
2026-02-23,1000000066,,0,0,0.000000,1,22500.000000,1,567375433033637313,GODOMALL5
2026-02-23,1000000084,,0,0,0.000000,2,57500.000000,5,567375433033637313,GODOMALL5
2026-02-23,1000000085,,3,11,575000.000000,0,0.000000,0,567375433033637313,GODOMALL5
2026-02-23,1000000086,,3,3,243000.000000,0,0.000000,0,567375433033637313,GODOMALL5
2026-02-23,1000000087,,5,6,362000.000000,1,63000.000000,1,567375433033637313,GODOMALL5
2026-02-23,1000000088,,3,3,347000.000000,0,0.000000,0,567375433033637313,GODOMALL5
2026-02-23,1000000089,,1,1,173000.000000,1,173000.000000,1,567375433033637313,GODOMALL5
2026-02-23,1000000090,,0,0,0.000000,1,12000.000000,2,567375433033637313,GODOMALL5
2026-02-23,1000000091,,1,1,26000.000000,1,25000.000000,1,567375433033637313,GODOMALL5
2026-02-23,1000000093,,6,263,1255400.000000,3,14200.000000,110,567375433033637313,GODOMALL5
2026-02-23,1000000094,,2,105,687500.000000,2,13100.000000,93,567375433033637313,GODOMALL5
2026-02-23,1000000108,,1,10,46000.000000,1,4600.000000,80,567375433033637313,GODOMALL5
2026-02-23,1000000111,,2,41,287000.000000,0,0.000000,0,567375433033637313,GODOMALL5
2026-02-23,1000000112,,0,0,0.000000,1,11600.000000,10,567375433033637313,GODOMALL5
2026-02-23,1000000113,,2,41,471500.000000,0,0.000000,0,567375433033637313,GODOMALL5
2026-02-23,1000000121,,1,2,39000.000000,2,39000.000000,2,567375433033637313,GODOMALL5
2026-02-23,1000000127,,1,1,90000.000000,2,69500.000000,2,567375433033637313,GODOMALL5
2026-02-23,1000000128,,1,1,45000.000000,2,45000.000000,2,567375433033637313,GODOMALL5
2026-02-23,1000000142,,0,0,0.000000,2,27000.000000,2,567375433033637313,GODOMALL5
2026-02-23,1000000143,,1,1,40000.000000,0,0.000000,0,567375433033637313,GODOMALL5
2026-02-24,1000000027,,1,1,20000.000000,0,0.000000,0,567375433033637313,GODOMALL5
2026-02-24,1000000028,,0,0,0.000000,1,20000.000000,1,567375433033637313,GODOMALL5
2026-02-24,1000000033,,1,1,45000.000000,0,0.000000,0,567375433033637313,GODOMALL5
2026-02-24,1000000035,,0,0,0.000000,2,12000.000000,3,567375433033637313,GODOMALL5
2026-02-24,1000000042,,1,1,45000.000000,0,0.000000,0,567375433033637313,GODOMALL5
2026-02-24,1000000043,,3,3,112500.000000,1,22500.000000,1,567375433033637313,GODOMALL5
2026-02-24,1000000044,,1,1,45000.000000,2,45000.000000,2,567375433033637313,GODOMALL5
2026-02-24,1000000045,,1,1,20000.000000,0,0.000000,0,567375433033637313,GODOMALL5
2026-02-24,1000000062,,2,2,62000.000000,2,101000.000000,2,567375433033637313,GODOMALL5
2026-02-24,1000000063,,5,7,387500.000000,3,159500.000000,3,567375433033637313,GODOMALL5
2026-02-24,1000000064,,14,25,1147000.000000,8,366500.000000,15,567375433033637313,GODOMALL5
2026-02-24,1000000070,,1,1,20000.000000,0,0.000000,0,567375433033637313,GODOMALL5
2026-02-24,1000000071,,1,1,20000.000000,0,0.000000,0,567375433033637313,GODOMALL5
2026-02-24,1000000084,,2,113,3051000.000000,1,30500.000000,1,567375433033637313,GODOMALL5
2026-02-24,1000000085,,2,14,714000.000000,1,51000.000000,1,567375433033637313,GODOMALL5
2026-02-24,1000000086,,1,1,81000.000000,1,77000.000000,1,567375433033637313,GODOMALL5
2026-02-24,1000000087,,1,1,61000.000000,0,0.000000,0,567375433033637313,GODOMALL5
2026-02-24,1000000088,,2,2,232000.000000,0,0.000000,0,567375433033637313,GODOMALL5
2026-02-24,1000000089,,3,3,519000.000000,0,0.000000,0,567375433033637313,GODOMALL5
2026-02-24,1000000090,,1,1,13000.000000,1,13000.000000,4,567375433033637313,GODOMALL5
2026-02-24,1000000091,,3,50,1342500.000000,1,25500.000000,1,567375433033637313,GODOMALL5
2026-02-24,1000000092,,2,2,76000.000000,0,0.000000,0,567375433033637313,GODOMALL5
2026-02-24,1000000093,,11,637,3038100.000000,1,4800.000000,30,567375433033637313,GODOMALL5
2026-02-24,1000000094,,2,101,664000.000000,0,0.000000,0,567375433033637313,GODOMALL5
2026-02-24,1000000108,,0,0,0.000000,1,4600.000000,50,567375433033637313,GODOMALL5
2026-02-24,1000000110,,1,70,476000.000000,0,0.000000,0,567375433033637313,GODOMALL5
2026-02-24,1000000111,,6,238,1669500.000000,2,14100.000000,60,567375433033637313,GODOMALL5
2026-02-24,1000000121,,1,1,19500.000000,0,0.000000,0,567375433033637313,GODOMALL5
2026-02-24,1000000127,,2,2,69500.000000,1,23500.000000,1,567375433033637313,GODOMALL5
2026-02-24,1000000144,,1,8,72000.000000,0,0.000000,0,567375433033637313,GODOMALL5
2026-02-25,1000000033,,0,0,0.000000,1,45000.000000,2,567375433033637313,GODOMALL5
2026-02-25,1000000035,,1,2,12000.000000,0,0.000000,0,567375433033637313,GODOMALL5
2026-02-25,1000000042,,2,2,45000.000000,1,45000.000000,1,567375433033637313,GODOMALL5
2026-02-25,1000000043,,1,1,87500.000000,0,0.000000,0,567375433033637313,GODOMALL5
2026-02-25,1000000044,,2,4,266500.000000,1,22500.000000,1,567375433033637313,GODOMALL5
2026-02-25,1000000045,,2,3,80000.000000,2,40000.000000,2,567375433033637313,GODOMALL5
2026-02-25,1000000062,,0,0,0.000000,1,41000.000000,1,567375433033637313,GODOMALL5
2026-02-25,1000000063,,3,4,272000.000000,1,23500.000000,1,567375433033637313,GODOMALL5
2026-02-25,1000000064,,10,20,902000.000000,7,322000.000000,7,567375433033637313,GODOMALL5
2026-02-25,1000000066,,1,1,87500.000000,0,0.000000,0,567375433033637313,GODOMALL5
2026-02-25,1000000069,,0,0,0.000000,1,18920.000000,1,567375433033637313,GODOMALL5
2026-02-25,1000000084,,5,124,3365500.000000,1,27000.000000,1,567375433033637313,GODOMALL5
2026-02-25,1000000086,,4,5,397000.000000,0,0.000000,0,567375433033637313,GODOMALL5
2026-02-25,1000000087,,4,5,301000.000000,3,177000.000000,4,567375433033637313,GODOMALL5
2026-02-25,1000000088,,3,3,355000.000000,1,120000.000000,1,567375433033637313,GODOMALL5
2026-02-25,1000000089,,2,3,514000.000000,0,0.000000,0,567375433033637313,GODOMALL5
2026-02-25,1000000090,,3,76,988000.000000,0,0.000000,0,567375433033637313,GODOMALL5
2026-02-25,1000000091,,1,1,26500.000000,0,0.000000,0,567375433033637313,GODOMALL5
2026-02-25,1000000093,,9,456,2157800.000000,3,14400.000000,110,567375433033637313,GODOMALL5
2026-02-25,1000000108,,0,0,0.000000,2,9200.000000,30,567375433033637313,GODOMALL5
2026-02-25,1000000110,,3,78,531900.000000,0,0.000000,0,567375433033637313,GODOMALL5
2026-02-25,1000000111,,5,295,2094500.000000,0,0.000000,0,567375433033637313,GODOMALL5
2026-02-25,1000000112,,1,38,437000.000000,0,0.000000,0,567375433033637313,GODOMALL5
2026-02-25,1000000121,,1,1,19500.000000,0,0.000000,0,567375433033637313,GODOMALL5
2026-02-25,1000000127,,0,0,0.000000,3,70500.000000,3,567375433033637313,GODOMALL5
2026-02-26,1000000033,,2,2,90000.000000,0,0.000000,0,567375433033637313,GODOMALL5
2026-02-26,1000000042,,0,0,0.000000,1,22500.000000,1,567375433033637313,GODOMALL5
2026-02-26,1000000043,,1,1,22500.000000,0,0.000000,0,567375433033637313,GODOMALL5
2026-02-26,1000000045,,2,2,40000.000000,0,0.000000,0,567375433033637313,GODOMALL5
2026-02-26,1000000062,,1,1,80000.000000,1,21000.000000,1,567375433033637313,GODOMALL5
2026-02-26,1000000063,,2,3,93000.000000,1,23500.000000,1,567375433033637313,GODOMALL5
2026-02-26,1000000064,,10,14,563000.000000,7,259000.000000,7,567375433033637313,GODOMALL5
2026-02-26,1000000066,,1,2,90000.000000,0,0.000000,0,567375433033637313,GODOMALL5
2026-02-26,1000000084,,1,1,26000.000000,2,55000.000000,2,567375433033637313,GODOMALL5
2026-02-26,1000000085,,2,2,109000.000000,1,54500.000000,1,567375433033637313,GODOMALL5
2026-02-26,1000000087,,3,3,183000.000000,2,126000.000000,2,567375433033637313,GODOMALL5
2026-02-26,1000000088,,2,6,716000.000000,0,0.000000,0,567375433033637313,GODOMALL5
2026-02-26,1000000090,,2,24,312000.000000,1,13000.000000,1,567375433033637313,GODOMALL5
2026-02-26,1000000091,,2,12,311000.000000,1,27000.000000,5,567375433033637313,GODOMALL5
2026-02-26,1000000093,,6,417,1988600.000000,0,0.000000,0,567375433033637313,GODOMALL5
2026-02-26,1000000108,,2,42,189000.000000,0,0.000000,0,567375433033637313,GODOMALL5
2026-02-26,1000000111,,2,85,601000.000000,0,0.000000,0,567375433033637313,GODOMALL5
2026-02-26,1000000112,,1,10,115000.000000,0,0.000000,0,567375433033637313,GODOMALL5
2026-02-26,1000000127,,2,4,161500.000000,0,0.000000,0,567375433033637313,GODOMALL5
2026-02-26,1000000128,,1,2,90000.000000,1,22500.000000,1,567375433033637313,GODOMALL5
2026-02-26,1000000142,,1,1,15000.000000,0,0.000000,0,567375433033637313,GODOMALL5
2026-02-27,1000000042,,0,0,0.000000,1,22500.000000,1,567375433033637313,GODOMALL5
2026-02-27,1000000043,,2,2,67500.000000,1,22500.000000,1,567375433033637313,GODOMALL5
2026-02-27,1000000044,,0,0,0.000000,2,45000.000000,2,567375433033637313,GODOMALL5
2026-02-27,1000000045,,1,1,40000.000000,1,20000.000000,1,567375433033637313,GODOMALL5
2026-02-27,1000000062,,2,4,104000.000000,0,0.000000,0,567375433033637313,GODOMALL5
2026-02-27,1000000063,,2,4,116500.000000,1,23500.000000,1,567375433033637313,GODOMALL5
2026-02-27,1000000064,,9,17,857000.000000,10,283000.000000,13,567375433033637313,GODOMALL5
2026-02-27,1000000066,,0,0,0.000000,1,22500.000000,1,567375433033637313,GODOMALL5
2026-02-27,1000000069,,1,1,18920.000000,2,57840.000000,2,567375433033637313,GODOMALL5
2026-02-27,1000000071,,0,0,0.000000,1,20000.000000,1,567375433033637313,GODOMALL5
2026-02-27,1000000084,,3,3,82000.000000,0,0.000000,0,567375433033637313,GODOMALL5
2026-02-27,1000000085,,2,2,107000.000000,0,0.000000,0,567375433033637313,GODOMALL5
2026-02-27,1000000086,,1,1,81000.000000,0,0.000000,0,567375433033637313,GODOMALL5
2026-02-27,1000000087,,2,2,126000.000000,2,118000.000000,3,567375433033637313,GODOMALL5
2026-02-27,1000000088,,4,5,584000.000000,0,0.000000,0,567375433033637313,GODOMALL5
2026-02-27,1000000090,,1,1,13000.000000,0,0.000000,0,567375433033637313,GODOMALL5
2026-02-27,1000000092,,3,4,151000.000000,0,0.000000,0,567375433033637313,GODOMALL5
2026-02-27,1000000093,,6,500,2389000.000000,0,0.000000,0,567375433033637313,GODOMALL5
2026-02-27,1000000094,,2,85,557500.000000,0,0.000000,0,567375433033637313,GODOMALL5
2026-02-27,1000000108,,1,80,368000.000000,0,0.000000,0,567375433033637313,GODOMALL5
2026-02-27,1000000110,,1,40,272000.000000,0,0.000000,0,567375433033637313,GODOMALL5
2026-02-27,1000000113,,1,13,150800.000000,0,0.000000,0,567375433033637313,GODOMALL5
2026-02-27,1000000121,,0,0,0.000000,1,19500.000000,1,567375433033637313,GODOMALL5
2026-02-27,1000000127,,2,2,69500.000000,2,47000.000000,2,567375433033637313,GODOMALL5
2026-02-27,1000000128,,0,0,0.000000,1,22500.000000,1,567375433033637313,GODOMALL5
2026-02-27,1000000144,,0,0,0.000000,1,9000.000000,1,567375433033637313,GODOMALL5
2026-02-28,1000000042,,1,1,22500.000000,2,67500.000000,2,567375433033637313,GODOMALL5
2026-02-28,1000000043,,0,0,0.000000,0,0.000000,0,567375433033637313,GODOMALL5
2026-02-28,1000000044,,0,0,0.000000,2,67500.000000,2,567375433033637313,GODOMALL5
2026-02-28,1000000045,,1,1,20000.000000,2,40000.000000,2,567375433033637313,GODOMALL5
2026-02-28,1000000063,,1,2,136000.000000,0,0.000000,0,567375433033637313,GODOMALL5
2026-02-28,1000000064,,2,2,107000.000000,7,196000.000000,10,567375433033637313,GODOMALL5
2026-02-28,1000000066,,1,1,22500.000000,0,0.000000,0,567375433033637313,GODOMALL5
2026-02-28,1000000069,,0,0,0.000000,1,18920.000000,1,567375433033637313,GODOMALL5
2026-02-28,1000000071,,0,0,0.000000,1,20000.000000,1,567375433033637313,GODOMALL5
2026-02-28,1000000084,,0,0,0.000000,1,30500.000000,1,567375433033637313,GODOMALL5
2026-02-28,1000000087,,1,1,65000.000000,0,0.000000,0,567375433033637313,GODOMALL5
2026-02-28,1000000091,,1,9,229500.000000,0,0.000000,0,567375433033637313,GODOMALL5
2026-02-28,1000000093,,2,50,238000.000000,0,0.000000,0,567375433033637313,GODOMALL5
2026-02-28,1000000108,,1,80,368000.000000,0,0.000000,0,567375433033637313,GODOMALL5
2026-02-28,1000000110,,1,80,552000.000000,0,0.000000,0,567375433033637313,GODOMALL5
2026-02-28,1000000111,,2,28,197000.000000,0,0.000000,0,567375433033637313,GODOMALL5
2026-02-28,1000000121,,0,0,0.000000,1,19500.000000,1,567375433033637313,GODOMALL5
2026-02-28,1000000127,,0,0,0.000000,0,0.000000,0,567375433033637313,GODOMALL5
2026-02-28,1000000142,,1,1,12000.000000,0,0.000000,0,567375433033637313,GODOMALL5
2026-02-28,1000000144,,0,0,0.000000,1,9000.000000,1,567375433033637313,GODOMALL5
2026-03-01,1000000042,,1,2,132500.000000,0,0.000000,0,567375433033637313,GODOMALL5
2026-03-01,1000000043,,2,2,110000.000000,0,0.000000,0,567375433033637313,GODOMALL5
2026-03-01,1000000044,,0,0,0.000000,1,22500.000000,1,567375433033637313,GODOMALL5
2026-03-01,1000000045,,1,3,60000.000000,0,0.000000,0,567375433033637313,GODOMALL5
2026-03-01,1000000062,,0,0,0.000000,1,41000.000000,1,567375433033637313,GODOMALL5
2026-03-01,1000000063,,1,1,46000.000000,1,90000.000000,1,567375433033637313,GODOMALL5
2026-03-01,1000000064,,5,10,262000.000000,8,324500.000000,10,567375433033637313,GODOMALL5
2026-03-01,1000000066,,0,0,0.000000,1,22500.000000,1,567375433033637313,GODOMALL5
2026-03-01,1000000069,,1,1,18920.000000,1,18920.000000,1,567375433033637313,GODOMALL5
2026-03-01,1000000087,,1,1,61000.000000,0,0.000000,0,567375433033637313,GODOMALL5
2026-03-01,1000000088,,1,1,120000.000000,0,0.000000,0,567375433033637313,GODOMALL5
2026-03-01,1000000090,,1,8,104000.000000,0,0.000000,0,567375433033637313,GODOMALL5
2026-03-01,1000000092,,1,1,38000.000000,0,0.000000,0,567375433033637313,GODOMALL5
2026-03-01,1000000093,,3,240,1152000.000000,1,4800.000000,80,567375433033637313,GODOMALL5
2026-03-01,1000000094,,3,120,780000.000000,0,0.000000,0,567375433033637313,GODOMALL5
2026-03-01,1000000108,,1,70,322000.000000,0,0.000000,0,567375433033637313,GODOMALL5
2026-03-01,1000000111,,4,180,1271000.000000,0,0.000000,0,567375433033637313,GODOMALL5
2026-03-01,1000000127,,1,1,23500.000000,1,46000.000000,1,567375433033637313,GODOMALL5
2026-03-01,1000000128,,1,1,22500.000000,1,45000.000000,1,567375433033637313,GODOMALL5
2026-03-01,1000000143,,0,0,0.000000,1,40000.000000,4,567375433033637313,GODOMALL5
2026-03-01,1000000144,,0,0,0.000000,1,9000.000000,2,567375433033637313,GODOMALL5
2026-03-01,1000000156,,1,2,58000.000000,0,0.000000,0,567375433033637313,GODOMALL5
2026-03-02,1000000027,,0,0,0.000000,1,20000.000000,1,567375433033637313,GODOMALL5
2026-03-02,1000000033,,1,1,45000.000000,0,0.000000,0,567375433033637313,GODOMALL5
2026-03-02,1000000042,,2,2,45000.000000,2,45000.000000,2,567375433033637313,GODOMALL5
2026-03-02,1000000043,,1,1,45000.000000,1,22500.000000,1,567375433033637313,GODOMALL5
2026-03-02,1000000045,,1,1,20000.000000,1,20000.000000,1,567375433033637313,GODOMALL5
2026-03-02,1000000062,,4,5,223000.000000,4,242000.000000,4,567375433033637313,GODOMALL5
2026-03-02,1000000063,,4,5,229000.000000,1,23500.000000,2,567375433033637313,GODOMALL5
2026-03-02,1000000064,,5,7,281500.000000,5,321500.000000,5,567375433033637313,GODOMALL5
2026-03-02,1000000066,,1,1,22500.000000,1,22500.000000,2,567375433033637313,GODOMALL5
2026-03-02,1000000069,,0,0,0.000000,1,18920.000000,1,567375433033637313,GODOMALL5
2026-03-02,1000000070,,0,0,0.000000,1,20000.000000,1,567375433033637313,GODOMALL5
2026-03-02,1000000084,,2,2,56500.000000,0,0.000000,0,567375433033637313,GODOMALL5
2026-03-02,1000000085,,1,22,1078000.000000,0,0.000000,0,567375433033637313,GODOMALL5
2026-03-02,1000000086,,1,1,77000.000000,0,0.000000,0,567375433033637313,GODOMALL5
2026-03-02,1000000087,,2,5,325000.000000,1,61000.000000,1,567375433033637313,GODOMALL5
2026-03-02,1000000088,,1,2,222000.000000,0,0.000000,0,567375433033637313,GODOMALL5
2026-03-02,1000000091,,0,0,0.000000,1,26500.000000,2,567375433033637313,GODOMALL5
2026-03-02,1000000093,,8,461,2200800.000000,1,4800.000000,80,567375433033637313,GODOMALL5
2026-03-02,1000000094,,1,10,65000.000000,1,6500.000000,15,567375433033637313,GODOMALL5
2026-03-02,1000000108,,2,26,117000.000000,0,0.000000,0,567375433033637313,GODOMALL5
2026-03-02,1000000111,,4,80,565000.000000,1,7000.000000,10,567375433033637313,GODOMALL5
2026-03-02,1000000121,,0,0,0.000000,1,20000.000000,1,567375433033637313,GODOMALL5
2026-03-02,1000000127,,1,1,46000.000000,3,139500.000000,3,567375433033637313,GODOMALL5
2026-03-02,1000000156,,1,1,29000.000000,1,29000.000000,1,567375433033637313,GODOMALL5
2026-03-03,1000000028,,0,0,0.000000,1,20000.000000,1,567375433033637313,GODOMALL5
2026-03-03,1000000042,,2,2,110000.000000,0,0.000000,0,567375433033637313,GODOMALL5
2026-03-03,1000000044,,1,2,67500.000000,0,0.000000,0,567375433033637313,GODOMALL5
2026-03-03,1000000045,,1,1,20000.000000,1,20000.000000,1,567375433033637313,GODOMALL5
2026-03-03,1000000062,,0,0,0.000000,1,21000.000000,1,567375433033637313,GODOMALL5
2026-03-03,1000000063,,0,0,0.000000,1,23500.000000,1,567375433033637313,GODOMALL5
2026-03-03,1000000064,,12,28,1331500.000000,4,172000.000000,4,567375433033637313,GODOMALL5
2026-03-03,1000000066,,0,0,0.000000,1,22500.000000,1,567375433033637313,GODOMALL5
2026-03-03,1000000070,,0,0,0.000000,1,20000.000000,1,567375433033637313,GODOMALL5
2026-03-03,1000000085,,2,2,104500.000000,2,105500.000000,3,567375433033637313,GODOMALL5
2026-03-03,1000000086,,3,3,243000.000000,0,0.000000,0,567375433033637313,GODOMALL5
2026-03-03,1000000087,,2,2,114000.000000,3,185000.000000,3,567375433033637313,GODOMALL5
2026-03-03,1000000088,,4,5,586000.000000,0,0.000000,0,567375433033637313,GODOMALL5
2026-03-03,1000000089,,1,2,346000.000000,0,0.000000,0,567375433033637313,GODOMALL5
2026-03-03,1000000090,,0,0,0.000000,2,26000.000000,2,567375433033637313,GODOMALL5
2026-03-03,1000000091,,3,5,129500.000000,1,27000.000000,2,567375433033637313,GODOMALL5
2026-03-03,1000000092,,0,0,0.000000,2,76000.000000,4,567375433033637313,GODOMALL5
2026-03-03,1000000093,,8,399,1906300.000000,5,23700.000000,142,567375433033637313,GODOMALL5
2026-03-03,1000000094,,4,95,620500.000000,0,0.000000,0,567375433033637313,GODOMALL5
2026-03-03,1000000108,,2,150,690000.000000,1,4600.000000,20,567375433033637313,GODOMALL5
2026-03-03,1000000110,,1,80,544000.000000,0,0.000000,0,567375433033637313,GODOMALL5
2026-03-03,1000000111,,6,109,771000.000000,2,14000.000000,29,567375433033637313,GODOMALL5
2026-03-03,1000000113,,1,14,162400.000000,0,0.000000,0,567375433033637313,GODOMALL5
2026-03-03,1000000121,,1,1,19500.000000,0,0.000000,0,567375433033637313,GODOMALL5
2026-03-03,1000000127,,0,0,0.000000,2,69500.000000,2,567375433033637313,GODOMALL5
2026-03-03,1000000142,,0,0,0.000000,1,12000.000000,2,567375433033637313,GODOMALL5
2026-03-04,1000000043,,0,0,0.000000,2,45000.000000,2,567375433033637313,GODOMALL5
2026-03-04,1000000044,,1,1,22500.000000,0,0.000000,0,567375433033637313,GODOMALL5
2026-03-04,1000000045,,0,0,0.000000,3,81500.000000,3,567375433033637313,GODOMALL5
2026-03-04,1000000062,,2,3,162000.000000,2,62000.000000,2,567375433033637313,GODOMALL5
2026-03-04,1000000063,,1,1,46000.000000,1,46000.000000,1,567375433033637313,GODOMALL5
2026-03-04,1000000064,,13,21,1201500.000000,8,323000.000000,15,567375433033637313,GODOMALL5
2026-03-04,1000000066,,1,1,22500.000000,1,45000.000000,1,567375433033637313,GODOMALL5
2026-03-04,1000000069,,0,0,0.000000,1,18920.000000,1,567375433033637313,GODOMALL5
2026-03-04,1000000085,,1,2,107000.000000,1,51000.000000,1,567375433033637313,GODOMALL5
2026-03-04,1000000086,,1,1,81000.000000,0,0.000000,0,567375433033637313,GODOMALL5
2026-03-04,1000000087,,10,17,1033000.000000,0,0.000000,0,567375433033637313,GODOMALL5
2026-03-04,1000000088,,2,3,342000.000000,0,0.000000,0,567375433033637313,GODOMALL5
2026-03-04,1000000089,,1,1,173000.000000,0,0.000000,0,567375433033637313,GODOMALL5
2026-03-04,1000000090,,0,0,0.000000,0,0.000000,0,567375433033637313,GODOMALL5
2026-03-04,1000000091,,2,4,102500.000000,0,0.000000,0,567375433033637313,GODOMALL5
2026-03-04,1000000092,,3,10,372000.000000,0,0.000000,0,567375433033637313,GODOMALL5
2026-03-04,1000000093,,6,540,2590000.000000,3,14300.000000,164,567375433033637313,GODOMALL5
2026-03-04,1000000094,,0,0,0.000000,1,6500.000000,70,567375433033637313,GODOMALL5
2026-03-04,1000000108,,3,120,552000.000000,1,4600.000000,40,567375433033637313,GODOMALL5
2026-03-04,1000000111,,2,280,1980000.000000,0,0.000000,0,567375433033637313,GODOMALL5
2026-03-04,1000000127,,1,1,46000.000000,3,93000.000000,5,567375433033637313,GODOMALL5
2026-03-04,1000000153,,2,2,57200.000000,1,28600.000000,1,567375433033637313,GODOMALL5
2026-03-04,1000000156,,1,1,29000.000000,1,29000.000000,1,567375433033637313,GODOMALL5
2026-03-05,1000000033,,0,0,0.000000,2,90000.000000,2,567375433033637313,GODOMALL5
2026-03-05,1000000035,,1,3,18000.000000,1,6000.000000,1,567375433033637313,GODOMALL5
2026-03-05,1000000042,,1,1,45000.000000,1,22500.000000,1,567375433033637313,GODOMALL5
2026-03-05,1000000043,,1,1,45000.000000,3,90000.000000,3,567375433033637313,GODOMALL5
2026-03-05,1000000062,,1,1,21000.000000,2,122500.000000,4,567375433033637313,GODOMALL5
2026-03-05,1000000063,,0,0,0.000000,2,69500.000000,3,567375433033637313,GODOMALL5
2026-03-05,1000000064,,10,34,2072500.000000,10,515500.000000,13,567375433033637313,GODOMALL5
2026-03-05,1000000066,,0,0,0.000000,1,45000.000000,1,567375433033637313,GODOMALL5
2026-03-05,1000000083,,1,1,45000.000000,0,0.000000,0,567375433033637313,GODOMALL5
2026-03-05,1000000085,,2,3,161500.000000,1,51000.000000,1,567375433033637313,GODOMALL5
2026-03-05,1000000087,,7,13,765000.000000,1,65000.000000,1,567375433033637313,GODOMALL5
2026-03-05,1000000088,,1,2,240000.000000,0,0.000000,0,567375433033637313,GODOMALL5
2026-03-05,1000000089,,1,1,168000.000000,0,0.000000,0,567375433033637313,GODOMALL5
2026-03-05,1000000091,,1,4,104000.000000,1,25000.000000,5,567375433033637313,GODOMALL5
2026-03-05,1000000092,,1,1,37000.000000,0,0.000000,0,567375433033637313,GODOMALL5
2026-03-05,1000000093,,9,406,1939700.000000,1,4800.000000,55,567375433033637313,GODOMALL5
2026-03-05,1000000094,,1,120,780000.000000,0,0.000000,0,567375433033637313,GODOMALL5
2026-03-05,1000000108,,6,528,2428800.000000,0,0.000000,0,567375433033637313,GODOMALL5
2026-03-05,1000000111,,3,145,1022000.000000,3,21100.000000,135,567375433033637313,GODOMALL5
2026-03-05,1000000112,,1,50,580000.000000,0,0.000000,0,567375433033637313,GODOMALL5
2026-03-05,1000000113,,0,0,0.000000,1,11600.000000,12,567375433033637313,GODOMALL5
2026-03-05,1000000121,,1,1,20000.000000,0,0.000000,0,567375433033637313,GODOMALL5
2026-03-05,1000000127,,1,3,70500.000000,0,0.000000,0,567375433033637313,GODOMALL5
2026-03-05,1000000144,,0,0,0.000000,1,9000.000000,4,567375433033637313,GODOMALL5
2026-03-06,1000000043,,1,1,22500.000000,1,22500.000000,1,567375433033637313,GODOMALL5
2026-03-06,1000000044,,1,1,22500.000000,1,22500.000000,1,567375433033637313,GODOMALL5
2026-03-06,1000000045,,0,0,0.000000,4,80000.000000,5,567375433033637313,GODOMALL5
2026-03-06,1000000062,,1,3,201000.000000,1,21000.000000,1,567375433033637313,GODOMALL5
2026-03-06,1000000063,,1,1,46000.000000,4,94000.000000,4,567375433033637313,GODOMALL5
2026-03-06,1000000064,,5,10,559000.000000,7,322000.000000,8,567375433033637313,GODOMALL5
2026-03-06,1000000065,,1,1,20000.000000,0,0.000000,0,567375433033637313,GODOMALL5
2026-03-06,1000000066,,2,3,90000.000000,0,0.000000,0,567375433033637313,GODOMALL5
2026-03-06,1000000069,,0,0,0.000000,1,18920.000000,1,567375433033637313,GODOMALL5
2026-03-06,1000000085,,0,0,0.000000,1,51000.000000,1,567375433033637313,GODOMALL5
2026-03-06,1000000086,,1,1,81000.000000,0,0.000000,0,567375433033637313,GODOMALL5
2026-03-06,1000000087,,1,1,57000.000000,1,65000.000000,1,567375433033637313,GODOMALL5
2026-03-06,1000000089,,1,1,173000.000000,0,0.000000,0,567375433033637313,GODOMALL5
2026-03-06,1000000091,,1,1,26000.000000,0,0.000000,0,567375433033637313,GODOMALL5
2026-03-06,1000000093,,3,200,957000.000000,3,14200.000000,91,567375433033637313,GODOMALL5
2026-03-06,1000000108,,3,280,1288000.000000,0,0.000000,0,567375433033637313,GODOMALL5
2026-03-06,1000000113,,0,0,0.000000,1,11600.000000,20,567375433033637313,GODOMALL5
2026-03-06,1000000127,,0,0,0.000000,3,70500.000000,3,567375433033637313,GODOMALL5
2026-03-06,1000000142,,0,0,0.000000,1,19000.000000,1,567375433033637313,GODOMALL5
2026-03-06,1000000143,,1,1,13000.000000,0,0.000000,0,567375433033637313,GODOMALL5
2026-03-06,1000000156,,0,0,0.000000,1,29000.000000,1,567375433033637313,GODOMALL5
2026-03-07,1000000042,,1,1,45000.000000,0,0.000000,0,567375433033637313,GODOMALL5
2026-03-07,1000000043,,1,1,45000.000000,1,22500.000000,1,567375433033637313,GODOMALL5
2026-03-07,1000000044,,1,1,45000.000000,1,22500.000000,1,567375433033637313,GODOMALL5
2026-03-07,1000000045,,2,3,80000.000000,1,20000.000000,1,567375433033637313,GODOMALL5
2026-03-07,1000000063,,1,1,46000.000000,1,23500.000000,1,567375433033637313,GODOMALL5
2026-03-07,1000000064,,3,3,108000.000000,3,151500.000000,3,567375433033637313,GODOMALL5
2026-03-07,1000000083,,1,1,45000.000000,0,0.000000,0,567375433033637313,GODOMALL5
2026-03-07,1000000085,,1,2,107000.000000,0,0.000000,0,567375433033637313,GODOMALL5
2026-03-07,1000000087,,1,1,61000.000000,0,0.000000,0,567375433033637313,GODOMALL5
2026-03-07,1000000088,,0,0,0.000000,1,120000.000000,1,567375433033637313,GODOMALL5
2026-03-07,1000000091,,0,0,0.000000,1,26000.000000,1,567375433033637313,GODOMALL5
2026-03-07,1000000093,,3,96,456200.000000,2,9500.000000,65,567375433033637313,GODOMALL5
2026-03-07,1000000108,,1,53,238500.000000,0,0.000000,0,567375433033637313,GODOMALL5
2026-03-07,1000000111,,1,70,490000.000000,0,0.000000,0,567375433033637313,GODOMALL5
2026-03-07,1000000113,,1,15,172500.000000,0,0.000000,0,567375433033637313,GODOMALL5
2026-03-07,1000000121,,1,1,19500.000000,0,0.000000,0,567375433033637313,GODOMALL5
2026-03-07,1000000143,,0,0,0.000000,1,59000.000000,1,567375433033637313,GODOMALL5
2026-03-07,1000000156,,0,0,0.000000,1,29000.000000,3,567375433033637313,GODOMALL5
2026-03-08,1000000042,,1,1,22500.000000,1,22500.000000,1,567375433033637313,GODOMALL5
2026-03-08,1000000043,,0,0,0.000000,1,22500.000000,1,567375433033637313,GODOMALL5
2026-03-08,1000000044,,0,0,0.000000,1,22500.000000,1,567375433033637313,GODOMALL5
2026-03-08,1000000063,,0,0,0.000000,2,69500.000000,2,567375433033637313,GODOMALL5
2026-03-08,1000000064,,5,7,262000.000000,8,407000.000000,9,567375433033637313,GODOMALL5
2026-03-08,1000000066,,0,0,0.000000,1,22500.000000,1,567375433033637313,GODOMALL5
2026-03-08,1000000069,,0,0,0.000000,1,18920.000000,1,567375433033637313,GODOMALL5
2026-03-08,1000000075,,1,2,84000.000000,0,0.000000,0,567375433033637313,GODOMALL5
2026-03-08,1000000084,,1,2,61000.000000,0,0.000000,0,567375433033637313,GODOMALL5
2026-03-08,1000000085,,0,0,0.000000,1,54500.000000,1,567375433033637313,GODOMALL5
2026-03-08,1000000086,,1,1,81000.000000,0,0.000000,0,567375433033637313,GODOMALL5
2026-03-08,1000000087,,0,0,0.000000,1,61000.000000,1,567375433033637313,GODOMALL5
2026-03-08,1000000090,,1,3,39000.000000,0,0.000000,0,567375433033637313,GODOMALL5
2026-03-08,1000000091,,1,5,125000.000000,0,0.000000,0,567375433033637313,GODOMALL5
2026-03-08,1000000093,,3,160,762000.000000,0,0.000000,0,567375433033637313,GODOMALL5
2026-03-08,1000000094,,1,25,162500.000000,0,0.000000,0,567375433033637313,GODOMALL5
2026-03-08,1000000111,,2,180,1271000.000000,0,0.000000,0,567375433033637313,GODOMALL5
2026-03-08,1000000112,,1,20,232000.000000,0,0.000000,0,567375433033637313,GODOMALL5
2026-03-08,1000000113,,2,135,1566000.000000,0,0.000000,0,567375433033637313,GODOMALL5
2026-03-08,1000000128,,0,0,0.000000,1,22500.000000,1,567375433033637313,GODOMALL5
2026-03-08,1000000153,,1,2,57200.000000,0,0.000000,0,567375433033637313,GODOMALL5
2026-03-08,1000000156,,1,1,29000.000000,0,0.000000,0,567375433033637313,GODOMALL5
2026-03-09,1000000027,,1,1,40000.000000,0,0.000000,0,567375433033637313,GODOMALL5
2026-03-09,1000000042,,2,4,114000.000000,2,69000.000000,3,567375433033637313,GODOMALL5
2026-03-09,1000000043,,1,1,22500.000000,0,0.000000,0,567375433033637313,GODOMALL5
2026-03-09,1000000044,,1,1,22500.000000,1,22500.000000,1,567375433033637313,GODOMALL5
2026-03-09,1000000045,,3,4,100000.000000,3,60000.000000,3,567375433033637313,GODOMALL5
2026-03-09,1000000062,,1,2,62000.000000,2,101000.000000,2,567375433033637313,GODOMALL5
2026-03-09,1000000063,,1,1,23500.000000,4,116500.000000,5,567375433033637313,GODOMALL5
2026-03-09,1000000064,,18,25,991000.000000,10,388000.000000,10,567375433033637313,GODOMALL5
2026-03-09,1000000065,,1,1,20000.000000,0,0.000000,0,567375433033637313,GODOMALL5
2026-03-09,1000000070,,1,1,20000.000000,0,0.000000,0,567375433033637313,GODOMALL5
2026-03-09,1000000071,,1,2,60000.000000,0,0.000000,0,567375433033637313,GODOMALL5
2026-03-09,1000000084,,0,0,0.000000,1,27000.000000,1,567375433033637313,GODOMALL5
2026-03-09,1000000085,,2,3,156000.000000,1,54500.000000,2,567375433033637313,GODOMALL5
2026-03-09,1000000086,,2,2,158000.000000,0,0.000000,0,567375433033637313,GODOMALL5
2026-03-09,1000000087,,4,16,1036000.000000,1,61000.000000,1,567375433033637313,GODOMALL5
2026-03-09,1000000088,,3,3,351000.000000,1,120000.000000,1,567375433033637313,GODOMALL5
2026-03-09,1000000090,,4,11,143000.000000,1,13000.000000,1,567375433033637313,GODOMALL5
2026-03-09,1000000091,,1,3,79500.000000,1,26000.000000,1,567375433033637313,GODOMALL5
2026-03-09,1000000092,,0,0,0.000000,1,38000.000000,1,567375433033637313,GODOMALL5
2026-03-09,1000000093,,11,560,2688000.000000,2,9600.000000,113,567375433033637313,GODOMALL5
2026-03-09,1000000094,,5,229,1511400.000000,0,0.000000,0,567375433033637313,GODOMALL5
2026-03-09,1000000108,,8,363,1662500.000000,0,0.000000,0,567375433033637313,GODOMALL5
2026-03-09,1000000111,,2,125,883500.000000,1,7100.000000,21,567375433033637313,GODOMALL5
2026-03-09,1000000112,,1,70,812000.000000,0,0.000000,0,567375433033637313,GODOMALL5
2026-03-09,1000000113,,4,169,1960400.000000,0,0.000000,0,567375433033637313,GODOMALL5
2026-03-09,1000000127,,1,1,23500.000000,1,23500.000000,1,567375433033637313,GODOMALL5
2026-03-09,1000000128,,0,0,0.000000,1,45000.000000,1,567375433033637313,GODOMALL5
2026-03-09,1000000142,,1,1,19000.000000,2,34000.000000,2,567375433033637313,GODOMALL5
2026-03-09,1000000143,,0,0,0.000000,1,13000.000000,1,567375433033637313,GODOMALL5
2026-03-09,1000000144,,0,0,0.000000,1,9000.000000,1,567375433033637313,GODOMALL5
2026-03-09,1000000153,,1,1,28600.000000,1,28600.000000,1,567375433033637313,GODOMALL5
2026-03-09,1000000156,,1,1,29000.000000,0,0.000000,0,567375433033637313,GODOMALL5
2026-03-10,1000000027,,0,0,0.000000,1,20000.000000,1,567375433033637313,GODOMALL5
2026-03-10,1000000042,,0,0,0.000000,1,22500.000000,1,567375433033637313,GODOMALL5
2026-03-10,1000000043,,1,1,45000.000000,1,22500.000000,1,567375433033637313,GODOMALL5
2026-03-10,1000000044,,2,2,45000.000000,2,45000.000000,2,567375433033637313,GODOMALL5
2026-03-10,1000000045,,4,7,283000.000000,1,20000.000000,1,567375433033637313,GODOMALL5
2026-03-10,1000000062,,2,3,126000.000000,0,0.000000,0,567375433033637313,GODOMALL5
2026-03-10,1000000063,,3,8,308000.000000,1,23500.000000,1,567375433033637313,GODOMALL5
2026-03-10,1000000064,,4,7,491500.000000,5,237500.000000,7,567375433033637313,GODOMALL5
2026-03-10,1000000066,,0,0,0.000000,1,22500.000000,1,567375433033637313,GODOMALL5
2026-03-10,1000000070,,1,1,20000.000000,1,20000.000000,1,567375433033637313,GODOMALL5
2026-03-10,1000000085,,2,6,325000.000000,2,105500.000000,3,567375433033637313,GODOMALL5
2026-03-10,1000000088,,2,2,236000.000000,0,0.000000,0,567375433033637313,GODOMALL5
2026-03-10,1000000090,,2,8,104000.000000,0,0.000000,0,567375433033637313,GODOMALL5
2026-03-10,1000000091,,3,12,316000.000000,1,27000.000000,1,567375433033637313,GODOMALL5
2026-03-10,1000000092,,3,4,152000.000000,1,37000.000000,1,567375433033637313,GODOMALL5
2026-03-10,1000000093,,7,317,1520100.000000,0,0.000000,0,567375433033637313,GODOMALL5
2026-03-10,1000000094,,1,80,528000.000000,0,0.000000,0,567375433033637313,GODOMALL5
2026-03-10,1000000108,,3,204,936400.000000,1,4500.000000,55,567375433033637313,GODOMALL5
2026-03-10,1000000111,,2,50,350000.000000,2,14100.000000,112,567375433033637313,GODOMALL5
2026-03-10,1000000127,,0,0,0.000000,1,23500.000000,1,567375433033637313,GODOMALL5
2026-03-10,1000000144,,1,1,9000.000000,0,0.000000,0,567375433033637313,GODOMALL5
2026-03-10,1000000153,,1,1,28600.000000,0,0.000000,0,567375433033637313,GODOMALL5
2026-03-10,1000000156,,1,2,58000.000000,0,0.000000,0,567375433033637313,GODOMALL5
2026-03-11,1000000033,,0,0,0.000000,1,45000.000000,1,567375433033637313,GODOMALL5
2026-03-11,1000000042,,0,0,0.000000,1,22500.000000,1,567375433033637313,GODOMALL5
2026-03-11,1000000043,,1,1,22500.000000,0,0.000000,0,567375433033637313,GODOMALL5
2026-03-11,1000000045,,3,3,137000.000000,1,77000.000000,1,567375433033637313,GODOMALL5
2026-03-11,1000000062,,3,4,163000.000000,1,41000.000000,1,567375433033637313,GODOMALL5
2026-03-11,1000000063,,1,1,23500.000000,3,70500.000000,3,567375433033637313,GODOMALL5
2026-03-11,1000000064,,5,9,513000.000000,3,151500.000000,4,567375433033637313,GODOMALL5
2026-03-11,1000000065,,1,1,20000.000000,0,0.000000,0,567375433033637313,GODOMALL5
2026-03-11,1000000066,,1,1,22500.000000,1,45000.000000,1,567375433033637313,GODOMALL5
2026-03-11,1000000069,,1,1,38920.000000,0,0.000000,0,567375433033637313,GODOMALL5
2026-03-11,1000000070,,0,0,0.000000,1,20000.000000,1,567375433033637313,GODOMALL5
2026-03-11,1000000075,,0,0,0.000000,0,0.000000,0,567375433033637313,GODOMALL5
2026-03-11,1000000084,,0,0,0.000000,1,30500.000000,1,567375433033637313,GODOMALL5
2026-03-11,1000000085,,4,4,211000.000000,0,0.000000,0,567375433033637313,GODOMALL5
2026-03-11,1000000087,,1,1,61000.000000,0,0.000000,0,567375433033637313,GODOMALL5
2026-03-11,1000000088,,0,0,0.000000,1,120000.000000,1,567375433033637313,GODOMALL5
2026-03-11,1000000090,,0,0,0.000000,2,26000.000000,3,567375433033637313,GODOMALL5
2026-03-11,1000000091,,1,2,52000.000000,1,26000.000000,2,567375433033637313,GODOMALL5
2026-03-11,1000000092,,2,3,114000.000000,0,0.000000,0,567375433033637313,GODOMALL5
2026-03-11,1000000093,,1,10,47000.000000,0,0.000000,0,567375433033637313,GODOMALL5
2026-03-11,1000000094,,1,95,617500.000000,0,0.000000,0,567375433033637313,GODOMALL5
2026-03-11,1000000108,,2,76,344000.000000,0,0.000000,0,567375433033637313,GODOMALL5
2026-03-11,1000000111,,3,107,750000.000000,0,0.000000,0,567375433033637313,GODOMALL5
2026-03-11,1000000112,,1,10,115000.000000,0,0.000000,0,567375433033637313,GODOMALL5
2026-03-11,1000000113,,1,50,580000.000000,0,0.000000,0,567375433033637313,GODOMALL5
2026-03-11,1000000121,,0,0,0.000000,1,19500.000000,1,567375433033637313,GODOMALL5
2026-03-11,1000000127,,1,1,23500.000000,0,0.000000,0,567375433033637313,GODOMALL5
2026-03-11,1000000128,,1,1,45000.000000,0,0.000000,0,567375433033637313,GODOMALL5
2026-03-11,1000000144,,0,0,0.000000,1,9000.000000,1,567375433033637313,GODOMALL5
2026-03-12,1000000035,,1,1,6000.000000,0,0.000000,0,567375433033637313,GODOMALL5
2026-03-12,1000000042,,2,2,132500.000000,2,67500.000000,2,567375433033637313,GODOMALL5
2026-03-12,1000000043,,1,1,45000.000000,3,132500.000000,3,567375433033637313,GODOMALL5
2026-03-12,1000000044,,1,1,87500.000000,4,90000.000000,5,567375433033637313,GODOMALL5
2026-03-12,1000000045,,2,2,40000.000000,3,60000.000000,4,567375433033637313,GODOMALL5
2026-03-12,1000000062,,4,5,243000.000000,1,80000.000000,2,567375433033637313,GODOMALL5
2026-03-12,1000000063,,1,1,90000.000000,3,93000.000000,3,567375433033637313,GODOMALL5
2026-03-12,1000000064,,11,24,1582500.000000,15,562500.000000,16,567375433033637313,GODOMALL5
2026-03-12,1000000069,,2,3,56760.000000,0,0.000000,0,567375433033637313,GODOMALL5
2026-03-12,1000000070,,0,0,0.000000,2,97000.000000,2,567375433033637313,GODOMALL5
2026-03-12,1000000084,,0,0,0.000000,1,27000.000000,1,567375433033637313,GODOMALL5
2026-03-12,1000000086,,1,1,77000.000000,0,0.000000,0,567375433033637313,GODOMALL5
2026-03-12,1000000087,,0,0,0.000000,1,61000.000000,1,567375433033637313,GODOMALL5
2026-03-12,1000000089,,1,1,173000.000000,0,0.000000,0,567375433033637313,GODOMALL5
2026-03-12,1000000090,,2,10,130000.000000,2,26000.000000,7,567375433033637313,GODOMALL5
2026-03-12,1000000091,,1,3,78000.000000,0,0.000000,0,567375433033637313,GODOMALL5
2026-03-12,1000000093,,2,104,488800.000000,1,4700.000000,16,567375433033637313,GODOMALL5
2026-03-12,1000000094,,1,10,65000.000000,2,13000.000000,120,567375433033637313,GODOMALL5
2026-03-12,1000000095,,1,12,127200.000000,0,0.000000,0,567375433033637313,GODOMALL5
2026-03-12,1000000108,,1,25,115000.000000,0,0.000000,0,567375433033637313,GODOMALL5
2026-03-12,1000000110,,0,0,0.000000,1,6800.000000,20,567375433033637313,GODOMALL5
2026-03-12,1000000111,,2,65,458000.000000,1,7000.000000,35,567375433033637313,GODOMALL5
2026-03-12,1000000127,,2,4,272000.000000,2,69500.000000,2,567375433033637313,GODOMALL5
2026-03-12,1000000142,,1,1,19000.000000,1,19000.000000,1,567375433033637313,GODOMALL5
2026-03-12,1000000143,,0,0,0.000000,1,59000.000000,1,567375433033637313,GODOMALL5
2026-03-12,1000000144,,0,0,0.000000,1,9000.000000,1,567375433033637313,GODOMALL5
2026-03-12,1000000156,,1,3,87000.000000,0,0.000000,0,567375433033637313,GODOMALL5
2026-03-13,1000000033,,0,0,0.000000,1,45000.000000,1,567375433033637313,GODOMALL5
2026-03-13,1000000043,,2,2,67500.000000,0,0.000000,0,567375433033637313,GODOMALL5
2026-03-13,1000000045,,1,1,40000.000000,0,0.000000,0,567375433033637313,GODOMALL5
2026-03-13,1000000062,,3,5,204000.000000,3,122000.000000,4,567375433033637313,GODOMALL5
2026-03-13,1000000063,,3,3,159500.000000,2,47000.000000,2,567375433033637313,GODOMALL5
2026-03-13,1000000064,,12,29,1334000.000000,13,601000.000000,13,567375433033637313,GODOMALL5
2026-03-13,1000000065,,1,1,20000.000000,0,0.000000,0,567375433033637313,GODOMALL5
2026-03-13,1000000066,,2,2,110000.000000,2,45000.000000,2,567375433033637313,GODOMALL5
2026-03-13,1000000069,,0,0,0.000000,1,18920.000000,1,567375433033637313,GODOMALL5
2026-03-13,1000000070,,0,0,0.000000,1,20000.000000,1,567375433033637313,GODOMALL5
2026-03-13,1000000071,,0,0,0.000000,2,60000.000000,2,567375433033637313,GODOMALL5
2026-03-13,1000000083,,0,0,0.000000,1,45000.000000,1,567375433033637313,GODOMALL5
2026-03-13,1000000084,,1,1,27000.000000,1,27000.000000,1,567375433033637313,GODOMALL5
2026-03-13,1000000085,,4,6,303500.000000,2,105500.000000,2,567375433033637313,GODOMALL5
2026-03-13,1000000086,,1,1,77000.000000,1,81000.000000,1,567375433033637313,GODOMALL5
2026-03-13,1000000087,,1,2,130000.000000,1,61000.000000,1,567375433033637313,GODOMALL5
2026-03-13,1000000088,,2,2,236000.000000,0,0.000000,0,567375433033637313,GODOMALL5
2026-03-13,1000000090,,3,25,325000.000000,2,25000.000000,2,567375433033637313,GODOMALL5
2026-03-13,1000000091,,1,4,104000.000000,0,0.000000,0,567375433033637313,GODOMALL5
2026-03-13,1000000092,,1,3,114000.000000,0,0.000000,0,567375433033637313,GODOMALL5
2026-03-13,1000000093,,6,316,1507200.000000,3,14200.000000,150,567375433033637313,GODOMALL5
2026-03-13,1000000094,,1,100,650000.000000,1,6600.000000,150,567375433033637313,GODOMALL5
2026-03-13,1000000108,,1,24,110400.000000,0,0.000000,0,567375433033637313,GODOMALL5
2026-03-13,1000000110,,0,0,0.000000,1,6900.000000,65,567375433033637313,GODOMALL5
2026-03-13,1000000111,,3,159,1118900.000000,0,0.000000,0,567375433033637313,GODOMALL5
2026-03-13,1000000113,,1,14,161000.000000,0,0.000000,0,567375433033637313,GODOMALL5
2026-03-13,1000000127,,0,0,0.000000,2,92000.000000,2,567375433033637313,GODOMALL5
2026-03-13,1000000128,,0,0,0.000000,2,45000.000000,2,567375433033637313,GODOMALL5
2026-03-13,1000000143,,1,2,26000.000000,0,0.000000,0,567375433033637313,GODOMALL5
2026-03-13,1000000144,,1,2,18000.000000,0,0.000000,0,567375433033637313,GODOMALL5
2026-03-13,1000000153,,1,2,57200.000000,0,0.000000,0,567375433033637313,GODOMALL5
2026-03-13,1000000156,,2,2,58000.000000,0,0.000000,0,567375433033637313,GODOMALL5
2026-03-14,1000000044,,1,1,22500.000000,0,0.000000,0,567375433033637313,GODOMALL5
2026-03-14,1000000062,,1,1,21000.000000,0,0.000000,0,567375433033637313,GODOMALL5
2026-03-14,1000000063,,1,1,23500.000000,2,69500.000000,3,567375433033637313,GODOMALL5
2026-03-14,1000000064,,5,5,278000.000000,5,194000.000000,6,567375433033637313,GODOMALL5
2026-03-14,1000000066,,0,0,0.000000,1,22500.000000,1,567375433033637313,GODOMALL5
2026-03-14,1000000069,,1,1,18920.000000,0,0.000000,0,567375433033637313,GODOMALL5
2026-03-14,1000000083,,0,0,0.000000,1,45000.000000,1,567375433033637313,GODOMALL5
2026-03-14,1000000084,,1,2,61000.000000,1,30500.000000,1,567375433033637313,GODOMALL5
2026-03-14,1000000085,,0,0,0.000000,1,50000.000000,1,567375433033637313,GODOMALL5
2026-03-14,1000000088,,1,1,120000.000000,0,0.000000,0,567375433033637313,GODOMALL5
2026-03-14,1000000090,,1,8,104000.000000,1,13000.000000,1,567375433033637313,GODOMALL5
2026-03-14,1000000091,,1,1,26000.000000,0,0.000000,0,567375433033637313,GODOMALL5
2026-03-14,1000000093,,1,380,1824000.000000,0,0.000000,0,567375433033637313,GODOMALL5
2026-03-14,1000000094,,2,185,1221000.000000,0,0.000000,0,567375433033637313,GODOMALL5
2026-03-14,1000000110,,1,70,483000.000000,0,0.000000,0,567375433033637313,GODOMALL5
2026-03-14,1000000113,,0,0,0.000000,1,11500.000000,40,567375433033637313,GODOMALL5
2026-03-14,1000000121,,0,0,0.000000,1,19500.000000,1,567375433033637313,GODOMALL5
2026-03-14,1000000127,,1,1,23500.000000,0,0.000000,0,567375433033637313,GODOMALL5
2026-03-14,1000000144,,0,0,0.000000,1,9000.000000,1,567375433033637313,GODOMALL5
2026-03-15,1000000044,,0,0,0.000000,1,22500.000000,1,567375433033637313,GODOMALL5
2026-03-15,1000000045,,0,0,0.000000,1,20000.000000,1,567375433033637313,GODOMALL5
2026-03-15,1000000062,,0,0,0.000000,4,124000.000000,4,567375433033637313,GODOMALL5
2026-03-15,1000000063,,0,0,0.000000,2,47000.000000,2,567375433033637313,GODOMALL5
2026-03-15,1000000064,,4,4,235000.000000,11,410000.000000,12,567375433033637313,GODOMALL5
2026-03-15,1000000066,,0,0,0.000000,1,22500.000000,2,567375433033637313,GODOMALL5
2026-03-15,1000000069,,0,0,0.000000,2,37840.000000,2,567375433033637313,GODOMALL5
2026-03-15,1000000084,,0,0,0.000000,3,88000.000000,10,567375433033637313,GODOMALL5
2026-03-15,1000000085,,1,2,100000.000000,2,109000.000000,3,567375433033637313,GODOMALL5
2026-03-15,1000000088,,1,1,115000.000000,1,120000.000000,1,567375433033637313,GODOMALL5
2026-03-15,1000000089,,1,1,173000.000000,0,0.000000,0,567375433033637313,GODOMALL5
2026-03-15,1000000090,,0,0,0.000000,1,13000.000000,1,567375433033637313,GODOMALL5
2026-03-15,1000000092,,1,6,222000.000000,0,0.000000,0,567375433033637313,GODOMALL5
2026-03-15,1000000093,,2,95,454000.000000,2,9500.000000,85,567375433033637313,GODOMALL5
2026-03-15,1000000108,,0,0,0.000000,1,4500.000000,30,567375433033637313,GODOMALL5
2026-03-15,1000000113,,0,0,0.000000,1,11500.000000,10,567375433033637313,GODOMALL5
2026-03-15,1000000127,,2,2,69500.000000,2,47000.000000,2,567375433033637313,GODOMALL5
2026-03-15,1000000142,,0,0,0.000000,1,19000.000000,1,567375433033637313,GODOMALL5
2026-03-15,1000000144,,0,0,0.000000,1,9000.000000,2,567375433033637313,GODOMALL5
2026-03-15,1000000153,,0,0,0.000000,1,28600.000000,3,567375433033637313,GODOMALL5
2026-03-15,1000000156,,1,1,29000.000000,0,0.000000,0,567375433033637313,GODOMALL5
2026-03-16,1000000028,,0,0,0.000000,1,20000.000000,1,567375433033637313,GODOMALL5
2026-03-16,1000000042,,3,4,266500.000000,1,45000.000000,1,567375433033637313,GODOMALL5
2026-03-16,1000000043,,0,0,0.000000,1,22500.000000,1,567375433033637313,GODOMALL5
2026-03-16,1000000044,,1,1,22500.000000,2,45000.000000,2,567375433033637313,GODOMALL5
2026-03-16,1000000045,,3,3,60000.000000,2,40000.000000,2,567375433033637313,GODOMALL5
2026-03-16,1000000062,,1,1,21000.000000,3,83000.000000,5,567375433033637313,GODOMALL5
2026-03-16,1000000063,,1,1,23500.000000,0,0.000000,0,567375433033637313,GODOMALL5
2026-03-16,1000000064,,13,14,671000.000000,9,241500.000000,9,567375433033637313,GODOMALL5
2026-03-16,1000000065,,0,0,0.000000,1,20000.000000,1,567375433033637313,GODOMALL5
2026-03-16,1000000066,,1,1,87500.000000,0,0.000000,0,567375433033637313,GODOMALL5
2026-03-16,1000000069,,1,1,18920.000000,0,0.000000,0,567375433033637313,GODOMALL5
2026-03-16,1000000071,,1,1,20000.000000,1,20000.000000,1,567375433033637313,GODOMALL5
2026-03-16,1000000072,,0,0,0.000000,1,20000.000000,1,567375433033637313,GODOMALL5
2026-03-16,1000000084,,2,8,244000.000000,1,24500.000000,2,567375433033637313,GODOMALL5
2026-03-16,1000000085,,2,3,159000.000000,1,51000.000000,1,567375433033637313,GODOMALL5
2026-03-16,1000000086,,3,4,324000.000000,0,0.000000,0,567375433033637313,GODOMALL5
2026-03-16,1000000087,,3,3,175000.000000,0,0.000000,0,567375433033637313,GODOMALL5
2026-03-16,1000000088,,7,9,1067000.000000,0,0.000000,0,567375433033637313,GODOMALL5
2026-03-16,1000000089,,2,2,341000.000000,0,0.000000,0,567375433033637313,GODOMALL5
2026-03-16,1000000090,,2,21,273000.000000,1,13000.000000,2,567375433033637313,GODOMALL5
2026-03-16,1000000091,,3,6,160000.000000,3,80000.000000,39,567375433033637313,GODOMALL5
2026-03-16,1000000092,,0,0,0.000000,1,37000.000000,1,567375433033637313,GODOMALL5
2026-03-16,1000000093,,9,363,1740900.000000,1,4800.000000,100,567375433033637313,GODOMALL5
2026-03-16,1000000108,,3,170,767000.000000,0,0.000000,0,567375433033637313,GODOMALL5
2026-03-16,1000000110,,1,10,69000.000000,0,0.000000,0,567375433033637313,GODOMALL5
2026-03-16,1000000111,,1,10,71000.000000,1,7100.000000,22,567375433033637313,GODOMALL5
2026-03-16,1000000112,,1,50,580000.000000,0,0.000000,0,567375433033637313,GODOMALL5
2026-03-16,1000000113,,1,13,149500.000000,0,0.000000,0,567375433033637313,GODOMALL5
2026-03-16,1000000127,,2,2,115000.000000,1,23500.000000,1,567375433033637313,GODOMALL5
2026-03-16,1000000128,,1,1,22500.000000,0,0.000000,0,567375433033637313,GODOMALL5
2026-03-16,1000000154,,1,2,55600.000000,0,0.000000,0,567375433033637313,GODOMALL5
2026-03-16,1000000156,,1,1,29000.000000,1,29000.000000,1,567375433033637313,GODOMALL5
2026-03-17,1000000042,,0,0,0.000000,1,45000.000000,1,567375433033637313,GODOMALL5
2026-03-17,1000000043,,0,0,0.000000,1,22500.000000,1,567375433033637313,GODOMALL5
2026-03-17,1000000045,,0,0,0.000000,1,20000.000000,1,567375433033637313,GODOMALL5
2026-03-17,1000000062,,2,2,62000.000000,3,83000.000000,3,567375433033637313,GODOMALL5
2026-03-17,1000000063,,2,2,136000.000000,1,46000.000000,1,567375433033637313,GODOMALL5
2026-03-17,1000000064,,6,12,600000.000000,10,283000.000000,14,567375433033637313,GODOMALL5
2026-03-17,1000000066,,1,1,45000.000000,0,0.000000,0,567375433033637313,GODOMALL5
2026-03-17,1000000069,,0,0,0.000000,1,18920.000000,2,567375433033637313,GODOMALL5
2026-03-17,1000000084,,2,2,57500.000000,3,76000.000000,3,567375433033637313,GODOMALL5
2026-03-17,1000000085,,1,1,51000.000000,0,0.000000,0,567375433033637313,GODOMALL5
2026-03-17,1000000087,,1,1,57000.000000,0,0.000000,0,567375433033637313,GODOMALL5
2026-03-17,1000000088,,2,2,236000.000000,0,0.000000,0,567375433033637313,GODOMALL5
2026-03-17,1000000091,,1,5,132500.000000,0,0.000000,0,567375433033637313,GODOMALL5
2026-03-17,1000000093,,3,128,614400.000000,1,4800.000000,29,567375433033637313,GODOMALL5
2026-03-17,1000000094,,1,30,195000.000000,1,6600.000000,100,567375433033637313,GODOMALL5
2026-03-17,1000000108,,2,72,324000.000000,1,4600.000000,400,567375433033637313,GODOMALL5
2026-03-17,1000000111,,0,0,0.000000,1,7100.000000,75,567375433033637313,GODOMALL5
2026-03-17,1000000113,,2,205,2357500.000000,0,0.000000,0,567375433033637313,GODOMALL5
2026-03-17,1000000127,,1,1,23500.000000,2,47000.000000,2,567375433033637313,GODOMALL5
2026-03-17,1000000142,,1,4,76000.000000,0,0.000000,0,567375433033637313,GODOMALL5
2026-03-17,1000000156,,0,0,0.000000,1,29000.000000,1,567375433033637313,GODOMALL5
2026-03-18,1000000028,,0,0,0.000000,2,60000.000000,2,567375433033637313,GODOMALL5
2026-03-18,1000000042,,2,2,132500.000000,4,112500.000000,4,567375433033637313,GODOMALL5
2026-03-18,1000000043,,0,0,0.000000,6,157500.000000,6,567375433033637313,GODOMALL5
2026-03-18,1000000044,,1,1,45000.000000,4,90000.000000,4,567375433033637313,GODOMALL5
2026-03-18,1000000045,,1,1,20000.000000,10,277000.000000,10,567375433033637313,GODOMALL5
2026-03-18,1000000062,,1,1,21000.000000,3,63000.000000,3,567375433033637313,GODOMALL5
2026-03-18,1000000063,,1,1,46000.000000,5,206500.000000,5,567375433033637313,GODOMALL5
2026-03-18,1000000064,,14,20,995000.000000,22,655000.000000,23,567375433033637313,GODOMALL5
2026-03-18,1000000065,,0,0,0.000000,2,40000.000000,2,567375433033637313,GODOMALL5
2026-03-18,1000000069,,1,1,18920.000000,1,40420.000000,1,567375433033637313,GODOMALL5
2026-03-18,1000000070,,0,0,0.000000,1,20000.000000,2,567375433033637313,GODOMALL5
2026-03-18,1000000072,,1,1,20000.000000,0,0.000000,0,567375433033637313,GODOMALL5
2026-03-18,1000000083,,0,0,0.000000,1,46500.000000,1,567375433033637313,GODOMALL5
2026-03-18,1000000084,,1,2,54000.000000,0,0.000000,0,567375433033637313,GODOMALL5
2026-03-18,1000000085,,5,7,364000.000000,4,207500.000000,4,567375433033637313,GODOMALL5
2026-03-18,1000000086,,0,0,0.000000,1,77000.000000,1,567375433033637313,GODOMALL5
2026-03-18,1000000087,,5,5,317000.000000,1,57000.000000,1,567375433033637313,GODOMALL5
2026-03-18,1000000090,,1,45,585000.000000,2,26000.000000,21,567375433033637313,GODOMALL5
2026-03-18,1000000091,,3,27,727000.000000,1,27000.000000,1,567375433033637313,GODOMALL5
2026-03-18,1000000092,,0,0,0.000000,1,38000.000000,1,567375433033637313,GODOMALL5
2026-03-18,1000000093,,5,182,871400.000000,0,0.000000,0,567375433033637313,GODOMALL5
2026-03-18,1000000094,,1,110,726000.000000,0,0.000000,0,567375433033637313,GODOMALL5
2026-03-18,1000000108,,1,400,1840000.000000,0,0.000000,0,567375433033637313,GODOMALL5
2026-03-18,1000000111,,4,123,873300.000000,0,0.000000,0,567375433033637313,GODOMALL5
2026-03-18,1000000112,,1,12,138000.000000,0,0.000000,0,567375433033637313,GODOMALL5
2026-03-18,1000000127,,2,2,69500.000000,2,69500.000000,2,567375433033637313,GODOMALL5
2026-03-18,1000000142,,1,1,15000.000000,1,12000.000000,1,567375433033637313,GODOMALL5
2026-03-18,1000000144,,0,0,0.000000,2,18000.000000,3,567375433033637313,GODOMALL5
2026-03-18,1000000153,,1,1,28600.000000,0,0.000000,0,567375433033637313,GODOMALL5
2026-03-18,1000000156,,4,4,116000.000000,0,0.000000,0,567375433033637313,GODOMALL5
2026-03-19,1000000042,,1,1,22500.000000,0,0.000000,0,567375433033637313,GODOMALL5
2026-03-19,1000000043,,3,3,90000.000000,0,0.000000,0,567375433033637313,GODOMALL5
2026-03-19,1000000044,,2,2,67500.000000,2,67500.000000,2,567375433033637313,GODOMALL5
2026-03-19,1000000045,,3,4,80000.000000,1,40000.000000,1,567375433033637313,GODOMALL5
2026-03-19,1000000062,,1,3,240000.000000,0,0.000000,0,567375433033637313,GODOMALL5
2026-03-19,1000000063,,3,5,317000.000000,1,23500.000000,1,567375433033637313,GODOMALL5
2026-03-19,1000000064,,13,20,861500.000000,9,282000.000000,9,567375433033637313,GODOMALL5
2026-03-19,1000000069,,2,2,59340.000000,0,0.000000,0,567375433033637313,GODOMALL5
2026-03-19,1000000084,,0,0,0.000000,2,54000.000000,2,567375433033637313,GODOMALL5
2026-03-19,1000000085,,4,4,211000.000000,1,51000.000000,2,567375433033637313,GODOMALL5
2026-03-19,1000000087,,0,0,0.000000,5,309000.000000,5,567375433033637313,GODOMALL5
2026-03-19,1000000088,,4,5,596000.000000,0,0.000000,0,567375433033637313,GODOMALL5
2026-03-19,1000000089,,1,1,173000.000000,0,0.000000,0,567375433033637313,GODOMALL5
2026-03-19,1000000090,,1,1,13000.000000,0,0.000000,0,567375433033637313,GODOMALL5
2026-03-19,1000000092,,7,41,1523000.000000,1,37000.000000,1,567375433033637313,GODOMALL5
2026-03-19,1000000093,,4,200,956500.000000,0,0.000000,0,567375433033637313,GODOMALL5
2026-03-19,1000000094,,1,90,585000.000000,0,0.000000,0,567375433033637313,GODOMALL5
2026-03-19,1000000108,,3,150,690000.000000,0,0.000000,0,567375433033637313,GODOMALL5
2026-03-19,1000000111,,2,99,695400.000000,0,0.000000,0,567375433033637313,GODOMALL5
2026-03-19,1000000112,,1,110,1276000.000000,1,11500.000000,80,567375433033637313,GODOMALL5
2026-03-19,1000000113,,1,40,460000.000000,0,0.000000,0,567375433033637313,GODOMALL5
2026-03-19,1000000121,,0,0,0.000000,1,20000.000000,1,567375433033637313,GODOMALL5
2026-03-19,1000000127,,4,6,385500.000000,2,47000.000000,2,567375433033637313,GODOMALL5
2026-03-19,1000000128,,0,0,0.000000,1,22500.000000,1,567375433033637313,GODOMALL5
2026-03-19,1000000142,,1,1,12000.000000,1,19000.000000,1,567375433033637313,GODOMALL5
2026-03-19,1000000153,,1,1,28600.000000,0,0.000000,0,567375433033637313,GODOMALL5
2026-03-20,1000000042,,3,3,90000.000000,3,67500.000000,5,567375433033637313,GODOMALL5
2026-03-20,1000000043,,1,1,22500.000000,1,22500.000000,1,567375433033637313,GODOMALL5
2026-03-20,1000000045,,1,2,60000.000000,1,20000.000000,1,567375433033637313,GODOMALL5
2026-03-20,1000000062,,2,2,42000.000000,1,21000.000000,1,567375433033637313,GODOMALL5
2026-03-20,1000000063,,5,5,250500.000000,2,69500.000000,2,567375433033637313,GODOMALL5
2026-03-20,1000000064,,10,12,517500.000000,8,345500.000000,9,567375433033637313,GODOMALL5
2026-03-20,1000000066,,1,1,22500.000000,0,0.000000,0,567375433033637313,GODOMALL5
2026-03-20,1000000069,,2,2,94840.000000,2,37840.000000,2,567375433033637313,GODOMALL5
2026-03-20,1000000070,,1,1,20000.000000,0,0.000000,0,567375433033637313,GODOMALL5
2026-03-20,1000000071,,1,1,20000.000000,0,0.000000,0,567375433033637313,GODOMALL5
2026-03-20,1000000084,,0,0,0.000000,1,30500.000000,1,567375433033637313,GODOMALL5
2026-03-20,1000000085,,1,1,51000.000000,0,0.000000,0,567375433033637313,GODOMALL5
2026-03-20,1000000086,,1,1,77000.000000,1,81000.000000,2,567375433033637313,GODOMALL5
2026-03-20,1000000087,,0,0,0.000000,2,122000.000000,2,567375433033637313,GODOMALL5
2026-03-20,1000000088,,1,1,120000.000000,0,0.000000,0,567375433033637313,GODOMALL5
2026-03-20,1000000090,,1,15,180000.000000,3,38000.000000,3,567375433033637313,GODOMALL5
2026-03-20,1000000091,,2,4,102000.000000,2,52500.000000,2,567375433033637313,GODOMALL5
2026-03-20,1000000093,,6,262,1249400.000000,1,4700.000000,92,567375433033637313,GODOMALL5
2026-03-20,1000000108,,1,102,469200.000000,0,0.000000,0,567375433033637313,GODOMALL5
2026-03-20,1000000127,,1,1,23500.000000,1,23500.000000,1,567375433033637313,GODOMALL5
2026-03-20,1000000128,,0,0,0.000000,1,22500.000000,1,567375433033637313,GODOMALL5
2026-03-20,1000000142,,1,1,19000.000000,0,0.000000,0,567375433033637313,GODOMALL5
2026-03-21,1000000042,,1,1,87500.000000,1,22500.000000,1,567375433033637313,GODOMALL5
2026-03-21,1000000045,,0,0,0.000000,1,20000.000000,1,567375433033637313,GODOMALL5
2026-03-21,1000000062,,1,1,21000.000000,0,0.000000,0,567375433033637313,GODOMALL5
2026-03-21,1000000063,,1,1,46000.000000,0,0.000000,0,567375433033637313,GODOMALL5
2026-03-21,1000000064,,3,8,218000.000000,3,66000.000000,3,567375433033637313,GODOMALL5
2026-03-21,1000000066,,0,0,0.000000,1,22500.000000,1,567375433033637313,GODOMALL5
2026-03-21,1000000069,,2,2,57840.000000,1,18920.000000,1,567375433033637313,GODOMALL5
2026-03-21,1000000085,,1,1,54500.000000,0,0.000000,0,567375433033637313,GODOMALL5
2026-03-21,1000000087,,3,5,293000.000000,0,0.000000,0,567375433033637313,GODOMALL5
2026-03-21,1000000088,,1,1,116000.000000,0,0.000000,0,567375433033637313,GODOMALL5
2026-03-21,1000000092,,2,2,74000.000000,0,0.000000,0,567375433033637313,GODOMALL5
2026-03-21,1000000093,,1,10,47000.000000,0,0.000000,0,567375433033637313,GODOMALL5
2026-03-21,1000000108,,3,205,936500.000000,1,4500.000000,65,567375433033637313,GODOMALL5
2026-03-21,1000000110,,1,180,1242000.000000,0,0.000000,0,567375433033637313,GODOMALL5
2026-03-21,1000000112,,1,20,230000.000000,0,0.000000,0,567375433033637313,GODOMALL5
2026-03-21,1000000127,,1,2,69500.000000,2,47000.000000,2,567375433033637313,GODOMALL5
2026-03-21,1000000143,,1,1,59000.000000,0,0.000000,0,567375433033637313,GODOMALL5
2026-03-22,1000000042,,0,0,0.000000,1,22500.000000,1,567375433033637313,GODOMALL5
2026-03-22,1000000043,,0,0,0.000000,1,22500.000000,1,567375433033637313,GODOMALL5
2026-03-22,1000000044,,2,2,132500.000000,0,0.000000,0,567375433033637313,GODOMALL5
2026-03-22,1000000045,,1,1,40000.000000,2,40000.000000,2,567375433033637313,GODOMALL5
2026-03-22,1000000062,,1,1,21000.000000,0,0.000000,0,567375433033637313,GODOMALL5
2026-03-22,1000000063,,5,5,206500.000000,2,47000.000000,2,567375433033637313,GODOMALL5
2026-03-22,1000000064,,4,4,193000.000000,4,193000.000000,4,567375433033637313,GODOMALL5
2026-03-22,1000000069,,0,0,0.000000,1,18920.000000,1,567375433033637313,GODOMALL5
2026-03-22,1000000084,,2,3,88000.000000,0,0.000000,0,567375433033637313,GODOMALL5
2026-03-22,1000000085,,1,2,109000.000000,0,0.000000,0,567375433033637313,GODOMALL5
2026-03-22,1000000086,,1,1,77000.000000,0,0.000000,0,567375433033637313,GODOMALL5
2026-03-22,1000000087,,1,2,130000.000000,0,0.000000,0,567375433033637313,GODOMALL5
2026-03-22,1000000088,,0,0,0.000000,1,115000.000000,1,567375433033637313,GODOMALL5
2026-03-22,1000000094,,2,34,221000.000000,0,0.000000,0,567375433033637313,GODOMALL5
2026-03-22,1000000108,,2,115,517500.000000,0,0.000000,0,567375433033637313,GODOMALL5
2026-03-22,1000000111,,1,100,700000.000000,0,0.000000,0,567375433033637313,GODOMALL5
2026-03-22,1000000127,,3,3,159500.000000,1,23500.000000,1,567375433033637313,GODOMALL5
2026-03-22,1000000128,,1,1,22500.000000,1,22500.000000,1,567375433033637313,GODOMALL5
2026-03-23,1000000033,,0,0,0.000000,1,45000.000000,1,567375433033637313,GODOMALL5
2026-03-23,1000000042,,3,3,90000.000000,3,67500.000000,4,567375433033637313,GODOMALL5
2026-03-23,1000000043,,2,2,45000.000000,1,22500.000000,1,567375433033637313,GODOMALL5
2026-03-23,1000000044,,2,2,45000.000000,0,0.000000,0,567375433033637313,GODOMALL5
2026-03-23,1000000045,,4,5,214000.000000,2,40000.000000,3,567375433033637313,GODOMALL5
2026-03-23,1000000062,,0,0,0.000000,4,184500.000000,7,567375433033637313,GODOMALL5
2026-03-23,1000000063,,2,2,69500.000000,1,46000.000000,1,567375433033637313,GODOMALL5
2026-03-23,1000000064,,11,13,565000.000000,5,153500.000000,5,567375433033637313,GODOMALL5
2026-03-23,1000000066,,2,3,67500.000000,2,110000.000000,2,567375433033637313,GODOMALL5
2026-03-23,1000000069,,1,1,18920.000000,1,18920.000000,1,567375433033637313,GODOMALL5
2026-03-23,1000000070,,1,1,20000.000000,0,0.000000,0,567375433033637313,GODOMALL5
2026-03-23,1000000071,,0,0,0.000000,1,20000.000000,1,567375433033637313,GODOMALL5
2026-03-23,1000000083,,1,1,45000.000000,0,0.000000,0,567375433033637313,GODOMALL5
2026-03-23,1000000084,,2,14,419000.000000,0,0.000000,0,567375433033637313,GODOMALL5
2026-03-23,1000000085,,5,5,256500.000000,0,0.000000,0,567375433033637313,GODOMALL5
2026-03-23,1000000086,,1,1,77000.000000,0,0.000000,0,567375433033637313,GODOMALL5
2026-03-23,1000000087,,3,3,179000.000000,1,57000.000000,1,567375433033637313,GODOMALL5
2026-03-23,1000000088,,3,10,1172000.000000,0,0.000000,0,567375433033637313,GODOMALL5
2026-03-23,1000000089,,2,2,341000.000000,0,0.000000,0,567375433033637313,GODOMALL5
2026-03-23,1000000090,,2,6,78000.000000,0,0.000000,0,567375433033637313,GODOMALL5
2026-03-23,1000000091,,2,56,1402000.000000,0,0.000000,0,567375433033637313,GODOMALL5
2026-03-23,1000000092,,1,2,76000.000000,0,0.000000,0,567375433033637313,GODOMALL5
2026-03-23,1000000093,,5,205,971200.000000,0,0.000000,0,567375433033637313,GODOMALL5
2026-03-23,1000000094,,1,30,198000.000000,1,6600.000000,10,567375433033637313,GODOMALL5
2026-03-23,1000000108,,3,110,506000.000000,1,4600.000000,50,567375433033637313,GODOMALL5
2026-03-23,1000000111,,1,30,210000.000000,0,0.000000,0,567375433033637313,GODOMALL5
2026-03-23,1000000112,,1,40,460000.000000,0,0.000000,0,567375433033637313,GODOMALL5
2026-03-23,1000000113,,2,75,864000.000000,1,11600.000000,15,567375433033637313,GODOMALL5
2026-03-23,1000000127,,3,3,93000.000000,0,0.000000,0,567375433033637313,GODOMALL5
2026-03-23,1000000128,,2,2,67500.000000,0,0.000000,0,567375433033637313,GODOMALL5
2026-03-23,1000000142,,1,1,19000.000000,0,0.000000,0,567375433033637313,GODOMALL5
2026-03-24,1000000042,,1,1,87500.000000,1,45000.000000,1,567375433033637313,GODOMALL5
2026-03-24,1000000043,,1,1,22500.000000,2,45000.000000,2,567375433033637313,GODOMALL5
2026-03-24,1000000044,,1,1,87500.000000,2,45000.000000,2,567375433033637313,GODOMALL5
2026-03-24,1000000045,,1,1,40000.000000,3,60000.000000,3,567375433033637313,GODOMALL5
2026-03-24,1000000062,,2,4,261000.000000,1,80000.000000,1,567375433033637313,GODOMALL5
2026-03-24,1000000063,,2,2,113500.000000,4,183000.000000,4,567375433033637313,GODOMALL5
2026-03-24,1000000064,,11,15,645000.000000,11,348500.000000,11,567375433033637313,GODOMALL5
2026-03-24,1000000066,,4,6,180000.000000,1,45000.000000,1,567375433033637313,GODOMALL5
2026-03-24,1000000083,,3,4,180000.000000,0,0.000000,0,567375433033637313,GODOMALL5
2026-03-24,1000000085,,3,4,214500.000000,0,0.000000,0,567375433033637313,GODOMALL5
2026-03-24,1000000087,,2,3,187000.000000,0,0.000000,0,567375433033637313,GODOMALL5
2026-03-24,1000000088,,3,4,461000.000000,0,0.000000,0,567375433033637313,GODOMALL5
2026-03-24,1000000089,,1,5,840000.000000,0,0.000000,0,567375433033637313,GODOMALL5
2026-03-24,1000000092,,1,1,38000.000000,0,0.000000,0,567375433033637313,GODOMALL5
2026-03-24,1000000093,,4,157,737900.000000,6,28500.000000,270,567375433033637313,GODOMALL5
2026-03-24,1000000094,,1,30,198000.000000,0,0.000000,0,567375433033637313,GODOMALL5
2026-03-24,1000000108,,2,290,1305000.000000,0,0.000000,0,567375433033637313,GODOMALL5
2026-03-24,1000000111,,1,55,390500.000000,0,0.000000,0,567375433033637313,GODOMALL5
2026-03-24,1000000112,,2,102,1173000.000000,0,0.000000,0,567375433033637313,GODOMALL5
2026-03-24,1000000113,,3,200,2300000.000000,0,0.000000,0,567375433033637313,GODOMALL5
2026-03-24,1000000127,,4,7,209500.000000,2,69500.000000,2,567375433033637313,GODOMALL5
2026-03-24,1000000153,,1,1,28600.000000,1,28600.000000,1,567375433033637313,GODOMALL5
2026-03-24,1000000154,,0,0,0.000000,1,27800.000000,1,567375433033637313,GODOMALL5
2026-03-25,1000000033,,0,0,0.000000,3,135000.000000,3,567375433033637313,GODOMALL5
2026-03-25,1000000035,,0,0,0.000000,2,12000.000000,3,567375433033637313,GODOMALL5
2026-03-25,1000000042,,2,2,67500.000000,1,22500.000000,1,567375433033637313,GODOMALL5
2026-03-25,1000000043,,0,0,0.000000,2,45000.000000,2,567375433033637313,GODOMALL5
2026-03-25,1000000045,,4,5,214000.000000,1,20000.000000,1,567375433033637313,GODOMALL5
2026-03-25,1000000062,,1,1,80000.000000,4,203000.000000,6,567375433033637313,GODOMALL5
2026-03-25,1000000063,,1,1,46000.000000,3,115500.000000,3,567375433033637313,GODOMALL5
2026-03-25,1000000064,,9,64,1555000.000000,7,304000.000000,7,567375433033637313,GODOMALL5
2026-03-25,1000000066,,1,2,45000.000000,1,22500.000000,1,567375433033637313,GODOMALL5
2026-03-25,1000000083,,0,0,0.000000,1,45000.000000,1,567375433033637313,GODOMALL5
2026-03-25,1000000084,,1,20,540000.000000,0,0.000000,0,567375433033637313,GODOMALL5
2026-03-25,1000000085,,0,0,0.000000,0,0.000000,0,567375433033637313,GODOMALL5
2026-03-25,1000000086,,3,3,243000.000000,0,0.000000,0,567375433033637313,GODOMALL5
2026-03-25,1000000087,,3,8,460000.000000,1,57000.000000,1,567375433033637313,GODOMALL5
2026-03-25,1000000088,,5,6,715000.000000,0,0.000000,0,567375433033637313,GODOMALL5
2026-03-25,1000000089,,1,3,504000.000000,0,0.000000,0,567375433033637313,GODOMALL5
2026-03-25,1000000090,,1,20,260000.000000,1,13000.000000,2,567375433033637313,GODOMALL5
2026-03-25,1000000092,,1,1,37000.000000,0,0.000000,0,567375433033637313,GODOMALL5
2026-03-25,1000000093,,4,133,636100.000000,1,4700.000000,70,567375433033637313,GODOMALL5
2026-03-25,1000000094,,1,50,330000.000000,3,19700.000000,165,567375433033637313,GODOMALL5
2026-03-25,1000000108,,3,180,817000.000000,1,4500.000000,100,567375433033637313,GODOMALL5
2026-03-25,1000000110,,0,0,0.000000,1,6800.000000,60,567375433033637313,GODOMALL5
2026-03-25,1000000111,,3,116,823600.000000,2,14100.000000,90,567375433033637313,GODOMALL5
2026-03-25,1000000121,,0,0,0.000000,1,19000.000000,1,567375433033637313,GODOMALL5
2026-03-25,1000000127,,0,0,0.000000,3,115500.000000,3,567375433033637313,GODOMALL5
2026-03-25,1000000128,,0,0,0.000000,1,45000.000000,1,567375433033637313,GODOMALL5
2026-03-25,1000000142,,0,0,0.000000,2,24000.000000,2,567375433033637313,GODOMALL5
2026-03-25,1000000143,,0,0,0.000000,1,59000.000000,1,567375433033637313,GODOMALL5
2026-03-25,1000000153,,0,0,0.000000,1,28600.000000,1,567375433033637313,GODOMALL5
2026-03-26,1000000042,,3,3,90000.000000,2,45000.000000,2,567375433033637313,GODOMALL5
2026-03-26,1000000043,,2,2,45000.000000,2,45000.000000,2,567375433033637313,GODOMALL5
2026-03-26,1000000044,,2,2,45000.000000,1,22500.000000,1,567375433033637313,GODOMALL5
2026-03-26,1000000045,,0,0,0.000000,4,80000.000000,4,567375433033637313,GODOMALL5
2026-03-26,1000000062,,3,4,124000.000000,0,0.000000,0,567375433033637313,GODOMALL5
2026-03-26,1000000063,,1,1,23500.000000,3,93000.000000,3,567375433033637313,GODOMALL5
2026-03-26,1000000064,,5,8,582500.000000,11,369500.000000,11,567375433033637313,GODOMALL5
2026-03-26,1000000066,,1,1,22500.000000,2,45000.000000,2,567375433033637313,GODOMALL5
2026-03-26,1000000069,,1,1,18920.000000,1,18920.000000,1,567375433033637313,GODOMALL5
2026-03-26,1000000083,,1,1,45000.000000,0,0.000000,0,567375433033637313,GODOMALL5
2026-03-26,1000000084,,2,6,165500.000000,2,54000.000000,2,567375433033637313,GODOMALL5
2026-03-26,1000000085,,2,2,105500.000000,0,0.000000,0,567375433033637313,GODOMALL5
2026-03-26,1000000088,,5,9,1060000.000000,1,116000.000000,5,567375433033637313,GODOMALL5
2026-03-26,1000000090,,0,0,0.000000,1,13000.000000,1,567375433033637313,GODOMALL5
2026-03-26,1000000091,,0,0,0.000000,2,52500.000000,4,567375433033637313,GODOMALL5
2026-03-26,1000000092,,2,3,114000.000000,0,0.000000,0,567375433033637313,GODOMALL5
2026-03-26,1000000093,,4,163,771900.000000,3,14200.000000,170,567375433033637313,GODOMALL5
2026-03-26,1000000094,,1,20,132000.000000,2,13100.000000,30,567375433033637313,GODOMALL5
2026-03-26,1000000108,,2,130,588500.000000,3,13600.000000,185,567375433033637313,GODOMALL5
2026-03-26,1000000111,,1,70,497000.000000,0,0.000000,0,567375433033637313,GODOMALL5
2026-03-26,1000000127,,2,3,93000.000000,5,140000.000000,5,567375433033637313,GODOMALL5
2026-03-26,1000000142,,1,1,19000.000000,0,0.000000,0,567375433033637313,GODOMALL5
2026-03-27,1000000035,,1,1,6000.000000,0,0.000000,0,567375433033637313,GODOMALL5
2026-03-27,1000000042,,1,1,22500.000000,2,45000.000000,2,567375433033637313,GODOMALL5
2026-03-27,1000000043,,1,1,22500.000000,1,22500.000000,1,567375433033637313,GODOMALL5
2026-03-27,1000000044,,1,1,22500.000000,1,22500.000000,1,567375433033637313,GODOMALL5
2026-03-27,1000000045,,0,0,0.000000,3,137000.000000,3,567375433033637313,GODOMALL5
2026-03-27,1000000063,,1,1,90000.000000,3,93000.000000,3,567375433033637313,GODOMALL5
2026-03-27,1000000064,,9,26,950000.000000,19,776500.000000,35,567375433033637313,GODOMALL5
2026-03-27,1000000065,,0,0,0.000000,1,20000.000000,1,567375433033637313,GODOMALL5
2026-03-27,1000000066,,0,0,0.000000,2,45000.000000,2,567375433033637313,GODOMALL5
2026-03-27,1000000083,,1,1,45000.000000,0,0.000000,0,567375433033637313,GODOMALL5
2026-03-27,1000000084,,1,1,28000.000000,1,30500.000000,3,567375433033637313,GODOMALL5
2026-03-27,1000000085,,3,4,215000.000000,1,51000.000000,1,567375433033637313,GODOMALL5
2026-03-27,1000000086,,1,1,81000.000000,0,0.000000,0,567375433033637313,GODOMALL5
2026-03-27,1000000087,,0,0,0.000000,1,61000.000000,1,567375433033637313,GODOMALL5
2026-03-27,1000000090,,3,17,221000.000000,0,0.000000,0,567375433033637313,GODOMALL5
2026-03-27,1000000091,,2,4,105500.000000,0,0.000000,0,567375433033637313,GODOMALL5
2026-03-27,1000000092,,0,0,0.000000,1,38000.000000,5,567375433033637313,GODOMALL5
2026-03-27,1000000093,,8,492,2356600.000000,0,0.000000,0,567375433033637313,GODOMALL5
2026-03-27,1000000094,,1,11,71500.000000,0,0.000000,0,567375433033637313,GODOMALL5
2026-03-27,1000000108,,4,3905,17572500.000000,2,9000.000000,160,567375433033637313,GODOMALL5
2026-03-27,1000000111,,2,180,1273000.000000,1,7100.000000,41,567375433033637313,GODOMALL5
2026-03-27,1000000121,,1,1,19500.000000,0,0.000000,0,567375433033637313,GODOMALL5
2026-03-27,1000000127,,1,1,23500.000000,3,70500.000000,3,567375433033637313,GODOMALL5
2026-03-27,1000000156,,1,1,29000.000000,1,29000.000000,1,567375433033637313,GODOMALL5
2026-03-28,1000000035,,0,0,0.000000,1,6000.000000,1,567375433033637313,GODOMALL5
2026-03-28,1000000042,,0,0,0.000000,3,90000.000000,3,567375433033637313,GODOMALL5
2026-03-28,1000000043,,0,0,0.000000,1,22500.000000,1,567375433033637313,GODOMALL5
2026-03-28,1000000044,,1,1,22500.000000,2,45000.000000,2,567375433033637313,GODOMALL5
2026-03-28,1000000045,,0,0,0.000000,4,138500.000000,5,567375433033637313,GODOMALL5
2026-03-28,1000000062,,2,3,83000.000000,1,21000.000000,1,567375433033637313,GODOMALL5
2026-03-28,1000000063,,1,1,90000.000000,4,116500.000000,4,567375433033637313,GODOMALL5
2026-03-28,1000000064,,6,9,304500.000000,2,65000.000000,2,567375433033637313,GODOMALL5
2026-03-28,1000000065,,1,1,20000.000000,0,0.000000,0,567375433033637313,GODOMALL5
2026-03-28,1000000066,,1,1,22500.000000,0,0.000000,0,567375433033637313,GODOMALL5
2026-03-28,1000000069,,0,0,0.000000,3,133760.000000,3,567375433033637313,GODOMALL5
2026-03-28,1000000085,,1,1,51000.000000,1,51000.000000,1,567375433033637313,GODOMALL5
2026-03-28,1000000088,,1,1,120000.000000,0,0.000000,0,567375433033637313,GODOMALL5
2026-03-28,1000000092,,1,2,76000.000000,0,0.000000,0,567375433033637313,GODOMALL5
2026-03-28,1000000093,,1,80,376000.000000,1,4800.000000,24,567375433033637313,GODOMALL5
2026-03-28,1000000108,,1,60,276000.000000,0,0.000000,0,567375433033637313,GODOMALL5
2026-03-28,1000000110,,1,50,340000.000000,0,0.000000,0,567375433033637313,GODOMALL5
2026-03-28,1000000111,,1,22,154000.000000,0,0.000000,0,567375433033637313,GODOMALL5
2026-03-28,1000000127,,2,2,47000.000000,0,0.000000,0,567375433033637313,GODOMALL5
2026-03-28,1000000142,,0,0,0.000000,1,19000.000000,1,567375433033637313,GODOMALL5
2026-03-28,1000000153,,1,2,57200.000000,1,28600.000000,2,567375433033637313,GODOMALL5
2026-03-29,1000000042,,1,1,22500.000000,2,45000.000000,2,567375433033637313,GODOMALL5
2026-03-29,1000000044,,0,0,0.000000,1,22500.000000,1,567375433033637313,GODOMALL5
2026-03-29,1000000062,,1,1,41000.000000,2,42000.000000,2,567375433033637313,GODOMALL5
2026-03-29,1000000063,,1,2,92000.000000,1,23500.000000,1,567375433033637313,GODOMALL5
2026-03-29,1000000064,,6,12,432000.000000,3,150000.000000,3,567375433033637313,GODOMALL5
2026-03-29,1000000066,,1,1,22500.000000,0,0.000000,0,567375433033637313,GODOMALL5
2026-03-29,1000000071,,1,1,40000.000000,0,0.000000,0,567375433033637313,GODOMALL5
2026-03-29,1000000083,,1,1,45000.000000,0,0.000000,0,567375433033637313,GODOMALL5
2026-03-29,1000000084,,1,2,54000.000000,0,0.000000,0,567375433033637313,GODOMALL5
2026-03-29,1000000086,,0,0,0.000000,1,81000.000000,1,567375433033637313,GODOMALL5
2026-03-29,1000000090,,1,2,26000.000000,0,0.000000,0,567375433033637313,GODOMALL5
2026-03-29,1000000093,,2,46,218200.000000,1,4700.000000,26,567375433033637313,GODOMALL5
2026-03-29,1000000094,,2,35,228500.000000,1,6500.000000,10,567375433033637313,GODOMALL5
2026-03-29,1000000108,,2,148,680800.000000,0,0.000000,0,567375433033637313,GODOMALL5
2026-03-29,1000000127,,1,1,46000.000000,2,47000.000000,2,567375433033637313,GODOMALL5
2026-03-30,1000000042,,2,2,110000.000000,1,87500.000000,1,567375433033637313,GODOMALL5
2026-03-30,1000000043,,1,1,22500.000000,2,67500.000000,2,567375433033637313,GODOMALL5
2026-03-30,1000000044,,1,1,22500.000000,2,45000.000000,2,567375433033637313,GODOMALL5
2026-03-30,1000000045,,0,0,0.000000,3,80000.000000,3,567375433033637313,GODOMALL5
2026-03-30,1000000062,,0,0,0.000000,1,21000.000000,1,567375433033637313,GODOMALL5
2026-03-30,1000000063,,2,2,93500.000000,2,47000.000000,3,567375433033637313,GODOMALL5
2026-03-30,1000000064,,9,11,516500.000000,10,346000.000000,10,567375433033637313,GODOMALL5
2026-03-30,1000000069,,1,1,75920.000000,1,18920.000000,1,567375433033637313,GODOMALL5
2026-03-30,1000000070,,1,1,20000.000000,0,0.000000,0,567375433033637313,GODOMALL5
2026-03-30,1000000084,,0,0,0.000000,1,30500.000000,1,567375433033637313,GODOMALL5
2026-03-30,1000000085,,1,1,51000.000000,0,0.000000,0,567375433033637313,GODOMALL5
2026-03-30,1000000086,,1,1,81000.000000,0,0.000000,0,567375433033637313,GODOMALL5
2026-03-30,1000000087,,3,3,183000.000000,0,0.000000,0,567375433033637313,GODOMALL5
2026-03-30,1000000088,,1,1,120000.000000,0,0.000000,0,567375433033637313,GODOMALL5
2026-03-30,1000000089,,1,1,168000.000000,0,0.000000,0,567375433033637313,GODOMALL5
2026-03-30,1000000090,,2,4,52000.000000,0,0.000000,0,567375433033637313,GODOMALL5
2026-03-30,1000000093,,7,283,1343400.000000,2,9500.000000,70,567375433033637313,GODOMALL5
2026-03-30,1000000094,,1,45,297000.000000,0,0.000000,0,567375433033637313,GODOMALL5
2026-03-30,1000000108,,2,136,625600.000000,1,4600.000000,50,567375433033637313,GODOMALL5
2026-03-30,1000000110,,1,30,204000.000000,0,0.000000,0,567375433033637313,GODOMALL5
2026-03-30,1000000111,,5,102,723200.000000,1,7000.000000,10,567375433033637313,GODOMALL5
2026-03-30,1000000121,,1,1,20000.000000,1,19500.000000,1,567375433033637313,GODOMALL5
2026-03-30,1000000127,,1,1,23500.000000,1,23500.000000,1,567375433033637313,GODOMALL5
2026-03-30,1000000142,,0,0,0.000000,1,19000.000000,2,567375433033637313,GODOMALL5
2026-03-30,1000000143,,0,0,0.000000,1,59000.000000,1,567375433033637313,GODOMALL5
2026-03-30,1000000154,,0,0,0.000000,1,27800.000000,1,567375433033637313,GODOMALL5
2026-03-30,1000000156,,2,3,87000.000000,1,29000.000000,1,567375433033637313,GODOMALL5
2026-03-31,1000000035,,1,1,6000.000000,0,0.000000,0,567375433033637313,GODOMALL5
2026-03-31,1000000042,,3,4,112500.000000,0,0.000000,0,567375433033637313,GODOMALL5
2026-03-31,1000000043,,2,2,45000.000000,2,45000.000000,2,567375433033637313,GODOMALL5
2026-03-31,1000000044,,2,2,45000.000000,1,22500.000000,1,567375433033637313,GODOMALL5
2026-03-31,1000000045,,4,7,314000.000000,4,158500.000000,11,567375433033637313,GODOMALL5
2026-03-31,1000000062,,2,5,400000.000000,1,21000.000000,2,567375433033637313,GODOMALL5
2026-03-31,1000000063,,2,2,69500.000000,2,47000.000000,3,567375433033637313,GODOMALL5
2026-03-31,1000000064,,13,22,862000.000000,9,303000.000000,10,567375433033637313,GODOMALL5
2026-03-31,1000000066,,0,0,0.000000,2,45000.000000,2,567375433033637313,GODOMALL5
2026-03-31,1000000069,,0,0,0.000000,1,40420.000000,1,567375433033637313,GODOMALL5
2026-03-31,1000000083,,2,2,90000.000000,0,0.000000,0,567375433033637313,GODOMALL5
2026-03-31,1000000084,,1,5,141500.000000,1,26000.000000,1,567375433033637313,GODOMALL5
2026-03-31,1000000085,,1,1,54500.000000,0,0.000000,0,567375433033637313,GODOMALL5
2026-03-31,1000000086,,2,3,243000.000000,0,0.000000,0,567375433033637313,GODOMALL5
2026-03-31,1000000087,,2,2,122000.000000,2,118000.000000,2,567375433033637313,GODOMALL5
2026-03-31,1000000088,,1,1,116000.000000,0,0.000000,0,567375433033637313,GODOMALL5
2026-03-31,1000000089,,1,1,173000.000000,0,0.000000,0,567375433033637313,GODOMALL5
2026-03-31,1000000090,,1,2,26000.000000,1,13000.000000,1,567375433033637313,GODOMALL5
2026-03-31,1000000091,,0,0,0.000000,2,52500.000000,11,567375433033637313,GODOMALL5
2026-03-31,1000000093,,3,80,381500.000000,2,9500.000000,50,567375433033637313,GODOMALL5
2026-03-31,1000000094,,1,35,231000.000000,0,0.000000,0,567375433033637313,GODOMALL5
2026-03-31,1000000108,,1,35,157500.000000,1,4500.000000,90,567375433033637313,GODOMALL5
2026-03-31,1000000111,,1,10,70000.000000,0,0.000000,0,567375433033637313,GODOMALL5
2026-03-31,1000000127,,7,7,187000.000000,0,0.000000,0,567375433033637313,GODOMALL5
2026-03-31,1000000143,,0,0,0.000000,2,94000.000000,2,567375433033637313,GODOMALL5
2026-03-31,1000000156,,1,2,58000.000000,0,0.000000,0,567375433033637313,GODOMALL5
2026-04-01,1000000027,,1,1,20000.000000,0,0.000000,0,567375433033637313,GODOMALL5
2026-04-01,1000000042,,1,1,22500.000000,0,0.000000,0,567375433033637313,GODOMALL5
2026-04-01,1000000043,,1,1,22500.000000,0,0.000000,0,567375433033637313,GODOMALL5
2026-04-01,1000000044,,2,2,45000.000000,0,0.000000,0,567375433033637313,GODOMALL5
2026-04-01,1000000045,,5,14,572500.000000,1,40000.000000,1,567375433033637313,GODOMALL5
2026-04-01,1000000062,,2,2,82000.000000,1,21000.000000,1,567375433033637313,GODOMALL5
2026-04-01,1000000063,,3,3,115500.000000,0,0.000000,0,567375433033637313,GODOMALL5
2026-04-01,1000000064,,12,31,1081000.000000,1,43000.000000,1,567375433033637313,GODOMALL5
2026-04-01,1000000065,,3,3,80000.000000,0,0.000000,0,567375433033637313,GODOMALL5
2026-04-01,1000000066,,2,2,90000.000000,0,0.000000,0,567375433033637313,GODOMALL5
2026-04-01,1000000069,,2,2,59340.000000,0,0.000000,0,567375433033637313,GODOMALL5
2026-04-01,1000000071,,1,1,40000.000000,0,0.000000,0,567375433033637313,GODOMALL5
2026-04-01,1000000085,,1,1,51000.000000,1,51000.000000,1,567375433033637313,GODOMALL5
2026-04-01,1000000086,,9,9,701000.000000,0,0.000000,0,567375433033637313,GODOMALL5
2026-04-01,1000000087,,2,4,234000.000000,1,61000.000000,1,567375433033637313,GODOMALL5
2026-04-01,1000000088,,2,2,240000.000000,0,0.000000,0,567375433033637313,GODOMALL5
2026-04-01,1000000089,,1,1,168000.000000,0,0.000000,0,567375433033637313,GODOMALL5
2026-04-01,1000000090,,3,18,234000.000000,2,26000.000000,5,567375433033637313,GODOMALL5
2026-04-01,1000000091,,0,0,0.000000,1,26000.000000,3,567375433033637313,GODOMALL5
2026-04-01,1000000092,,1,2,76000.000000,0,0.000000,0,567375433033637313,GODOMALL5
2026-04-01,1000000093,,9,287,1374600.000000,4,19100.000000,190,567375433033637313,GODOMALL5
2026-04-01,1000000094,,2,120,785000.000000,0,0.000000,0,567375433033637313,GODOMALL5
2026-04-01,1000000108,,1,50,225000.000000,2,9100.000000,40,567375433033637313,GODOMALL5
2026-04-01,1000000111,,3,161,1129600.000000,1,7100.000000,10,567375433033637313,GODOMALL5
2026-04-01,1000000113,,1,13,150800.000000,0,0.000000,0,567375433033637313,GODOMALL5
2026-04-01,1000000121,,1,2,38000.000000,0,0.000000,0,567375433033637313,GODOMALL5
2026-04-01,1000000127,,2,2,113500.000000,0,0.000000,0,567375433033637313,GODOMALL5
2026-04-01,1000000128,,1,1,22500.000000,0,0.000000,0,567375433033637313,GODOMALL5
2026-04-01,1000000143,,0,0,0.000000,1,59000.000000,1,567375433033637313,GODOMALL5
2026-04-01,1000000154,,1,1,27800.000000,0,0.000000,0,567375433033637313,GODOMALL5
2026-04-01,1000000156,,2,3,87000.000000,0,0.000000,0,567375433033637313,GODOMALL5
2026-04-02,1000000042,,1,1,22500.000000,2,67500.000000,2,567375433033637313,GODOMALL5
2026-04-02,1000000043,,0,0,0.000000,2,45000.000000,2,567375433033637313,GODOMALL5
2026-04-02,1000000044,,0,0,0.000000,1,22500.000000,1,567375433033637313,GODOMALL5
2026-04-02,1000000045,,2,2,60000.000000,1,20000.000000,1,567375433033637313,GODOMALL5
2026-04-02,1000000062,,2,2,42000.000000,0,0.000000,0,567375433033637313,GODOMALL5
2026-04-02,1000000063,,3,3,138000.000000,0,0.000000,0,567375433033637313,GODOMALL5
2026-04-02,1000000064,,8,12,649500.000000,6,238500.000000,6,567375433033637313,GODOMALL5
2026-04-02,1000000066,,0,0,0.000000,1,22500.000000,1,567375433033637313,GODOMALL5
2026-04-02,1000000069,,0,0,0.000000,2,57840.000000,2,567375433033637313,GODOMALL5
2026-04-02,1000000084,,4,5,145500.000000,0,0.000000,0,567375433033637313,GODOMALL5
2026-04-02,1000000085,,2,3,161500.000000,2,105500.000000,2,567375433033637313,GODOMALL5
2026-04-02,1000000086,,1,1,81000.000000,0,0.000000,0,567375433033637313,GODOMALL5
2026-04-02,1000000087,,2,2,122000.000000,1,61000.000000,1,567375433033637313,GODOMALL5
2026-04-02,1000000088,,4,4,467000.000000,0,0.000000,0,567375433033637313,GODOMALL5
2026-04-02,1000000091,,1,10,270000.000000,0,0.000000,0,567375433033637313,GODOMALL5
2026-04-02,1000000092,,3,3,113000.000000,0,0.000000,0,567375433033637313,GODOMALL5
2026-04-02,1000000108,,1,15,67500.000000,0,0.000000,0,567375433033637313,GODOMALL5
2026-04-02,1000000111,,2,25,175000.000000,0,0.000000,0,567375433033637313,GODOMALL5
2026-04-02,1000000112,,1,55,638000.000000,0,0.000000,0,567375433033637313,GODOMALL5
2026-04-02,1000000127,,2,2,69500.000000,2,69500.000000,2,567375433033637313,GODOMALL5
2026-04-02,1000000154,,0,0,0.000000,1,27800.000000,1,567375433033637313,GODOMALL5
2026-04-03,1000000028,,2,2,60000.000000,0,0.000000,0,567375433033637313,GODOMALL5
2026-04-03,1000000042,,1,1,87500.000000,1,45000.000000,1,567375433033637313,GODOMALL5
2026-04-03,1000000043,,4,4,180500.000000,1,22500.000000,1,567375433033637313,GODOMALL5
2026-04-03,1000000044,,2,2,45000.000000,1,22500.000000,1,567375433033637313,GODOMALL5
2026-04-03,1000000045,,4,5,140000.000000,3,67500.000000,3,567375433033637313,GODOMALL5
2026-04-03,1000000062,,3,7,442000.000000,1,23500.000000,1,567375433033637313,GODOMALL5
2026-04-03,1000000063,,2,2,69500.000000,4,228000.000000,4,567375433033637313,GODOMALL5
2026-04-03,1000000064,,11,17,1025000.000000,4,116500.000000,4,567375433033637313,GODOMALL5
2026-04-03,1000000069,,0,0,0.000000,1,20000.000000,1,567375433033637313,GODOMALL5
2026-04-03,1000000070,,0,0,0.000000,1,40000.000000,1,567375433033637313,GODOMALL5
2026-04-03,1000000071,,2,2,40000.000000,0,0.000000,0,567375433033637313,GODOMALL5
2026-04-03,1000000083,,1,1,45000.000000,0,0.000000,0,567375433033637313,GODOMALL5
2026-04-03,1000000084,,1,2,61000.000000,0,0.000000,0,567375433033637313,GODOMALL5
2026-04-03,1000000085,,6,7,365500.000000,1,51000.000000,1,567375433033637313,GODOMALL5
2026-04-03,1000000086,,1,1,77000.000000,0,0.000000,0,567375433033637313,GODOMALL5
2026-04-03,1000000087,,3,5,301000.000000,0,0.000000,0,567375433033637313,GODOMALL5
2026-04-03,1000000088,,2,2,240000.000000,0,0.000000,0,567375433033637313,GODOMALL5
2026-04-03,1000000089,,1,1,173000.000000,0,0.000000,0,567375433033637313,GODOMALL5
2026-04-03,1000000091,,1,2,54000.000000,0,0.000000,0,567375433033637313,GODOMALL5
2026-04-03,1000000093,,5,370,1744000.000000,2,9600.000000,114,567375433033637313,GODOMALL5
2026-04-03,1000000094,,2,53,347500.000000,0,0.000000,0,567375433033637313,GODOMALL5
2026-04-03,1000000108,,3,112,508500.000000,0,0.000000,0,567375433033637313,GODOMALL5
2026-04-03,1000000127,,2,2,69500.000000,1,23500.000000,1,567375433033637313,GODOMALL5
2026-04-03,1000000154,,1,1,27800.000000,0,0.000000,0,567375433033637313,GODOMALL5
2026-04-03,1000000156,,3,3,87000.000000,0,0.000000,0,567375433033637313,GODOMALL5
2026-04-04,1000000033,,1,1,45000.000000,0,0.000000,0,567375433033637313,GODOMALL5
2026-04-04,1000000042,,1,1,22500.000000,1,45000.000000,1,567375433033637313,GODOMALL5
2026-04-04,1000000043,,0,0,0.000000,1,45000.000000,1,567375433033637313,GODOMALL5
2026-04-04,1000000044,,0,0,0.000000,1,22500.000000,1,567375433033637313,GODOMALL5
2026-04-04,1000000045,,1,1,22500.000000,1,22500.000000,1,567375433033637313,GODOMALL5
2026-04-04,1000000063,,1,1,46000.000000,1,46000.000000,1,567375433033637313,GODOMALL5
2026-04-04,1000000064,,4,4,205500.000000,4,116500.000000,5,567375433033637313,GODOMALL5
2026-04-04,1000000066,,1,1,45000.000000,0,0.000000,0,567375433033637313,GODOMALL5
2026-04-04,1000000069,,3,5,254000.000000,0,0.000000,0,567375433033637313,GODOMALL5
2026-04-04,1000000083,,1,1,50000.000000,0,0.000000,0,567375433033637313,GODOMALL5
2026-04-04,1000000085,,1,1,54500.000000,1,49000.000000,1,567375433033637313,GODOMALL5
2026-04-04,1000000086,,0,0,0.000000,1,77000.000000,1,567375433033637313,GODOMALL5
2026-04-04,1000000087,,3,4,240000.000000,0,0.000000,0,567375433033637313,GODOMALL5
2026-04-04,1000000088,,1,1,120000.000000,0,0.000000,0,567375433033637313,GODOMALL5
2026-04-04,1000000091,,0,0,0.000000,1,26500.000000,1,567375433033637313,GODOMALL5
2026-04-04,1000000094,,0,0,0.000000,1,6500.000000,35,567375433033637313,GODOMALL5
2026-04-04,1000000108,,1,70,315000.000000,0,0.000000,0,567375433033637313,GODOMALL5
2026-04-04,1000000112,,1,10,116000.000000,0,0.000000,0,567375433033637313,GODOMALL5
2026-04-04,1000000127,,1,1,46000.000000,1,46000.000000,1,567375433033637313,GODOMALL5
2026-04-04,1000000128,,0,0,0.000000,1,22500.000000,1,567375433033637313,GODOMALL5
2026-04-04,1000000154,,1,1,27800.000000,0,0.000000,0,567375433033637313,GODOMALL5
2026-04-05,1000000042,,0,0,0.000000,3,75000.000000,3,567375433033637313,GODOMALL5
2026-04-05,1000000043,,0,0,0.000000,3,75000.000000,4,567375433033637313,GODOMALL5
2026-04-05,1000000044,,0,0,0.000000,3,75000.000000,3,567375433033637313,GODOMALL5
2026-04-05,1000000045,,0,0,0.000000,3,125000.000000,3,567375433033637313,GODOMALL5
2026-04-05,1000000062,,0,0,0.000000,2,78500.000000,2,567375433033637313,GODOMALL5
2026-04-05,1000000063,,4,4,332500.000000,4,182500.000000,4,567375433033637313,GODOMALL5
2026-04-05,1000000064,,3,4,148000.000000,9,391500.000000,9,567375433033637313,GODOMALL5
2026-04-05,1000000066,,0,0,0.000000,1,47000.000000,1,567375433033637313,GODOMALL5
2026-04-05,1000000070,,1,1,77000.000000,0,0.000000,0,567375433033637313,GODOMALL5
2026-04-05,1000000084,,0,0,0.000000,1,30000.000000,7,567375433033637313,GODOMALL5
2026-04-05,1000000085,,2,11,596000.000000,1,60500.000000,1,567375433033637313,GODOMALL5
2026-04-05,1000000086,,2,2,162000.000000,0,0.000000,0,567375433033637313,GODOMALL5
2026-04-05,1000000087,,1,1,61000.000000,2,137000.000000,3,567375433033637313,GODOMALL5
2026-04-05,1000000088,,2,2,255000.000000,1,135000.000000,1,567375433033637313,GODOMALL5
2026-04-05,1000000090,,1,7,91000.000000,0,0.000000,0,567375433033637313,GODOMALL5
2026-04-05,1000000091,,1,1,26500.000000,0,0.000000,0,567375433033637313,GODOMALL5
2026-04-05,1000000092,,1,1,37000.000000,0,0.000000,0,567375433033637313,GODOMALL5
2026-04-05,1000000093,,2,145,681500.000000,0,0.000000,0,567375433033637313,GODOMALL5
2026-04-05,1000000111,,0,0,0.000000,1,8000.000000,60,567375433033637313,GODOMALL5
2026-04-05,1000000121,,0,0,0.000000,1,20000.000000,2,567375433033637313,GODOMALL5
2026-04-05,1000000127,,2,2,126500.000000,3,79500.000000,3,567375433033637313,GODOMALL5
2026-04-05,1000000156,,1,1,29000.000000,0,0.000000,0,567375433033637313,GODOMALL5
2026-04-06,1000000028,,1,8,744000.000000,0,0.000000,0,567375433033637313,GODOMALL5
2026-04-06,1000000033,,0,0,0.000000,1,13000.000000,1,567375433033637313,GODOMALL5
2026-04-06,1000000042,,0,0,0.000000,1,47500.000000,1,567375433033637313,GODOMALL5
2026-04-06,1000000043,,0,0,0.000000,2,124000.000000,2,567375433033637313,GODOMALL5
2026-04-06,1000000044,,1,1,25000.000000,0,0.000000,0,567375433033637313,GODOMALL5
2026-04-06,1000000045,,0,0,0.000000,2,75000.000000,2,567375433033637313,GODOMALL5
2026-04-06,1000000063,,1,2,155000.000000,0,0.000000,0,567375433033637313,GODOMALL5
2026-04-06,1000000064,,9,20,1169500.000000,13,523000.000000,15,567375433033637313,GODOMALL5
2026-04-06,1000000066,,0,0,0.000000,1,24000.000000,1,567375433033637313,GODOMALL5
2026-04-06,1000000069,,0,0,0.000000,2,48000.000000,2,567375433033637313,GODOMALL5
2026-04-06,1000000070,,0,0,0.000000,1,24000.000000,1,567375433033637313,GODOMALL5
2026-04-06,1000000084,,1,1,30000.000000,0,0.000000,0,567375433033637313,GODOMALL5
2026-04-06,1000000085,,2,2,117500.000000,0,0.000000,0,567375433033637313,GODOMALL5
2026-04-06,1000000086,,2,2,170500.000000,2,167000.000000,2,567375433033637313,GODOMALL5
2026-04-06,1000000087,,7,9,616000.000000,3,199000.000000,3,567375433033637313,GODOMALL5
2026-04-06,1000000088,,2,2,262000.000000,0,0.000000,0,567375433033637313,GODOMALL5
2026-04-06,1000000090,,2,11,153000.000000,0,0.000000,0,567375433033637313,GODOMALL5
2026-04-06,1000000091,,1,2,59000.000000,1,31000.000000,1,567375433033637313,GODOMALL5
2026-04-06,1000000092,,2,5,211500.000000,0,0.000000,0,567375433033637313,GODOMALL5
2026-04-06,1000000093,,8,516,2823400.000000,2,10800.000000,86,567375433033637313,GODOMALL5
2026-04-06,1000000112,,1,13,167700.000000,1,13000.000000,10,567375433033637313,GODOMALL5
2026-04-06,1000000127,,1,1,26500.000000,2,53000.000000,2,567375433033637313,GODOMALL5
2026-04-06,1000000142,,1,1,19000.000000,1,19000.000000,4,567375433033637313,GODOMALL5
2026-04-06,1000000143,,0,0,0.000000,1,40000.000000,1,567375433033637313,GODOMALL5
2026-04-07,1000000042,,2,2,50000.000000,3,97500.000000,3,567375433033637313,GODOMALL5
2026-04-07,1000000044,,0,0,0.000000,1,99000.000000,2,567375433033637313,GODOMALL5
2026-04-07,1000000045,,1,1,25000.000000,0,0.000000,0,567375433033637313,GODOMALL5
2026-04-07,1000000062,,1,1,52000.000000,2,78500.000000,2,567375433033637313,GODOMALL5
2026-04-07,1000000063,,1,1,52000.000000,0,0.000000,0,567375433033637313,GODOMALL5
2026-04-07,1000000064,,8,19,1549000.000000,11,546500.000000,16,567375433033637313,GODOMALL5
2026-04-07,1000000065,,0,0,0.000000,2,48000.000000,2,567375433033637313,GODOMALL5
2026-04-07,1000000066,,0,0,0.000000,1,24000.000000,1,567375433033637313,GODOMALL5
2026-04-07,1000000069,,0,0,0.000000,1,93000.000000,2,567375433033637313,GODOMALL5
2026-04-07,1000000071,,0,0,0.000000,1,24000.000000,1,567375433033637313,GODOMALL5
2026-04-07,1000000085,,2,2,119000.000000,0,0.000000,0,567375433033637313,GODOMALL5
2026-04-07,1000000086,,2,2,167000.000000,0,0.000000,0,567375433033637313,GODOMALL5
2026-04-07,1000000087,,3,3,209000.000000,1,72000.000000,1,567375433033637313,GODOMALL5
2026-04-07,1000000088,,4,4,527000.000000,1,130000.000000,1,567375433033637313,GODOMALL5
2026-04-07,1000000091,,1,1,32000.000000,0,0.000000,0,567375433033637313,GODOMALL5
2026-04-07,1000000093,,5,246,1339000.000000,0,0.000000,0,567375433033637313,GODOMALL5
2026-04-07,1000000108,,2,48,256900.000000,2,10700.000000,140,567375433033637313,GODOMALL5
2026-04-07,1000000110,,1,50,390000.000000,0,0.000000,0,567375433033637313,GODOMALL5
2026-04-07,1000000111,,1,22,173800.000000,0,0.000000,0,567375433033637313,GODOMALL5
2026-04-07,1000000112,,1,20,260000.000000,1,12900.000000,12,567375433033637313,GODOMALL5
2026-04-07,1000000121,,1,1,19000.000000,0,0.000000,0,567375433033637313,GODOMALL5
2026-04-07,1000000127,,1,1,26500.000000,1,26500.000000,1,567375433033637313,GODOMALL5
2026-04-08,1000000033,,0,0,0.000000,2,38000.000000,2,567375433033637313,GODOMALL5
2026-04-08,1000000042,,0,0,0.000000,1,25000.000000,1,567375433033637313,GODOMALL5
2026-04-08,1000000043,,1,1,25000.000000,0,0.000000,0,567375433033637313,GODOMALL5
2026-04-08,1000000045,,0,0,0.000000,2,50000.000000,2,567375433033637313,GODOMALL5
2026-04-08,1000000062,,1,1,52000.000000,1,103000.000000,1,567375433033637313,GODOMALL5
2026-04-08,1000000063,,4,4,157000.000000,1,103000.000000,1,567375433033637313,GODOMALL5
2026-04-08,1000000064,,8,17,884000.000000,9,391500.000000,10,567375433033637313,GODOMALL5
2026-04-08,1000000066,,0,0,0.000000,1,47000.000000,1,567375433033637313,GODOMALL5
2026-04-08,1000000069,,1,1,24000.000000,0,0.000000,0,567375433033637313,GODOMALL5
2026-04-08,1000000070,,0,0,0.000000,1,24000.000000,1,567375433033637313,GODOMALL5
2026-04-08,1000000074,,1,1,13000.000000,1,13000.000000,3,567375433033637313,GODOMALL5
2026-04-08,1000000083,,1,1,19000.000000,2,38000.000000,2,567375433033637313,GODOMALL5
2026-04-08,1000000084,,1,2,65000.000000,0,0.000000,0,567375433033637313,GODOMALL5
2026-04-08,1000000085,,1,1,57000.000000,0,0.000000,0,567375433033637313,GODOMALL5
2026-04-08,1000000087,,3,3,216000.000000,0,0.000000,0,567375433033637313,GODOMALL5
2026-04-08,1000000090,,8,43,601000.000000,0,0.000000,0,567375433033637313,GODOMALL5
2026-04-08,1000000091,,1,5,147500.000000,0,0.000000,0,567375433033637313,GODOMALL5
2026-04-08,1000000092,,2,4,170000.000000,2,85000.000000,4,567375433033637313,GODOMALL5
2026-04-08,1000000093,,8,505,2768000.000000,2,10900.000000,160,567375433033637313,GODOMALL5
2026-04-08,1000000108,,5,140,755000.000000,0,0.000000,0,567375433033637313,GODOMALL5
2026-04-08,1000000110,,1,200,1580000.000000,0,0.000000,0,567375433033637313,GODOMALL5
2026-04-08,1000000111,,3,95,754000.000000,1,7900.000000,20,567375433033637313,GODOMALL5
2026-04-08,1000000112,,1,20,260000.000000,1,12900.000000,10,567375433033637313,GODOMALL5
2026-04-08,1000000113,,1,20,258000.000000,1,12900.000000,10,567375433033637313,GODOMALL5
2026-04-08,1000000121,,0,0,0.000000,1,20000.000000,1,567375433033637313,GODOMALL5
2026-04-08,1000000127,,3,3,79500.000000,0,0.000000,0,567375433033637313,GODOMALL5
2026-04-08,1000000142,,1,1,19000.000000,0,0.000000,0,567375433033637313,GODOMALL5
2026-04-09,1000000027,,1,1,24000.000000,0,0.000000,0,567375433033637313,GODOMALL5
2026-04-09,1000000028,,1,1,24000.000000,0,0.000000,0,567375433033637313,GODOMALL5
2026-04-09,1000000033,,1,1,25000.000000,0,0.000000,0,567375433033637313,GODOMALL5
2026-04-09,1000000035,,0,0,0.000000,1,7000.000000,2,567375433033637313,GODOMALL5
2026-04-09,1000000042,,2,2,50000.000000,0,0.000000,0,567375433033637313,GODOMALL5
2026-04-09,1000000043,,2,2,50000.000000,2,50000.000000,2,567375433033637313,GODOMALL5
2026-04-09,1000000044,,0,0,0.000000,2,50000.000000,2,567375433033637313,GODOMALL5
2026-04-09,1000000045,,1,1,25000.000000,3,75000.000000,3,567375433033637313,GODOMALL5
2026-04-09,1000000062,,2,2,53000.000000,1,52000.000000,1,567375433033637313,GODOMALL5
2026-04-09,1000000063,,1,1,103000.000000,5,311000.000000,5,567375433033637313,GODOMALL5
2026-04-09,1000000064,,11,24,1478500.000000,9,391500.000000,9,567375433033637313,GODOMALL5
2026-04-09,1000000066,,1,1,47000.000000,0,0.000000,0,567375433033637313,GODOMALL5
2026-04-09,1000000069,,0,0,0.000000,1,24000.000000,1,567375433033637313,GODOMALL5
2026-04-09,1000000070,,1,1,24000.000000,0,0.000000,0,567375433033637313,GODOMALL5
2026-04-09,1000000074,,1,1,13000.000000,0,0.000000,0,567375433033637313,GODOMALL5
2026-04-09,1000000083,,0,0,0.000000,1,19000.000000,1,567375433033637313,GODOMALL5
2026-04-09,1000000085,,2,2,116500.000000,2,119000.000000,2,567375433033637313,GODOMALL5
2026-04-09,1000000086,,1,1,83500.000000,0,0.000000,0,567375433033637313,GODOMALL5
2026-04-09,1000000087,,3,3,199000.000000,2,130000.000000,4,567375433033637313,GODOMALL5
2026-04-09,1000000088,,2,2,262000.000000,1,127000.000000,1,567375433033637313,GODOMALL5
2026-04-09,1000000090,,0,0,0.000000,1,13000.000000,12,567375433033637313,GODOMALL5
2026-04-09,1000000091,,0,0,0.000000,2,59000.000000,2,567375433033637313,GODOMALL5
2026-04-09,1000000092,,1,3,127500.000000,0,0.000000,0,567375433033637313,GODOMALL5
2026-04-09,1000000093,,4,212,1161300.000000,0,0.000000,0,567375433033637313,GODOMALL5
2026-04-09,1000000111,,1,20,160000.000000,1,7900.000000,10,567375433033637313,GODOMALL5
2026-04-09,1000000112,,0,0,0.000000,1,13000.000000,10,567375433033637313,GODOMALL5
2026-04-09,1000000127,,0,0,0.000000,1,26500.000000,1,567375433033637313,GODOMALL5
2026-04-09,1000000142,,0,0,0.000000,1,12000.000000,1,567375433033637313,GODOMALL5
2026-04-09,1000000154,,2,2,55600.000000,0,0.000000,0,567375433033637313,GODOMALL5
2026-04-09,1000000156,,2,2,58000.000000,0,0.000000,0,567375433033637313,GODOMALL5
2026-04-10,1000000033,,0,0,0.000000,1,13000.000000,1,567375433033637313,GODOMALL5
2026-04-10,1000000042,,4,4,248000.000000,1,25000.000000,1,567375433033637313,GODOMALL5
2026-04-10,1000000043,,2,2,75000.000000,0,0.000000,0,567375433033637313,GODOMALL5
2026-04-10,1000000044,,1,1,25000.000000,0,0.000000,0,567375433033637313,GODOMALL5
2026-04-10,1000000045,,2,2,50000.000000,1,25000.000000,3,567375433033637313,GODOMALL5
2026-04-10,1000000062,,0,0,0.000000,1,26500.000000,3,567375433033637313,GODOMALL5
2026-04-10,1000000063,,2,2,78500.000000,3,79500.000000,3,567375433033637313,GODOMALL5
2026-04-10,1000000064,,5,5,209000.000000,14,575000.000000,17,567375433033637313,GODOMALL5
2026-04-10,1000000065,,0,0,0.000000,1,24000.000000,1,567375433033637313,GODOMALL5
2026-04-10,1000000066,,0,0,0.000000,2,48000.000000,2,567375433033637313,GODOMALL5
2026-04-10,1000000069,,0,0,0.000000,2,48000.000000,2,567375433033637313,GODOMALL5
2026-04-10,1000000071,,1,1,47000.000000,0,0.000000,0,567375433033637313,GODOMALL5
2026-04-10,1000000074,,1,1,13000.000000,0,0.000000,0,567375433033637313,GODOMALL5
2026-04-10,1000000083,,1,1,19000.000000,1,19000.000000,1,567375433033637313,GODOMALL5
2026-04-10,1000000084,,1,1,29000.000000,0,0.000000,0,567375433033637313,GODOMALL5
2026-04-10,1000000085,,4,4,227500.000000,1,57000.000000,1,567375433033637313,GODOMALL5
2026-04-10,1000000087,,1,1,65000.000000,1,66000.000000,2,567375433033637313,GODOMALL5
2026-04-10,1000000088,,1,1,127000.000000,0,0.000000,0,567375433033637313,GODOMALL5
2026-04-10,1000000091,,2,8,256000.000000,0,0.000000,0,567375433033637313,GODOMALL5
2026-04-10,1000000093,,6,210,1144000.000000,2,10900.000000,30,567375433033637313,GODOMALL5
2026-04-10,1000000094,,2,68,527800.000000,0,0.000000,0,567375433033637313,GODOMALL5
2026-04-10,1000000110,,0,0,0.000000,1,7800.000000,15,567375433033637313,GODOMALL5
2026-04-10,1000000111,,1,250,1975000.000000,0,0.000000,0,567375433033637313,GODOMALL5
2026-04-10,1000000113,,1,10,129000.000000,0,0.000000,0,567375433033637313,GODOMALL5
2026-04-10,1000000127,,1,1,52000.000000,4,106000.000000,4,567375433033637313,GODOMALL5
2026-04-10,1000000142,,1,1,12000.000000,0,0.000000,0,567375433033637313,GODOMALL5
2026-04-11,1000000042,,1,1,25000.000000,1,25000.000000,1,567375433033637313,GODOMALL5
2026-04-11,1000000043,,1,1,25000.000000,0,0.000000,0,567375433033637313,GODOMALL5
2026-04-11,1000000045,,0,0,0.000000,2,50000.000000,2,567375433033637313,GODOMALL5
2026-04-11,1000000062,,1,1,26500.000000,1,26500.000000,1,567375433033637313,GODOMALL5
2026-04-11,1000000063,,0,0,0.000000,2,78500.000000,2,567375433033637313,GODOMALL5
2026-04-11,1000000064,,2,2,53000.000000,5,285500.000000,5,567375433033637313,GODOMALL5
2026-04-11,1000000070,,0,0,0.000000,1,24000.000000,1,567375433033637313,GODOMALL5
2026-04-11,1000000083,,1,1,19000.000000,0,0.000000,0,567375433033637313,GODOMALL5
2026-04-11,1000000085,,0,0,0.000000,1,60500.000000,1,567375433033637313,GODOMALL5
2026-04-11,1000000086,,1,1,83500.000000,0,0.000000,0,567375433033637313,GODOMALL5
2026-04-11,1000000087,,1,1,69000.000000,1,72000.000000,1,567375433033637313,GODOMALL5
2026-04-11,1000000088,,1,1,135000.000000,0,0.000000,0,567375433033637313,GODOMALL5
2026-04-11,1000000090,,0,0,0.000000,1,14000.000000,12,567375433033637313,GODOMALL5
2026-04-11,1000000094,,1,13,100100.000000,0,0.000000,0,567375433033637313,GODOMALL5
2026-04-11,1000000111,,1,10,79000.000000,0,0.000000,0,567375433033637313,GODOMALL5
2026-04-11,1000000121,,0,0,0.000000,1,20000.000000,1,567375433033637313,GODOMALL5
2026-04-11,1000000127,,0,0,0.000000,4,157000.000000,4,567375433033637313,GODOMALL5
2026-04-12,1000000033,,0,0,0.000000,1,13000.000000,1,567375433033637313,GODOMALL5
2026-04-12,1000000042,,0,0,0.000000,3,174000.000000,4,567375433033637313,GODOMALL5
2026-04-12,1000000043,,1,1,25000.000000,0,0.000000,0,567375433033637313,GODOMALL5
2026-04-12,1000000044,,1,1,25000.000000,0,0.000000,0,567375433033637313,GODOMALL5
2026-04-12,1000000062,,0,0,0.000000,2,78500.000000,2,567375433033637313,GODOMALL5
2026-04-12,1000000063,,0,0,0.000000,1,26500.000000,1,567375433033637313,GODOMALL5
2026-04-12,1000000064,,6,8,620000.000000,9,468000.000000,9,567375433033637313,GODOMALL5
2026-04-12,1000000066,,1,1,24000.000000,1,24000.000000,1,567375433033637313,GODOMALL5
2026-04-12,1000000070,,0,0,0.000000,1,24000.000000,1,567375433033637313,GODOMALL5
2026-04-12,1000000084,,2,7,210000.000000,1,30000.000000,2,567375433033637313,GODOMALL5
2026-04-12,1000000086,,1,1,83500.000000,0,0.000000,0,567375433033637313,GODOMALL5
2026-04-12,1000000087,,1,1,68000.000000,0,0.000000,0,567375433033637313,GODOMALL5
2026-04-12,1000000090,,1,5,70000.000000,2,28000.000000,3,567375433033637313,GODOMALL5
2026-04-12,1000000091,,1,3,91500.000000,2,60500.000000,2,567375433033637313,GODOMALL5
2026-04-12,1000000093,,1,25,135000.000000,3,16400.000000,45,567375433033637313,GODOMALL5
2026-04-12,1000000110,,1,25,195000.000000,0,0.000000,0,567375433033637313,GODOMALL5
2026-04-12,1000000111,,1,10,80000.000000,0,0.000000,0,567375433033637313,GODOMALL5
2026-04-12,1000000112,,0,0,0.000000,1,13000.000000,10,567375433033637313,GODOMALL5
2026-04-12,1000000113,,1,17,221000.000000,0,0.000000,0,567375433033637313,GODOMALL5
2026-04-12,1000000143,,1,2,70000.000000,1,13000.000000,1,567375433033637313,GODOMALL5
2026-04-13,1000000033,,0,0,0.000000,1,25000.000000,1,567375433033637313,GODOMALL5
2026-04-13,1000000042,,1,2,198000.000000,2,50000.000000,2,567375433033637313,GODOMALL5
2026-04-13,1000000043,,0,0,0.000000,1,25000.000000,1,567375433033637313,GODOMALL5
2026-04-13,1000000044,,2,3,223000.000000,2,75000.000000,2,567375433033637313,GODOMALL5
2026-04-13,1000000045,,1,3,75000.000000,4,100000.000000,4,567375433033637313,GODOMALL5
2026-04-13,1000000062,,0,0,0.000000,4,157000.000000,4,567375433033637313,GODOMALL5
2026-04-13,1000000063,,1,1,103000.000000,6,235500.000000,6,567375433033637313,GODOMALL5
2026-04-13,1000000064,,15,25,1427500.000000,4,157000.000000,4,567375433033637313,GODOMALL5
2026-04-13,1000000066,,0,0,0.000000,1,24000.000000,1,567375433033637313,GODOMALL5
2026-04-13,1000000069,,1,3,279000.000000,0,0.000000,0,567375433033637313,GODOMALL5
2026-04-13,1000000074,,0,0,0.000000,1,13000.000000,1,567375433033637313,GODOMALL5
2026-04-13,1000000084,,2,4,120000.000000,0,0.000000,0,567375433033637313,GODOMALL5
2026-04-13,1000000085,,1,1,60500.000000,0,0.000000,0,567375433033637313,GODOMALL5
2026-04-13,1000000086,,1,1,87000.000000,0,0.000000,0,567375433033637313,GODOMALL5
2026-04-13,1000000087,,1,1,72000.000000,0,0.000000,0,567375433033637313,GODOMALL5
2026-04-13,1000000088,,1,1,135000.000000,0,0.000000,0,567375433033637313,GODOMALL5
2026-04-13,1000000089,,1,1,191000.000000,0,0.000000,0,567375433033637313,GODOMALL5
2026-04-13,1000000090,,1,4,56000.000000,2,27000.000000,3,567375433033637313,GODOMALL5
2026-04-13,1000000093,,8,263,1439200.000000,1,5400.000000,90,567375433033637313,GODOMALL5
2026-04-13,1000000094,,1,23,177100.000000,0,0.000000,0,567375433033637313,GODOMALL5
2026-04-13,1000000110,,1,35,273000.000000,0,0.000000,0,567375433033637313,GODOMALL5
2026-04-13,1000000112,,1,10,130000.000000,0,0.000000,0,567375433033637313,GODOMALL5
2026-04-13,1000000113,,3,45,580500.000000,0,0.000000,0,567375433033637313,GODOMALL5
2026-04-13,1000000127,,0,0,0.000000,3,130500.000000,3,567375433033637313,GODOMALL5
2026-04-13,1000000142,,0,0,0.000000,1,19000.000000,1,567375433033637313,GODOMALL5
2026-04-14,1000000042,,1,1,50000.000000,0,0.000000,0,567375433033637313,GODOMALL5
2026-04-14,1000000044,,1,1,25000.000000,1,25000.000000,1,567375433033637313,GODOMALL5
2026-04-14,1000000045,,3,3,175000.000000,1,100000.000000,1,567375433033637313,GODOMALL5
2026-04-14,1000000062,,2,2,78500.000000,1,26500.000000,1,567375433033637313,GODOMALL5
2026-04-14,1000000063,,2,3,207000.000000,4,131500.000000,4,567375433033637313,GODOMALL5
2026-04-14,1000000064,,7,11,878000.000000,8,288500.000000,10,567375433033637313,GODOMALL5
2026-04-14,1000000066,,1,2,48000.000000,0,0.000000,0,567375433033637313,GODOMALL5
2026-04-14,1000000072,,0,0,0.000000,1,24000.000000,1,567375433033637313,GODOMALL5
2026-04-14,1000000085,,4,5,288000.000000,0,0.000000,0,567375433033637313,GODOMALL5
2026-04-14,1000000087,,4,4,278000.000000,1,68000.000000,1,567375433033637313,GODOMALL5
2026-04-14,1000000089,,1,1,196000.000000,1,196000.000000,1,567375433033637313,GODOMALL5
2026-04-14,1000000090,,2,12,157000.000000,1,14000.000000,1,567375433033637313,GODOMALL5
2026-04-14,1000000091,,1,17,518500.000000,0,0.000000,0,567375433033637313,GODOMALL5
2026-04-14,1000000092,,0,0,0.000000,1,42500.000000,1,567375433033637313,GODOMALL5
2026-04-14,1000000093,,2,115,621000.000000,1,5400.000000,55,567375433033637313,GODOMALL5
2026-04-14,1000000094,,2,30,234000.000000,0,0.000000,0,567375433033637313,GODOMALL5
2026-04-14,1000000108,,0,0,0.000000,1,5400.000000,20,567375433033637313,GODOMALL5
2026-04-14,1000000110,,1,80,632000.000000,0,0.000000,0,567375433033637313,GODOMALL5
2026-04-14,1000000112,,2,35,453500.000000,0,0.000000,0,567375433033637313,GODOMALL5
2026-04-14,1000000113,,0,0,0.000000,0,0.000000,0,567375433033637313,GODOMALL5
2026-04-14,1000000127,,2,2,53000.000000,3,79500.000000,3,567375433033637313,GODOMALL5
2026-04-15,1000000035,,1,1,7000.000000,0,0.000000,0,567375433033637313,GODOMALL5
2026-04-15,1000000043,,2,2,50000.000000,0,0.000000,0,567375433033637313,GODOMALL5
2026-04-15,1000000044,,1,1,25000.000000,2,124000.000000,2,567375433033637313,GODOMALL5
2026-04-15,1000000045,,0,0,0.000000,3,149000.000000,3,567375433033637313,GODOMALL5
2026-04-15,1000000063,,1,1,26500.000000,0,0.000000,0,567375433033637313,GODOMALL5
2026-04-15,1000000064,,7,9,391500.000000,10,341500.000000,12,567375433033637313,GODOMALL5
2026-04-15,1000000066,,3,3,141000.000000,0,0.000000,0,567375433033637313,GODOMALL5
2026-04-15,1000000069,,1,1,93000.000000,0,0.000000,0,567375433033637313,GODOMALL5
2026-04-15,1000000071,,1,1,24000.000000,0,0.000000,0,567375433033637313,GODOMALL5
2026-04-15,1000000074,,1,1,13000.000000,2,26000.000000,2,567375433033637313,GODOMALL5
2026-04-15,1000000084,,0,0,0.000000,1,33500.000000,1,567375433033637313,GODOMALL5
2026-04-15,1000000085,,3,7,413000.000000,0,0.000000,0,567375433033637313,GODOMALL5
2026-04-15,1000000087,,2,3,213000.000000,2,133000.000000,2,567375433033637313,GODOMALL5
2026-04-15,1000000088,,1,1,132000.000000,1,135000.000000,1,567375433033637313,GODOMALL5
2026-04-15,1000000090,,0,0,0.000000,4,56000.000000,23,567375433033637313,GODOMALL5
2026-04-15,1000000091,,1,6,177000.000000,0,0.000000,0,567375433033637313,GODOMALL5
2026-04-15,1000000092,,0,0,0.000000,1,41500.000000,1,567375433033637313,GODOMALL5
2026-04-15,1000000093,,4,153,828600.000000,0,0.000000,0,567375433033637313,GODOMALL5
2026-04-15,1000000094,,0,0,0.000000,0,0.000000,0,567375433033637313,GODOMALL5
2026-04-15,1000000108,,1,30,159000.000000,0,0.000000,0,567375433033637313,GODOMALL5
2026-04-15,1000000110,,1,15,117000.000000,0,0.000000,0,567375433033637313,GODOMALL5
2026-04-15,1000000111,,2,35,278500.000000,0,0.000000,0,567375433033637313,GODOMALL5
2026-04-15,1000000112,,0,0,0.000000,1,12900.000000,10,567375433033637313,GODOMALL5
2026-04-15,1000000127,,1,1,26500.000000,0,0.000000,0,567375433033637313,GODOMALL5
2026-04-15,1000000128,,1,1,24000.000000,0,0.000000,0,567375433033637313,GODOMALL5
2026-04-15,1000000143,,0,0,0.000000,1,13000.000000,2,567375433033637313,GODOMALL5
2026-04-15,1000000156,,1,1,29000.000000,0,0.000000,0,567375433033637313,GODOMALL5
2026-04-16,1000000028,,0,0,0.000000,1,24000.000000,1,567375433033637313,GODOMALL5
2026-04-16,1000000033,,0,0,0.000000,2,26000.000000,2,567375433033637313,GODOMALL5
2026-04-16,1000000042,,2,2,100000.000000,1,50000.000000,1,567375433033637313,GODOMALL5
2026-04-16,1000000043,,0,0,0.000000,2,75000.000000,2,567375433033637313,GODOMALL5
2026-04-16,1000000044,,4,6,275000.000000,0,0.000000,0,567375433033637313,GODOMALL5
2026-04-16,1000000045,,1,1,50000.000000,0,0.000000,0,567375433033637313,GODOMALL5
2026-04-16,1000000062,,0,0,0.000000,2,53000.000000,4,567375433033637313,GODOMALL5
2026-04-16,1000000063,,0,0,0.000000,1,26500.000000,2,567375433033637313,GODOMALL5
2026-04-16,1000000064,,7,9,519000.000000,4,182500.000000,5,567375433033637313,GODOMALL5
2026-04-16,1000000065,,0,0,0.000000,1,24000.000000,1,567375433033637313,GODOMALL5
2026-04-16,1000000074,,0,0,0.000000,1,13000.000000,1,567375433033637313,GODOMALL5
2026-04-16,1000000084,,2,4,123500.000000,0,0.000000,0,567375433033637313,GODOMALL5
2026-04-16,1000000085,,0,0,0.000000,1,58500.000000,1,567375433033637313,GODOMALL5
2026-04-16,1000000087,,3,3,205000.000000,1,65000.000000,1,567375433033637313,GODOMALL5
2026-04-16,1000000089,,2,2,382000.000000,0,0.000000,0,567375433033637313,GODOMALL5
2026-04-16,1000000091,,1,1,30500.000000,0,0.000000,0,567375433033637313,GODOMALL5
2026-04-16,1000000093,,5,115,625500.000000,2,11000.000000,70,567375433033637313,GODOMALL5
2026-04-16,1000000108,,0,0,0.000000,2,10700.000000,43,567375433033637313,GODOMALL5
2026-04-16,1000000112,,2,30,387000.000000,0,0.000000,0,567375433033637313,GODOMALL5
2026-04-16,1000000127,,0,0,0.000000,1,26500.000000,1,567375433033637313,GODOMALL5
2026-04-17,1000000033,,1,1,49000.000000,1,49000.000000,1,567375433033637313,GODOMALL5
2026-04-17,1000000042,,0,0,0.000000,2,75000.000000,2,567375433033637313,GODOMALL5
2026-04-17,1000000043,,0,0,0.000000,4,199000.000000,4,567375433033637313,GODOMALL5
2026-04-17,1000000044,,2,3,199000.000000,0,0.000000,0,567375433033637313,GODOMALL5
2026-04-17,1000000045,,1,1,99000.000000,6,249000.000000,7,567375433033637313,GODOMALL5
2026-04-17,1000000062,,1,1,26500.000000,7,364000.000000,11,567375433033637313,GODOMALL5
2026-04-17,1000000063,,2,3,181500.000000,1,52000.000000,1,567375433033637313,GODOMALL5
2026-04-17,1000000064,,6,13,600500.000000,6,312000.000000,6,567375433033637313,GODOMALL5
2026-04-17,1000000074,,0,0,0.000000,1,13000.000000,1,567375433033637313,GODOMALL5
2026-04-17,1000000083,,0,0,0.000000,2,38000.000000,2,567375433033637313,GODOMALL5
2026-04-17,1000000085,,2,2,117500.000000,1,57000.000000,1,567375433033637313,GODOMALL5
2026-04-17,1000000086,,1,1,87000.000000,0,0.000000,0,567375433033637313,GODOMALL5
2026-04-17,1000000087,,2,2,133000.000000,0,0.000000,0,567375433033637313,GODOMALL5
2026-04-17,1000000088,,2,2,270000.000000,0,0.000000,0,567375433033637313,GODOMALL5
2026-04-17,1000000090,,0,0,0.000000,1,14000.000000,2,567375433033637313,GODOMALL5
2026-04-17,1000000092,,0,0,0.000000,1,42500.000000,2,567375433033637313,GODOMALL5
2026-04-17,1000000093,,2,49,264600.000000,2,10900.000000,70,567375433033637313,GODOMALL5
2026-04-17,1000000094,,2,50,390000.000000,0,0.000000,0,567375433033637313,GODOMALL5
2026-04-17,1000000108,,0,0,0.000000,1,5400.000000,60,567375433033637313,GODOMALL5
2026-04-17,1000000112,,1,10,129000.000000,0,0.000000,0,567375433033637313,GODOMALL5
2026-04-17,1000000113,,1,13,167700.000000,0,0.000000,0,567375433033637313,GODOMALL5
2026-04-17,1000000127,,0,0,0.000000,2,78500.000000,2,567375433033637313,GODOMALL5
2026-04-17,1000000142,,0,0,0.000000,1,15000.000000,1,567375433033637313,GODOMALL5
2026-04-17,1000000156,,0,0,0.000000,1,29000.000000,1,567375433033637313,GODOMALL5
2026-04-18,1000000027,,1,1,24000.000000,0,0.000000,0,567375433033637313,GODOMALL5
2026-04-18,1000000042,,1,1,50000.000000,0,0.000000,0,567375433033637313,GODOMALL5
2026-04-18,1000000043,,0,0,0.000000,1,25000.000000,1,567375433033637313,GODOMALL5
2026-04-18,1000000045,,1,1,25000.000000,1,25000.000000,1,567375433033637313,GODOMALL5
2026-04-18,1000000062,,1,4,335500.000000,0,0.000000,0,567375433033637313,GODOMALL5
2026-04-18,1000000063,,0,0,0.000000,2,155000.000000,2,567375433033637313,GODOMALL5
2026-04-18,1000000064,,4,6,261000.000000,3,105000.000000,3,567375433033637313,GODOMALL5
2026-04-18,1000000066,,1,1,47000.000000,0,0.000000,0,567375433033637313,GODOMALL5
2026-04-18,1000000069,,0,0,0.000000,1,24000.000000,1,567375433033637313,GODOMALL5
2026-04-18,1000000085,,1,1,57000.000000,0,0.000000,0,567375433033637313,GODOMALL5
2026-04-18,1000000086,,1,1,87000.000000,0,0.000000,0,567375433033637313,GODOMALL5
2026-04-18,1000000087,,1,2,144000.000000,0,0.000000,0,567375433033637313,GODOMALL5
2026-04-18,1000000088,,1,1,130000.000000,0,0.000000,0,567375433033637313,GODOMALL5
2026-04-18,1000000090,,1,2,28000.000000,0,0.000000,0,567375433033637313,GODOMALL5
2026-04-18,1000000093,,3,195,1058500.000000,0,0.000000,0,567375433033637313,GODOMALL5
2026-04-18,1000000111,,1,25,200000.000000,0,0.000000,0,567375433033637313,GODOMALL5
2026-04-18,1000000112,,1,17,219300.000000,0,0.000000,0,567375433033637313,GODOMALL5
2026-04-18,1000000127,,1,1,26500.000000,0,0.000000,0,567375433033637313,GODOMALL5
