order_id,order_at,order_date,member_id,product_id,product_name,quantity,payment_amount,source_line_count,valid_member_flag,reconstruction_level
2601190919075253,2026-01-19 00:19:07.000 UTC,2026-01-19,0,1000000094,매화 3송이 1호,35,227500,1,true,same_universe_reconstructed
2601190937408554,2026-01-19 00:37:40.000 UTC,2026-01-19,62852,1000000083,백설기,1,45000,1,true,same_universe_reconstructed
2601190937415365,2026-01-19 00:37:41.000 UTC,2026-01-19,62852,1000000083,백설기,1,45000,1,true,same_universe_reconstructed
2601190949387496,2026-01-19 00:49:38.000 UTC,2026-01-19,0,1000000087,백리향 1단 (1호 2호 3호),1,65000,1,true,same_universe_reconstructed
2601190951162417,2026-01-19 00:51:16.000 UTC,2026-01-19,62855,1000000144,경기 미숫가루 쫀드기,7,63000,1,true,same_universe_reconstructed
2601191008372581,2026-01-19 01:08:37.000 UTC,2026-01-19,0,1000000064,2색 이티,2,65000,2,true,same_universe_reconstructed
2601191022552812,2026-01-19 01:22:55.000 UTC,2026-01-19,62857,1000000094,매화 3송이 1호,10,66000,1,true,same_universe_reconstructed
2601191028361563,2026-01-19 01:28:36.000 UTC,2026-01-19,0,1000000093,매화 2송이 1호,30,144000,1,true,same_universe_reconstructed
2601191041221354,2026-01-19 01:41:22.000 UTC,2026-01-19,52664,1000000064,2색 이티,1,43000,1,true,same_universe_reconstructed
2601191055392405,2026-01-19 01:55:39.000 UTC,2026-01-19,62859,1000000093,매화 2송이 1호,10,47000,1,true,same_universe_reconstructed
2601191111544196,2026-01-19 02:11:54.000 UTC,2026-01-19,62860,1000000085,십리향 2단 (1호 2호 3호),1,50000,1,true,same_universe_reconstructed
2601191111544196,2026-01-19 02:11:54.000 UTC,2026-01-19,62860,1000000092,일리향 3단,1,38000,1,true,same_universe_reconstructed
2601191113303247,2026-01-19 02:13:30.000 UTC,2026-01-19,62258,1000000042,약식,1,45000,1,true,same_universe_reconstructed
2601191113482978,2026-01-19 02:13:48.000 UTC,2026-01-19,62858,1000000063,쑥이티,1,90000,1,true,same_universe_reconstructed
2601191115437909,2026-01-19 02:15:43.000 UTC,2026-01-19,62862,1000000093,매화 2송이 1호,220,1056000,1,true,same_universe_reconstructed
2601191121552210,2026-01-19 02:21:55.000 UTC,2026-01-19,52664,1000000064,2색 이티,1,43000,1,true,same_universe_reconstructed
2601191129414501,2026-01-19 02:29:41.000 UTC,2026-01-19,62862,1000000093,매화 2송이 1호,60,288000,1,true,same_universe_reconstructed
2601191133483752,2026-01-19 02:33:48.000 UTC,2026-01-19,62862,1000000093,매화 2송이 1호,40,192000,1,true,same_universe_reconstructed
2601191134526883,2026-01-19 02:34:52.000 UTC,2026-01-19,62864,1000000088,백리향 2단 (1호 2호),1,116000,1,true,same_universe_reconstructed
2601191137477204,2026-01-19 02:37:47.000 UTC,2026-01-19,62864,1000000087,백리향 1단 (1호 2호 3호),1,65000,1,true,same_universe_reconstructed
2601191140451195,2026-01-19 02:40:45.000 UTC,2026-01-19,62864,1000000087,백리향 1단 (1호 2호 3호),1,65000,1,true,same_universe_reconstructed
2601191215276956,2026-01-19 03:15:27.000 UTC,2026-01-19,0,1000000090,일리향 1단 (1호 2호 3호),2,26000,1,true,same_universe_reconstructed
2601191227282207,2026-01-19 03:27:28.000 UTC,2026-01-19,62829,1000000064,2색 이티,1,85000,1,true,same_universe_reconstructed
2601191227298968,2026-01-19 03:27:29.000 UTC,2026-01-19,62829,1000000064,2색 이티,1,85000,1,true,same_universe_reconstructed
2601191323379799,2026-01-19 04:23:38.000 UTC,2026-01-19,62869,1000000062,흰이티,1,80000,1,true,same_universe_reconstructed
2601191327592570,2026-01-19 04:27:59.000 UTC,2026-01-19,62870,1000000064,2색 이티,2,65000,2,true,same_universe_reconstructed
2601191335496351,2026-01-19 04:35:49.000 UTC,2026-01-19,61521,1000000088,백리향 2단 (1호 2호),1,116000,1,true,same_universe_reconstructed
2601191350220602,2026-01-19 04:50:22.000 UTC,2026-01-19,15859,1000000086,십리향 3단,1,77000,1,true,same_universe_reconstructed
2601191354406763,2026-01-19 04:54:40.000 UTC,2026-01-19,62872,1000000064,2색 이티,2,128000,2,true,same_universe_reconstructed
2601191411446544,2026-01-19 05:11:44.000 UTC,2026-01-19,20405,1000000043,모듬영양찰떡,2,67500,2,true,same_universe_reconstructed
2601191423339206,2026-01-19 05:23:33.000 UTC,2026-01-19,47111,1000000094,매화 3송이 1호,75,487500,1,true,same_universe_reconstructed
2601191424310587,2026-01-19 05:24:31.000 UTC,2026-01-19,62873,1000000113,매화 5송이 3호,26,299000,1,true,same_universe_reconstructed
2601191428049458,2026-01-19 05:28:05.000 UTC,2026-01-19,47111,1000000094,매화 3송이 1호,75,487500,1,true,same_universe_reconstructed
2601191450452959,2026-01-19 05:50:45.000 UTC,2026-01-19,0,1000000088,백리향 2단 (1호 2호),1,116000,1,true,same_universe_reconstructed
2601191454319730,2026-01-19 05:54:32.000 UTC,2026-01-19,62874,1000000093,매화 2송이 1호,30,141000,1,true,same_universe_reconstructed
2601191456323491,2026-01-19 05:56:32.000 UTC,2026-01-19,20405,1000000043,모듬영양찰떡,2,110000,2,true,same_universe_reconstructed
2601191540158792,2026-01-19 06:40:15.000 UTC,2026-01-19,0,1000000088,백리향 2단 (1호 2호),1,116000,1,true,same_universe_reconstructed
2601191559140483,2026-01-19 06:59:14.000 UTC,2026-01-19,44569,1000000088,백리향 2단 (1호 2호),1,116000,1,true,same_universe_reconstructed
2601191620005496,2026-01-19 07:20:00.000 UTC,2026-01-19,0,1000000088,백리향 2단 (1호 2호),1,115000,1,true,same_universe_reconstructed
2601191620015257,2026-01-19 07:20:01.000 UTC,2026-01-19,0,1000000088,백리향 2단 (1호 2호),1,115000,1,true,same_universe_reconstructed
2601191631210878,2026-01-19 07:31:21.000 UTC,2026-01-19,62453,1000000064,2색 이티,1,43000,1,true,same_universe_reconstructed
2601191635593089,2026-01-19 07:35:59.000 UTC,2026-01-19,62453,1000000108,매화 2송이 2호,10,46000,1,true,same_universe_reconstructed
2601191642258090,2026-01-19 07:42:25.000 UTC,2026-01-19,62879,1000000084,십리향 1단 (1호 2호 3호),5,145500,2,true,same_universe_reconstructed
2601191644172241,2026-01-19 07:44:17.000 UTC,2026-01-19,62879,1000000084,십리향 1단 (1호 2호 3호),5,145500,2,true,same_universe_reconstructed
2601191744242714,2026-01-19 08:44:24.000 UTC,2026-01-19,62884,1000000087,백리향 1단 (1호 2호 3호),1,57000,1,true,same_universe_reconstructed
2601191745488235,2026-01-19 08:45:48.000 UTC,2026-01-19,38660,1000000087,백리향 1단 (1호 2호 3호),2,114000,1,true,same_universe_reconstructed
2601191745492996,2026-01-19 08:45:49.000 UTC,2026-01-19,38660,1000000087,백리향 1단 (1호 2호 3호),2,114000,1,true,same_universe_reconstructed
2601191747065937,2026-01-19 08:47:06.000 UTC,2026-01-19,38660,1000000087,백리향 1단 (1호 2호 3호),4,228000,1,true,same_universe_reconstructed
2601191752394838,2026-01-19 08:52:39.000 UTC,2026-01-19,62885,1000000087,백리향 1단 (1호 2호 3호),1,61000,1,true,same_universe_reconstructed
2601191757355039,2026-01-19 08:57:35.000 UTC,2026-01-19,62886,1000000093,매화 2송이 1호,15,72000,1,true,same_universe_reconstructed
2601191824599860,2026-01-19 09:25:00.000 UTC,2026-01-19,0,1000000086,십리향 3단,1,81000,1,true,same_universe_reconstructed
2601191825011081,2026-01-19 09:25:01.000 UTC,2026-01-19,0,1000000086,십리향 3단,1,81000,1,true,same_universe_reconstructed
2601191844514982,2026-01-19 09:44:51.000 UTC,2026-01-19,62890,1000000094,매화 3송이 1호,50,325000,1,true,same_universe_reconstructed
2601191846093353,2026-01-19 09:46:09.000 UTC,2026-01-19,62891,1000000111,매화 3송이 3호,10,70000,1,true,same_universe_reconstructed
2601191905590714,2026-01-19 10:05:59.000 UTC,2026-01-19,62890,1000000094,매화 3송이 1호,50,325000,1,true,same_universe_reconstructed
2601191912481255,2026-01-19 10:12:48.000 UTC,2026-01-19,62894,1000000064,2색 이티,1,44500,1,true,same_universe_reconstructed
2601191943092127,2026-01-19 10:43:09.000 UTC,2026-01-19,62581,1000000063,쑥이티,1,47500,1,true,same_universe_reconstructed
2601192000530578,2026-01-19 11:00:53.000 UTC,2026-01-19,62872,1000000064,2색 이티,1,85000,1,true,same_universe_reconstructed
2601192003244299,2026-01-19 11:03:24.000 UTC,2026-01-19,62518,1000000064,2색 이티,2,44000,1,true,same_universe_reconstructed
2601192034373001,2026-01-19 11:34:37.000 UTC,2026-01-19,62893,1000000085,십리향 2단 (1호 2호 3호),1,50000,1,true,same_universe_reconstructed
2601192038140832,2026-01-19 11:38:14.000 UTC,2026-01-19,61517,1000000128,흑임자인절미,1,45000,1,true,same_universe_reconstructed
2601192038140832,2026-01-19 11:38:14.000 UTC,2026-01-19,61517,1000000144,경기 미숫가루 쫀드기,5,45000,1,true,same_universe_reconstructed
2601192040174973,2026-01-19 11:40:17.000 UTC,2026-01-19,62893,1000000087,백리향 1단 (1호 2호 3호),1,57000,1,true,same_universe_reconstructed
2601192040520734,2026-01-19 11:40:52.000 UTC,2026-01-19,62899,1000000087,백리향 1단 (1호 2호 3호),1,65000,1,true,same_universe_reconstructed
2601192046368545,2026-01-19 11:46:36.000 UTC,2026-01-19,62893,1000000087,백리향 1단 (1호 2호 3호),1,57000,1,true,same_universe_reconstructed
2601192051064276,2026-01-19 11:51:06.000 UTC,2026-01-19,62900,1000000064,2색 이티,1,43000,1,true,same_universe_reconstructed
2601192054157617,2026-01-19 11:54:15.000 UTC,2026-01-19,62893,1000000085,십리향 2단 (1호 2호 3호),2,100000,1,true,same_universe_reconstructed
2601192058284129,2026-01-19 11:58:28.000 UTC,2026-01-19,62893,1000000086,십리향 3단,1,77000,1,true,same_universe_reconstructed
2601192100043460,2026-01-19 12:00:04.000 UTC,2026-01-19,62899,1000000093,매화 2송이 1호,16,76800,1,true,same_universe_reconstructed
2601192102033831,2026-01-19 12:02:03.000 UTC,2026-01-19,62893,1000000087,백리향 1단 (1호 2호 3호),1,57000,1,true,same_universe_reconstructed
2601192202585414,2026-01-19 13:02:58.000 UTC,2026-01-19,62904,1000000087,백리향 1단 (1호 2호 3호),1,57000,1,true,same_universe_reconstructed
2601192220091305,2026-01-19 13:20:09.000 UTC,2026-01-19,62866,1000000093,매화 2송이 1호,15,72000,1,true,same_universe_reconstructed
2601192248402926,2026-01-19 13:48:40.000 UTC,2026-01-19,22907,1000000042,약식,1,22500,1,true,same_universe_reconstructed
2601192248402926,2026-01-19 13:48:40.000 UTC,2026-01-19,22907,1000000043,모듬영양찰떡,1,22500,1,true,same_universe_reconstructed
2601192248402926,2026-01-19 13:48:40.000 UTC,2026-01-19,22907,1000000045,완두시루떡,1,20000,1,true,same_universe_reconstructed
2601192248402926,2026-01-19 13:48:40.000 UTC,2026-01-19,22907,1000000064,2색 이티,1,43000,1,true,same_universe_reconstructed
2601192248402926,2026-01-19 13:48:40.000 UTC,2026-01-19,22907,1000000065,흰인절미,1,20000,1,true,same_universe_reconstructed
2601192248402926,2026-01-19 13:48:40.000 UTC,2026-01-19,22907,1000000066,쑥인절미,1,22500,1,true,same_universe_reconstructed
2601192248402926,2026-01-19 13:48:40.000 UTC,2026-01-19,22907,1000000143,"경기참기름, 경기들기름",1,13000,1,true,same_universe_reconstructed
2601200810287771,2026-01-19 23:10:28.000 UTC,2026-01-19,0,1000000064,2색 이티,1,43000,1,true,same_universe_reconstructed
2601200814303782,2026-01-19 23:14:30.000 UTC,2026-01-19,0,1000000064,2색 이티,1,43000,1,true,same_universe_reconstructed
2601200824200913,2026-01-19 23:24:20.000 UTC,2026-01-19,62914,1000000064,2색 이티,1,86500,1,true,same_universe_reconstructed
2601200839455444,2026-01-19 23:39:45.000 UTC,2026-01-19,62915,1000000153,유밀상,1,23600,1,true,same_universe_reconstructed
2601200839455444,2026-01-19 23:39:45.000 UTC,2026-01-19,62915,1000000154,화연상,1,27800,1,true,same_universe_reconstructed
2601200849030315,2026-01-19 23:49:03.000 UTC,2026-01-19,38660,1000000087,백리향 1단 (1호 2호 3호),10,570000,1,true,same_universe_reconstructed
2601200913099936,2026-01-20 00:13:10.000 UTC,2026-01-20,54126,1000000088,백리향 2단 (1호 2호),1,111000,1,true,same_universe_reconstructed
2601200913118047,2026-01-20 00:13:11.000 UTC,2026-01-20,54126,1000000088,백리향 2단 (1호 2호),1,111000,1,true,same_universe_reconstructed
2601200937160218,2026-01-20 00:37:16.000 UTC,2026-01-20,62913,1000000093,매화 2송이 1호,15,70500,1,true,same_universe_reconstructed
2601200953060009,2026-01-20 00:53:06.000 UTC,2026-01-20,0,1000000064,2색 이티,1,85000,1,true,same_universe_reconstructed
2601200955507680,2026-01-20 00:55:50.000 UTC,2026-01-20,62861,1000000092,일리향 3단,1,38000,1,true,same_universe_reconstructed
2601201000021151,2026-01-20 01:00:02.000 UTC,2026-01-20,61760,1000000086,십리향 3단,2,162000,1,true,same_universe_reconstructed
2601201043291422,2026-01-20 01:43:29.000 UTC,2026-01-20,0,1000000064,2색 이티,2,128000,2,true,same_universe_reconstructed
2601201049091333,2026-01-20 01:49:09.000 UTC,2026-01-20,0,1000000064,2색 이티,1,43000,1,true,same_universe_reconstructed
2601201052501084,2026-01-20 01:52:50.000 UTC,2026-01-20,43192,1000000083,백설기,1,45000,1,true,same_universe_reconstructed
2601201102317275,2026-01-20 02:02:31.000 UTC,2026-01-20,62831,1000000064,2색 이티,1,43000,1,true,same_universe_reconstructed
2601201102557066,2026-01-20 02:02:55.000 UTC,2026-01-20,62921,1000000090,일리향 1단 (1호 2호 3호),30,390000,1,true,same_universe_reconstructed
2601201114190837,2026-01-20 02:14:19.000 UTC,2026-01-20,62920,1000000063,쑥이티,1,23500,1,true,same_universe_reconstructed
2601201114190837,2026-01-20 02:14:19.000 UTC,2026-01-20,62920,1000000064,2색 이티,1,22000,1,true,same_universe_reconstructed
2601201114190837,2026-01-20 02:14:19.000 UTC,2026-01-20,62920,1000000127,흑임자이티,1,23500,1,true,same_universe_reconstructed
2601201114222948,2026-01-20 02:14:22.000 UTC,2026-01-20,62920,1000000063,쑥이티,1,23500,1,true,same_universe_reconstructed
2601201114222948,2026-01-20 02:14:22.000 UTC,2026-01-20,62920,1000000064,2색 이티,1,22000,1,true,same_universe_reconstructed
2601201114222948,2026-01-20 02:14:22.000 UTC,2026-01-20,62920,1000000127,흑임자이티,1,23500,1,true,same_universe_reconstructed
2601201143009260,2026-01-20 02:43:00.000 UTC,2026-01-20,0,1000000064,2색 이티,2,128000,2,true,same_universe_reconstructed
2601201150214721,2026-01-20 02:50:21.000 UTC,2026-01-20,58173,1000000088,백리향 2단 (1호 2호),1,115000,1,true,same_universe_reconstructed
2601201154444522,2026-01-20 02:54:44.000 UTC,2026-01-20,0,1000000088,백리향 2단 (1호 2호),1,120000,1,true,same_universe_reconstructed
2601201209359924,2026-01-20 03:09:36.000 UTC,2026-01-20,57564,1000000084,십리향 1단 (1호 2호 3호),1,27000,1,true,same_universe_reconstructed
2601201215388325,2026-01-20 03:15:38.000 UTC,2026-01-20,62924,1000000087,백리향 1단 (1호 2호 3호),1,61000,1,true,same_universe_reconstructed
2601201231189696,2026-01-20 03:31:19.000 UTC,2026-01-20,58173,1000000088,백리향 2단 (1호 2호),1,115000,1,true,same_universe_reconstructed
2601201316553157,2026-01-20 04:16:55.000 UTC,2026-01-20,62925,1000000093,매화 2송이 1호,50,235000,1,true,same_universe_reconstructed
2601201337243498,2026-01-20 04:37:24.000 UTC,2026-01-20,62926,1000000064,2색 이티,2,86000,1,true,same_universe_reconstructed
2601201339216149,2026-01-20 04:39:21.000 UTC,2026-01-20,0,1000000087,백리향 1단 (1호 2호 3호),1,65000,1,true,same_universe_reconstructed
2601201340289660,2026-01-20 04:40:29.000 UTC,2026-01-20,62926,1000000064,2색 이티,2,86000,1,true,same_universe_reconstructed
2601201342446021,2026-01-20 04:42:44.000 UTC,2026-01-20,62926,1000000064,2색 이티,2,86000,1,true,same_universe_reconstructed
2601201413429292,2026-01-20 05:13:43.000 UTC,2026-01-20,62929,1000000064,2색 이티,8,176000,1,true,same_universe_reconstructed
2601201453336037,2026-01-20 05:53:33.000 UTC,2026-01-20,62931,1000000064,2색 이티,2,128000,2,true,same_universe_reconstructed
2601201455387339,2026-01-20 05:55:38.000 UTC,2026-01-20,62930,1000000093,매화 2송이 1호,150,705000,1,true,same_universe_reconstructed
2601201537047672,2026-01-20 06:37:04.000 UTC,2026-01-20,50643,1000000086,십리향 3단,1,81000,1,true,same_universe_reconstructed
2601201549095623,2026-01-20 06:49:09.000 UTC,2026-01-20,62935,1000000064,2색 이티,2,86000,1,true,same_universe_reconstructed
2601201630434244,2026-01-20 07:30:43.000 UTC,2026-01-20,62936,1000000111,매화 3송이 3호,50,355000,1,true,same_universe_reconstructed
2601201636205815,2026-01-20 07:36:20.000 UTC,2026-01-20,58355,1000000086,십리향 3단,1,81000,1,true,same_universe_reconstructed
2601201637071206,2026-01-20 07:37:07.000 UTC,2026-01-20,62940,1000000092,일리향 3단,1,37000,1,true,same_universe_reconstructed
2601201637198627,2026-01-20 07:37:19.000 UTC,2026-01-20,62941,1000000093,매화 2송이 1호,15,70500,1,true,same_universe_reconstructed
2601201637595668,2026-01-20 07:37:59.000 UTC,2026-01-20,0,1000000088,백리향 2단 (1호 2호),1,111000,1,true,same_universe_reconstructed
2601201639127829,2026-01-20 07:39:12.000 UTC,2026-01-20,62941,1000000093,매화 2송이 1호,15,70500,1,true,same_universe_reconstructed
2601201641123700,2026-01-20 07:41:12.000 UTC,2026-01-20,62941,1000000093,매화 2송이 1호,15,70500,1,true,same_universe_reconstructed
2601201744011701,2026-01-20 08:44:01.000 UTC,2026-01-20,62823,1000000062,흰이티,1,21000,1,true,same_universe_reconstructed
2601201744011701,2026-01-20 08:44:01.000 UTC,2026-01-20,62823,1000000064,2색 이티,2,66500,2,true,same_universe_reconstructed
2601201807291663,2026-01-20 09:07:29.000 UTC,2026-01-20,62946,1000000088,백리향 2단 (1호 2호),1,120000,1,true,same_universe_reconstructed
2601202004172775,2026-01-20 11:04:17.000 UTC,2026-01-20,0,1000000064,2색 이티,1,43000,1,true,same_universe_reconstructed
2601202005020826,2026-01-20 11:05:02.000 UTC,2026-01-20,62950,1000000064,2색 이티,2,65000,2,true,same_universe_reconstructed
2601202018242697,2026-01-20 11:18:24.000 UTC,2026-01-20,47372,1000000088,백리향 2단 (1호 2호),1,111000,1,true,same_universe_reconstructed
2601202021467838,2026-01-20 11:21:46.000 UTC,2026-01-20,58846,1000000088,백리향 2단 (1호 2호),2,240000,1,true,same_universe_reconstructed
2601202111047139,2026-01-20 12:11:04.000 UTC,2026-01-20,62952,1000000088,백리향 2단 (1호 2호),1,120000,1,true,same_universe_reconstructed
2601202124394780,2026-01-20 12:24:39.000 UTC,2026-01-20,62721,1000000062,흰이티,1,80000,1,true,same_universe_reconstructed
2601202156513401,2026-01-20 12:56:51.000 UTC,2026-01-20,61899,1000000033,가래떡(40개) 4kg,1,45000,1,true,same_universe_reconstructed
2601202156513401,2026-01-20 12:56:51.000 UTC,2026-01-20,61899,1000000042,약식,1,22500,1,true,same_universe_reconstructed
2601202156513401,2026-01-20 12:56:51.000 UTC,2026-01-20,61899,1000000127,흑임자이티,1,23500,1,true,same_universe_reconstructed
2601202206042262,2026-01-20 13:06:04.000 UTC,2026-01-20,0,1000000064,2색 이티,2,128000,2,true,same_universe_reconstructed
2601202258536043,2026-01-20 13:58:53.000 UTC,2026-01-20,62794,1000000043,모듬영양찰떡,1,22500,1,true,same_universe_reconstructed
2601202258536043,2026-01-20 13:58:53.000 UTC,2026-01-20,62794,1000000088,백리향 2단 (1호 2호),1,120000,1,true,same_universe_reconstructed
2601202302596554,2026-01-20 14:02:59.000 UTC,2026-01-20,26531,1000000062,흰이티,1,21000,1,true,same_universe_reconstructed
2601202302596554,2026-01-20 14:02:59.000 UTC,2026-01-20,26531,1000000064,2색 이티,1,22000,1,true,same_universe_reconstructed
2601202334166305,2026-01-20 14:34:16.000 UTC,2026-01-20,62958,1000000086,십리향 3단,1,81000,1,true,same_universe_reconstructed
2601210820155474,2026-01-20 23:20:15.000 UTC,2026-01-20,62964,1000000093,매화 2송이 1호,18,86400,1,true,same_universe_reconstructed
2601210820170335,2026-01-20 23:20:17.000 UTC,2026-01-20,62964,1000000093,매화 2송이 1호,18,86400,1,true,same_universe_reconstructed
2601210834572036,2026-01-20 23:34:57.000 UTC,2026-01-20,62964,1000000093,매화 2송이 1호,25,120000,1,true,same_universe_reconstructed
2601210834593557,2026-01-20 23:34:59.000 UTC,2026-01-20,62964,1000000093,매화 2송이 1호,25,120000,1,true,same_universe_reconstructed
2601210847029238,2026-01-20 23:47:02.000 UTC,2026-01-20,62922,1000000064,2색 이티,2,65000,2,true,same_universe_reconstructed
2601210857517049,2026-01-20 23:57:51.000 UTC,2026-01-20,62922,1000000062,흰이티,2,62000,2,true,same_universe_reconstructed
2601210911231740,2026-01-21 00:11:23.000 UTC,2026-01-21,62968,1000000064,2색 이티,1,44500,1,true,same_universe_reconstructed
2601210911331561,2026-01-21 00:11:33.000 UTC,2026-01-21,62947,1000000064,2색 이티,1,85000,1,true,same_universe_reconstructed
2601210912487842,2026-01-21 00:12:48.000 UTC,2026-01-21,62967,1000000088,백리향 2단 (1호 2호),1,120000,1,true,same_universe_reconstructed
2601210913288263,2026-01-21 00:13:28.000 UTC,2026-01-21,62947,1000000064,2색 이티,1,85000,1,true,same_universe_reconstructed
2601210913303454,2026-01-21 00:13:30.000 UTC,2026-01-21,62947,1000000064,2색 이티,1,85000,1,true,same_universe_reconstructed
2601210915317235,2026-01-21 00:15:31.000 UTC,2026-01-21,62853,1000000085,십리향 2단 (1호 2호 3호),2,102000,1,true,same_universe_reconstructed
2601210915317235,2026-01-21 00:15:31.000 UTC,2026-01-21,62853,1000000090,일리향 1단 (1호 2호 3호),2,26000,1,true,same_universe_reconstructed
2601210924357509,2026-01-21 00:24:35.000 UTC,2026-01-21,34596,1000000093,매화 2송이 1호,12,57600,1,true,same_universe_reconstructed
2601210930264200,2026-01-21 00:30:26.000 UTC,2026-01-21,62969,1000000064,2색 이티,1,85000,1,true,same_universe_reconstructed
2601210935196861,2026-01-21 00:35:19.000 UTC,2026-01-21,62971,1000000063,쑥이티,1,46000,1,true,same_universe_reconstructed
2601210942429852,2026-01-21 00:42:43.000 UTC,2026-01-21,62972,1000000064,2색 이티,1,43000,1,true,same_universe_reconstructed
2601210953533196,2026-01-21 00:53:53.000 UTC,2026-01-21,61760,1000000088,백리향 2단 (1호 2호),2,240000,1,true,same_universe_reconstructed
2601210957538818,2026-01-21 00:57:53.000 UTC,2026-01-21,61760,1000000088,백리향 2단 (1호 2호),2,240000,1,true,same_universe_reconstructed
2601210958459199,2026-01-21 00:58:45.000 UTC,2026-01-21,0,1000000087,백리향 1단 (1호 2호 3호),1,65000,1,true,same_universe_reconstructed
2601211001549030,2026-01-21 01:01:54.000 UTC,2026-01-21,62955,1000000064,2색 이티,1,85000,1,true,same_universe_reconstructed
2601211006046032,2026-01-21 01:06:04.000 UTC,2026-01-21,62977,1000000062,흰이티,8,640000,1,true,same_universe_reconstructed
2601211006172533,2026-01-21 01:06:17.000 UTC,2026-01-21,0,1000000087,백리향 1단 (1호 2호 3호),1,61000,1,true,same_universe_reconstructed
2601211007105685,2026-01-21 01:07:10.000 UTC,2026-01-21,62955,1000000064,2색 이티,1,85000,1,true,same_universe_reconstructed
2601211016071137,2026-01-21 01:16:07.000 UTC,2026-01-21,52585,1000000088,백리향 2단 (1호 2호),1,111000,1,true,same_universe_reconstructed
2601211025232149,2026-01-21 01:25:23.000 UTC,2026-01-21,0,1000000064,2색 이티,2,86000,1,true,same_universe_reconstructed
2601211026256260,2026-01-21 01:26:25.000 UTC,2026-01-21,0,1000000064,2색 이티,2,86000,1,true,same_universe_reconstructed
2601211035254181,2026-01-21 01:35:25.000 UTC,2026-01-21,58393,1000000064,2색 이티,1,43000,1,true,same_universe_reconstructed
2601211037211072,2026-01-21 01:37:21.000 UTC,2026-01-21,62980,1000000093,매화 2송이 1호,18,86400,1,true,same_universe_reconstructed
2601211040528413,2026-01-21 01:40:52.000 UTC,2026-01-21,62979,1000000085,십리향 2단 (1호 2호 3호),1,49000,1,true,same_universe_reconstructed
2601211045115245,2026-01-21 01:45:11.000 UTC,2026-01-21,0,1000000064,2색 이티,2,86000,1,true,same_universe_reconstructed
2601211045232386,2026-01-21 01:45:23.000 UTC,2026-01-21,62981,1000000093,매화 2송이 1호,70,336000,1,true,same_universe_reconstructed
2601211050176887,2026-01-21 01:50:17.000 UTC,2026-01-21,0,1000000045,완두시루떡,1,41500,1,true,same_universe_reconstructed
2601211050176887,2026-01-21 01:50:17.000 UTC,2026-01-21,0,1000000064,2색 이티,1,44500,1,true,same_universe_reconstructed
2601211102060108,2026-01-21 02:02:06.000 UTC,2026-01-21,61877,1000000064,2색 이티,1,43000,1,true,same_universe_reconstructed
2601211118379799,2026-01-21 02:18:38.000 UTC,2026-01-21,0,1000000088,백리향 2단 (1호 2호),1,111000,1,true,same_universe_reconstructed
2601211127216940,2026-01-21 02:27:21.000 UTC,2026-01-21,62979,1000000086,십리향 3단,1,77000,1,true,same_universe_reconstructed
2601211143586011,2026-01-21 02:43:58.000 UTC,2026-01-21,62987,1000000069,설기세트,4,303680,1,true,same_universe_reconstructed
2601211144332822,2026-01-21 02:44:33.000 UTC,2026-01-21,62966,1000000093,매화 2송이 1호,62,297600,1,true,same_universe_reconstructed
2601211146015263,2026-01-21 02:46:01.000 UTC,2026-01-21,62966,1000000093,매화 2송이 1호,62,297600,1,true,same_universe_reconstructed
2601211239522996,2026-01-21 03:39:52.000 UTC,2026-01-21,34596,1000000093,매화 2송이 1호,12,57600,1,true,same_universe_reconstructed
2601211239562497,2026-01-21 03:39:56.000 UTC,2026-01-21,62990,1000000111,매화 3송이 3호,90,639000,1,true,same_universe_reconstructed
2601211240142968,2026-01-21 03:40:14.000 UTC,2026-01-21,47597,1000000083,백설기,1,45000,1,true,same_universe_reconstructed
2601211246173449,2026-01-21 03:46:17.000 UTC,2026-01-21,62993,1000000088,백리향 2단 (1호 2호),2,240000,1,true,same_universe_reconstructed
2601211247443180,2026-01-21 03:47:44.000 UTC,2026-01-21,47597,1000000064,2색 이티,2,65000,2,true,same_universe_reconstructed
2601211251544991,2026-01-21 03:51:54.000 UTC,2026-01-21,62989,1000000093,매화 2송이 1호,15,70500,1,true,same_universe_reconstructed
2601211255556782,2026-01-21 03:55:55.000 UTC,2026-01-21,62658,1000000062,흰이티,3,201000,2,true,same_universe_reconstructed
2601211255556782,2026-01-21 03:55:55.000 UTC,2026-01-21,62658,1000000069,설기세트,3,190760,2,true,same_universe_reconstructed
2601211258171343,2026-01-21 03:58:17.000 UTC,2026-01-21,62989,1000000093,매화 2송이 1호,15,70500,1,true,same_universe_reconstructed
2601211315082704,2026-01-21 04:15:08.000 UTC,2026-01-21,0,1000000064,2색 이티,1,43000,1,true,same_universe_reconstructed
2601211315093965,2026-01-21 04:15:09.000 UTC,2026-01-21,0,1000000064,2색 이티,1,43000,1,true,same_universe_reconstructed
2601211315107436,2026-01-21 04:15:10.000 UTC,2026-01-21,0,1000000064,2색 이티,1,43000,1,true,same_universe_reconstructed
2601211317217487,2026-01-21 04:17:21.000 UTC,2026-01-21,62947,1000000064,2색 이티,1,43000,1,true,same_universe_reconstructed
2601211319108998,2026-01-21 04:19:10.000 UTC,2026-01-21,62856,1000000111,매화 3송이 3호,70,490000,1,true,same_universe_reconstructed
2601211323405579,2026-01-21 04:23:40.000 UTC,2026-01-21,0,1000000064,2색 이티,5,425000,1,true,same_universe_reconstructed
2601211332465510,2026-01-21 04:32:46.000 UTC,2026-01-21,0,1000000064,2색 이티,9,702000,2,true,same_universe_reconstructed
2601211354299144,2026-01-21 04:54:29.000 UTC,2026-01-21,53640,1000000064,2색 이티,2,65000,2,true,same_universe_reconstructed
2601211354313685,2026-01-21 04:54:31.000 UTC,2026-01-21,53640,1000000064,2색 이티,2,65000,2,true,same_universe_reconstructed
2601211412401666,2026-01-21 05:12:40.000 UTC,2026-01-21,54224,1000000087,백리향 1단 (1호 2호 3호),2,130000,1,true,same_universe_reconstructed
2601211420104717,2026-01-21 05:20:10.000 UTC,2026-01-21,11706,1000000064,2색 이티,2,128000,2,true,same_universe_reconstructed
2601211423598888,2026-01-21 05:23:59.000 UTC,2026-01-21,36519,1000000064,2색 이티,1,43000,1,true,same_universe_reconstructed
2601211427173019,2026-01-21 05:27:17.000 UTC,2026-01-21,62996,1000000093,매화 2송이 1호,100,480000,1,true,same_universe_reconstructed
2601211427173019,2026-01-21 05:27:17.000 UTC,2026-01-21,62996,1000000108,매화 2송이 2호,50,230000,1,true,same_universe_reconstructed
2601211429263470,2026-01-21 05:29:26.000 UTC,2026-01-21,62986,1000000093,매화 2송이 1호,23,110400,1,true,same_universe_reconstructed
2601211432099081,2026-01-21 05:32:09.000 UTC,2026-01-21,62996,1000000093,매화 2송이 1호,100,480000,1,true,same_universe_reconstructed
2601211432099081,2026-01-21 05:32:09.000 UTC,2026-01-21,62996,1000000108,매화 2송이 2호,50,230000,1,true,same_universe_reconstructed
2601211433372022,2026-01-21 05:33:37.000 UTC,2026-01-21,62986,1000000093,매화 2송이 1호,16,76800,1,true,same_universe_reconstructed
2601211439390463,2026-01-21 05:39:39.000 UTC,2026-01-21,62602,1000000086,십리향 3단,1,77000,1,true,same_universe_reconstructed
2601211444527125,2026-01-21 05:44:52.000 UTC,2026-01-21,62602,1000000086,십리향 3단,1,77000,1,true,same_universe_reconstructed
2601211521505387,2026-01-21 06:21:50.000 UTC,2026-01-21,62997,1000000086,십리향 3단,1,77000,1,true,same_universe_reconstructed
2601211540022668,2026-01-21 06:40:02.000 UTC,2026-01-21,62827,1000000112,매화 5송이 2호,11,126500,1,true,same_universe_reconstructed
2601211540359909,2026-01-21 06:40:36.000 UTC,2026-01-21,62999,1000000087,백리향 1단 (1호 2호 3호),1,57000,1,true,same_universe_reconstructed
2601211610191630,2026-01-21 07:10:19.000 UTC,2026-01-21,0,1000000088,백리향 2단 (1호 2호),1,116000,1,true,same_universe_reconstructed
2601211614274321,2026-01-21 07:14:27.000 UTC,2026-01-21,0,1000000088,백리향 2단 (1호 2호),1,116000,1,true,same_universe_reconstructed
2601211616496062,2026-01-21 07:16:49.000 UTC,2026-01-21,62797,1000000121,깨송편 1kg,1,19000,1,true,same_universe_reconstructed
2601211619568643,2026-01-21 07:19:56.000 UTC,2026-01-21,62997,1000000086,십리향 3단,1,77000,1,true,same_universe_reconstructed
2601211619588774,2026-01-21 07:19:58.000 UTC,2026-01-21,62997,1000000086,십리향 3단,1,77000,1,true,same_universe_reconstructed
2601211624356765,2026-01-21 07:24:35.000 UTC,2026-01-21,62886,1000000093,매화 2송이 1호,22,105600,1,true,same_universe_reconstructed
2601211641373616,2026-01-21 07:41:37.000 UTC,2026-01-21,63001,1000000062,흰이티,2,62000,2,true,same_universe_reconstructed
2601211700379177,2026-01-21 08:00:38.000 UTC,2026-01-21,51831,1000000043,모듬영양찰떡,1,22500,1,true,same_universe_reconstructed
2601211700379177,2026-01-21 08:00:38.000 UTC,2026-01-21,51831,1000000064,2색 이티,1,43000,1,true,same_universe_reconstructed
2601211700379177,2026-01-21 08:00:38.000 UTC,2026-01-21,51831,1000000127,흑임자이티,1,23500,1,true,same_universe_reconstructed
2601211721169328,2026-01-21 08:21:16.000 UTC,2026-01-21,54501,1000000064,2색 이티,3,66000,1,true,same_universe_reconstructed
2601211721401229,2026-01-21 08:21:40.000 UTC,2026-01-21,63004,1000000064,2색 이티,2,170000,1,true,same_universe_reconstructed
2601211722273880,2026-01-21 08:22:27.000 UTC,2026-01-21,39405,1000000087,백리향 1단 (1호 2호 3호),4,228000,1,true,same_universe_reconstructed
2601211723148751,2026-01-21 08:23:14.000 UTC,2026-01-21,63003,1000000093,매화 2송이 1호,64,307200,1,true,same_universe_reconstructed
2601211728060233,2026-01-21 08:28:06.000 UTC,2026-01-21,62944,1000000090,일리향 1단 (1호 2호 3호),26,338000,1,true,same_universe_reconstructed
2601211731003495,2026-01-21 08:31:00.000 UTC,2026-01-21,0,1000000093,매화 2송이 1호,50,240000,1,true,same_universe_reconstructed
2601211735044416,2026-01-21 08:35:04.000 UTC,2026-01-21,62762,1000000064,2색 이티,4,88000,1,true,same_universe_reconstructed
2601211740082527,2026-01-21 08:40:08.000 UTC,2026-01-21,63005,1000000112,매화 5송이 2호,10,115000,1,true,same_universe_reconstructed
2601211756071948,2026-01-21 08:56:07.000 UTC,2026-01-21,62910,1000000062,흰이티,1,41000,1,true,same_universe_reconstructed
2601211756071948,2026-01-21 08:56:07.000 UTC,2026-01-21,62910,1000000063,쑥이티,1,46000,1,true,same_universe_reconstructed
2601211756071948,2026-01-21 08:56:07.000 UTC,2026-01-21,62910,1000000064,2색 이티,1,43000,1,true,same_universe_reconstructed
2601211805363059,2026-01-21 09:05:36.000 UTC,2026-01-21,63006,1000000064,2색 이티,1,85000,1,true,same_universe_reconstructed
2601211831201490,2026-01-21 09:31:20.000 UTC,2026-01-21,63008,1000000093,매화 2송이 1호,20,96000,1,true,same_universe_reconstructed
2601211843220052,2026-01-21 09:43:22.000 UTC,2026-01-21,63009,1000000064,2색 이티,1,85000,1,true,same_universe_reconstructed
2601211845531203,2026-01-21 09:45:53.000 UTC,2026-01-21,62910,1000000062,흰이티,1,41000,1,true,same_universe_reconstructed
2601211845531203,2026-01-21 09:45:53.000 UTC,2026-01-21,62910,1000000063,쑥이티,1,46000,1,true,same_universe_reconstructed
2601211845531203,2026-01-21 09:45:53.000 UTC,2026-01-21,62910,1000000064,2색 이티,1,43000,1,true,same_universe_reconstructed
2601211931319275,2026-01-21 10:31:31.000 UTC,2026-01-21,63008,1000000093,매화 2송이 1호,20,96000,1,true,same_universe_reconstructed
2601211935176146,2026-01-21 10:35:17.000 UTC,2026-01-21,62501,1000000064,2색 이티,1,22000,1,true,same_universe_reconstructed
2601211935176146,2026-01-21 10:35:17.000 UTC,2026-01-21,62501,1000000090,일리향 1단 (1호 2호 3호),1,13000,1,true,same_universe_reconstructed
2601211935176146,2026-01-21 10:35:17.000 UTC,2026-01-21,62501,1000000091,일리향 2단 (1호 2호 3호),3,78000,1,true,same_universe_reconstructed
2601211935193717,2026-01-21 10:35:19.000 UTC,2026-01-21,62501,1000000064,2색 이티,1,22000,1,true,same_universe_reconstructed
2601211935193717,2026-01-21 10:35:19.000 UTC,2026-01-21,62501,1000000090,일리향 1단 (1호 2호 3호),1,13000,1,true,same_universe_reconstructed
2601211935193717,2026-01-21 10:35:19.000 UTC,2026-01-21,62501,1000000091,일리향 2단 (1호 2호 3호),3,78000,1,true,same_universe_reconstructed
2601211955412678,2026-01-21 10:55:41.000 UTC,2026-01-21,63012,1000000064,2색 이티,50,2225000,1,true,same_universe_reconstructed
2601212145353369,2026-01-21 12:45:35.000 UTC,2026-01-21,13804,1000000035,떡국떡 500g,4,24000,1,true,same_universe_reconstructed
2601212145353369,2026-01-21 12:45:35.000 UTC,2026-01-21,13804,1000000042,약식,1,22500,1,true,same_universe_reconstructed
2601212145353369,2026-01-21 12:45:35.000 UTC,2026-01-21,13804,1000000065,흰인절미,1,40000,1,true,same_universe_reconstructed
2601212145353369,2026-01-21 12:45:35.000 UTC,2026-01-21,13804,1000000083,백설기,1,45000,1,true,same_universe_reconstructed
2601212221210310,2026-01-21 13:21:21.000 UTC,2026-01-21,62945,1000000064,2색 이티,1,22000,1,true,same_universe_reconstructed
2601212221210310,2026-01-21 13:21:21.000 UTC,2026-01-21,62945,1000000092,일리향 3단,2,76000,1,true,same_universe_reconstructed
2601212224422421,2026-01-21 13:24:42.000 UTC,2026-01-21,63017,1000000092,일리향 3단,2,76000,1,true,same_universe_reconstructed
2601212338056812,2026-01-21 14:38:05.000 UTC,2026-01-21,63021,1000000066,쑥인절미,1,22500,1,true,same_universe_reconstructed
2601212338056812,2026-01-21 14:38:05.000 UTC,2026-01-21,63021,1000000142,경기 미숫가루,1,15000,1,true,same_universe_reconstructed
2601220731151941,2026-01-21 22:31:15.000 UTC,2026-01-21,0,1000000093,매화 2송이 1호,15,72000,1,true,same_universe_reconstructed
2601220738306212,2026-01-21 22:38:30.000 UTC,2026-01-21,0,1000000093,매화 2송이 1호,15,72000,1,true,same_universe_reconstructed
2601220741260943,2026-01-21 22:41:26.000 UTC,2026-01-21,0,1000000093,매화 2송이 1호,15,72000,1,true,same_universe_reconstructed
2601220805248584,2026-01-21 23:05:24.000 UTC,2026-01-21,63027,1000000093,매화 2송이 1호,22,103400,1,true,same_universe_reconstructed
2601220829257205,2026-01-21 23:29:25.000 UTC,2026-01-21,0,1000000088,백리향 2단 (1호 2호),1,111000,1,true,same_universe_reconstructed
2601220829280066,2026-01-21 23:29:28.000 UTC,2026-01-21,0,1000000088,백리향 2단 (1호 2호),1,111000,1,true,same_universe_reconstructed
2601220836086707,2026-01-21 23:36:08.000 UTC,2026-01-21,61741,1000000042,약식,1,87500,1,true,same_universe_reconstructed
2601220839084848,2026-01-21 23:39:08.000 UTC,2026-01-21,63030,1000000064,2색 이티,1,85000,1,true,same_universe_reconstructed
2601220839106119,2026-01-21 23:39:10.000 UTC,2026-01-21,63030,1000000064,2색 이티,1,85000,1,true,same_universe_reconstructed
2601220843297470,2026-01-21 23:43:29.000 UTC,2026-01-21,63030,1000000064,2색 이티,1,85000,1,true,same_universe_reconstructed
2601220926071641,2026-01-22 00:26:07.000 UTC,2026-01-22,63031,1000000156,기원상,2,53000,1,true,same_universe_reconstructed
2601220952269022,2026-01-22 00:52:26.000 UTC,2026-01-22,62886,1000000093,매화 2송이 1호,35,168000,1,true,same_universe_reconstructed
2601220956117193,2026-01-22 00:56:11.000 UTC,2026-01-22,62886,1000000093,매화 2송이 1호,35,168000,1,true,same_universe_reconstructed
2601221012067384,2026-01-22 01:12:06.000 UTC,2026-01-22,63010,1000000064,2색 이티,1,86500,1,true,same_universe_reconstructed
2601221050021968,2026-01-22 01:50:02.000 UTC,2026-01-22,47214,1000000045,완두시루떡,1,40000,1,true,same_universe_reconstructed
2601221050021968,2026-01-22 01:50:02.000 UTC,2026-01-22,47214,1000000064,2색 이티,1,43000,1,true,same_universe_reconstructed
2601221051005129,2026-01-22 01:51:00.000 UTC,2026-01-22,63033,1000000087,백리향 1단 (1호 2호 3호),1,61000,1,true,same_universe_reconstructed
2601221052467060,2026-01-22 01:52:46.000 UTC,2026-01-22,0,1000000093,매화 2송이 1호,20,96000,1,true,same_universe_reconstructed
2601221110069351,2026-01-22 02:10:07.000 UTC,2026-01-22,62934,1000000062,흰이티,1,21000,1,true,same_universe_reconstructed
2601221110069351,2026-01-22 02:10:07.000 UTC,2026-01-22,62934,1000000063,쑥이티,1,23500,1,true,same_universe_reconstructed
2601221110069351,2026-01-22 02:10:07.000 UTC,2026-01-22,62934,1000000127,흑임자이티,1,23500,1,true,same_universe_reconstructed
2601221201385773,2026-01-22 03:01:38.000 UTC,2026-01-22,52292,1000000092,일리향 3단,1,37000,1,true,same_universe_reconstructed
2601221222407474,2026-01-22 03:22:40.000 UTC,2026-01-22,63037,1000000085,십리향 2단 (1호 2호 3호),1,51000,1,true,same_universe_reconstructed
2601221222421125,2026-01-22 03:22:42.000 UTC,2026-01-22,63037,1000000085,십리향 2단 (1호 2호 3호),1,51000,1,true,same_universe_reconstructed
2601221222435336,2026-01-22 03:22:43.000 UTC,2026-01-22,63037,1000000085,십리향 2단 (1호 2호 3호),1,51000,1,true,same_universe_reconstructed
2601221229400227,2026-01-22 03:29:40.000 UTC,2026-01-22,63038,1000000044,고구마찰떡,1,22500,1,true,same_universe_reconstructed
2601221229400227,2026-01-22 03:29:40.000 UTC,2026-01-22,63038,1000000064,2색 이티,1,22000,1,true,same_universe_reconstructed
2601221304525818,2026-01-22 04:04:52.000 UTC,2026-01-22,0,1000000045,완두시루떡,1,41500,1,true,same_universe_reconstructed
2601221304525818,2026-01-22 04:04:52.000 UTC,2026-01-22,0,1000000064,2색 이티,1,44500,1,true,same_universe_reconstructed
2601221314262649,2026-01-22 04:14:26.000 UTC,2026-01-22,63039,1000000062,흰이티,1,81500,1,true,same_universe_reconstructed
2601221318047981,2026-01-22 04:18:04.000 UTC,2026-01-22,63039,1000000062,흰이티,1,81500,1,true,same_universe_reconstructed
2601221319113002,2026-01-22 04:19:11.000 UTC,2026-01-22,63039,1000000062,흰이티,1,81500,1,true,same_universe_reconstructed
2601221319121303,2026-01-22 04:19:12.000 UTC,2026-01-22,63039,1000000062,흰이티,1,81500,1,true,same_universe_reconstructed
2601221337025006,2026-01-22 04:37:02.000 UTC,2026-01-22,62922,1000000062,흰이티,1,21000,1,true,same_universe_reconstructed
2601221337025006,2026-01-22 04:37:02.000 UTC,2026-01-22,62922,1000000064,2색 이티,1,85000,1,true,same_universe_reconstructed
2601221345363377,2026-01-22 04:45:36.000 UTC,2026-01-22,0,1000000093,매화 2송이 1호,20,96000,1,true,same_universe_reconstructed
2601221405182069,2026-01-22 05:05:18.000 UTC,2026-01-22,0,1000000108,매화 2송이 2호,29,130500,1,true,same_universe_reconstructed
2601221422302500,2026-01-22 05:22:30.000 UTC,2026-01-22,0,1000000064,2색 이티,1,85000,1,true,same_universe_reconstructed
2601221422540611,2026-01-22 05:22:54.000 UTC,2026-01-22,63030,1000000064,2색 이티,1,85000,1,true,same_universe_reconstructed
2601221424135322,2026-01-22 05:24:13.000 UTC,2026-01-22,0,1000000043,모듬영양찰떡,1,22500,1,true,same_universe_reconstructed
2601221424135322,2026-01-22 05:24:13.000 UTC,2026-01-22,0,1000000045,완두시루떡,1,20000,1,true,same_universe_reconstructed
2601221424135322,2026-01-22 05:24:13.000 UTC,2026-01-22,0,1000000062,흰이티,1,21000,1,true,same_universe_reconstructed
2601221424135322,2026-01-22 05:24:13.000 UTC,2026-01-22,0,1000000064,2색 이티,1,43000,1,true,same_universe_reconstructed
2601221444072053,2026-01-22 05:44:07.000 UTC,2026-01-22,62922,1000000064,2색 이티,2,107000,2,true,same_universe_reconstructed
2601221444088014,2026-01-22 05:44:08.000 UTC,2026-01-22,62922,1000000064,2색 이티,2,107000,2,true,same_universe_reconstructed
2601221445037765,2026-01-22 05:45:03.000 UTC,2026-01-22,63043,1000000086,십리향 3단,1,81000,1,true,same_universe_reconstructed
2601221449015896,2026-01-22 05:49:01.000 UTC,2026-01-22,62922,1000000062,흰이티,1,21000,1,true,same_universe_reconstructed
2601221449015896,2026-01-22 05:49:01.000 UTC,2026-01-22,62922,1000000064,2색 이티,1,85000,1,true,same_universe_reconstructed
2601221519145397,2026-01-22 06:19:14.000 UTC,2026-01-22,47372,1000000088,백리향 2단 (1호 2호),1,111000,1,true,same_universe_reconstructed
2601221538486208,2026-01-22 06:38:48.000 UTC,2026-01-22,62834,1000000042,약식,1,45000,1,true,same_universe_reconstructed
2601221538486208,2026-01-22 06:38:48.000 UTC,2026-01-22,62834,1000000045,완두시루떡,1,77000,1,true,same_universe_reconstructed
2601221538486208,2026-01-22 06:38:48.000 UTC,2026-01-22,62834,1000000072,마스코바도 흑임자설기,1,40000,1,true,same_universe_reconstructed
2601221613491230,2026-01-22 07:13:49.000 UTC,2026-01-22,33582,1000000064,2색 이티,1,43000,1,true,same_universe_reconstructed
2601221613491230,2026-01-22 07:13:49.000 UTC,2026-01-22,33582,1000000094,매화 3송이 1호,10,65000,1,true,same_universe_reconstructed
2601221616384841,2026-01-22 07:16:38.000 UTC,2026-01-22,33582,1000000064,2색 이티,1,43000,1,true,same_universe_reconstructed
2601221616384841,2026-01-22 07:16:38.000 UTC,2026-01-22,33582,1000000094,매화 3송이 1호,10,65000,1,true,same_universe_reconstructed
2601221619221894,2026-01-22 07:19:22.000 UTC,2026-01-22,33582,1000000064,2색 이티,1,43000,1,true,same_universe_reconstructed
2601221619221894,2026-01-22 07:19:22.000 UTC,2026-01-22,33582,1000000094,매화 3송이 1호,10,65000,1,true,same_universe_reconstructed
2601221622269276,2026-01-22 07:22:26.000 UTC,2026-01-22,62554,1000000063,쑥이티,1,46000,1,true,same_universe_reconstructed
2601221626481897,2026-01-22 07:26:48.000 UTC,2026-01-22,33582,1000000064,2색 이티,1,43000,1,true,same_universe_reconstructed
2601221626481897,2026-01-22 07:26:48.000 UTC,2026-01-22,33582,1000000094,매화 3송이 1호,10,65000,1,true,same_universe_reconstructed
2601221628163438,2026-01-22 07:28:16.000 UTC,2026-01-22,33582,1000000064,2색 이티,1,43000,1,true,same_universe_reconstructed
2601221628163438,2026-01-22 07:28:16.000 UTC,2026-01-22,33582,1000000094,매화 3송이 1호,10,65000,1,true,same_universe_reconstructed
2601221628281999,2026-01-22 07:28:28.000 UTC,2026-01-22,33582,1000000064,2색 이티,1,43000,1,true,same_universe_reconstructed
2601221628281999,2026-01-22 07:28:28.000 UTC,2026-01-22,33582,1000000094,매화 3송이 1호,10,65000,1,true,same_universe_reconstructed
2601221629552820,2026-01-22 07:29:55.000 UTC,2026-01-22,33582,1000000064,2색 이티,1,43000,1,true,same_universe_reconstructed
2601221629552820,2026-01-22 07:29:55.000 UTC,2026-01-22,33582,1000000094,매화 3송이 1호,10,65000,1,true,same_universe_reconstructed
2601221633303701,2026-01-22 07:33:30.000 UTC,2026-01-22,33582,1000000064,2색 이티,1,43000,1,true,same_universe_reconstructed
2601221633303701,2026-01-22 07:33:30.000 UTC,2026-01-22,33582,1000000094,매화 3송이 1호,10,65000,1,true,same_universe_reconstructed
2601221715309432,2026-01-22 08:15:31.000 UTC,2026-01-22,0,1000000064,2색 이티,1,43000,1,true,same_universe_reconstructed
2601221924193567,2026-01-22 10:24:19.000 UTC,2026-01-22,0,1000000091,일리향 2단 (1호 2호 3호),1,25500,1,true,same_universe_reconstructed
2601221924193567,2026-01-22 10:24:19.000 UTC,2026-01-22,0,1000000092,일리향 3단,13,494000,1,true,same_universe_reconstructed
2601222044352359,2026-01-22 11:44:35.000 UTC,2026-01-22,63063,1000000111,매화 3송이 3호,35,245000,1,true,same_universe_reconstructed
2601222045040410,2026-01-22 11:45:04.000 UTC,2026-01-22,0,1000000094,매화 3송이 1호,85,561000,1,true,same_universe_reconstructed
2601222049004071,2026-01-22 11:49:00.000 UTC,2026-01-22,0,1000000144,경기 미숫가루 쫀드기,4,36000,1,true,same_universe_reconstructed
2601222057258242,2026-01-22 11:57:25.000 UTC,2026-01-22,63064,1000000064,2색 이티,1,43000,1,true,same_universe_reconstructed
2601222143287673,2026-01-22 12:43:28.000 UTC,2026-01-22,62456,1000000084,십리향 1단 (1호 2호 3호),5,135000,1,true,same_universe_reconstructed
2601222145530314,2026-01-22 12:45:53.000 UTC,2026-01-22,62456,1000000092,일리향 3단,1,37000,1,true,same_universe_reconstructed
2601222157532095,2026-01-22 12:57:53.000 UTC,2026-01-22,62089,1000000064,2색 이티,1,22000,1,true,same_universe_reconstructed
2601222157532095,2026-01-22 12:57:53.000 UTC,2026-01-22,62089,1000000128,흑임자인절미,1,22500,1,true,same_universe_reconstructed
2601222200561576,2026-01-22 13:00:56.000 UTC,2026-01-22,62089,1000000064,2색 이티,1,22000,1,true,same_universe_reconstructed
2601222200561576,2026-01-22 13:00:56.000 UTC,2026-01-22,62089,1000000128,흑임자인절미,1,22500,1,true,same_universe_reconstructed
2601222329568220,2026-01-22 14:29:56.000 UTC,2026-01-22,0,1000000088,백리향 2단 (1호 2호),1,111000,1,true,same_universe_reconstructed
2601222330523051,2026-01-22 14:30:52.000 UTC,2026-01-22,63074,1000000064,2색 이티,1,85000,1,true,same_universe_reconstructed
2601230813298703,2026-01-22 23:13:29.000 UTC,2026-01-22,63083,1000000093,매화 2송이 1호,16,76800,1,true,same_universe_reconstructed
2601230813320344,2026-01-22 23:13:32.000 UTC,2026-01-22,63083,1000000093,매화 2송이 1호,16,76800,1,true,same_universe_reconstructed
2601230822422965,2026-01-22 23:22:42.000 UTC,2026-01-22,63082,1000000064,2색 이티,1,44500,1,true,same_universe_reconstructed
2601230822422965,2026-01-22 23:22:42.000 UTC,2026-01-22,63082,1000000113,매화 5송이 3호,15,174000,1,true,same_universe_reconstructed
2601230845460496,2026-01-22 23:45:46.000 UTC,2026-01-22,63035,1000000153,유밀상,1,28600,1,true,same_universe_reconstructed
2601230845460496,2026-01-22 23:45:46.000 UTC,2026-01-22,63035,1000000154,화연상,1,27800,1,true,same_universe_reconstructed
2601230849450787,2026-01-22 23:49:45.000 UTC,2026-01-22,63035,1000000153,유밀상,1,23600,1,true,same_universe_reconstructed
2601230849450787,2026-01-22 23:49:45.000 UTC,2026-01-22,63035,1000000154,화연상,1,27800,1,true,same_universe_reconstructed
2601230908584208,2026-01-23 00:08:58.000 UTC,2026-01-23,62737,1000000111,매화 3송이 3호,13,91000,1,true,same_universe_reconstructed
2601230908591899,2026-01-23 00:08:59.000 UTC,2026-01-23,63088,1000000093,매화 2송이 1호,12,57600,1,true,same_universe_reconstructed
2601230909006230,2026-01-23 00:09:00.000 UTC,2026-01-23,63088,1000000093,매화 2송이 1호,12,57600,1,true,same_universe_reconstructed
2601230957367761,2026-01-23 00:57:36.000 UTC,2026-01-23,63073,1000000035,떡국떡 500g,3,18000,1,true,same_universe_reconstructed
2601230957367761,2026-01-23 00:57:36.000 UTC,2026-01-23,63073,1000000066,쑥인절미,2,45000,1,true,same_universe_reconstructed
2601230957367761,2026-01-23 00:57:36.000 UTC,2026-01-23,63073,1000000087,백리향 1단 (1호 2호 3호),2,126000,2,true,same_universe_reconstructed
2601230957367761,2026-01-23 00:57:36.000 UTC,2026-01-23,63073,1000000121,깨송편 1kg,2,39000,1,true,same_universe_reconstructed
2601231015524912,2026-01-23 01:15:52.000 UTC,2026-01-23,63092,1000000064,2색 이티,1,86500,1,true,same_universe_reconstructed
2601231015579303,2026-01-23 01:15:57.000 UTC,2026-01-23,0,1000000113,매화 5송이 3호,20,232000,1,true,same_universe_reconstructed
2601231015581434,2026-01-23 01:15:58.000 UTC,2026-01-23,0,1000000113,매화 5송이 3호,20,232000,1,true,same_universe_reconstructed
2601231024328295,2026-01-23 01:24:32.000 UTC,2026-01-23,0,1000000113,매화 5송이 3호,20,232000,1,true,same_universe_reconstructed
2601231047439427,2026-01-23 01:47:44.000 UTC,2026-01-23,62403,1000000093,매화 2송이 1호,30,144000,1,true,same_universe_reconstructed
2601231108468611,2026-01-23 02:08:46.000 UTC,2026-01-23,62238,1000000064,2색 이티,1,43000,1,true,same_universe_reconstructed
2601231130053202,2026-01-23 02:30:05.000 UTC,2026-01-23,62238,1000000064,2색 이티,1,43000,1,true,same_universe_reconstructed
2601231141229743,2026-01-23 02:41:23.000 UTC,2026-01-23,0,1000000064,2색 이티,1,85000,1,true,same_universe_reconstructed
2601231250597405,2026-01-23 03:50:59.000 UTC,2026-01-23,61932,1000000042,약식,1,22500,1,true,same_universe_reconstructed
2601231250597405,2026-01-23 03:50:59.000 UTC,2026-01-23,61932,1000000045,완두시루떡,2,40000,1,true,same_universe_reconstructed
2601231250597405,2026-01-23 03:50:59.000 UTC,2026-01-23,61932,1000000063,쑥이티,1,47500,1,true,same_universe_reconstructed
2601231302500066,2026-01-23 04:02:50.000 UTC,2026-01-23,63080,1000000064,2색 이티,2,65000,2,true,same_universe_reconstructed
2601231302553447,2026-01-23 04:02:55.000 UTC,2026-01-23,62238,1000000064,2색 이티,1,43000,1,true,same_universe_reconstructed
2601231339236930,2026-01-23 04:39:23.000 UTC,2026-01-23,63100,1000000087,백리향 1단 (1호 2호 3호),2,122000,1,true,same_universe_reconstructed
2601231350014501,2026-01-23 04:50:01.000 UTC,2026-01-23,61496,1000000093,매화 2송이 1호,100,480000,1,true,same_universe_reconstructed
2601231355528362,2026-01-23 04:55:52.000 UTC,2026-01-23,62154,1000000064,2색 이티,1,43000,1,true,same_universe_reconstructed
2601231452363333,2026-01-23 05:52:36.000 UTC,2026-01-23,0,1000000064,2색 이티,4,88000,1,true,same_universe_reconstructed
2601231454075874,2026-01-23 05:54:07.000 UTC,2026-01-23,0,1000000088,백리향 2단 (1호 2호),1,120000,1,true,same_universe_reconstructed
2601231509205775,2026-01-23 06:09:20.000 UTC,2026-01-23,0,1000000092,일리향 3단,16,608000,1,true,same_universe_reconstructed
2601231516474756,2026-01-23 06:16:47.000 UTC,2026-01-23,34631,1000000086,십리향 3단,1,77000,1,true,same_universe_reconstructed
2601231520185867,2026-01-23 06:20:18.000 UTC,2026-01-23,0,1000000108,매화 2송이 2호,330,1518000,1,true,same_universe_reconstructed
2601231531599418,2026-01-23 06:31:59.000 UTC,2026-01-23,0,1000000108,매화 2송이 2호,90,414000,1,true,same_universe_reconstructed
2601231629223550,2026-01-23 07:29:22.000 UTC,2026-01-23,48363,1000000064,2색 이티,1,22000,1,true,same_universe_reconstructed
2601231629223550,2026-01-23 07:29:22.000 UTC,2026-01-23,48363,1000000084,십리향 1단 (1호 2호 3호),1,27000,1,true,same_universe_reconstructed
2601231629223550,2026-01-23 07:29:22.000 UTC,2026-01-23,48363,1000000092,일리향 3단,1,38000,1,true,same_universe_reconstructed
2601231714216151,2026-01-23 08:14:21.000 UTC,2026-01-23,26497,1000000088,백리향 2단 (1호 2호),1,115000,1,true,same_universe_reconstructed
2601231718159222,2026-01-23 08:18:15.000 UTC,2026-01-23,0,1000000090,일리향 1단 (1호 2호 3호),30,390000,1,true,same_universe_reconstructed
2601231721246673,2026-01-23 08:21:24.000 UTC,2026-01-23,26497,1000000088,백리향 2단 (1호 2호),1,111000,1,true,same_universe_reconstructed
2601231723009224,2026-01-23 08:23:00.000 UTC,2026-01-23,27538,1000000090,일리향 1단 (1호 2호 3호),1,13000,1,true,same_universe_reconstructed
2601231723009224,2026-01-23 08:23:00.000 UTC,2026-01-23,27538,1000000108,매화 2송이 2호,10,45000,1,true,same_universe_reconstructed
2601231758160525,2026-01-23 08:58:16.000 UTC,2026-01-23,26497,1000000088,백리향 2단 (1호 2호),1,120000,1,true,same_universe_reconstructed
2601231758355566,2026-01-23 08:58:35.000 UTC,2026-01-23,0,1000000088,백리향 2단 (1호 2호),1,120000,1,true,same_universe_reconstructed
2601231803454327,2026-01-23 09:03:45.000 UTC,2026-01-23,62833,1000000064,2색 이티,1,43000,1,true,same_universe_reconstructed
2601231821396328,2026-01-23 09:21:39.000 UTC,2026-01-23,0,1000000033,가래떡(40개) 4kg,1,45000,1,true,same_universe_reconstructed
2601231821396328,2026-01-23 09:21:39.000 UTC,2026-01-23,0,1000000121,깨송편 1kg,1,19500,1,true,same_universe_reconstructed
2601231821396328,2026-01-23 09:21:39.000 UTC,2026-01-23,0,1000000128,흑임자인절미,1,22500,1,true,same_universe_reconstructed
2601231954438259,2026-01-23 10:54:43.000 UTC,2026-01-23,63123,1000000093,매화 2송이 1호,40,192000,1,true,same_universe_reconstructed
2601231955253350,2026-01-23 10:55:25.000 UTC,2026-01-23,63123,1000000093,매화 2송이 1호,40,192000,1,true,same_universe_reconstructed
2601232112169751,2026-01-23 12:12:17.000 UTC,2026-01-23,63124,1000000064,2색 이티,1,22000,1,true,same_universe_reconstructed
2601232112169751,2026-01-23 12:12:17.000 UTC,2026-01-23,63124,1000000066,쑥인절미,1,22500,1,true,same_universe_reconstructed
2601232214343142,2026-01-23 13:14:34.000 UTC,2026-01-23,63128,1000000064,2색 이티,2,86000,1,true,same_universe_reconstructed
2601232347315923,2026-01-23 14:47:31.000 UTC,2026-01-23,0,1000000064,2색 이티,1,43000,1,true,same_universe_reconstructed
2601240025080051,2026-01-23 15:25:08.000 UTC,2026-01-23,63130,1000000084,십리향 1단 (1호 2호 3호),4,108000,1,true,same_universe_reconstructed
2601240711463122,2026-01-23 22:11:46.000 UTC,2026-01-23,63121,1000000113,매화 5송이 3호,10,116000,1,true,same_universe_reconstructed
2601240759075354,2026-01-23 22:59:07.000 UTC,2026-01-23,6263,1000000043,모듬영양찰떡,1,45000,1,true,same_universe_reconstructed
2601240759075354,2026-01-23 22:59:07.000 UTC,2026-01-23,6263,1000000045,완두시루떡,1,40000,1,true,same_universe_reconstructed
2601240759075354,2026-01-23 22:59:07.000 UTC,2026-01-23,6263,1000000064,2색 이티,1,22000,1,true,same_universe_reconstructed
2601240759075354,2026-01-23 22:59:07.000 UTC,2026-01-23,6263,1000000066,쑥인절미,1,22500,1,true,same_universe_reconstructed
2601241104294655,2026-01-24 02:04:29.000 UTC,2026-01-24,62982,1000000064,2색 이티,2,65000,2,true,same_universe_reconstructed
2601241109281326,2026-01-24 02:09:28.000 UTC,2026-01-24,56931,1000000085,십리향 2단 (1호 2호 3호),1,53500,1,true,same_universe_reconstructed
2601241112330987,2026-01-24 02:12:33.000 UTC,2026-01-24,56931,1000000085,십리향 2단 (1호 2호 3호),1,53500,1,true,same_universe_reconstructed
2601241142289028,2026-01-24 02:42:28.000 UTC,2026-01-24,63136,1000000064,2색 이티,2,65000,2,true,same_universe_reconstructed
2601241251526461,2026-01-24 03:51:52.000 UTC,2026-01-24,63139,1000000153,유밀상,2,52200,1,true,same_universe_reconstructed
2601241251526461,2026-01-24 03:51:52.000 UTC,2026-01-24,63139,1000000154,화연상,2,55600,1,true,same_universe_reconstructed
2601241251574942,2026-01-24 03:51:57.000 UTC,2026-01-24,63139,1000000153,유밀상,2,52200,1,true,same_universe_reconstructed
2601241251574942,2026-01-24 03:51:57.000 UTC,2026-01-24,63139,1000000154,화연상,2,55600,1,true,same_universe_reconstructed
2601241528547103,2026-01-24 06:28:54.000 UTC,2026-01-24,63122,1000000063,쑥이티,1,90000,1,true,same_universe_reconstructed
2601241531024734,2026-01-24 06:31:02.000 UTC,2026-01-24,63143,1000000108,매화 2송이 2호,40,180000,1,true,same_universe_reconstructed
2601241546062586,2026-01-24 06:46:06.000 UTC,2026-01-24,63144,1000000064,2색 이티,2,128000,2,true,same_universe_reconstructed
2601241547339787,2026-01-24 06:47:34.000 UTC,2026-01-24,63044,1000000094,매화 3송이 1호,15,99000,1,true,same_universe_reconstructed
2601241559010268,2026-01-24 06:59:01.000 UTC,2026-01-24,63044,1000000093,매화 2송이 1호,25,120000,1,true,same_universe_reconstructed
2601241623198579,2026-01-24 07:23:19.000 UTC,2026-01-24,63145,1000000091,일리향 2단 (1호 2호 3호),3,76500,1,true,same_universe_reconstructed
2601241623198579,2026-01-24 07:23:19.000 UTC,2026-01-24,63145,1000000110,매화 3송이 2호,30,204000,1,true,same_universe_reconstructed
2601241734139220,2026-01-24 08:34:13.000 UTC,2026-01-24,0,1000000093,매화 2송이 1호,12,57600,1,true,same_universe_reconstructed
2601241834522761,2026-01-24 09:34:52.000 UTC,2026-01-24,63146,1000000064,2색 이티,1,43000,1,true,same_universe_reconstructed
2601241834522761,2026-01-24 09:34:52.000 UTC,2026-01-24,63146,1000000087,백리향 1단 (1호 2호 3호),1,65000,1,true,same_universe_reconstructed
2601241834522761,2026-01-24 09:34:52.000 UTC,2026-01-24,63146,1000000127,흑임자이티,1,23500,1,true,same_universe_reconstructed
2601241853008042,2026-01-24 09:53:00.000 UTC,2026-01-24,63121,1000000085,십리향 2단 (1호 2호 3호),1,51000,1,true,same_universe_reconstructed
2601241853008042,2026-01-24 09:53:00.000 UTC,2026-01-24,63121,1000000095,매화 5송이 1호,250,2650000,1,true,same_universe_reconstructed
2601241857073523,2026-01-24 09:57:07.000 UTC,2026-01-24,63121,1000000085,십리향 2단 (1호 2호 3호),1,51000,1,true,same_universe_reconstructed
2601241857073523,2026-01-24 09:57:07.000 UTC,2026-01-24,63121,1000000095,매화 5송이 1호,250,2650000,1,true,same_universe_reconstructed
2601250744110552,2026-01-24 22:44:11.000 UTC,2026-01-24,63115,1000000111,매화 3송이 3호,100,700000,1,true,same_universe_reconstructed
2601250746265253,2026-01-24 22:46:26.000 UTC,2026-01-24,63115,1000000111,매화 3송이 3호,100,700000,1,true,same_universe_reconstructed
2601251201583717,2026-01-25 03:01:58.000 UTC,2026-01-25,63160,1000000062,흰이티,2,101000,2,true,same_universe_reconstructed
2601251253394239,2026-01-25 03:53:39.000 UTC,2026-01-25,61362,1000000085,십리향 2단 (1호 2호 3호),1,51000,1,true,same_universe_reconstructed
2601251421123360,2026-01-25 05:21:12.000 UTC,2026-01-25,63161,1000000064,2색 이티,1,86500,1,true,same_universe_reconstructed
2601251421123360,2026-01-25 05:21:12.000 UTC,2026-01-25,63161,1000000110,매화 3송이 2호,15,102000,1,true,same_universe_reconstructed
2601251527221942,2026-01-25 06:27:22.000 UTC,2026-01-25,63165,1000000064,2색 이티,1,43000,1,true,same_universe_reconstructed
2601251531562993,2026-01-25 06:31:56.000 UTC,2026-01-25,63164,1000000093,매화 2송이 1호,100,480000,1,true,same_universe_reconstructed
2601251606526914,2026-01-25 07:06:52.000 UTC,2026-01-25,63170,1000000045,완두시루떡,1,40000,1,true,same_universe_reconstructed
2601251606526914,2026-01-25 07:06:52.000 UTC,2026-01-25,63170,1000000064,2색 이티,1,43000,1,true,same_universe_reconstructed
2601251654462565,2026-01-25 07:54:46.000 UTC,2026-01-25,0,1000000090,일리향 1단 (1호 2호 3호),40,520000,1,true,same_universe_reconstructed
2601251658034216,2026-01-25 07:58:03.000 UTC,2026-01-25,63172,1000000064,2색 이티,2,107000,2,true,same_universe_reconstructed
2601251709081187,2026-01-25 08:09:08.000 UTC,2026-01-25,63153,1000000111,매화 3송이 3호,15,105000,1,true,same_universe_reconstructed
2601251753149209,2026-01-25 08:53:14.000 UTC,2026-01-25,62960,1000000087,백리향 1단 (1호 2호 3호),38,2318000,1,true,same_universe_reconstructed
2601251801117921,2026-01-25 09:01:11.000 UTC,2026-01-25,62960,1000000087,백리향 1단 (1호 2호 3호),38,2318000,1,true,same_universe_reconstructed
2601251802219722,2026-01-25 09:02:22.000 UTC,2026-01-25,62960,1000000087,백리향 1단 (1호 2호 3호),38,2318000,1,true,same_universe_reconstructed
2601251822123827,2026-01-25 09:22:12.000 UTC,2026-01-25,62960,1000000088,백리향 2단 (1호 2호),1,120000,1,true,same_universe_reconstructed
2601251828358300,2026-01-25 09:28:35.000 UTC,2026-01-25,63138,1000000113,매화 5송이 3호,32,371200,1,true,same_universe_reconstructed
2601252035497361,2026-01-25 11:35:49.000 UTC,2026-01-25,61549,1000000112,매화 5송이 2호,30,348000,1,true,same_universe_reconstructed
2601252134284882,2026-01-25 12:34:28.000 UTC,2026-01-25,47807,1000000064,2색 이티,1,85000,1,true,same_universe_reconstructed
2601260003474851,2026-01-25 15:03:47.000 UTC,2026-01-25,63188,1000000070,마스코바도 쑥설기,1,40000,1,true,same_universe_reconstructed
2601260407488392,2026-01-25 19:07:48.000 UTC,2026-01-25,63095,1000000091,일리향 2단 (1호 2호 3호),1,26000,1,true,same_universe_reconstructed
2601260709127494,2026-01-25 22:09:12.000 UTC,2026-01-25,63192,1000000084,십리향 1단 (1호 2호 3호),4,109500,3,true,same_universe_reconstructed
2601260728486145,2026-01-25 22:28:48.000 UTC,2026-01-25,63193,1000000064,2색 이티,1,43000,1,true,same_universe_reconstructed
2601260731560276,2026-01-25 22:31:56.000 UTC,2026-01-25,63194,1000000111,매화 3송이 3호,10,71000,1,true,same_universe_reconstructed
2601260749055787,2026-01-25 22:49:05.000 UTC,2026-01-25,63095,1000000091,일리향 2단 (1호 2호 3호),1,26000,1,true,same_universe_reconstructed
2601260803182988,2026-01-25 23:03:18.000 UTC,2026-01-25,63195,1000000084,십리향 1단 (1호 2호 3호),1,26000,1,true,same_universe_reconstructed
2601260803182988,2026-01-25 23:03:18.000 UTC,2026-01-25,63195,1000000087,백리향 1단 (1호 2호 3호),1,61000,1,true,same_universe_reconstructed
2601260814105149,2026-01-25 23:14:10.000 UTC,2026-01-25,63029,1000000088,백리향 2단 (1호 2호),1,120000,1,true,same_universe_reconstructed
2601260857154130,2026-01-25 23:57:15.000 UTC,2026-01-25,63197,1000000064,2색 이티,1,22000,1,true,same_universe_reconstructed
2601260857260981,2026-01-25 23:57:26.000 UTC,2026-01-25,63198,1000000064,2색 이티,1,43000,1,true,same_universe_reconstructed
2601260859315162,2026-01-25 23:59:31.000 UTC,2026-01-25,63198,1000000064,2색 이티,1,43000,1,true,same_universe_reconstructed
2601260859582383,2026-01-25 23:59:58.000 UTC,2026-01-25,63198,1000000064,2색 이티,1,43000,1,true,same_universe_reconstructed
2601260938420555,2026-01-26 00:38:42.000 UTC,2026-01-26,54087,1000000064,2색 이티,9,288000,2,true,same_universe_reconstructed
2601260938420555,2026-01-26 00:38:42.000 UTC,2026-01-26,54087,1000000113,매화 5송이 3호,10,115000,1,true,same_universe_reconstructed
2601260942169286,2026-01-26 00:42:17.000 UTC,2026-01-26,63204,1000000064,2색 이티,1,44500,1,true,same_universe_reconstructed
2601261019095847,2026-01-26 01:19:09.000 UTC,2026-01-26,62960,1000000087,백리향 1단 (1호 2호 3호),2,122000,1,true,same_universe_reconstructed
2601261043527800,2026-01-26 01:43:52.000 UTC,2026-01-26,0,1000000063,쑥이티,3,226000,2,true,same_universe_reconstructed
2601261043527800,2026-01-26 01:43:52.000 UTC,2026-01-26,0,1000000085,십리향 2단 (1호 2호 3호),1,54500,1,true,same_universe_reconstructed
2601261109481675,2026-01-26 02:09:48.000 UTC,2026-01-26,63129,1000000084,십리향 1단 (1호 2호 3호),2,52000,1,true,same_universe_reconstructed
2601261109481675,2026-01-26 02:09:48.000 UTC,2026-01-26,63129,1000000087,백리향 1단 (1호 2호 3호),3,171000,1,true,same_universe_reconstructed
2601261109481675,2026-01-26 02:09:48.000 UTC,2026-01-26,63129,1000000090,일리향 1단 (1호 2호 3호),3,39000,1,true,same_universe_reconstructed
2601261141143588,2026-01-26 02:41:14.000 UTC,2026-01-26,38660,1000000087,백리향 1단 (1호 2호 3호),7,399000,1,true,same_universe_reconstructed
2601261200536979,2026-01-26 03:00:53.000 UTC,2026-01-26,38293,1000000043,모듬영양찰떡,1,22500,1,true,same_universe_reconstructed
2601261200536979,2026-01-26 03:00:53.000 UTC,2026-01-26,38293,1000000045,완두시루떡,1,20000,1,true,same_universe_reconstructed
2601261200536979,2026-01-26 03:00:53.000 UTC,2026-01-26,38293,1000000064,2색 이티,11,242000,1,true,same_universe_reconstructed
2601261207101060,2026-01-26 03:07:10.000 UTC,2026-01-26,63210,1000000064,2색 이티,2,131000,2,true,same_universe_reconstructed
2601261213430161,2026-01-26 03:13:43.000 UTC,2026-01-26,38660,1000000087,백리향 1단 (1호 2호 3호),12,684000,1,true,same_universe_reconstructed
2601261213531762,2026-01-26 03:13:53.000 UTC,2026-01-26,38660,1000000087,백리향 1단 (1호 2호 3호),12,684000,1,true,same_universe_reconstructed
2601261215006773,2026-01-26 03:15:00.000 UTC,2026-01-26,63212,1000000064,2색 이티,4,88000,1,true,same_universe_reconstructed
2601261215006773,2026-01-26 03:15:00.000 UTC,2026-01-26,63212,1000000127,흑임자이티,1,23500,1,true,same_universe_reconstructed
2601261333568635,2026-01-26 04:33:56.000 UTC,2026-01-26,0,1000000108,매화 2송이 2호,33,151800,1,true,same_universe_reconstructed
2601261335569596,2026-01-26 04:35:57.000 UTC,2026-01-26,0,1000000108,매화 2송이 2호,33,151800,1,true,same_universe_reconstructed
2601261339354267,2026-01-26 04:39:35.000 UTC,2026-01-26,0,1000000108,매화 2송이 2호,33,151800,1,true,same_universe_reconstructed
2601261339373498,2026-01-26 04:39:37.000 UTC,2026-01-26,0,1000000108,매화 2송이 2호,33,151800,1,true,same_universe_reconstructed
2601261339380429,2026-01-26 04:39:38.000 UTC,2026-01-26,0,1000000108,매화 2송이 2호,33,151800,1,true,same_universe_reconstructed
2601261344164681,2026-01-26 04:44:16.000 UTC,2026-01-26,63216,1000000084,십리향 1단 (1호 2호 3호),2,61000,1,true,same_universe_reconstructed
2601261344164681,2026-01-26 04:44:16.000 UTC,2026-01-26,63216,1000000108,매화 2송이 2호,25,112500,1,true,same_universe_reconstructed
2601261408193052,2026-01-26 05:08:19.000 UTC,2026-01-26,0,1000000153,유밀상,1,28600,1,true,same_universe_reconstructed
2601261421511343,2026-01-26 05:21:51.000 UTC,2026-01-26,63221,1000000088,백리향 2단 (1호 2호),1,120000,1,true,same_universe_reconstructed
2601261423259295,2026-01-26 05:23:25.000 UTC,2026-01-26,63216,1000000108,매화 2송이 2호,10,46000,1,true,same_universe_reconstructed
2601261429333636,2026-01-26 05:29:33.000 UTC,2026-01-26,63190,1000000092,일리향 3단,1,38000,1,true,same_universe_reconstructed
2601261430451757,2026-01-26 05:30:45.000 UTC,2026-01-26,47359,1000000064,2색 이티,1,44500,1,true,same_universe_reconstructed
2601261432245848,2026-01-26 05:32:24.000 UTC,2026-01-26,63190,1000000085,십리향 2단 (1호 2호 3호),1,54500,1,true,same_universe_reconstructed
2601261435229680,2026-01-26 05:35:23.000 UTC,2026-01-26,63222,1000000111,매화 3송이 3호,30,213000,1,true,same_universe_reconstructed
2601261441383601,2026-01-26 05:41:38.000 UTC,2026-01-26,0,1000000069,설기세트,1,38920,1,true,same_universe_reconstructed
2601261451297902,2026-01-26 05:51:29.000 UTC,2026-01-26,0,1000000064,2색 이티,1,44500,1,true,same_universe_reconstructed
2601261453292723,2026-01-26 05:53:29.000 UTC,2026-01-26,63190,1000000086,십리향 3단,1,81000,1,true,same_universe_reconstructed
2601261454289494,2026-01-26 05:54:29.000 UTC,2026-01-26,63190,1000000086,십리향 3단,1,81000,1,true,same_universe_reconstructed
2601261454298905,2026-01-26 05:54:30.000 UTC,2026-01-26,63190,1000000086,십리향 3단,1,81000,1,true,same_universe_reconstructed
2601261455003406,2026-01-26 05:55:00.000 UTC,2026-01-26,63190,1000000086,십리향 3단,1,81000,1,true,same_universe_reconstructed
2601261523336008,2026-01-26 06:23:33.000 UTC,2026-01-26,63225,1000000091,일리향 2단 (1호 2호 3호),11,286000,1,true,same_universe_reconstructed
2601261629151200,2026-01-26 07:29:15.000 UTC,2026-01-26,63218,1000000108,매화 2송이 2호,33,151800,1,true,same_universe_reconstructed
2601261633099751,2026-01-26 07:33:10.000 UTC,2026-01-26,0,1000000064,2색 이티,1,85000,1,true,same_universe_reconstructed
2601261635449552,2026-01-26 07:35:45.000 UTC,2026-01-26,55261,1000000064,2색 이티,1,22000,1,true,same_universe_reconstructed
2601261649318573,2026-01-26 07:49:31.000 UTC,2026-01-26,63071,1000000070,마스코바도 쑥설기,1,40000,1,true,same_universe_reconstructed
2601261703230154,2026-01-26 08:03:23.000 UTC,2026-01-26,62347,1000000111,매화 3송이 3호,30,213000,1,true,same_universe_reconstructed
2601261735238895,2026-01-26 08:35:23.000 UTC,2026-01-26,23091,1000000088,백리향 2단 (1호 2호),1,120000,1,true,same_universe_reconstructed
2601261740294956,2026-01-26 08:40:29.000 UTC,2026-01-26,63219,1000000112,매화 5송이 2호,42,483000,1,true,same_universe_reconstructed
2601261743441517,2026-01-26 08:43:44.000 UTC,2026-01-26,63219,1000000112,매화 5송이 2호,42,483000,1,true,same_universe_reconstructed
2601261755192818,2026-01-26 08:55:19.000 UTC,2026-01-26,0,1000000064,2색 이티,2,65000,2,true,same_universe_reconstructed
2601261806593069,2026-01-26 09:06:59.000 UTC,2026-01-26,63236,1000000085,십리향 2단 (1호 2호 3호),1,50000,1,true,same_universe_reconstructed
2601261809356080,2026-01-26 09:09:35.000 UTC,2026-01-26,63236,1000000085,십리향 2단 (1호 2호 3호),1,50000,1,true,same_universe_reconstructed
2601261935083022,2026-01-26 10:35:08.000 UTC,2026-01-26,63105,1000000156,기원상,1,29000,1,true,same_universe_reconstructed
2601262001268503,2026-01-26 11:01:26.000 UTC,2026-01-26,63242,1000000085,십리향 2단 (1호 2호 3호),1,54500,1,true,same_universe_reconstructed
2601262011397624,2026-01-26 11:11:39.000 UTC,2026-01-26,63242,1000000085,십리향 2단 (1호 2호 3호),1,54500,1,true,same_universe_reconstructed
2601262016425045,2026-01-26 11:16:42.000 UTC,2026-01-26,63242,1000000085,십리향 2단 (1호 2호 3호),1,54500,1,true,same_universe_reconstructed
2601262022049596,2026-01-26 11:22:05.000 UTC,2026-01-26,63242,1000000088,백리향 2단 (1호 2호),1,120000,1,true,same_universe_reconstructed
2601262028155807,2026-01-26 11:28:15.000 UTC,2026-01-26,63242,1000000085,십리향 2단 (1호 2호 3호),1,54500,1,true,same_universe_reconstructed
2601262115186968,2026-01-26 12:15:18.000 UTC,2026-01-26,0,1000000063,쑥이티,1,23500,1,true,same_universe_reconstructed
2601262117089319,2026-01-26 12:17:08.000 UTC,2026-01-26,0,1000000064,2색 이티,3,255000,1,true,same_universe_reconstructed
2601262127537600,2026-01-26 12:27:53.000 UTC,2026-01-26,63244,1000000093,매화 2송이 1호,22,103400,1,true,same_universe_reconstructed
2601262140091431,2026-01-26 12:40:09.000 UTC,2026-01-26,42713,1000000042,약식,1,22500,1,true,same_universe_reconstructed
2601262140091431,2026-01-26 12:40:09.000 UTC,2026-01-26,42713,1000000043,모듬영양찰떡,1,45000,1,true,same_universe_reconstructed
2601262140091431,2026-01-26 12:40:09.000 UTC,2026-01-26,42713,1000000064,2색 이티,1,43000,1,true,same_universe_reconstructed
2601262229579342,2026-01-26 13:29:58.000 UTC,2026-01-26,63246,1000000063,쑥이티,1,46000,1,true,same_universe_reconstructed
2601262313347723,2026-01-26 14:13:34.000 UTC,2026-01-26,63249,1000000042,약식,1,22500,1,true,same_universe_reconstructed
2601262313347723,2026-01-26 14:13:34.000 UTC,2026-01-26,63249,1000000044,고구마찰떡,1,22500,1,true,same_universe_reconstructed
2601270018462282,2026-01-26 15:18:46.000 UTC,2026-01-26,61836,1000000093,매화 2송이 1호,25,120000,1,true,same_universe_reconstructed
2601270206347153,2026-01-26 17:06:34.000 UTC,2026-01-26,63253,1000000153,유밀상,1,28600,1,true,same_universe_reconstructed
2601270749042046,2026-01-26 22:49:04.000 UTC,2026-01-26,63224,1000000090,일리향 1단 (1호 2호 3호),2,26000,1,true,same_universe_reconstructed
2601270805218397,2026-01-26 23:05:21.000 UTC,2026-01-26,60106,1000000033,가래떡(40개) 4kg,1,45000,1,true,same_universe_reconstructed
2601270805218397,2026-01-26 23:05:21.000 UTC,2026-01-26,60106,1000000035,떡국떡 500g,2,12000,1,true,same_universe_reconstructed
2601270805218397,2026-01-26 23:05:21.000 UTC,2026-01-26,60106,1000000087,백리향 1단 (1호 2호 3호),1,61000,1,true,same_universe_reconstructed
2601270806599438,2026-01-26 23:07:00.000 UTC,2026-01-26,0,1000000064,2색 이티,1,43000,1,true,same_universe_reconstructed
2601270806599438,2026-01-26 23:07:00.000 UTC,2026-01-26,0,1000000127,흑임자이티,2,47000,1,true,same_universe_reconstructed
2601270808408319,2026-01-26 23:08:40.000 UTC,2026-01-26,60106,1000000033,가래떡(40개) 4kg,1,45000,1,true,same_universe_reconstructed
2601270808408319,2026-01-26 23:08:40.000 UTC,2026-01-26,60106,1000000035,떡국떡 500g,2,12000,1,true,same_universe_reconstructed
2601270808408319,2026-01-26 23:08:40.000 UTC,2026-01-26,60106,1000000087,백리향 1단 (1호 2호 3호),1,61000,1,true,same_universe_reconstructed
2601270858079271,2026-01-26 23:58:07.000 UTC,2026-01-26,63237,1000000093,매화 2송이 1호,15,72000,1,true,same_universe_reconstructed
2601270911058602,2026-01-27 00:11:05.000 UTC,2026-01-27,0,1000000092,일리향 3단,1,38000,1,true,same_universe_reconstructed
2601270949210914,2026-01-27 00:49:21.000 UTC,2026-01-27,63260,1000000064,2색 이티,5,110000,1,true,same_universe_reconstructed
2601271023162345,2026-01-27 01:23:16.000 UTC,2026-01-27,47409,1000000044,고구마찰떡,1,45000,1,true,same_universe_reconstructed
2601271023263266,2026-01-27 01:23:26.000 UTC,2026-01-27,47409,1000000044,고구마찰떡,1,45000,1,true,same_universe_reconstructed
2601271023567247,2026-01-27 01:23:56.000 UTC,2026-01-27,47409,1000000044,고구마찰떡,1,45000,1,true,same_universe_reconstructed
2601271024265288,2026-01-27 01:24:26.000 UTC,2026-01-27,47409,1000000044,고구마찰떡,1,45000,1,true,same_universe_reconstructed
2601271024491349,2026-01-27 01:24:49.000 UTC,2026-01-27,47409,1000000044,고구마찰떡,1,45000,1,true,same_universe_reconstructed
2601271045124641,2026-01-27 01:45:12.000 UTC,2026-01-27,63264,1000000087,백리향 1단 (1호 2호 3호),1,61000,1,true,same_universe_reconstructed
2601271054307352,2026-01-27 01:54:30.000 UTC,2026-01-27,63261,1000000043,모듬영양찰떡,1,22500,1,true,same_universe_reconstructed
2601271054307352,2026-01-27 01:54:30.000 UTC,2026-01-27,63261,1000000064,2색 이티,1,43000,1,true,same_universe_reconstructed
2601271054307352,2026-01-27 01:54:30.000 UTC,2026-01-27,63261,1000000127,흑임자이티,1,23500,1,true,same_universe_reconstructed
2601271054307352,2026-01-27 01:54:30.000 UTC,2026-01-27,63261,1000000144,경기 미숫가루 쫀드기,1,9000,1,true,same_universe_reconstructed
2601271055218673,2026-01-27 01:55:21.000 UTC,2026-01-27,62770,1000000093,매화 2송이 1호,60,288000,1,true,same_universe_reconstructed
2601271055560324,2026-01-27 01:55:56.000 UTC,2026-01-27,0,1000000093,매화 2송이 1호,14,67200,1,true,same_universe_reconstructed
2601271057479595,2026-01-27 01:57:48.000 UTC,2026-01-27,63265,1000000085,십리향 2단 (1호 2호 3호),1,52500,1,true,same_universe_reconstructed
2601271127047846,2026-01-27 02:27:04.000 UTC,2026-01-27,62541,1000000064,2색 이티,1,44500,1,true,same_universe_reconstructed
2601271131484487,2026-01-27 02:31:48.000 UTC,2026-01-27,63205,1000000092,일리향 3단,27,1026000,1,true,same_universe_reconstructed
2601271132370818,2026-01-27 02:32:37.000 UTC,2026-01-27,56407,1000000092,일리향 3단,1,38000,1,true,same_universe_reconstructed
2601271202382419,2026-01-27 03:02:38.000 UTC,2026-01-27,63267,1000000064,2색 이티,2,86000,1,true,same_universe_reconstructed
2601271249132990,2026-01-27 03:49:13.000 UTC,2026-01-27,18357,1000000042,약식,1,22500,1,true,same_universe_reconstructed
2601271249132990,2026-01-27 03:49:13.000 UTC,2026-01-27,18357,1000000064,2색 이티,2,44000,1,true,same_universe_reconstructed
2601271325577252,2026-01-27 04:25:57.000 UTC,2026-01-27,23895,1000000064,2색 이티,3,87000,2,true,same_universe_reconstructed
2601271325577252,2026-01-27 04:25:57.000 UTC,2026-01-27,23895,1000000093,매화 2송이 1호,25,117500,1,true,same_universe_reconstructed
2601271404179193,2026-01-27 05:04:17.000 UTC,2026-01-27,63231,1000000113,매화 5송이 3호,25,290000,1,true,same_universe_reconstructed
2601271408214904,2026-01-27 05:08:21.000 UTC,2026-01-27,63231,1000000111,매화 3송이 3호,30,213000,1,true,same_universe_reconstructed
2601271421430466,2026-01-27 05:21:43.000 UTC,2026-01-27,15388,1000000094,매화 3송이 1호,20,132000,1,true,same_universe_reconstructed
2601271423380717,2026-01-27 05:23:38.000 UTC,2026-01-27,63274,1000000108,매화 2송이 2호,10,46000,1,true,same_universe_reconstructed
2601271423386558,2026-01-27 05:23:38.000 UTC,2026-01-27,63274,1000000108,매화 2송이 2호,10,46000,1,true,same_universe_reconstructed
2601271423404259,2026-01-27 05:23:40.000 UTC,2026-01-27,63274,1000000108,매화 2송이 2호,10,46000,1,true,same_universe_reconstructed
2601271430083990,2026-01-27 05:30:08.000 UTC,2026-01-27,15388,1000000094,매화 3송이 1호,20,132000,1,true,same_universe_reconstructed
2601271432277681,2026-01-27 05:32:27.000 UTC,2026-01-27,63275,1000000042,약식,1,22500,1,true,same_universe_reconstructed
2601271432277681,2026-01-27 05:32:27.000 UTC,2026-01-27,63275,1000000064,2색 이티,1,22000,1,true,same_universe_reconstructed
2601271436091012,2026-01-27 05:36:09.000 UTC,2026-01-27,63199,1000000064,2색 이티,3,133500,1,true,same_universe_reconstructed
2601271442414713,2026-01-27 05:42:41.000 UTC,2026-01-27,63277,1000000092,일리향 3단,2,76000,1,true,same_universe_reconstructed
2601271442414713,2026-01-27 05:42:41.000 UTC,2026-01-27,63277,1000000108,매화 2송이 2호,200,900000,1,true,same_universe_reconstructed
2601271443125314,2026-01-27 05:43:12.000 UTC,2026-01-27,63277,1000000092,일리향 3단,2,76000,1,true,same_universe_reconstructed
2601271443125314,2026-01-27 05:43:12.000 UTC,2026-01-27,63277,1000000108,매화 2송이 2호,200,900000,1,true,same_universe_reconstructed
2601271443350555,2026-01-27 05:43:35.000 UTC,2026-01-27,63266,1000000092,일리향 3단,1,38000,1,true,same_universe_reconstructed
2601271443587456,2026-01-27 05:43:58.000 UTC,2026-01-27,63266,1000000092,일리향 3단,1,38000,1,true,same_universe_reconstructed
2601271444562827,2026-01-27 05:44:56.000 UTC,2026-01-27,63266,1000000092,일리향 3단,1,38000,1,true,same_universe_reconstructed
2601271445231468,2026-01-27 05:45:23.000 UTC,2026-01-27,63177,1000000064,2색 이티,1,43000,1,true,same_universe_reconstructed
2601271446471649,2026-01-27 05:46:47.000 UTC,2026-01-27,63177,1000000064,2색 이티,1,43000,1,true,same_universe_reconstructed
2601271448381260,2026-01-27 05:48:38.000 UTC,2026-01-27,63177,1000000064,2색 이티,1,43000,1,true,same_universe_reconstructed
2601271449507401,2026-01-27 05:49:50.000 UTC,2026-01-27,63277,1000000087,백리향 1단 (1호 2호 3호),2,114000,1,true,same_universe_reconstructed
2601271450136032,2026-01-27 05:50:13.000 UTC,2026-01-27,0,1000000063,쑥이티,2,180000,1,true,same_universe_reconstructed
2601271450136032,2026-01-27 05:50:13.000 UTC,2026-01-27,0,1000000127,흑임자이티,2,113500,2,true,same_universe_reconstructed
2601271451586234,2026-01-27 05:51:58.000 UTC,2026-01-27,63277,1000000087,백리향 1단 (1호 2호 3호),2,114000,1,true,same_universe_reconstructed
2601271455096786,2026-01-27 05:55:09.000 UTC,2026-01-27,0,1000000063,쑥이티,2,180000,1,true,same_universe_reconstructed
2601271455096786,2026-01-27 05:55:09.000 UTC,2026-01-27,0,1000000127,흑임자이티,2,113500,2,true,same_universe_reconstructed
2601271455306527,2026-01-27 05:55:30.000 UTC,2026-01-27,63277,1000000087,백리향 1단 (1호 2호 3호),2,114000,1,true,same_universe_reconstructed
2601271457004418,2026-01-27 05:57:00.000 UTC,2026-01-27,63277,1000000087,백리향 1단 (1호 2호 3호),2,114000,1,true,same_universe_reconstructed
2601271504373722,2026-01-27 06:04:37.000 UTC,2026-01-27,63277,1000000087,백리향 1단 (1호 2호 3호),1,57000,1,true,same_universe_reconstructed
2601271516421533,2026-01-27 06:16:42.000 UTC,2026-01-27,24621,1000000033,가래떡(40개) 4kg,1,45000,1,true,same_universe_reconstructed
2601271516421533,2026-01-27 06:16:42.000 UTC,2026-01-27,24621,1000000035,떡국떡 500g,4,24000,1,true,same_universe_reconstructed
2601271516441244,2026-01-27 06:16:44.000 UTC,2026-01-27,24621,1000000033,가래떡(40개) 4kg,1,45000,1,true,same_universe_reconstructed
2601271516441244,2026-01-27 06:16:44.000 UTC,2026-01-27,24621,1000000035,떡국떡 500g,4,24000,1,true,same_universe_reconstructed
2601271533089776,2026-01-27 06:33:09.000 UTC,2026-01-27,53717,1000000085,십리향 2단 (1호 2호 3호),1,53500,1,true,same_universe_reconstructed
2601271639581178,2026-01-27 07:39:58.000 UTC,2026-01-27,41086,1000000085,십리향 2단 (1호 2호 3호),1,49000,1,true,same_universe_reconstructed
2601271825314389,2026-01-27 09:25:31.000 UTC,2026-01-27,0,1000000086,십리향 3단,3,243000,1,true,same_universe_reconstructed
2601271833550330,2026-01-27 09:33:55.000 UTC,2026-01-27,57584,1000000064,2색 이티,2,173000,1,true,same_universe_reconstructed
2601271847463831,2026-01-27 09:47:46.000 UTC,2026-01-27,63284,1000000064,2색 이티,1,22000,1,true,same_universe_reconstructed
2601271847463831,2026-01-27 09:47:46.000 UTC,2026-01-27,63284,1000000090,일리향 1단 (1호 2호 3호),6,78000,1,true,same_universe_reconstructed
2601271847463831,2026-01-27 09:47:46.000 UTC,2026-01-27,63284,1000000093,매화 2송이 1호,22,103400,1,true,same_universe_reconstructed
2601271924234012,2026-01-27 10:24:23.000 UTC,2026-01-27,0,1000000087,백리향 1단 (1호 2호 3호),1,57000,1,true,same_universe_reconstructed
2601271933319893,2026-01-27 10:33:32.000 UTC,2026-01-27,33566,1000000086,십리향 3단,1,81000,1,true,same_universe_reconstructed
2601272005153085,2026-01-27 11:05:15.000 UTC,2026-01-27,0,1000000094,매화 3송이 1호,70,455000,1,true,same_universe_reconstructed
2601272132594937,2026-01-27 12:32:59.000 UTC,2026-01-27,63290,1000000064,2색 이티,1,22000,1,true,same_universe_reconstructed
2601272132594937,2026-01-27 12:32:59.000 UTC,2026-01-27,63290,1000000069,설기세트,1,38920,1,true,same_universe_reconstructed
2601272134311308,2026-01-27 12:34:31.000 UTC,2026-01-27,63291,1000000063,쑥이티,1,46000,1,true,same_universe_reconstructed
2601272137008809,2026-01-27 12:37:00.000 UTC,2026-01-27,18894,1000000042,약식,2,45000,1,true,same_universe_reconstructed
2601272137008809,2026-01-27 12:37:00.000 UTC,2026-01-27,18894,1000000045,완두시루떡,1,20000,1,true,same_universe_reconstructed
2601272222438871,2026-01-27 13:22:43.000 UTC,2026-01-27,63293,1000000064,2색 이티,3,66000,1,true,same_universe_reconstructed
2601272234491722,2026-01-27 13:34:49.000 UTC,2026-01-27,44158,1000000064,2색 이티,1,43000,1,true,same_universe_reconstructed
2601272234491722,2026-01-27 13:34:49.000 UTC,2026-01-27,44158,1000000091,일리향 2단 (1호 2호 3호),3,79500,1,true,same_universe_reconstructed
2601272310085263,2026-01-27 14:10:08.000 UTC,2026-01-27,63296,1000000033,가래떡(40개) 4kg,1,45000,1,true,same_universe_reconstructed
2601272310085263,2026-01-27 14:10:08.000 UTC,2026-01-27,63296,1000000064,2색 이티,1,43000,1,true,same_universe_reconstructed
2601272310085263,2026-01-27 14:10:08.000 UTC,2026-01-27,63296,1000000065,흰인절미,1,20000,1,true,same_universe_reconstructed
2601272328551944,2026-01-27 14:28:55.000 UTC,2026-01-27,63131,1000000043,모듬영양찰떡,1,45000,1,true,same_universe_reconstructed
2601272328551944,2026-01-27 14:28:55.000 UTC,2026-01-27,63131,1000000063,쑥이티,1,23500,1,true,same_universe_reconstructed
2601272328551944,2026-01-27 14:28:55.000 UTC,2026-01-27,63131,1000000065,흰인절미,1,20000,1,true,same_universe_reconstructed
2601272328551944,2026-01-27 14:28:55.000 UTC,2026-01-27,63131,1000000066,쑥인절미,1,22500,1,true,same_universe_reconstructed
2601272328551944,2026-01-27 14:28:55.000 UTC,2026-01-27,63131,1000000069,설기세트,1,18920,1,true,same_universe_reconstructed
2601272333480235,2026-01-27 14:33:48.000 UTC,2026-01-27,63297,1000000084,십리향 1단 (1호 2호 3호),1,30500,1,true,same_universe_reconstructed
2601272346524286,2026-01-27 14:46:52.000 UTC,2026-01-27,63298,1000000064,2색 이티,1,22000,1,true,same_universe_reconstructed
2601272346524286,2026-01-27 14:46:52.000 UTC,2026-01-27,63298,1000000085,십리향 2단 (1호 2호 3호),1,54500,1,true,same_universe_reconstructed
2601280001373188,2026-01-27 15:01:37.000 UTC,2026-01-27,63299,1000000085,십리향 2단 (1호 2호 3호),1,54500,1,true,same_universe_reconstructed
2601280229281561,2026-01-27 17:29:28.000 UTC,2026-01-27,63305,1000000090,일리향 1단 (1호 2호 3호),5,65000,1,true,same_universe_reconstructed
2601280634471732,2026-01-27 21:34:47.000 UTC,2026-01-27,61334,1000000087,백리향 1단 (1호 2호 3호),1,61000,1,true,same_universe_reconstructed
2601280806531023,2026-01-27 23:06:53.000 UTC,2026-01-27,58530,1000000156,기원상,1,29000,1,true,same_universe_reconstructed
2601280843190345,2026-01-27 23:43:19.000 UTC,2026-01-27,61321,1000000084,십리향 1단 (1호 2호 3호),4,122000,1,true,same_universe_reconstructed
2601280846057136,2026-01-27 23:46:05.000 UTC,2026-01-27,11488,1000000087,백리향 1단 (1호 2호 3호),1,57000,1,true,same_universe_reconstructed
2601280846284277,2026-01-27 23:46:28.000 UTC,2026-01-27,11488,1000000087,백리향 1단 (1호 2호 3호),1,57000,1,true,same_universe_reconstructed
2601280910590608,2026-01-28 00:10:59.000 UTC,2026-01-28,0,1000000064,2색 이티,1,85000,1,true,same_universe_reconstructed
2601280923189119,2026-01-28 00:23:18.000 UTC,2026-01-28,63309,1000000064,2색 이티,4,178000,1,true,same_universe_reconstructed
2601280935241590,2026-01-28 00:35:24.000 UTC,2026-01-28,0,1000000064,2색 이티,1,85000,1,true,same_universe_reconstructed
2601280956014293,2026-01-28 00:56:01.000 UTC,2026-01-28,0,1000000064,2색 이티,2,89000,1,true,same_universe_reconstructed
2601280957520904,2026-01-28 00:57:52.000 UTC,2026-01-28,63314,1000000085,십리향 2단 (1호 2호 3호),1,54500,1,true,same_universe_reconstructed
2601280958012355,2026-01-28 00:58:01.000 UTC,2026-01-28,63314,1000000085,십리향 2단 (1호 2호 3호),1,54500,1,true,same_universe_reconstructed
2601281004075568,2026-01-28 01:04:07.000 UTC,2026-01-28,0,1000000064,2색 이티,2,89000,1,true,same_universe_reconstructed
2601281008408962,2026-01-28 01:08:40.000 UTC,2026-01-28,63109,1000000064,2색 이티,5,131000,2,true,same_universe_reconstructed
2601281012045735,2026-01-28 01:12:04.000 UTC,2026-01-28,0,1000000064,2색 이티,2,89000,1,true,same_universe_reconstructed
2601281014254867,2026-01-28 01:14:25.000 UTC,2026-01-28,0,1000000088,백리향 2단 (1호 2호),1,120000,1,true,same_universe_reconstructed
2601281018419881,2026-01-28 01:18:42.000 UTC,2026-01-28,21606,1000000088,백리향 2단 (1호 2호),1,116000,1,true,same_universe_reconstructed
2601281019315962,2026-01-28 01:19:31.000 UTC,2026-01-28,63313,1000000093,매화 2송이 1호,18,84600,1,true,same_universe_reconstructed
2601281019490623,2026-01-28 01:19:49.000 UTC,2026-01-28,21606,1000000088,백리향 2단 (1호 2호),1,116000,1,true,same_universe_reconstructed
2601281021191694,2026-01-28 01:21:19.000 UTC,2026-01-28,0,1000000085,십리향 2단 (1호 2호 3호),2,102000,1,true,same_universe_reconstructed
2601281026108757,2026-01-28 01:26:10.000 UTC,2026-01-28,21606,1000000087,백리향 1단 (1호 2호 3호),15,915000,1,true,same_universe_reconstructed
2601281049399232,2026-01-28 01:49:40.000 UTC,2026-01-28,63321,1000000112,매화 5송이 2호,50,580000,1,true,same_universe_reconstructed
2601281053188085,2026-01-28 01:53:18.000 UTC,2026-01-28,63319,1000000087,백리향 1단 (1호 2호 3호),15,901000,3,true,same_universe_reconstructed
2601281104229577,2026-01-28 02:04:23.000 UTC,2026-01-28,63319,1000000087,백리향 1단 (1호 2호 3호),15,901000,3,true,same_universe_reconstructed
2601281105204328,2026-01-28 02:05:20.000 UTC,2026-01-28,44569,1000000142,경기 미숫가루,1,12000,1,true,same_universe_reconstructed
2601281105204328,2026-01-28 02:05:20.000 UTC,2026-01-28,44569,1000000143,"경기참기름, 경기들기름",1,13000,1,true,same_universe_reconstructed
2601281116432789,2026-01-28 02:16:43.000 UTC,2026-01-28,38886,1000000091,일리향 2단 (1호 2호 3호),10,255000,1,true,same_universe_reconstructed
2601281217395076,2026-01-28 03:17:39.000 UTC,2026-01-28,0,1000000064,2색 이티,2,65000,2,true,same_universe_reconstructed
2601281218065317,2026-01-28 03:18:06.000 UTC,2026-01-28,0,1000000064,2색 이티,2,65000,2,true,same_universe_reconstructed
2601281219298318,2026-01-28 03:19:29.000 UTC,2026-01-28,0,1000000064,2색 이티,2,65000,2,true,same_universe_reconstructed
2601281219596479,2026-01-28 03:19:59.000 UTC,2026-01-28,0,1000000064,2색 이티,2,65000,2,true,same_universe_reconstructed
2601281233161761,2026-01-28 03:33:16.000 UTC,2026-01-28,62933,1000000064,2색 이티,20,440000,1,true,same_universe_reconstructed
2601281246494440,2026-01-28 03:46:49.000 UTC,2026-01-28,63329,1000000045,완두시루떡,1,77000,1,true,same_universe_reconstructed
2601281312397643,2026-01-28 04:12:39.000 UTC,2026-01-28,10720,1000000064,2색 이티,5,110000,1,true,same_universe_reconstructed
2601281323015684,2026-01-28 04:23:01.000 UTC,2026-01-28,63120,1000000087,백리향 1단 (1호 2호 3호),1,65000,1,true,same_universe_reconstructed
2601281342046745,2026-01-28 04:42:04.000 UTC,2026-01-28,38886,1000000069,설기세트,1,18920,1,true,same_universe_reconstructed
2601281351089687,2026-01-28 04:51:09.000 UTC,2026-01-28,63255,1000000064,2색 이티,1,85000,1,true,same_universe_reconstructed
2601281416275218,2026-01-28 05:16:27.000 UTC,2026-01-28,63263,1000000085,십리향 2단 (1호 2호 3호),1,53500,1,true,same_universe_reconstructed
2601281416275218,2026-01-28 05:16:27.000 UTC,2026-01-28,63263,1000000088,백리향 2단 (1호 2호),1,116000,1,true,same_universe_reconstructed
2601281457337929,2026-01-28 05:57:33.000 UTC,2026-01-28,60230,1000000085,십리향 2단 (1호 2호 3호),1,51000,1,true,same_universe_reconstructed
2601281506215011,2026-01-28 06:06:21.000 UTC,2026-01-28,47366,1000000088,백리향 2단 (1호 2호),1,116000,1,true,same_universe_reconstructed
2601281514074092,2026-01-28 06:14:07.000 UTC,2026-01-28,47366,1000000088,백리향 2단 (1호 2호),1,116000,1,true,same_universe_reconstructed
2601281517509894,2026-01-28 06:17:51.000 UTC,2026-01-28,63337,1000000086,십리향 3단,1,81000,1,true,same_universe_reconstructed
2601281525409455,2026-01-28 06:25:41.000 UTC,2026-01-28,12264,1000000085,십리향 2단 (1호 2호 3호),1,51000,1,true,same_universe_reconstructed
2601281525409455,2026-01-28 06:25:41.000 UTC,2026-01-28,12264,1000000087,백리향 1단 (1호 2호 3호),2,122000,1,true,same_universe_reconstructed
2601281531048596,2026-01-28 06:31:04.000 UTC,2026-01-28,63337,1000000088,백리향 2단 (1호 2호),1,116000,1,true,same_universe_reconstructed
2601281611252837,2026-01-28 07:11:25.000 UTC,2026-01-28,63281,1000000094,매화 3송이 1호,77,508200,1,true,same_universe_reconstructed
2601281611525768,2026-01-28 07:11:52.000 UTC,2026-01-28,63281,1000000094,매화 3송이 1호,77,508200,1,true,same_universe_reconstructed
2601281620152419,2026-01-28 07:20:15.000 UTC,2026-01-28,63326,1000000094,매화 3송이 1호,55,363000,1,true,same_universe_reconstructed
2601281626106430,2026-01-28 07:26:10.000 UTC,2026-01-28,48361,1000000127,흑임자이티,1,46000,1,true,same_universe_reconstructed
2601281629044621,2026-01-28 07:29:04.000 UTC,2026-01-28,48361,1000000127,흑임자이티,1,46000,1,true,same_universe_reconstructed
2601281631135032,2026-01-28 07:31:13.000 UTC,2026-01-28,48361,1000000127,흑임자이티,1,46000,1,true,same_universe_reconstructed
2601281635541004,2026-01-28 07:35:54.000 UTC,2026-01-28,48361,1000000127,흑임자이티,1,90000,1,true,same_universe_reconstructed
2601281637288205,2026-01-28 07:37:28.000 UTC,2026-01-28,48361,1000000127,흑임자이티,1,90000,1,true,same_universe_reconstructed
2601281638124756,2026-01-28 07:38:12.000 UTC,2026-01-28,63338,1000000064,2색 이티,2,107000,2,true,same_universe_reconstructed
2601281639025247,2026-01-28 07:39:02.000 UTC,2026-01-28,63342,1000000062,흰이티,1,80000,1,true,same_universe_reconstructed
2601281639025247,2026-01-28 07:39:02.000 UTC,2026-01-28,63342,1000000063,쑥이티,1,90000,1,true,same_universe_reconstructed
2601281639025247,2026-01-28 07:39:02.000 UTC,2026-01-28,63342,1000000127,흑임자이티,1,46000,1,true,same_universe_reconstructed
2601281641010358,2026-01-28 07:41:01.000 UTC,2026-01-28,48361,1000000127,흑임자이티,1,46000,1,true,same_universe_reconstructed
2601281642203109,2026-01-28 07:42:20.000 UTC,2026-01-28,48361,1000000127,흑임자이티,1,46000,1,true,same_universe_reconstructed
2601281642248620,2026-01-28 07:42:24.000 UTC,2026-01-28,63338,1000000064,2색 이티,2,107000,2,true,same_universe_reconstructed
2601281644107331,2026-01-28 07:44:10.000 UTC,2026-01-28,63338,1000000064,2색 이티,2,107000,2,true,same_universe_reconstructed
2601281646389092,2026-01-28 07:46:38.000 UTC,2026-01-28,63338,1000000064,2색 이티,2,107000,2,true,same_universe_reconstructed
2601281647280893,2026-01-28 07:47:28.000 UTC,2026-01-28,48361,1000000127,흑임자이티,1,46000,1,true,same_universe_reconstructed
2601281657154874,2026-01-28 07:57:15.000 UTC,2026-01-28,63338,1000000064,2색 이티,3,129000,1,true,same_universe_reconstructed
2601281728156886,2026-01-28 08:28:15.000 UTC,2026-01-28,22192,1000000035,떡국떡 500g,1,6000,1,true,same_universe_reconstructed
2601281728156886,2026-01-28 08:28:15.000 UTC,2026-01-28,22192,1000000043,모듬영양찰떡,1,45000,1,true,same_universe_reconstructed
2601281731544997,2026-01-28 08:31:54.000 UTC,2026-01-28,0,1000000110,매화 3송이 2호,20,136000,1,true,same_universe_reconstructed
2601281749170508,2026-01-28 08:49:17.000 UTC,2026-01-28,48678,1000000045,완두시루떡,1,20000,1,true,same_universe_reconstructed
2601281749170508,2026-01-28 08:49:17.000 UTC,2026-01-28,48678,1000000062,흰이티,32,2560000,1,true,same_universe_reconstructed
2601281753516339,2026-01-28 08:53:51.000 UTC,2026-01-28,62434,1000000085,십리향 2단 (1호 2호 3호),1,51000,1,true,same_universe_reconstructed
2601281753516339,2026-01-28 08:53:51.000 UTC,2026-01-28,62434,1000000090,일리향 1단 (1호 2호 3호),1,13000,1,true,same_universe_reconstructed
2601281806566590,2026-01-28 09:06:56.000 UTC,2026-01-28,63349,1000000086,십리향 3단,1,81000,1,true,same_universe_reconstructed
2601281814310971,2026-01-28 09:14:31.000 UTC,2026-01-28,63349,1000000086,십리향 3단,1,81000,1,true,same_universe_reconstructed
2601281815533112,2026-01-28 09:15:53.000 UTC,2026-01-28,55676,1000000064,2색 이티,1,43000,1,true,same_universe_reconstructed
2601281847097423,2026-01-28 09:47:09.000 UTC,2026-01-28,14781,1000000043,모듬영양찰떡,1,45000,1,true,same_universe_reconstructed
2601281847097423,2026-01-28 09:47:09.000 UTC,2026-01-28,14781,1000000045,완두시루떡,1,20000,1,true,same_universe_reconstructed
2601281847097423,2026-01-28 09:47:09.000 UTC,2026-01-28,14781,1000000085,십리향 2단 (1호 2호 3호),1,49000,1,true,same_universe_reconstructed
2601281855194314,2026-01-28 09:55:19.000 UTC,2026-01-28,63352,1000000111,매화 3송이 3호,16,112000,1,true,same_universe_reconstructed
2601281927461605,2026-01-28 10:27:46.000 UTC,2026-01-28,0,1000000064,2색 이티,1,43000,1,true,same_universe_reconstructed
2601281946248106,2026-01-28 10:46:24.000 UTC,2026-01-28,57584,1000000064,2색 이티,3,259500,1,true,same_universe_reconstructed
2601282052577369,2026-01-28 11:52:57.000 UTC,2026-01-28,0,1000000088,백리향 2단 (1호 2호),1,115000,1,true,same_universe_reconstructed
2601282132362670,2026-01-28 12:32:36.000 UTC,2026-01-28,63295,1000000085,십리향 2단 (1호 2호 3호),5,255000,1,true,same_universe_reconstructed
2601282242260423,2026-01-28 13:42:26.000 UTC,2026-01-28,63362,1000000085,십리향 2단 (1호 2호 3호),1,53500,1,true,same_universe_reconstructed
2601282243460324,2026-01-28 13:43:46.000 UTC,2026-01-28,63362,1000000085,십리향 2단 (1호 2호 3호),1,53500,1,true,same_universe_reconstructed
2601282254219206,2026-01-28 13:54:21.000 UTC,2026-01-28,52722,1000000087,백리향 1단 (1호 2호 3호),1,65000,1,true,same_universe_reconstructed
2601282257587977,2026-01-28 13:57:58.000 UTC,2026-01-28,63363,1000000087,백리향 1단 (1호 2호 3호),1,65000,1,true,same_universe_reconstructed
2601282302214238,2026-01-28 14:02:21.000 UTC,2026-01-28,63363,1000000087,백리향 1단 (1호 2호 3호),1,65000,1,true,same_universe_reconstructed
2601290023010371,2026-01-28 15:23:01.000 UTC,2026-01-28,62456,1000000084,십리향 1단 (1호 2호 3호),1,27000,1,true,same_universe_reconstructed
2601290826173242,2026-01-28 23:26:17.000 UTC,2026-01-28,63367,1000000153,유밀상,1,28600,1,true,same_universe_reconstructed
2601290826211103,2026-01-28 23:26:21.000 UTC,2026-01-28,63367,1000000153,유밀상,1,28600,1,true,same_universe_reconstructed
2601290827123114,2026-01-28 23:27:12.000 UTC,2026-01-28,63367,1000000153,유밀상,1,23600,1,true,same_universe_reconstructed
2601290933523315,2026-01-29 00:33:52.000 UTC,2026-01-29,63371,1000000090,일리향 1단 (1호 2호 3호),4,52000,1,true,same_universe_reconstructed
2601290940573566,2026-01-29 00:40:57.000 UTC,2026-01-29,3894,1000000085,십리향 2단 (1호 2호 3호),1,54500,1,true,same_universe_reconstructed
2601290948094209,2026-01-29 00:48:09.000 UTC,2026-01-29,63370,1000000063,쑥이티,1,90000,1,true,same_universe_reconstructed
2601290954276860,2026-01-29 00:54:27.000 UTC,2026-01-29,63376,1000000112,매화 5송이 2호,38,440800,1,true,same_universe_reconstructed
2601291017182372,2026-01-29 01:17:18.000 UTC,2026-01-29,60363,1000000087,백리향 1단 (1호 2호 3호),1,57000,1,true,same_universe_reconstructed
2601291017275603,2026-01-29 01:17:27.000 UTC,2026-01-29,60363,1000000087,백리향 1단 (1호 2호 3호),1,57000,1,true,same_universe_reconstructed
2601291034293344,2026-01-29 01:34:29.000 UTC,2026-01-29,63377,1000000087,백리향 1단 (1호 2호 3호),1,57000,1,true,same_universe_reconstructed
2601291048426605,2026-01-29 01:48:42.000 UTC,2026-01-29,63357,1000000064,2색 이티,1,22000,1,true,same_universe_reconstructed
2601291048569796,2026-01-29 01:48:57.000 UTC,2026-01-29,63357,1000000064,2색 이티,1,22000,1,true,same_universe_reconstructed
2601291050032707,2026-01-29 01:50:03.000 UTC,2026-01-29,62345,1000000093,매화 2송이 1호,30,141000,1,true,same_universe_reconstructed
2601291050045888,2026-01-29 01:50:04.000 UTC,2026-01-29,62345,1000000093,매화 2송이 1호,30,141000,1,true,same_universe_reconstructed
2601291050058669,2026-01-29 01:50:05.000 UTC,2026-01-29,62345,1000000093,매화 2송이 1호,30,141000,1,true,same_universe_reconstructed
2601291050068850,2026-01-29 01:50:06.000 UTC,2026-01-29,62345,1000000093,매화 2송이 1호,30,141000,1,true,same_universe_reconstructed
2601291145418351,2026-01-29 02:45:41.000 UTC,2026-01-29,63068,1000000112,매화 5송이 2호,10,116000,1,true,same_universe_reconstructed
2601291147356952,2026-01-29 02:47:35.000 UTC,2026-01-29,63068,1000000093,매화 2송이 1호,20,96000,1,true,same_universe_reconstructed
2601291148151963,2026-01-29 02:48:15.000 UTC,2026-01-29,0,1000000113,매화 5송이 3호,29,333500,1,true,same_universe_reconstructed
2601291252052905,2026-01-29 03:52:05.000 UTC,2026-01-29,63385,1000000064,2색 이티,1,22000,1,true,same_universe_reconstructed
2601291252052905,2026-01-29 03:52:05.000 UTC,2026-01-29,63385,1000000085,십리향 2단 (1호 2호 3호),2,102000,1,true,same_universe_reconstructed
2601291323262636,2026-01-29 04:23:26.000 UTC,2026-01-29,63386,1000000064,2색 이티,1,22000,1,true,same_universe_reconstructed
2601291323262636,2026-01-29 04:23:26.000 UTC,2026-01-29,63386,1000000069,설기세트,1,18920,1,true,same_universe_reconstructed
2601291326183827,2026-01-29 04:26:18.000 UTC,2026-01-29,63386,1000000064,2색 이티,1,22000,1,true,same_universe_reconstructed
2601291326183827,2026-01-29 04:26:18.000 UTC,2026-01-29,63386,1000000069,설기세트,1,18920,1,true,same_universe_reconstructed
2601291329219488,2026-01-29 04:29:22.000 UTC,2026-01-29,63388,1000000064,2색 이티,1,44500,1,true,same_universe_reconstructed
2601291351397759,2026-01-29 04:51:39.000 UTC,2026-01-29,63389,1000000088,백리향 2단 (1호 2호),1,116000,1,true,same_universe_reconstructed
2601291355463891,2026-01-29 04:55:46.000 UTC,2026-01-29,63390,1000000093,매화 2송이 1호,25,117500,1,true,same_universe_reconstructed
2601291355586762,2026-01-29 04:55:58.000 UTC,2026-01-29,63391,1000000108,매화 2송이 2호,19,85500,1,true,same_universe_reconstructed
2601291356459163,2026-01-29 04:56:46.000 UTC,2026-01-29,38660,1000000087,백리향 1단 (1호 2호 3호),11,627000,1,true,same_universe_reconstructed
2601291359486444,2026-01-29 04:59:48.000 UTC,2026-01-29,38660,1000000087,백리향 1단 (1호 2호 3호),13,741000,1,true,same_universe_reconstructed
2601291407342795,2026-01-29 05:07:34.000 UTC,2026-01-29,52696,1000000087,백리향 1단 (1호 2호 3호),14,826000,1,true,same_universe_reconstructed
2601291407342795,2026-01-29 05:07:34.000 UTC,2026-01-29,52696,1000000143,"경기참기름, 경기들기름",28,1050000,2,true,same_universe_reconstructed
2601291426242318,2026-01-29 05:26:24.000 UTC,2026-01-29,63369,1000000064,2색 이티,1,22000,1,true,same_universe_reconstructed
2601291426242318,2026-01-29 05:26:24.000 UTC,2026-01-29,63369,1000000087,백리향 1단 (1호 2호 3호),1,57000,1,true,same_universe_reconstructed
2601291429041989,2026-01-29 05:29:04.000 UTC,2026-01-29,62795,1000000093,매화 2송이 1호,12,56400,1,true,same_universe_reconstructed
2601291429480380,2026-01-29 05:29:48.000 UTC,2026-01-29,42556,1000000127,흑임자이티,1,91500,1,true,same_universe_reconstructed
2601291434354651,2026-01-29 05:34:35.000 UTC,2026-01-29,0,1000000086,십리향 3단,1,81000,1,true,same_universe_reconstructed
2601291440547742,2026-01-29 05:40:54.000 UTC,2026-01-29,63393,1000000092,일리향 3단,1,38000,1,true,same_universe_reconstructed
2601291446599833,2026-01-29 05:47:00.000 UTC,2026-01-29,63394,1000000064,2색 이티,1,22000,1,true,same_universe_reconstructed
2601291446599833,2026-01-29 05:47:00.000 UTC,2026-01-29,63394,1000000092,일리향 3단,1,38000,1,true,same_universe_reconstructed
2601291447315664,2026-01-29 05:47:31.000 UTC,2026-01-29,63394,1000000064,2색 이티,1,22000,1,true,same_universe_reconstructed
2601291447315664,2026-01-29 05:47:31.000 UTC,2026-01-29,63394,1000000092,일리향 3단,1,38000,1,true,same_universe_reconstructed
2601291531583466,2026-01-29 06:31:58.000 UTC,2026-01-29,0,1000000087,백리향 1단 (1호 2호 3호),2,114000,1,true,same_universe_reconstructed
2601291618292438,2026-01-29 07:18:29.000 UTC,2026-01-29,62658,1000000062,흰이티,3,201000,2,true,same_universe_reconstructed
2601291618292438,2026-01-29 07:18:29.000 UTC,2026-01-29,62658,1000000069,설기세트,3,190760,2,true,same_universe_reconstructed
2601291621516789,2026-01-29 07:21:51.000 UTC,2026-01-29,52387,1000000085,십리향 2단 (1호 2호 3호),1,54500,1,true,same_universe_reconstructed
2601291635103740,2026-01-29 07:35:10.000 UTC,2026-01-29,32845,1000000064,2색 이티,1,85000,1,true,same_universe_reconstructed
2601291640347931,2026-01-29 07:40:34.000 UTC,2026-01-29,63358,1000000087,백리향 1단 (1호 2호 3호),1,65000,1,true,same_universe_reconstructed
2601291641320592,2026-01-29 07:41:32.000 UTC,2026-01-29,63382,1000000044,고구마찰떡,2,132500,2,true,same_universe_reconstructed
2601291641320592,2026-01-29 07:41:32.000 UTC,2026-01-29,63382,1000000063,쑥이티,2,136000,2,true,same_universe_reconstructed
2601291641339173,2026-01-29 07:41:33.000 UTC,2026-01-29,63398,1000000091,일리향 2단 (1호 2호 3호),1,26000,1,true,same_universe_reconstructed
2601291641339173,2026-01-29 07:41:33.000 UTC,2026-01-29,63398,1000000092,일리향 3단,1,38000,1,true,same_universe_reconstructed
2601291643105644,2026-01-29 07:43:10.000 UTC,2026-01-29,63398,1000000091,일리향 2단 (1호 2호 3호),1,26000,1,true,same_universe_reconstructed
2601291643105644,2026-01-29 07:43:10.000 UTC,2026-01-29,63398,1000000092,일리향 3단,1,38000,1,true,same_universe_reconstructed
2601291644061475,2026-01-29 07:44:06.000 UTC,2026-01-29,63398,1000000091,일리향 2단 (1호 2호 3호),1,26000,1,true,same_universe_reconstructed
2601291644061475,2026-01-29 07:44:06.000 UTC,2026-01-29,63398,1000000092,일리향 3단,1,38000,1,true,same_universe_reconstructed
2601291655140296,2026-01-29 07:55:14.000 UTC,2026-01-29,63310,1000000154,화연상,1,27800,1,true,same_universe_reconstructed
2601291703460737,2026-01-29 08:03:46.000 UTC,2026-01-29,63402,1000000108,매화 2송이 2호,50,225000,1,true,same_universe_reconstructed
2601291719110458,2026-01-29 08:19:11.000 UTC,2026-01-29,0,1000000086,십리향 3단,1,81000,1,true,same_universe_reconstructed
2601291748080740,2026-01-29 08:48:08.000 UTC,2026-01-29,63401,1000000112,매화 5송이 2호,95,1102000,1,true,same_universe_reconstructed
2601291759401641,2026-01-29 08:59:40.000 UTC,2026-01-29,63277,1000000091,일리향 2단 (1호 2호 3호),18,486000,1,true,same_universe_reconstructed
2601291839525052,2026-01-29 09:39:52.000 UTC,2026-01-29,58339,1000000110,매화 3송이 2호,14,96600,1,true,same_universe_reconstructed
2601291843121493,2026-01-29 09:43:12.000 UTC,2026-01-29,63406,1000000091,일리향 2단 (1호 2호 3호),1,25500,1,true,same_universe_reconstructed
2601291904236924,2026-01-29 10:04:23.000 UTC,2026-01-29,63407,1000000087,백리향 1단 (1호 2호 3호),1,61000,1,true,same_universe_reconstructed
2601291937598386,2026-01-29 10:37:59.000 UTC,2026-01-29,63410,1000000044,고구마찰떡,1,22500,1,true,same_universe_reconstructed
2601291937598386,2026-01-29 10:37:59.000 UTC,2026-01-29,63410,1000000045,완두시루떡,1,20000,1,true,same_universe_reconstructed
2601291937598386,2026-01-29 10:37:59.000 UTC,2026-01-29,63410,1000000062,흰이티,1,21000,1,true,same_universe_reconstructed
2601291937598386,2026-01-29 10:37:59.000 UTC,2026-01-29,63410,1000000063,쑥이티,1,23500,1,true,same_universe_reconstructed
2601291937598386,2026-01-29 10:37:59.000 UTC,2026-01-29,63410,1000000127,흑임자이티,1,23500,1,true,same_universe_reconstructed
2601292145355612,2026-01-29 12:45:35.000 UTC,2026-01-29,63415,1000000111,매화 3송이 3호,10,70000,1,true,same_universe_reconstructed
2601292151093593,2026-01-29 12:51:09.000 UTC,2026-01-29,63416,1000000111,매화 3송이 3호,10,70000,1,true,same_universe_reconstructed
2601292152273904,2026-01-29 12:52:27.000 UTC,2026-01-29,63416,1000000111,매화 3송이 3호,10,70000,1,true,same_universe_reconstructed
2601292153162825,2026-01-29 12:53:16.000 UTC,2026-01-29,63416,1000000111,매화 3송이 3호,10,70000,1,true,same_universe_reconstructed
2601292240067416,2026-01-29 13:40:06.000 UTC,2026-01-29,9140,1000000088,백리향 2단 (1호 2호),1,115000,1,true,same_universe_reconstructed
2601292240067416,2026-01-29 13:40:06.000 UTC,2026-01-29,9140,1000000121,깨송편 1kg,2,40000,1,true,same_universe_reconstructed
2601292248002907,2026-01-29 13:48:00.000 UTC,2026-01-29,63419,1000000092,일리향 3단,1,38000,1,true,same_universe_reconstructed
2601300002264381,2026-01-29 15:02:26.000 UTC,2026-01-29,63190,1000000085,십리향 2단 (1호 2호 3호),1,51000,1,true,same_universe_reconstructed
2601300121135082,2026-01-29 16:21:13.000 UTC,2026-01-29,63422,1000000087,백리향 1단 (1호 2호 3호),1,65000,1,true,same_universe_reconstructed
2601300827411484,2026-01-29 23:27:41.000 UTC,2026-01-29,34718,1000000088,백리향 2단 (1호 2호),1,120000,1,true,same_universe_reconstructed
2601300912439066,2026-01-30 00:12:43.000 UTC,2026-01-30,50019,1000000033,가래떡(40개) 4kg,2,90000,1,true,same_universe_reconstructed
2601300912439066,2026-01-30 00:12:43.000 UTC,2026-01-30,50019,1000000035,떡국떡 500g,3,18000,1,true,same_universe_reconstructed
2601300915047157,2026-01-30 00:15:04.000 UTC,2026-01-30,50019,1000000033,가래떡(40개) 4kg,2,90000,1,true,same_universe_reconstructed
2601300915047157,2026-01-30 00:15:04.000 UTC,2026-01-30,50019,1000000035,떡국떡 500g,3,18000,1,true,same_universe_reconstructed
2601300920182968,2026-01-30 00:20:18.000 UTC,2026-01-30,50019,1000000033,가래떡(40개) 4kg,2,90000,1,true,same_universe_reconstructed
2601300920182968,2026-01-30 00:20:18.000 UTC,2026-01-30,50019,1000000035,떡국떡 500g,6,36000,1,true,same_universe_reconstructed
2601300928241439,2026-01-30 00:28:24.000 UTC,2026-01-30,38849,1000000087,백리향 1단 (1호 2호 3호),1,61000,1,true,same_universe_reconstructed
2601300928241439,2026-01-30 00:28:24.000 UTC,2026-01-30,38849,1000000092,일리향 3단,2,76000,1,true,same_universe_reconstructed
2601300935283930,2026-01-30 00:35:28.000 UTC,2026-01-30,62526,1000000093,매화 2송이 1호,11,52800,1,true,same_universe_reconstructed
2601301016559851,2026-01-30 01:16:56.000 UTC,2026-01-30,63428,1000000084,십리향 1단 (1호 2호 3호),11,297000,1,true,same_universe_reconstructed
2601301021434972,2026-01-30 01:21:43.000 UTC,2026-01-30,0,1000000088,백리향 2단 (1호 2호),1,120000,1,true,same_universe_reconstructed
2601301034261954,2026-01-30 01:34:26.000 UTC,2026-01-30,15628,1000000088,백리향 2단 (1호 2호),1,116000,1,true,same_universe_reconstructed
2601301035184685,2026-01-30 01:35:18.000 UTC,2026-01-30,61355,1000000062,흰이티,1,80000,1,true,same_universe_reconstructed
2601301035184685,2026-01-30 01:35:18.000 UTC,2026-01-30,61355,1000000063,쑥이티,1,46000,1,true,same_universe_reconstructed
2601301038228116,2026-01-30 01:38:22.000 UTC,2026-01-30,15628,1000000088,백리향 2단 (1호 2호),1,116000,1,true,same_universe_reconstructed
2601301042504787,2026-01-30 01:42:50.000 UTC,2026-01-30,15628,1000000088,백리향 2단 (1호 2호),1,116000,1,true,same_universe_reconstructed
2601301046187238,2026-01-30 01:46:18.000 UTC,2026-01-30,15628,1000000088,백리향 2단 (1호 2호),1,116000,1,true,same_universe_reconstructed
2601301050107169,2026-01-30 01:50:10.000 UTC,2026-01-30,15628,1000000088,백리향 2단 (1호 2호),1,116000,1,true,same_universe_reconstructed
2601301121494740,2026-01-30 02:21:49.000 UTC,2026-01-30,63102,1000000093,매화 2송이 1호,180,864000,1,true,same_universe_reconstructed
2601301121494740,2026-01-30 02:21:49.000 UTC,2026-01-30,63102,1000000111,매화 3송이 3호,20,142000,1,true,same_universe_reconstructed
2601301129352181,2026-01-30 02:29:35.000 UTC,2026-01-30,0,1000000087,백리향 1단 (1호 2호 3호),1,65000,1,true,same_universe_reconstructed
2601301134021822,2026-01-30 02:34:02.000 UTC,2026-01-30,62367,1000000064,2색 이티,1,85000,1,true,same_universe_reconstructed
2601301138176043,2026-01-30 02:38:17.000 UTC,2026-01-30,0,1000000035,떡국떡 500g,300,1800000,1,true,same_universe_reconstructed
2601301142069284,2026-01-30 02:42:06.000 UTC,2026-01-30,63433,1000000085,십리향 2단 (1호 2호 3호),25,1225000,1,true,same_universe_reconstructed
2601301142096775,2026-01-30 02:42:09.000 UTC,2026-01-30,63431,1000000064,2색 이티,2,65000,2,true,same_universe_reconstructed
2601301143262226,2026-01-30 02:43:26.000 UTC,2026-01-30,63102,1000000093,매화 2송이 1호,180,864000,1,true,same_universe_reconstructed
2601301143262226,2026-01-30 02:43:26.000 UTC,2026-01-30,63102,1000000111,매화 3송이 3호,20,142000,1,true,same_universe_reconstructed
2601301144520947,2026-01-30 02:44:52.000 UTC,2026-01-30,63434,1000000087,백리향 1단 (1호 2호 3호),2,122000,1,true,same_universe_reconstructed
2601301144520947,2026-01-30 02:44:52.000 UTC,2026-01-30,63434,1000000091,일리향 2단 (1호 2호 3호),1,26000,1,true,same_universe_reconstructed
2601301151073258,2026-01-30 02:51:07.000 UTC,2026-01-30,54898,1000000064,2색 이티,1,85000,1,true,same_universe_reconstructed
2601301154167479,2026-01-30 02:54:16.000 UTC,2026-01-30,63321,1000000111,매화 3송이 3호,55,390500,1,true,same_universe_reconstructed
2601301238300280,2026-01-30 03:38:30.000 UTC,2026-01-30,0,1000000064,2색 이티,2,44000,1,true,same_universe_reconstructed
2601301242142561,2026-01-30 03:42:14.000 UTC,2026-01-30,57920,1000000085,십리향 2단 (1호 2호 3호),1,54500,1,true,same_universe_reconstructed
2601301245276142,2026-01-30 03:45:27.000 UTC,2026-01-30,63368,1000000091,일리향 2단 (1호 2호 3호),7,182000,1,true,same_universe_reconstructed
2601301245276142,2026-01-30 03:45:27.000 UTC,2026-01-30,63368,1000000094,매화 3송이 1호,21,138600,1,true,same_universe_reconstructed
2601301309327633,2026-01-30 04:09:32.000 UTC,2026-01-30,0,1000000093,매화 2송이 1호,21,100800,1,true,same_universe_reconstructed
2601301325442094,2026-01-30 04:25:44.000 UTC,2026-01-30,63440,1000000111,매화 3송이 3호,65,461500,1,true,same_universe_reconstructed
2601301328173685,2026-01-30 04:28:17.000 UTC,2026-01-30,63440,1000000111,매화 3송이 3호,65,461500,1,true,same_universe_reconstructed
2601301328363376,2026-01-30 04:28:36.000 UTC,2026-01-30,63440,1000000111,매화 3송이 3호,65,461500,1,true,same_universe_reconstructed
2601301332562517,2026-01-30 04:32:56.000 UTC,2026-01-30,0,1000000064,2색 이티,6,195000,2,true,same_universe_reconstructed
2601301333149818,2026-01-30 04:33:15.000 UTC,2026-01-30,0,1000000064,2색 이티,6,195000,2,true,same_universe_reconstructed
2601301334286789,2026-01-30 04:34:28.000 UTC,2026-01-30,0,1000000064,2색 이티,6,195000,2,true,same_universe_reconstructed
2601301338186640,2026-01-30 04:38:18.000 UTC,2026-01-30,63338,1000000064,2색 이티,1,85000,1,true,same_universe_reconstructed
2601301342109541,2026-01-30 04:42:11.000 UTC,2026-01-30,63338,1000000064,2색 이티,1,43000,1,true,same_universe_reconstructed
2601301344511062,2026-01-30 04:44:51.000 UTC,2026-01-30,63338,1000000064,2색 이티,1,85000,1,true,same_universe_reconstructed
2601301347290963,2026-01-30 04:47:29.000 UTC,2026-01-30,63338,1000000064,2색 이티,1,85000,1,true,same_universe_reconstructed
2601301407224965,2026-01-30 05:07:22.000 UTC,2026-01-30,57920,1000000111,매화 3송이 3호,100,700000,1,true,same_universe_reconstructed
2601301407399476,2026-01-30 05:07:40.000 UTC,2026-01-30,57920,1000000111,매화 3송이 3호,100,700000,1,true,same_universe_reconstructed
2601301407458067,2026-01-30 05:07:45.000 UTC,2026-01-30,57920,1000000111,매화 3송이 3호,100,700000,1,true,same_universe_reconstructed
2601301408025928,2026-01-30 05:08:02.000 UTC,2026-01-30,57920,1000000111,매화 3송이 3호,100,700000,1,true,same_universe_reconstructed
2601301408323109,2026-01-30 05:08:32.000 UTC,2026-01-30,57920,1000000111,매화 3송이 3호,100,700000,1,true,same_universe_reconstructed
2601301422181440,2026-01-30 05:22:18.000 UTC,2026-01-30,35336,1000000088,백리향 2단 (1호 2호),2,230000,1,true,same_universe_reconstructed
2601301430033461,2026-01-30 05:30:03.000 UTC,2026-01-30,52341,1000000085,십리향 2단 (1호 2호 3호),4,214500,2,true,same_universe_reconstructed
2601301430033461,2026-01-30 05:30:03.000 UTC,2026-01-30,52341,1000000088,백리향 2단 (1호 2호),2,240000,1,true,same_universe_reconstructed
2601301430331492,2026-01-30 05:30:33.000 UTC,2026-01-30,62832,1000000088,백리향 2단 (1호 2호),1,120000,1,true,same_universe_reconstructed
2601301448467273,2026-01-30 05:48:46.000 UTC,2026-01-30,59577,1000000087,백리향 1단 (1호 2호 3호),1,57000,1,true,same_universe_reconstructed
2601301459525444,2026-01-30 05:59:52.000 UTC,2026-01-30,62658,1000000062,흰이티,3,201000,2,true,same_universe_reconstructed
2601301459525444,2026-01-30 05:59:52.000 UTC,2026-01-30,62658,1000000069,설기세트,3,190760,2,true,same_universe_reconstructed
2601301501072505,2026-01-30 06:01:07.000 UTC,2026-01-30,63445,1000000064,2색 이티,1,85000,1,true,same_universe_reconstructed
2601301506392966,2026-01-30 06:06:39.000 UTC,2026-01-30,62332,1000000088,백리향 2단 (1호 2호),1,111000,1,true,same_universe_reconstructed
2601301538510127,2026-01-30 06:38:51.000 UTC,2026-01-30,63379,1000000094,매화 3송이 1호,37,244200,1,true,same_universe_reconstructed
2601301547352148,2026-01-30 06:47:35.000 UTC,2026-01-30,0,1000000064,2색 이티,2,173000,1,true,same_universe_reconstructed
2601301552226259,2026-01-30 06:52:22.000 UTC,2026-01-30,63448,1000000094,매화 3송이 1호,15,99000,1,true,same_universe_reconstructed
2601301608526603,2026-01-30 07:08:52.000 UTC,2026-01-30,63376,1000000112,매화 5송이 2호,34,394400,1,true,same_universe_reconstructed
2601301613036234,2026-01-30 07:13:03.000 UTC,2026-01-30,0,1000000085,십리향 2단 (1호 2호 3호),20,1070000,1,true,same_universe_reconstructed
2601301614590035,2026-01-30 07:14:59.000 UTC,2026-01-30,48063,1000000086,십리향 3단,1,81000,1,true,same_universe_reconstructed
2601301621403166,2026-01-30 07:21:40.000 UTC,2026-01-30,48063,1000000086,십리향 3단,1,81000,1,true,same_universe_reconstructed
2601301621428937,2026-01-30 07:21:43.000 UTC,2026-01-30,48063,1000000086,십리향 3단,1,81000,1,true,same_universe_reconstructed
2601301624336648,2026-01-30 07:24:33.000 UTC,2026-01-30,48063,1000000086,십리향 3단,1,81000,1,true,same_universe_reconstructed
2601301625588869,2026-01-30 07:25:58.000 UTC,2026-01-30,0,1000000085,십리향 2단 (1호 2호 3호),3,160500,1,true,same_universe_reconstructed
2601301631105190,2026-01-30 07:31:10.000 UTC,2026-01-30,38660,1000000087,백리향 1단 (1호 2호 3호),1,57000,1,true,same_universe_reconstructed
2601301632068411,2026-01-30 07:32:06.000 UTC,2026-01-30,38660,1000000087,백리향 1단 (1호 2호 3호),11,627000,1,true,same_universe_reconstructed
2601301632118722,2026-01-30 07:32:11.000 UTC,2026-01-30,48063,1000000086,십리향 3단,1,81000,1,true,same_universe_reconstructed
2601301632189503,2026-01-30 07:32:19.000 UTC,2026-01-30,48063,1000000086,십리향 3단,1,81000,1,true,same_universe_reconstructed
2601301639070184,2026-01-30 07:39:07.000 UTC,2026-01-30,48063,1000000086,십리향 3단,1,81000,1,true,same_universe_reconstructed
2601301644362615,2026-01-30 07:44:36.000 UTC,2026-01-30,42798,1000000045,완두시루떡,1,77000,1,true,same_universe_reconstructed
2601301644362615,2026-01-30 07:44:36.000 UTC,2026-01-30,42798,1000000063,쑥이티,1,90000,1,true,same_universe_reconstructed
2601301652473927,2026-01-30 07:52:47.000 UTC,2026-01-30,63453,1000000064,2색 이티,7,563500,2,true,same_universe_reconstructed
2601301654038988,2026-01-30 07:54:03.000 UTC,2026-01-30,32566,1000000088,백리향 2단 (1호 2호),5,575000,1,true,same_universe_reconstructed
2601301727009001,2026-01-30 08:27:00.000 UTC,2026-01-30,0,1000000062,흰이티,2,101000,2,true,same_universe_reconstructed
2601301818051282,2026-01-30 09:18:05.000 UTC,2026-01-30,63455,1000000064,2색 이티,4,256000,2,true,same_universe_reconstructed
2601301825321973,2026-01-30 09:25:32.000 UTC,2026-01-30,25822,1000000087,백리향 1단 (1호 2호 3호),1,57000,1,true,same_universe_reconstructed
2601301935030257,2026-01-30 10:35:03.000 UTC,2026-01-30,57584,1000000064,2색 이티,2,173000,1,true,same_universe_reconstructed
2601302136510228,2026-01-30 12:36:51.000 UTC,2026-01-30,63054,1000000045,완두시루떡,1,40000,1,true,same_universe_reconstructed
2601302136510228,2026-01-30 12:36:51.000 UTC,2026-01-30,63054,1000000062,흰이티,1,21000,1,true,same_universe_reconstructed
2601302143073209,2026-01-30 12:43:07.000 UTC,2026-01-30,27923,1000000127,흑임자이티,4,272000,2,true,same_universe_reconstructed
2601302216039200,2026-01-30 13:16:04.000 UTC,2026-01-30,63461,1000000064,2색 이티,1,86500,1,true,same_universe_reconstructed
2601302338268811,2026-01-30 14:38:26.000 UTC,2026-01-30,63462,1000000093,매화 2송이 1호,17,81600,1,true,same_universe_reconstructed
2601310040390911,2026-01-30 15:40:39.000 UTC,2026-01-30,63463,1000000093,매화 2송이 1호,45,211500,1,true,same_universe_reconstructed
2601310941186792,2026-01-31 00:41:18.000 UTC,2026-01-31,63467,1000000066,쑥인절미,1,22500,1,true,same_universe_reconstructed
2601311006302393,2026-01-31 01:06:30.000 UTC,2026-01-31,63054,1000000045,완두시루떡,1,40000,1,true,same_universe_reconstructed
2601311006302393,2026-01-31 01:06:30.000 UTC,2026-01-31,63054,1000000062,흰이티,1,21000,1,true,same_universe_reconstructed
2601311006316164,2026-01-31 01:06:31.000 UTC,2026-01-31,63054,1000000045,완두시루떡,1,40000,1,true,same_universe_reconstructed
2601311006316164,2026-01-31 01:06:31.000 UTC,2026-01-31,63054,1000000062,흰이티,1,21000,1,true,same_universe_reconstructed
2601311006429975,2026-01-31 01:06:43.000 UTC,2026-01-31,63140,1000000064,2색 이티,1,43000,1,true,same_universe_reconstructed
2601311007391526,2026-01-31 01:07:39.000 UTC,2026-01-31,63054,1000000045,완두시루떡,1,40000,1,true,same_universe_reconstructed
2601311007391526,2026-01-31 01:07:39.000 UTC,2026-01-31,63054,1000000062,흰이티,1,21000,1,true,same_universe_reconstructed
2601311011298297,2026-01-31 01:11:29.000 UTC,2026-01-31,63054,1000000045,완두시루떡,1,40000,1,true,same_universe_reconstructed
2601311011298297,2026-01-31 01:11:29.000 UTC,2026-01-31,63054,1000000062,흰이티,1,21000,1,true,same_universe_reconstructed
2601311013156008,2026-01-31 01:13:15.000 UTC,2026-01-31,63054,1000000045,완두시루떡,1,40000,1,true,same_universe_reconstructed
2601311013156008,2026-01-31 01:13:15.000 UTC,2026-01-31,63054,1000000062,흰이티,1,21000,1,true,same_universe_reconstructed
2601311015262259,2026-01-31 01:15:26.000 UTC,2026-01-31,63054,1000000045,완두시루떡,1,40000,1,true,same_universe_reconstructed
2601311015262259,2026-01-31 01:15:26.000 UTC,2026-01-31,63054,1000000062,흰이티,1,21000,1,true,same_universe_reconstructed
2601311017112360,2026-01-31 01:17:11.000 UTC,2026-01-31,63054,1000000045,완두시루떡,1,40000,1,true,same_universe_reconstructed
2601311017112360,2026-01-31 01:17:11.000 UTC,2026-01-31,63054,1000000062,흰이티,1,21000,1,true,same_universe_reconstructed
2601311017124111,2026-01-31 01:17:12.000 UTC,2026-01-31,63054,1000000045,완두시루떡,1,40000,1,true,same_universe_reconstructed
2601311017124111,2026-01-31 01:17:12.000 UTC,2026-01-31,63054,1000000062,흰이티,1,21000,1,true,same_universe_reconstructed
2601311018479722,2026-01-31 01:18:48.000 UTC,2026-01-31,63054,1000000045,완두시루떡,1,40000,1,true,same_universe_reconstructed
2601311018479722,2026-01-31 01:18:48.000 UTC,2026-01-31,63054,1000000062,흰이티,1,21000,1,true,same_universe_reconstructed
2601311025013103,2026-01-31 01:25:01.000 UTC,2026-01-31,63054,1000000045,완두시루떡,1,40000,1,true,same_universe_reconstructed
2601311025013103,2026-01-31 01:25:01.000 UTC,2026-01-31,63054,1000000062,흰이티,1,21000,1,true,same_universe_reconstructed
2601311039465354,2026-01-31 01:39:46.000 UTC,2026-01-31,63054,1000000045,완두시루떡,1,40000,1,true,same_universe_reconstructed
2601311039465354,2026-01-31 01:39:46.000 UTC,2026-01-31,63054,1000000062,흰이티,1,21000,1,true,same_universe_reconstructed
2601311204351686,2026-01-31 03:04:35.000 UTC,2026-01-31,63447,1000000088,백리향 2단 (1호 2호),1,111000,1,true,same_universe_reconstructed
2601311207287687,2026-01-31 03:07:28.000 UTC,2026-01-31,63447,1000000088,백리향 2단 (1호 2호),1,111000,1,true,same_universe_reconstructed
2601311208511128,2026-01-31 03:08:51.000 UTC,2026-01-31,63447,1000000088,백리향 2단 (1호 2호),1,111000,1,true,same_universe_reconstructed
2601311209480729,2026-01-31 03:09:48.000 UTC,2026-01-31,63447,1000000088,백리향 2단 (1호 2호),1,111000,1,true,same_universe_reconstructed
2601311211021420,2026-01-31 03:11:02.000 UTC,2026-01-31,63447,1000000088,백리향 2단 (1호 2호),1,111000,1,true,same_universe_reconstructed
2601311259428391,2026-01-31 03:59:42.000 UTC,2026-01-31,52868,1000000087,백리향 1단 (1호 2호 3호),1,57000,1,true,same_universe_reconstructed
2601311305484702,2026-01-31 04:05:48.000 UTC,2026-01-31,0,1000000111,매화 3송이 3호,20,142000,1,true,same_universe_reconstructed
2601311351360393,2026-01-31 04:51:36.000 UTC,2026-01-31,0,1000000086,십리향 3단,1,81000,1,true,same_universe_reconstructed
2601311532061806,2026-01-31 06:32:06.000 UTC,2026-01-31,63478,1000000088,백리향 2단 (1호 2호),1,120000,1,true,same_universe_reconstructed
2601311544451187,2026-01-31 06:44:45.000 UTC,2026-01-31,63479,1000000085,십리향 2단 (1호 2호 3호),1,53500,1,true,same_universe_reconstructed
2601311609188088,2026-01-31 07:09:18.000 UTC,2026-01-31,63482,1000000064,2색 이티,2,44000,1,true,same_universe_reconstructed
2601311623227589,2026-01-31 07:23:22.000 UTC,2026-01-31,63477,1000000092,일리향 3단,9,333000,1,true,same_universe_reconstructed
2601311623227589,2026-01-31 07:23:22.000 UTC,2026-01-31,63477,1000000111,매화 3송이 3호,15,106500,1,true,same_universe_reconstructed
2601311647536330,2026-01-31 07:47:53.000 UTC,2026-01-31,63484,1000000111,매화 3송이 3호,140,994000,1,true,same_universe_reconstructed
2601311730293932,2026-01-31 08:30:29.000 UTC,2026-01-31,63458,1000000064,2색 ���티,4,88000,1,true,same_universe_reconstructed
2601311750272733,2026-01-31 08:50:27.000 UTC,2026-01-31,43568,1000000064,2색 이티,1,43000,1,true,same_universe_reconstructed
2601311803418944,2026-01-31 09:03:41.000 UTC,2026-01-31,63489,1000000092,일리향 3단,1,37000,1,true,same_universe_reconstructed
2601311813572065,2026-01-31 09:13:57.000 UTC,2026-01-31,0,1000000063,쑥이티,1,46000,1,true,same_universe_reconstructed
2601311822013486,2026-01-31 09:22:01.000 UTC,2026-01-31,0,1000000064,2색 이티,1,22000,1,true,same_universe_reconstructed
2601311837117467,2026-01-31 09:37:11.000 UTC,2026-01-31,63489,1000000090,일리향 1단 (1호 2호 3호),1,13000,1,true,same_universe_reconstructed
2601311851050928,2026-01-31 09:51:05.000 UTC,2026-01-31,63490,1000000064,2색 이티,1,22000,1,true,same_universe_reconstructed
2601311851050928,2026-01-31 09:51:05.000 UTC,2026-01-31,63490,1000000093,매화 2송이 1호,10,48000,1,true,same_universe_reconstructed
2601311951594939,2026-01-31 10:51:59.000 UTC,2026-01-31,43711,1000000088,백리향 2단 (1호 2호),1,120000,1,true,same_universe_reconstructed
2601311952380450,2026-01-31 10:52:38.000 UTC,2026-01-31,63496,1000000088,백리향 2단 (1호 2호),1,115000,1,true,same_universe_reconstructed
2601312007230261,2026-01-31 11:07:23.000 UTC,2026-01-31,63497,1000000111,매화 3송이 3호,30,213000,1,true,same_universe_reconstructed
2601312021024042,2026-01-31 11:21:02.000 UTC,2026-01-31,63495,1000000085,십리향 2단 (1호 2호 3호),1,54500,1,true,same_universe_reconstructed
2601312038042743,2026-01-31 11:38:04.000 UTC,2026-01-31,42929,1000000087,백리향 1단 (1호 2호 3호),1,65000,1,true,same_universe_reconstructed
2601312039474024,2026-01-31 11:39:47.000 UTC,2026-01-31,42929,1000000087,백리향 1단 (1호 2호 3호),1,65000,1,true,same_universe_reconstructed
2601312127002827,2026-01-31 12:27:00.000 UTC,2026-01-31,42929,1000000087,백리향 1단 (1호 2호 3호),1,65000,1,true,same_universe_reconstructed
2601312235461679,2026-01-31 13:35:46.000 UTC,2026-01-31,63502,1000000045,완두시루떡,1,20000,1,true,same_universe_reconstructed
2601312237392930,2026-01-31 13:37:39.000 UTC,2026-01-31,63502,1000000045,완두시루떡,1,20000,1,true,same_universe_reconstructed
2602010008561561,2026-01-31 15:08:56.000 UTC,2026-01-31,63503,1000000063,쑥이티,1,23500,1,true,same_universe_reconstructed
2602010008561561,2026-01-31 15:08:56.000 UTC,2026-01-31,63503,1000000121,깨송편 1kg,1,19000,1,true,same_universe_reconstructed
2602010008561561,2026-01-31 15:08:56.000 UTC,2026-01-31,63503,1000000127,흑임자이티,1,46000,1,true,same_universe_reconstructed
2602010604384672,2026-01-31 21:04:38.000 UTC,2026-01-31,63505,1000000043,모듬영양찰떡,1,22500,1,true,same_universe_reconstructed
2602010604384672,2026-01-31 21:04:38.000 UTC,2026-01-31,63505,1000000045,완두시루떡,1,20000,1,true,same_universe_reconstructed
2602010604384672,2026-01-31 21:04:38.000 UTC,2026-01-31,63505,1000000064,2색 이티,1,43000,1,true,same_universe_reconstructed
2602010604384672,2026-01-31 21:04:38.000 UTC,2026-01-31,63505,1000000069,설기세트,1,38920,1,true,same_universe_reconstructed
2602010837438194,2026-01-31 23:37:43.000 UTC,2026-01-31,61321,1000000084,십리향 1단 (1호 2호 3호),3,91500,1,true,same_universe_reconstructed
2602010837438194,2026-01-31 23:37:43.000 UTC,2026-01-31,61321,1000000090,일리향 1단 (1호 2호 3호),1,13000,1,true,same_universe_reconstructed
2602010838027665,2026-01-31 23:38:02.000 UTC,2026-01-31,61321,1000000084,십리향 1단 (1호 2호 3호),3,91500,1,true,same_universe_reconstructed
2602010838027665,2026-01-31 23:38:02.000 UTC,2026-01-31,61321,1000000090,일리향 1단 (1호 2호 3호),1,13000,1,true,same_universe_reconstructed
2602011026336657,2026-02-01 01:26:33.000 UTC,2026-02-01,63507,1000000045,완두시루떡,2,60000,2,true,same_universe_reconstructed
2602011049182249,2026-02-01 01:49:18.000 UTC,2026-02-01,0,1000000087,백리향 1단 (1호 2호 3호),1,57000,1,true,same_universe_reconstructed
2602011141573001,2026-02-01 02:41:57.000 UTC,2026-02-01,63271,1000000086,십리향 3단,1,77000,1,true,same_universe_reconstructed
2602011141573001,2026-02-01 02:41:57.000 UTC,2026-02-01,63271,1000000088,백리향 2단 (1호 2호),1,120000,1,true,same_universe_reconstructed
2602011217341192,2026-02-01 03:17:34.000 UTC,2026-02-01,40715,1000000087,백리향 1단 (1호 2호 3호),1,61000,1,true,same_universe_reconstructed
2602011217341192,2026-02-01 03:17:34.000 UTC,2026-02-01,40715,1000000088,백리향 2단 (1호 2호),5,575000,1,true,same_universe_reconstructed
2602011225097773,2026-02-01 03:25:09.000 UTC,2026-02-01,40715,1000000087,백리향 1단 (1호 2호 3호),1,61000,1,true,same_universe_reconstructed
2602011225097773,2026-02-01 03:25:09.000 UTC,2026-02-01,40715,1000000088,백리향 2단 (1호 2호),5,575000,1,true,same_universe_reconstructed
2602011235335704,2026-02-01 03:35:33.000 UTC,2026-02-01,42929,1000000087,백리향 1단 (1호 2호 3호),1,65000,1,true,same_universe_reconstructed
2602011250598655,2026-02-01 03:50:59.000 UTC,2026-02-01,63512,1000000085,십리향 2단 (1호 2호 3호),1,53500,1,true,same_universe_reconstructed
2602011251129176,2026-02-01 03:51:13.000 UTC,2026-02-01,63516,1000000045,완두시루떡,1,20000,1,true,same_universe_reconstructed
2602011251129176,2026-02-01 03:51:13.000 UTC,2026-02-01,63516,1000000064,2색 이티,2,65000,2,true,same_universe_reconstructed
2602011319264057,2026-02-01 04:19:26.000 UTC,2026-02-01,63518,1000000086,십리향 3단,1,81000,1,true,same_universe_reconstructed
2602011324360548,2026-02-01 04:24:36.000 UTC,2026-02-01,63518,1000000088,백리향 2단 (1호 2호),1,120000,1,true,same_universe_reconstructed
2602011338034099,2026-02-01 04:38:03.000 UTC,2026-02-01,63520,1000000092,일리향 3단,1,37000,1,true,same_universe_reconstructed
2602011421531950,2026-02-01 05:21:53.000 UTC,2026-02-01,63522,1000000093,매화 2송이 1호,30,144000,1,true,same_universe_reconstructed
2602011502109131,2026-02-01 06:02:10.000 UTC,2026-02-01,63435,1000000156,기원상,1,29000,1,true,same_universe_reconstructed
2602011626160619,2026-02-01 07:26:16.000 UTC,2026-02-01,63432,1000000085,십리향 2단 (1호 2호 3호),1,54500,1,true,same_universe_reconstructed
2602011648481944,2026-02-01 07:48:48.000 UTC,2026-02-01,48548,1000000087,백리향 1단 (1호 2호 3호),1,61000,1,true,same_universe_reconstructed
2602011649236325,2026-02-01 07:49:23.000 UTC,2026-02-01,63528,1000000064,2색 이티,1,22000,1,true,same_universe_reconstructed
2602011649236325,2026-02-01 07:49:23.000 UTC,2026-02-01,63528,1000000092,일리향 3단,2,76000,1,true,same_universe_reconstructed
2602011656296788,2026-02-01 07:56:29.000 UTC,2026-02-01,63528,1000000064,2색 이티,1,22000,1,true,same_universe_reconstructed
2602011656296788,2026-02-01 07:56:29.000 UTC,2026-02-01,63528,1000000092,일리향 3단,2,76000,1,true,same_universe_reconstructed
2602011659168870,2026-02-01 07:59:16.000 UTC,2026-02-01,63528,1000000064,2색 이티,1,22000,1,true,same_universe_reconstructed
2602011659168870,2026-02-01 07:59:16.000 UTC,2026-02-01,63528,1000000092,일리향 3단,2,76000,1,true,same_universe_reconstructed
2602011713025392,2026-02-01 08:13:02.000 UTC,2026-02-01,63483,1000000044,고구마찰떡,1,45000,1,true,same_universe_reconstructed
2602011713025392,2026-02-01 08:13:02.000 UTC,2026-02-01,63483,1000000066,쑥인절미,1,22500,1,true,same_universe_reconstructed
2602011713025392,2026-02-01 08:13:02.000 UTC,2026-02-01,63483,1000000072,마스코바도 흑임자설기,1,20000,1,true,same_universe_reconstructed
2602011713025392,2026-02-01 08:13:02.000 UTC,2026-02-01,63483,1000000127,흑임자이티,1,23500,1,true,same_universe_reconstructed
2602011844544417,2026-02-01 09:44:54.000 UTC,2026-02-01,63534,1000000064,2색 이티,1,22000,1,true,same_universe_reconstructed
2602011848132058,2026-02-01 09:48:13.000 UTC,2026-02-01,62985,1000000088,백리향 2단 (1호 2호),1,120000,1,true,same_universe_reconstructed
2602012038426693,2026-02-01 11:38:42.000 UTC,2026-02-01,63529,1000000063,쑥이티,16,713500,2,true,same_universe_reconstructed
2602012113348674,2026-02-01 12:13:34.000 UTC,2026-02-01,0,1000000093,매화 2송이 1호,120,564000,1,true,same_universe_reconstructed
2602012115195725,2026-02-01 12:15:19.000 UTC,2026-02-01,63536,1000000153,유밀상,1,28600,1,true,same_universe_reconstructed
2602012115195725,2026-02-01 12:15:19.000 UTC,2026-02-01,63536,1000000156,기원상,1,29000,1,true,same_universe_reconstructed
2602012115456596,2026-02-01 12:15:45.000 UTC,2026-02-01,0,1000000093,매화 2송이 1호,120,564000,1,true,same_universe_reconstructed
2602012149549037,2026-02-01 12:49:54.000 UTC,2026-02-01,0,1000000093,매화 2송이 1호,10,47000,1,true,same_universe_reconstructed
2602012154040088,2026-02-01 12:54:04.000 UTC,2026-02-01,62957,1000000065,흰인절미,1,20000,1,true,same_universe_reconstructed
2602012154040088,2026-02-01 12:54:04.000 UTC,2026-02-01,62957,1000000111,매화 3송이 3호,25,175000,1,true,same_universe_reconstructed
2602012154040088,2026-02-01 12:54:04.000 UTC,2026-02-01,62957,1000000121,깨송편 1kg,1,19500,1,true,same_universe_reconstructed
2602012155062879,2026-02-01 12:55:06.000 UTC,2026-02-01,63541,1000000064,2색 이티,1,43000,1,true,same_universe_reconstructed
2602012222022951,2026-02-01 13:22:02.000 UTC,2026-02-01,0,1000000108,매화 2송이 2호,50,230000,1,true,same_universe_reconstructed
2602012228495442,2026-02-01 13:28:49.000 UTC,2026-02-01,0,1000000093,매화 2송이 1호,40,192000,1,true,same_universe_reconstructed
2602012249424303,2026-02-01 13:49:42.000 UTC,2026-02-01,63537,1000000111,매화 3송이 3호,90,639000,1,true,same_universe_reconstructed
2602012332317824,2026-02-01 14:32:31.000 UTC,2026-02-01,63371,1000000090,일리향 1단 (1호 2호 3호),1,13000,1,true,same_universe_reconstructed
2602020008254321,2026-02-01 15:08:25.000 UTC,2026-02-01,63456,1000000087,백리향 1단 (1호 2호 3호),2,122000,1,true,same_universe_reconstructed
2602020649336353,2026-02-01 21:49:33.000 UTC,2026-02-01,53354,1000000064,2색 이티,1,22000,1,true,same_universe_reconstructed
2602020649336353,2026-02-01 21:49:33.000 UTC,2026-02-01,53354,1000000087,백리향 1단 (1호 2호 3호),1,61000,1,true,same_universe_reconstructed
2602020657228574,2026-02-01 21:57:22.000 UTC,2026-02-01,53354,1000000064,2색 이티,1,22000,1,true,same_universe_reconstructed
2602020657228574,2026-02-01 21:57:22.000 UTC,2026-02-01,53354,1000000087,백리향 1단 (1호 2호 3호),1,61000,1,true,same_universe_reconstructed
2602020700011735,2026-02-01 22:00:01.000 UTC,2026-02-01,53354,1000000064,2색 이티,1,22000,1,true,same_universe_reconstructed
2602020700011735,2026-02-01 22:00:01.000 UTC,2026-02-01,53354,1000000087,백리향 1단 (1호 2호 3호),1,61000,1,true,same_universe_reconstructed
2602020704065146,2026-02-01 22:04:06.000 UTC,2026-02-01,53354,1000000064,2색 이티,1,22000,1,true,same_universe_reconstructed
2602020704065146,2026-02-01 22:04:06.000 UTC,2026-02-01,53354,1000000087,백리향 1단 (1호 2호 3호),1,61000,1,true,same_universe_reconstructed
2602020707195417,2026-02-01 22:07:19.000 UTC,2026-02-01,53354,1000000064,2색 이티,1,22000,1,true,same_universe_reconstructed
2602020707195417,2026-02-01 22:07:19.000 UTC,2026-02-01,53354,1000000087,백리향 1단 (1호 2호 3호),1,61000,1,true,same_universe_reconstructed
2602020718414428,2026-02-01 22:18:41.000 UTC,2026-02-01,53354,1000000064,2색 이티,1,22000,1,true,same_universe_reconstructed
2602020718414428,2026-02-01 22:18:41.000 UTC,2026-02-01,53354,1000000087,백리향 1단 (1호 2호 3호),1,61000,1,true,same_universe_reconstructed
2602020722253759,2026-02-01 22:22:25.000 UTC,2026-02-01,63414,1000000064,2색 이티,2,173000,1,true,same_universe_reconstructed
2602020728245000,2026-02-01 22:28:24.000 UTC,2026-02-01,53354,1000000064,2색 이티,1,22000,1,true,same_universe_reconstructed
2602020728245000,2026-02-01 22:28:24.000 UTC,2026-02-01,53354,1000000087,백리향 1단 (1호 2호 3호),1,61000,1,true,same_universe_reconstructed
2602020742032201,2026-02-01 22:42:03.000 UTC,2026-02-01,61621,1000000064,2색 이티,1,22000,1,true,same_universe_reconstructed
2602020742062662,2026-02-01 22:42:06.000 UTC,2026-02-01,61621,1000000064,2색 이티,1,22000,1,true,same_universe_reconstructed
2602020742392723,2026-02-01 22:42:39.000 UTC,2026-02-01,61621,1000000064,2색 이티,1,22000,1,true,same_universe_reconstructed
2602020831377884,2026-02-01 23:31:37.000 UTC,2026-02-01,63548,1000000087,백리향 1단 (1호 2호 3호),1,65000,1,true,same_universe_reconstructed
2602020833372695,2026-02-01 23:33:37.000 UTC,2026-02-01,42929,1000000087,백리향 1단 (1호 2호 3호),1,65000,1,true,same_universe_reconstructed
2602020842422766,2026-02-01 23:42:42.000 UTC,2026-02-01,63451,1000000088,백리향 2단 (1호 2호),1,116000,1,true,same_universe_reconstructed
2602020846502208,2026-02-01 23:46:50.000 UTC,2026-02-01,0,1000000154,화연상,1,27800,1,true,same_universe_reconstructed
2602020846502208,2026-02-01 23:46:50.000 UTC,2026-02-01,0,1000000156,기원상,1,29000,1,true,same_universe_reconstructed
2602020848550139,2026-02-01 23:48:55.000 UTC,2026-02-01,63451,1000000088,백리향 2단 (1호 2호),1,116000,1,true,same_universe_reconstructed
2602020901388950,2026-02-02 00:01:38.000 UTC,2026-02-02,0,1000000064,2색 이티,3,129000,1,true,same_universe_reconstructed
2602020932048391,2026-02-02 00:32:04.000 UTC,2026-02-02,63552,1000000064,2색 이티,1,44500,1,true,same_universe_reconstructed
2602020948390073,2026-02-02 00:48:39.000 UTC,2026-02-02,43806,1000000088,백리향 2단 (1호 2호),2,230000,1,true,same_universe_reconstructed
2602020949549394,2026-02-02 00:49:55.000 UTC,2026-02-02,54140,1000000094,매화 3송이 1호,120,780000,1,true,same_universe_reconstructed
2602020951378025,2026-02-02 00:51:37.000 UTC,2026-02-02,43806,1000000088,백리향 2단 (1호 2호),1,115000,1,true,same_universe_reconstructed
2602021015495287,2026-02-02 01:15:49.000 UTC,2026-02-02,61690,1000000153,유밀상,1,28600,1,true,same_universe_reconstructed
2602021015495287,2026-02-02 01:15:49.000 UTC,2026-02-02,61690,1000000156,기원상,2,53000,1,true,same_universe_reconstructed
2602021034348668,2026-02-02 01:34:34.000 UTC,2026-02-02,59874,1000000042,약식,1,45000,1,true,same_universe_reconstructed
2602021034348668,2026-02-02 01:34:34.000 UTC,2026-02-02,59874,1000000085,십리향 2단 (1호 2호 3호),1,49000,1,true,same_universe_reconstructed
2602021034348668,2026-02-02 01:34:34.000 UTC,2026-02-02,59874,1000000142,경기 미숫가루,1,12000,1,true,same_universe_reconstructed
2602021042094279,2026-02-02 01:42:09.000 UTC,2026-02-02,0,1000000093,매화 2송이 1호,50,240000,1,true,same_universe_reconstructed
2602021129371580,2026-02-02 02:29:37.000 UTC,2026-02-02,63558,1000000064,2색 이티,2,44000,1,true,same_universe_reconstructed
2602021136253141,2026-02-02 02:36:25.000 UTC,2026-02-02,52703,1000000087,백리향 1단 (1호 2호 3호),8,488000,1,true,same_universe_reconstructed
2602021136253141,2026-02-02 02:36:25.000 UTC,2026-02-02,52703,1000000088,백리향 2단 (1호 2호),4,460000,1,true,same_universe_reconstructed
2602021154580782,2026-02-02 02:54:58.000 UTC,2026-02-02,63561,1000000087,백리향 1단 (1호 2호 3호),1,61000,1,true,same_universe_reconstructed
2602021157327363,2026-02-02 02:57:32.000 UTC,2026-02-02,60004,1000000084,십리향 1단 (1호 2호 3호),17,476000,1,true,same_universe_reconstructed
2602021157327363,2026-02-02 02:57:32.000 UTC,2026-02-02,60004,1000000110,매화 3송이 2호,70,483000,1,true,same_universe_reconstructed
2602021159079924,2026-02-02 02:59:08.000 UTC,2026-02-02,17328,1000000111,매화 3송이 3호,10,71000,1,true,same_universe_reconstructed
2602021206174725,2026-02-02 03:06:17.000 UTC,2026-02-02,17328,1000000093,매화 2송이 1호,15,72000,1,true,same_universe_reconstructed
2602021209167587,2026-02-02 03:09:16.000 UTC,2026-02-02,43508,1000000086,십리향 3단,1,77000,1,true,same_universe_reconstructed
2602021209538708,2026-02-02 03:09:53.000 UTC,2026-02-02,0,1000000087,백리향 1단 (1호 2호 3호),1,61000,1,true,same_universe_reconstructed
2602021209538708,2026-02-02 03:09:53.000 UTC,2026-02-02,0,1000000090,일리향 1단 (1호 2호 3호),8,104000,1,true,same_universe_reconstructed
2602021211497839,2026-02-02 03:11:49.000 UTC,2026-02-02,0,1000000087,백리향 1단 (1호 2호 3호),1,61000,1,true,same_universe_reconstructed
2602021211497839,2026-02-02 03:11:49.000 UTC,2026-02-02,0,1000000090,일리향 1단 (1호 2호 3호),8,104000,1,true,same_universe_reconstructed
2602021222193181,2026-02-02 03:22:19.000 UTC,2026-02-02,43508,1000000087,백리향 1단 (1호 2호 3호),1,61000,1,true,same_universe_reconstructed
2602021222397522,2026-02-02 03:22:39.000 UTC,2026-02-02,63557,1000000090,일리향 1단 (1호 2호 3호),36,468000,1,true,same_universe_reconstructed
2602021222397522,2026-02-02 03:22:39.000 UTC,2026-02-02,63557,1000000091,일리향 2단 (1호 2호 3호),1,26500,1,true,same_universe_reconstructed
2602021225129693,2026-02-02 03:25:13.000 UTC,2026-02-02,63557,1000000090,일리향 1단 (1호 2호 3호),36,468000,1,true,same_universe_reconstructed
2602021225129693,2026-02-02 03:25:13.000 UTC,2026-02-02,63557,1000000091,일리향 2단 (1호 2호 3호),1,26500,1,true,same_universe_reconstructed
2602021228422914,2026-02-02 03:28:42.000 UTC,2026-02-02,43508,1000000087,백리향 1단 (1호 2호 3호),1,61000,1,true,same_universe_reconstructed
2602021229212165,2026-02-02 03:29:21.000 UTC,2026-02-02,63563,1000000093,매화 2송이 1호,40,192000,1,true,same_universe_reconstructed
2602021246599546,2026-02-02 03:46:59.000 UTC,2026-02-02,0,1000000093,매화 2송이 1호,120,576000,1,true,same_universe_reconstructed
2602021258503177,2026-02-02 03:58:50.000 UTC,2026-02-02,34135,1000000064,2색 이티,1,85000,1,true,same_universe_reconstructed
2602021300341298,2026-02-02 04:00:34.000 UTC,2026-02-02,60004,1000000084,십리향 1단 (1호 2호 3호),17,476000,1,true,same_universe_reconstructed
2602021300341298,2026-02-02 04:00:34.000 UTC,2026-02-02,60004,1000000110,매화 3송이 2호,70,483000,1,true,same_universe_reconstructed
2602021301470380,2026-02-02 04:01:47.000 UTC,2026-02-02,10744,1000000043,모듬영양찰떡,1,22500,1,true,same_universe_reconstructed
2602021301470380,2026-02-02 04:01:47.000 UTC,2026-02-02,10744,1000000045,완두시루떡,1,20000,1,true,same_universe_reconstructed
2602021301470380,2026-02-02 04:01:47.000 UTC,2026-02-02,10744,1000000063,쑥이티,1,23500,1,true,same_universe_reconstructed
2602021301470380,2026-02-02 04:01:47.000 UTC,2026-02-02,10744,1000000064,2색 이티,1,22000,1,true,same_universe_reconstructed
2602021306286771,2026-02-02 04:06:28.000 UTC,2026-02-02,60004,1000000084,십리향 1단 (1호 2호 3호),17,476000,1,true,same_universe_reconstructed
2602021306286771,2026-02-02 04:06:28.000 UTC,2026-02-02,60004,1000000110,매화 3송이 2호,70,483000,1,true,same_universe_reconstructed
2602021306306862,2026-02-02 04:06:30.000 UTC,2026-02-02,60004,1000000084,십리향 1단 (1호 2호 3호),17,476000,1,true,same_universe_reconstructed
2602021306306862,2026-02-02 04:06:30.000 UTC,2026-02-02,60004,1000000110,매화 3송이 2호,70,483000,1,true,same_universe_reconstructed
2602021306314343,2026-02-02 04:06:31.000 UTC,2026-02-02,60004,1000000084,십리향 1단 (1호 2호 3호),17,476000,1,true,same_universe_reconstructed
2602021306314343,2026-02-02 04:06:31.000 UTC,2026-02-02,60004,1000000110,매화 3송이 2호,70,483000,1,true,same_universe_reconstructed
2602021306330814,2026-02-02 04:06:33.000 UTC,2026-02-02,60004,1000000084,십리향 1단 (1호 2호 3호),17,476000,1,true,same_universe_reconstructed
2602021306330814,2026-02-02 04:06:33.000 UTC,2026-02-02,60004,1000000110,매화 3송이 2호,70,483000,1,true,same_universe_reconstructed
2602021306418585,2026-02-02 04:06:41.000 UTC,2026-02-02,34135,1000000064,2색 이티,1,85000,1,true,same_universe_reconstructed
2602021313447647,2026-02-02 04:13:44.000 UTC,2026-02-02,38660,1000000087,백리향 1단 (1호 2호 3호),6,342000,1,true,same_universe_reconstructed
2602021317073128,2026-02-02 04:17:07.000 UTC,2026-02-02,53551,1000000088,백리향 2단 (1호 2호),1,120000,1,true,same_universe_reconstructed
2602021320185429,2026-02-02 04:20:18.000 UTC,2026-02-02,34135,1000000064,2색 이티,1,85000,1,true,same_universe_reconstructed
2602021321385860,2026-02-02 04:21:38.000 UTC,2026-02-02,53551,1000000085,십리향 2단 (1호 2호 3호),1,53500,1,true,same_universe_reconstructed
2602021323532961,2026-02-02 04:23:53.000 UTC,2026-02-02,63570,1000000086,십리향 3단,1,81000,1,true,same_universe_reconstructed
2602021325003702,2026-02-02 04:25:00.000 UTC,2026-02-02,63559,1000000108,매화 2송이 2호,52,239200,1,true,same_universe_reconstructed
2602021337480684,2026-02-02 04:37:48.000 UTC,2026-02-02,63571,1000000064,2색 이티,2,87500,2,true,same_universe_reconstructed
2602021340021055,2026-02-02 04:40:02.000 UTC,2026-02-02,63572,1000000108,매화 2송이 2호,135,621000,1,true,same_universe_reconstructed
2602021342330526,2026-02-02 04:42:33.000 UTC,2026-02-02,63572,1000000108,매화 2송이 2호,135,621000,1,true,same_universe_reconstructed
2602021357003517,2026-02-02 04:57:00.000 UTC,2026-02-02,62122,1000000064,2색 이티,1,43000,1,true,same_universe_reconstructed
2602021357170338,2026-02-02 04:57:17.000 UTC,2026-02-02,62122,1000000064,2색 이티,1,43000,1,true,same_universe_reconstructed
2602021357583979,2026-02-02 04:57:58.000 UTC,2026-02-02,62122,1000000064,2색 이티,1,43000,1,true,same_universe_reconstructed
2602021400079100,2026-02-02 05:00:08.000 UTC,2026-02-02,53044,1000000086,십리향 3단,1,81000,1,true,same_universe_reconstructed
2602021400079100,2026-02-02 05:00:08.000 UTC,2026-02-02,53044,1000000094,매화 3송이 1호,52,338000,1,true,same_universe_reconstructed
2602021400079100,2026-02-02 05:00:08.000 UTC,2026-02-02,53044,1000000111,매화 3송이 3호,52,364000,1,true,same_universe_reconstructed
2602021401442451,2026-02-02 05:01:44.000 UTC,2026-02-02,53044,1000000086,십리향 3단,1,81000,1,true,same_universe_reconstructed
2602021401442451,2026-02-02 05:01:44.000 UTC,2026-02-02,53044,1000000094,매화 3송이 1호,52,338000,1,true,same_universe_reconstructed
2602021401442451,2026-02-02 05:01:44.000 UTC,2026-02-02,53044,1000000111,매화 3송이 3호,52,364000,1,true,same_universe_reconstructed
2602021419488552,2026-02-02 05:19:48.000 UTC,2026-02-02,52696,1000000087,백리향 1단 (1호 2호 3호),13,767000,1,true,same_universe_reconstructed
2602021419488552,2026-02-02 05:19:48.000 UTC,2026-02-02,52696,1000000143,"경기참기름, 경기들기름",29,1090000,2,true,same_universe_reconstructed
2602021421111593,2026-02-02 05:21:11.000 UTC,2026-02-02,63568,1000000045,완두시루떡,1,20000,1,true,same_universe_reconstructed
2602021421111593,2026-02-02 05:21:11.000 UTC,2026-02-02,63568,1000000064,2색 이티,1,22000,1,true,same_universe_reconstructed
2602021427516634,2026-02-02 05:27:51.000 UTC,2026-02-02,47486,1000000083,백설기,2,90000,1,true,same_universe_reconstructed
2602021431142125,2026-02-02 05:31:14.000 UTC,2026-02-02,63576,1000000044,고구마찰떡,3,90000,2,true,same_universe_reconstructed
2602021431142125,2026-02-02 05:31:14.000 UTC,2026-02-02,63576,1000000064,2색 이티,3,129000,2,true,same_universe_reconstructed
2602021435181576,2026-02-02 05:35:18.000 UTC,2026-02-02,63438,1000000064,2색 이티,1,22000,1,true,same_universe_reconstructed
2602021435181576,2026-02-02 05:35:18.000 UTC,2026-02-02,63438,1000000069,설기세트,1,38920,1,true,same_universe_reconstructed
2602021437502717,2026-02-02 05:37:50.000 UTC,2026-02-02,63579,1000000091,일리향 2단 (1호 2호 3호),8,208000,1,true,same_universe_reconstructed
2602021439575608,2026-02-02 05:39:57.000 UTC,2026-02-02,63579,1000000092,일리향 3단,3,114000,1,true,same_universe_reconstructed
2602021442502169,2026-02-02 05:42:50.000 UTC,2026-02-02,33076,1000000064,2색 이티,2,87500,2,true,same_universe_reconstructed
2602021442502169,2026-02-02 05:42:50.000 UTC,2026-02-02,33076,1000000069,설기세트,1,18920,1,true,same_universe_reconstructed
2602021449349750,2026-02-02 05:49:35.000 UTC,2026-02-02,63565,1000000085,십리향 2단 (1호 2호 3호),1,51000,1,true,same_universe_reconstructed
2602021451272051,2026-02-02 05:51:27.000 UTC,2026-02-02,63569,1000000063,쑥이티,1,23500,1,true,same_universe_reconstructed
2602021451272051,2026-02-02 05:51:27.000 UTC,2026-02-02,63569,1000000091,일리향 2단 (1호 2호 3호),3,81000,1,true,same_universe_reconstructed
2602021451400352,2026-02-02 05:51:40.000 UTC,2026-02-02,63569,1000000063,쑥이티,1,23500,1,true,same_universe_reconstructed
2602021451400352,2026-02-02 05:51:40.000 UTC,2026-02-02,63569,1000000091,일리향 2단 (1호 2호 3호),3,81000,1,true,same_universe_reconstructed
2602021458484163,2026-02-02 05:58:48.000 UTC,2026-02-02,63582,1000000087,백리향 1단 (1호 2호 3호),20,1140000,1,true,same_universe_reconstructed
2602021501381634,2026-02-02 06:01:38.000 UTC,2026-02-02,11387,1000000086,십리향 3단,3,231000,1,true,same_universe_reconstructed
2602021501381634,2026-02-02 06:01:38.000 UTC,2026-02-02,11387,1000000087,백리향 1단 (1호 2호 3호),9,513000,1,true,same_universe_reconstructed
2602021502000345,2026-02-02 06:02:00.000 UTC,2026-02-02,63491,1000000064,2색 이티,5,425000,1,true,same_universe_reconstructed
2602021503402476,2026-02-02 06:03:40.000 UTC,2026-02-02,11387,1000000086,십리향 3단,3,231000,1,true,same_universe_reconstructed
2602021503402476,2026-02-02 06:03:40.000 UTC,2026-02-02,11387,1000000087,백리향 1단 (1호 2호 3호),9,513000,1,true,same_universe_reconstructed
2602021524479527,2026-02-02 06:24:48.000 UTC,2026-02-02,63574,1000000086,십리향 3단,2,154000,1,true,same_universe_reconstructed
2602021524479527,2026-02-02 06:24:48.000 UTC,2026-02-02,63574,1000000088,백리향 2단 (1호 2호),8,888000,1,true,same_universe_reconstructed
2602021531337618,2026-02-02 06:31:33.000 UTC,2026-02-02,63574,1000000088,백리향 2단 (1호 2호),2,222000,1,true,same_universe_reconstructed
2602021535396079,2026-02-02 06:35:39.000 UTC,2026-02-02,11387,1000000087,백리향 1단 (1호 2호 3호),10,570000,1,true,same_universe_reconstructed
2602021538580850,2026-02-02 06:38:58.000 UTC,2026-02-02,63574,1000000085,십리향 2단 (1호 2호 3호),8,408000,1,true,same_universe_reconstructed
2602021609400601,2026-02-02 07:09:40.000 UTC,2026-02-02,30667,1000000064,2색 이티,2,173000,1,true,same_universe_reconstructed
2602021612488822,2026-02-02 07:12:49.000 UTC,2026-02-02,63491,1000000064,2색 이티,5,425000,1,true,same_universe_reconstructed
2602021618241823,2026-02-02 07:18:24.000 UTC,2026-02-02,0,1000000064,2색 이티,1,85000,1,true,same_universe_reconstructed
2602021618303584,2026-02-02 07:18:30.000 UTC,2026-02-02,30667,1000000064,2색 이티,1,85000,1,true,same_universe_reconstructed
2602021621455065,2026-02-02 07:21:45.000 UTC,2026-02-02,30667,1000000064,2색 이티,1,85000,1,true,same_universe_reconstructed
2602021624459956,2026-02-02 07:24:46.000 UTC,2026-02-02,30667,1000000064,2색 이티,2,170000,1,true,same_universe_reconstructed
2602021625371937,2026-02-02 07:25:37.000 UTC,2026-02-02,63491,1000000064,2색 이티,5,425000,1,true,same_universe_reconstructed
2602021632225488,2026-02-02 07:32:22.000 UTC,2026-02-02,25930,1000000087,백리향 1단 (1호 2호 3호),1,65000,1,true,same_universe_reconstructed
2602021637165469,2026-02-02 07:37:16.000 UTC,2026-02-02,63452,1000000085,십리향 2단 (1호 2호 3호),4,217000,2,true,same_universe_reconstructed
2602021638028330,2026-02-02 07:38:02.000 UTC,2026-02-02,63452,1000000085,십리향 2단 (1호 2호 3호),4,217000,2,true,same_universe_reconstructed
2602021639118341,2026-02-02 07:39:11.000 UTC,2026-02-02,30667,1000000064,2색 이티,1,85000,1,true,same_universe_reconstructed
2602021640501382,2026-02-02 07:40:50.000 UTC,2026-02-02,63583,1000000093,매화 2송이 1호,100,480000,1,true,same_universe_reconstructed
2602021643169403,2026-02-02 07:43:17.000 UTC,2026-02-02,30667,1000000064,2색 이티,2,128000,2,true,same_universe_reconstructed
2602021649110184,2026-02-02 07:49:11.000 UTC,2026-02-02,9859,1000000064,2색 이티,2,65000,2,true,same_universe_reconstructed
2602021704466095,2026-02-02 08:04:46.000 UTC,2026-02-02,18595,1000000064,2색 이티,2,86000,1,true,same_universe_reconstructed
2602021704466095,2026-02-02 08:04:46.000 UTC,2026-02-02,18595,1000000127,흑임자이티,2,47000,1,true,same_universe_reconstructed
2602021715305456,2026-02-02 08:15:30.000 UTC,2026-02-02,0,1000000092,일리향 3단,8,304000,1,true,same_universe_reconstructed
2602021717125747,2026-02-02 08:17:12.000 UTC,2026-02-02,63592,1000000111,매화 3송이 3호,20,140000,1,true,same_universe_reconstructed
2602021731344668,2026-02-02 08:31:34.000 UTC,2026-02-02,0,1000000154,화연상,1,27800,1,true,same_universe_reconstructed
2602021731344668,2026-02-02 08:31:34.000 UTC,2026-02-02,0,1000000156,기원상,1,29000,1,true,same_universe_reconstructed
2602021733102849,2026-02-02 08:33:10.000 UTC,2026-02-02,63596,1000000087,백리향 1단 (1호 2호 3호),1,65000,1,true,same_universe_reconstructed
2602021733446960,2026-02-02 08:33:44.000 UTC,2026-02-02,63595,1000000094,매화 3송이 1호,55,363000,1,true,same_universe_reconstructed
2602021756139354,2026-02-02 08:56:13.000 UTC,2026-02-02,63436,1000000042,약식,1,22500,1,true,same_universe_reconstructed
2602021756139354,2026-02-02 08:56:13.000 UTC,2026-02-02,63436,1000000064,2색 이티,1,43000,1,true,same_universe_reconstructed
2602021801410386,2026-02-02 09:01:41.000 UTC,2026-02-02,63599,1000000090,일리향 1단 (1호 2호 3호),30,390000,1,true,same_universe_reconstructed
2602021801478797,2026-02-02 09:01:47.000 UTC,2026-02-02,62890,1000000094,매화 3송이 1호,50,325000,1,true,same_universe_reconstructed
2602021804078279,2026-02-02 09:04:07.000 UTC,2026-02-02,63599,1000000090,일리향 1단 (1호 2호 3호),30,390000,1,true,same_universe_reconstructed
2602021805544760,2026-02-02 09:05:54.000 UTC,2026-02-02,63597,1000000027,마스코바도 설기,1,20000,1,true,same_universe_reconstructed
2602021805544760,2026-02-02 09:05:54.000 UTC,2026-02-02,63597,1000000042,약식,1,22500,1,true,same_universe_reconstructed
2602021805544760,2026-02-02 09:05:54.000 UTC,2026-02-02,63597,1000000070,마스코바도 쑥설기,1,20000,1,true,same_universe_reconstructed
2602021805544760,2026-02-02 09:05:54.000 UTC,2026-02-02,63597,1000000071,마스코바도 호박설기,1,20000,1,true,same_universe_reconstructed
2602021912595533,2026-02-02 10:12:59.000 UTC,2026-02-02,63540,1000000064,2색 이티,1,22000,1,true,same_universe_reconstructed
2602022111322729,2026-02-02 12:11:32.000 UTC,2026-02-02,63614,1000000144,경기 미숫가루 쫀드기,5,45000,1,true,same_universe_reconstructed
2602022113245300,2026-02-02 12:13:24.000 UTC,2026-02-02,60853,1000000045,완두시루떡,1,40000,1,true,same_universe_reconstructed
2602022113245300,2026-02-02 12:13:24.000 UTC,2026-02-02,60853,1000000064,2색 이티,1,22000,1,true,same_universe_reconstructed
2602022125418813,2026-02-02 12:25:41.000 UTC,2026-02-02,63617,1000000064,2색 이티,1,43000,1,true,same_universe_reconstructed
2602022157131695,2026-02-02 12:57:13.000 UTC,2026-02-02,63623,1000000093,매화 2송이 1호,45,211500,1,true,same_universe_reconstructed
2602022207311286,2026-02-02 13:07:31.000 UTC,2026-02-02,63624,1000000094,매화 3송이 1호,61,402600,1,true,same_universe_reconstructed
2602022216516897,2026-02-02 13:16:51.000 UTC,2026-02-02,63443,1000000153,유밀상,1,23600,1,true,same_universe_reconstructed
2602022216516897,2026-02-02 13:16:51.000 UTC,2026-02-02,63443,1000000156,기원상,1,29000,1,true,same_universe_reconstructed
2602022223354508,2026-02-02 13:23:35.000 UTC,2026-02-02,62492,1000000045,완두시루떡,8,160000,1,true,same_universe_reconstructed
2602022240141250,2026-02-02 13:40:14.000 UTC,2026-02-02,63560,1000000111,매화 3송이 3호,80,560000,1,true,same_universe_reconstructed
2602022312277781,2026-02-02 14:12:27.000 UTC,2026-02-02,63547,1000000064,2색 이티,1,86500,1,true,same_universe_reconstructed
2602022346177122,2026-02-02 14:46:17.000 UTC,2026-02-02,63547,1000000064,2색 이티,1,86500,1,true,same_universe_reconstructed
2602030806354044,2026-02-02 23:06:35.000 UTC,2026-02-02,0,1000000093,매화 2송이 1호,15,72000,1,true,same_universe_reconstructed
2602030813538485,2026-02-02 23:13:53.000 UTC,2026-02-02,63632,1000000064,2색 이티,1,86500,1,true,same_universe_reconstructed
2602030815406376,2026-02-02 23:15:40.000 UTC,2026-02-02,0,1000000093,매화 2송이 1호,15,72000,1,true,same_universe_reconstructed
2602030817277677,2026-02-02 23:17:27.000 UTC,2026-02-02,63632,1000000064,2색 이티,1,86500,1,true,same_universe_reconstructed
2602030905003079,2026-02-03 00:05:00.000 UTC,2026-02-03,63634,1000000035,떡국떡 500g,1,6000,1,true,same_universe_reconstructed
2602030905003079,2026-02-03 00:05:00.000 UTC,2026-02-03,63634,1000000042,약식,1,22500,1,true,same_universe_reconstructed
2602030905003079,2026-02-03 00:05:00.000 UTC,2026-02-03,63634,1000000044,고구마찰떡,1,22500,1,true,same_universe_reconstructed
2602030905003079,2026-02-03 00:05:00.000 UTC,2026-02-03,63634,1000000045,완두시루떡,1,40000,1,true,same_universe_reconstructed
2602030905003079,2026-02-03 00:05:00.000 UTC,2026-02-03,63634,1000000066,쑥인절미,1,22500,1,true,same_universe_reconstructed
2602030905003079,2026-02-03 00:05:00.000 UTC,2026-02-03,63634,1000000121,깨송편 1kg,1,20000,1,true,same_universe_reconstructed
2602030944493465,2026-02-03 00:44:49.000 UTC,2026-02-03,63635,1000000064,2색 이티,1,43000,1,true,same_universe_reconstructed
2602031040090012,2026-02-03 01:40:09.000 UTC,2026-02-03,63641,1000000064,2색 이티,1,44500,1,true,same_universe_reconstructed
2602031040090012,2026-02-03 01:40:09.000 UTC,2026-02-03,63641,1000000065,흰인절미,1,40000,1,true,same_universe_reconstructed
2602031046001563,2026-02-03 01:46:00.000 UTC,2026-02-03,0,1000000042,약식,1,22500,1,true,same_universe_reconstructed
2602031046001563,2026-02-03 01:46:00.000 UTC,2026-02-03,0,1000000064,2색 이티,1,22000,1,true,same_universe_reconstructed
2602031052193914,2026-02-03 01:52:19.000 UTC,2026-02-03,11847,1000000043,모듬영양찰떡,3,90000,2,true,same_universe_reconstructed
2602031052193914,2026-02-03 01:52:19.000 UTC,2026-02-03,11847,1000000045,완두시루떡,2,40000,1,true,same_universe_reconstructed
2602031052193914,2026-02-03 01:52:19.000 UTC,2026-02-03,11847,1000000063,쑥이티,1,23500,1,true,same_universe_reconstructed
2602031052193914,2026-02-03 01:52:19.000 UTC,2026-02-03,11847,1000000064,2색 이티,3,213000,2,true,same_universe_reconstructed
2602031102029005,2026-02-03 02:02:03.000 UTC,2026-02-03,63400,1000000112,매화 5송이 2호,22,253000,1,true,same_universe_reconstructed
2602031102029005,2026-02-03 02:02:03.000 UTC,2026-02-03,63400,1000000113,매화 5송이 3호,22,253000,1,true,same_universe_reconstructed
2602031147120126,2026-02-03 02:47:12.000 UTC,2026-02-03,45907,1000000064,2색 이티,1,22000,1,true,same_universe_reconstructed
2602031147120126,2026-02-03 02:47:12.000 UTC,2026-02-03,45907,1000000111,매화 3송이 3호,17,119000,1,true,same_universe_reconstructed
2602031151459608,2026-02-03 02:51:46.000 UTC,2026-02-03,63646,1000000064,2색 이티,3,255000,1,true,same_universe_reconstructed
2602031157178320,2026-02-03 02:57:17.000 UTC,2026-02-03,63475,1000000093,매화 2송이 1호,24,112800,1,true,same_universe_reconstructed
2602031157257001,2026-02-03 02:57:25.000 UTC,2026-02-03,63475,1000000093,매화 2송이 1호,24,112800,1,true,same_universe_reconstructed
2602031312016042,2026-02-03 04:12:01.000 UTC,2026-02-03,63400,1000000112,매화 5송이 2호,22,253000,1,true,same_universe_reconstructed
2602031312016042,2026-02-03 04:12:01.000 UTC,2026-02-03,63400,1000000113,매화 5송이 3호,22,253000,1,true,same_universe_reconstructed
2602031316331973,2026-02-03 04:16:33.000 UTC,2026-02-03,0,1000000111,매화 3송이 3호,65,455000,1,true,same_universe_reconstructed
2602031336421625,2026-02-03 04:36:42.000 UTC,2026-02-03,62077,1000000064,2색 이티,2,44000,1,true,same_universe_reconstructed
2602031336516086,2026-02-03 04:36:51.000 UTC,2026-02-03,63647,1000000111,매화 3송이 3호,85,595000,1,true,same_universe_reconstructed
2602031359269298,2026-02-03 04:59:27.000 UTC,2026-02-03,15792,1000000043,모듬영양찰떡,1,45000,1,true,same_universe_reconstructed
2602031359269298,2026-02-03 04:59:27.000 UTC,2026-02-03,15792,1000000044,고구마찰떡,1,45000,1,true,same_universe_reconstructed
2602031359269298,2026-02-03 04:59:27.000 UTC,2026-02-03,15792,1000000045,완두시루떡,1,40000,1,true,same_universe_reconstructed
2602031359269298,2026-02-03 04:59:27.000 UTC,2026-02-03,15792,1000000121,깨송편 1kg,4,78000,1,true,same_universe_reconstructed
2602031420230289,2026-02-03 05:20:23.000 UTC,2026-02-03,15792,1000000043,모듬영양찰떡,1,45000,1,true,same_universe_reconstructed
2602031420230289,2026-02-03 05:20:23.000 UTC,2026-02-03,15792,1000000044,고구마찰떡,1,45000,1,true,same_universe_reconstructed
2602031420230289,2026-02-03 05:20:23.000 UTC,2026-02-03,15792,1000000045,완두시루떡,1,40000,1,true,same_universe_reconstructed
2602031420230289,2026-02-03 05:20:23.000 UTC,2026-02-03,15792,1000000121,깨송편 1kg,4,78000,1,true,same_universe_reconstructed
2602031430356781,2026-02-03 05:30:35.000 UTC,2026-02-03,63654,1000000093,매화 2송이 1호,40,192000,1,true,same_universe_reconstructed
2602031430555522,2026-02-03 05:30:55.000 UTC,2026-02-03,63655,1000000093,매화 2송이 1호,50,240000,1,true,same_universe_reconstructed
2602031432382163,2026-02-03 05:32:38.000 UTC,2026-02-03,63654,1000000093,매화 2송이 1호,40,192000,1,true,same_universe_reconstructed
2602031435001255,2026-02-03 05:35:00.000 UTC,2026-02-03,63654,1000000093,매화 2송이 1호,40,192000,1,true,same_universe_reconstructed
2602031522221160,2026-02-03 06:22:22.000 UTC,2026-02-03,63660,1000000094,매화 3송이 1호,25,162500,1,true,same_universe_reconstructed
2602031523037561,2026-02-03 06:23:03.000 UTC,2026-02-03,0,1000000108,매화 2송이 2호,25,115000,1,true,same_universe_reconstructed
2602031529568312,2026-02-03 06:29:56.000 UTC,2026-02-03,63649,1000000111,매화 3송이 3호,30,210000,1,true,same_universe_reconstructed
2602031530074403,2026-02-03 06:30:07.000 UTC,2026-02-03,63649,1000000111,매화 3송이 3호,30,210000,1,true,same_universe_reconstructed
2602031553225714,2026-02-03 06:53:22.000 UTC,2026-02-03,38293,1000000043,모듬영양찰떡,2,45000,1,true,same_universe_reconstructed
2602031553225714,2026-02-03 06:53:22.000 UTC,2026-02-03,38293,1000000063,쑥이티,22,517000,1,true,same_universe_reconstructed
2602031553490315,2026-02-03 06:53:49.000 UTC,2026-02-03,38293,1000000043,모듬영양찰떡,2,45000,1,true,same_universe_reconstructed
2602031553490315,2026-02-03 06:53:49.000 UTC,2026-02-03,38293,1000000063,쑥이티,22,517000,1,true,same_universe_reconstructed
2602031558008886,2026-02-03 06:58:00.000 UTC,2026-02-03,38293,1000000043,모듬영양찰떡,1,22500,1,true,same_universe_reconstructed
2602031558008886,2026-02-03 06:58:00.000 UTC,2026-02-03,38293,1000000063,쑥이티,1,23500,1,true,same_universe_reconstructed
2602031600096497,2026-02-03 07:00:09.000 UTC,2026-02-03,38293,1000000043,모듬영양찰떡,1,22500,1,true,same_universe_reconstructed
2602031600096497,2026-02-03 07:00:09.000 UTC,2026-02-03,38293,1000000063,쑥이티,1,23500,1,true,same_universe_reconstructed
2602031607278738,2026-02-03 07:07:27.000 UTC,2026-02-03,63521,1000000064,2색 이티,2,89000,1,true,same_universe_reconstructed
2602031608168809,2026-02-03 07:08:16.000 UTC,2026-02-03,0,1000000064,2색 이티,5,239000,2,true,same_universe_reconstructed
2602031621038030,2026-02-03 07:21:03.000 UTC,2026-02-03,63610,1000000064,2색 이티,2,108500,2,true,same_universe_reconstructed
2602031639419742,2026-02-03 07:39:42.000 UTC,2026-02-03,63673,1000000093,매화 2송이 1호,40,188000,1,true,same_universe_reconstructed
2602031720467475,2026-02-03 08:20:46.000 UTC,2026-02-03,63307,1000000064,2색 이티,1,85000,1,true,same_universe_reconstructed
2602031722270356,2026-02-03 08:22:27.000 UTC,2026-02-03,0,1000000064,2색 이티,1,44500,1,true,same_universe_reconstructed
2602031758566990,2026-02-03 08:58:56.000 UTC,2026-02-03,63679,1000000045,완두시루떡,5,274000,2,true,same_universe_reconstructed
2602031906448583,2026-02-03 10:06:44.000 UTC,2026-02-03,63683,1000000064,2색 이티,4,176500,2,true,same_universe_reconstructed
2602031909311144,2026-02-03 10:09:31.000 UTC,2026-02-03,63683,1000000064,2색 이티,4,176500,2,true,same_universe_reconstructed
2602031930422506,2026-02-03 10:30:42.000 UTC,2026-02-03,8634,1000000044,고구마찰떡,1,22500,1,true,same_universe_reconstructed
2602031930422506,2026-02-03 10:30:42.000 UTC,2026-02-03,8634,1000000045,완두시루떡,1,20000,1,true,same_universe_reconstructed
2602031930422506,2026-02-03 10:30:42.000 UTC,2026-02-03,8634,1000000064,2색 이티,1,22000,1,true,same_universe_reconstructed
2602031931003837,2026-02-03 10:31:00.000 UTC,2026-02-03,8634,1000000044,고구마찰떡,1,22500,1,true,same_universe_reconstructed
2602031931003837,2026-02-03 10:31:00.000 UTC,2026-02-03,8634,1000000045,완두시루떡,1,20000,1,true,same_universe_reconstructed
2602031931003837,2026-02-03 10:31:00.000 UTC,2026-02-03,8634,1000000064,2색 이티,1,22000,1,true,same_universe_reconstructed
2602031940015188,2026-02-03 10:40:01.000 UTC,2026-02-03,0,1000000093,매화 2송이 1호,20,94000,1,true,same_universe_reconstructed
2602031957075509,2026-02-03 10:57:07.000 UTC,2026-02-03,60147,1000000064,2색 이티,1,85000,1,true,same_universe_reconstructed
2602032024384210,2026-02-03 11:24:38.000 UTC,2026-02-03,39439,1000000045,완두시루떡,2,40000,1,true,same_universe_reconstructed
2602032024384210,2026-02-03 11:24:38.000 UTC,2026-02-03,39439,1000000064,2색 이티,4,88000,1,true,same_universe_reconstructed
2602032111088831,2026-02-03 12:11:08.000 UTC,2026-02-03,63689,1000000108,매화 2송이 2호,60,276000,1,true,same_universe_reconstructed
2602032118099002,2026-02-03 12:18:09.000 UTC,2026-02-03,63189,1000000127,흑임자이티,1,23500,1,true,same_universe_reconstructed
2602032138292803,2026-02-03 12:38:29.000 UTC,2026-02-03,63687,1000000064,2색 이티,2,65000,2,true,same_universe_reconstructed
2602032138292803,2026-02-03 12:38:29.000 UTC,2026-02-03,63687,1000000127,흑임자이티,1,46000,1,true,same_universe_reconstructed
2602032256549046,2026-02-03 13:56:54.000 UTC,2026-02-03,63397,1000000043,모듬영양찰떡,1,22500,1,true,same_universe_reconstructed
2602032256549046,2026-02-03 13:56:54.000 UTC,2026-02-03,63397,1000000064,2색 이티,1,22000,1,true,same_universe_reconstructed
2602032332342447,2026-02-03 14:32:34.000 UTC,2026-02-03,63696,1000000064,2색 이티,1,22000,1,true,same_universe_reconstructed
2602032332342447,2026-02-03 14:32:34.000 UTC,2026-02-03,63696,1000000127,흑임자이티,1,23500,1,true,same_universe_reconstructed
2602032336061528,2026-02-03 14:36:06.000 UTC,2026-02-03,63697,1000000064,2색 이티,2,44000,1,true,same_universe_reconstructed
2602040802360522,2026-02-03 23:02:36.000 UTC,2026-02-03,46468,1000000033,가래떡(40개) 4kg,1,45000,1,true,same_universe_reconstructed
2602040832178704,2026-02-03 23:32:17.000 UTC,2026-02-03,0,1000000035,떡국떡 500g,2,12000,1,true,same_universe_reconstructed
2602040832178704,2026-02-03 23:32:17.000 UTC,2026-02-03,0,1000000064,2색 이티,1,43000,1,true,same_universe_reconstructed
2602040846041325,2026-02-03 23:46:04.000 UTC,2026-02-03,63698,1000000062,흰이티,1,21000,1,true,same_universe_reconstructed
2602040846041325,2026-02-03 23:46:04.000 UTC,2026-02-03,63698,1000000063,쑥이티,1,23500,1,true,same_universe_reconstructed
2602040846041325,2026-02-03 23:46:04.000 UTC,2026-02-03,63698,1000000127,흑임자이티,1,23500,1,true,same_universe_reconstructed
2602040853343306,2026-02-03 23:53:34.000 UTC,2026-02-03,63698,1000000062,흰이티,1,21000,1,true,same_universe_reconstructed
2602040853343306,2026-02-03 23:53:34.000 UTC,2026-02-03,63698,1000000063,쑥이티,1,23500,1,true,same_universe_reconstructed
2602040853343306,2026-02-03 23:53:34.000 UTC,2026-02-03,63698,1000000127,흑임자이티,1,23500,1,true,same_universe_reconstructed
2602040900394587,2026-02-04 00:00:39.000 UTC,2026-02-04,63559,1000000108,매화 2송이 2호,15,69000,1,true,same_universe_reconstructed
2602040922002298,2026-02-04 00:22:00.000 UTC,2026-02-04,63709,1000000094,매화 3송이 1호,80,528000,1,true,same_universe_reconstructed
2602040923308610,2026-02-04 00:23:30.000 UTC,2026-02-04,62985,1000000064,2색 이티,3,108000,2,true,same_universe_reconstructed
2602041013530016,2026-02-04 01:13:53.000 UTC,2026-02-04,63715,1000000064,2색 이티,1,43000,1,true,same_universe_reconstructed
2602041028284750,2026-02-04 01:28:28.000 UTC,2026-02-04,3598,1000000045,완두시루떡,2,154000,1,true,same_universe_reconstructed
2602041028284750,2026-02-04 01:28:28.000 UTC,2026-02-04,3598,1000000127,흑임자이티,2,180000,1,true,same_universe_reconstructed
2602041030023821,2026-02-04 01:30:02.000 UTC,2026-02-04,3598,1000000045,완두시루떡,1,77000,1,true,same_universe_reconstructed
2602041032308632,2026-02-04 01:32:30.000 UTC,2026-02-04,18746,1000000064,2색 이티,1,85000,1,true,same_universe_reconstructed
2602041034357963,2026-02-04 01:34:35.000 UTC,2026-02-04,63578,1000000064,2색 이티,1,43000,1,true,same_universe_reconstructed
2602041034357963,2026-02-04 01:34:35.000 UTC,2026-02-04,63578,1000000127,흑임자이티,1,23500,1,true,same_universe_reconstructed
2602041035089164,2026-02-04 01:35:08.000 UTC,2026-02-04,18746,1000000064,2색 이티,1,85000,1,true,same_universe_reconstructed
2602041036549585,2026-02-04 01:36:55.000 UTC,2026-02-04,18746,1000000064,2색 이티,1,85000,1,true,same_universe_reconstructed
2602041039337416,2026-02-04 01:39:33.000 UTC,2026-02-04,18746,1000000064,2색 이티,1,85000,1,true,same_universe_reconstructed
2602041055038759,2026-02-04 01:55:03.000 UTC,2026-02-04,18746,1000000064,2색 이티,1,43000,1,true,same_universe_reconstructed
2602041100291850,2026-02-04 02:00:29.000 UTC,2026-02-04,18746,1000000064,2색 이티,1,43000,1,true,same_universe_reconstructed
2602041131111472,2026-02-04 02:31:11.000 UTC,2026-02-04,63721,1000000043,모듬영양찰떡,2,93000,1,true,same_universe_reconstructed
2602041131111472,2026-02-04 02:31:11.000 UTC,2026-02-04,63721,1000000064,2색 이티,1,44500,1,true,same_universe_reconstructed
2602041138426844,2026-02-04 02:38:42.000 UTC,2026-02-04,63723,1000000064,2색 이티,2,44000,1,true,same_universe_reconstructed
2602041158318486,2026-02-04 02:58:31.000 UTC,2026-02-04,63724,1000000064,2색 이티,1,43000,1,true,same_universe_reconstructed
2602041158318486,2026-02-04 02:58:31.000 UTC,2026-02-04,63724,1000000066,쑥인절미,1,45000,1,true,same_universe_reconstructed
2602041240095473,2026-02-04 03:40:09.000 UTC,2026-02-04,34033,1000000035,떡국떡 500g,1,6000,1,true,same_universe_reconstructed
2602041240095473,2026-02-04 03:40:09.000 UTC,2026-02-04,34033,1000000043,모듬영양찰떡,1,22500,1,true,same_universe_reconstructed
2602041240095473,2026-02-04 03:40:09.000 UTC,2026-02-04,34033,1000000044,고구마찰떡,1,22500,1,true,same_universe_reconstructed
2602041240095473,2026-02-04 03:40:09.000 UTC,2026-02-04,34033,1000000045,완두시루떡,1,20000,1,true,same_universe_reconstructed
2602041240095473,2026-02-04 03:40:09.000 UTC,2026-02-04,34033,1000000064,2색 이티,1,43000,1,true,same_universe_reconstructed
2602041251115095,2026-02-04 03:51:11.000 UTC,2026-02-04,63427,1000000064,2색 이티,3,66000,1,true,same_universe_reconstructed
2602041251115095,2026-02-04 03:51:11.000 UTC,2026-02-04,63427,1000000127,흑임자이티,2,69500,2,true,same_universe_reconstructed
2602041303333836,2026-02-04 04:03:33.000 UTC,2026-02-04,59692,1000000064,2색 이티,1,43000,1,true,same_universe_reconstructed
2602041342525121,2026-02-04 04:42:52.000 UTC,2026-02-04,63727,1000000043,모듬영양찰떡,1,22500,1,true,same_universe_reconstructed
2602041342525121,2026-02-04 04:42:52.000 UTC,2026-02-04,63727,1000000044,고구마찰떡,1,22500,1,true,same_universe_reconstructed
2602041342525121,2026-02-04 04:42:52.000 UTC,2026-02-04,63727,1000000045,완두시루떡,1,20000,1,true,same_universe_reconstructed
2602041342525121,2026-02-04 04:42:52.000 UTC,2026-02-04,63727,1000000069,설기세트,1,18920,1,true,same_universe_reconstructed
2602041342525121,2026-02-04 04:42:52.000 UTC,2026-02-04,63727,1000000121,깨송편 1kg,1,19500,1,true,same_universe_reconstructed
2602041408009786,2026-02-04 05:08:01.000 UTC,2026-02-04,34467,1000000043,모듬영양찰떡,1,45000,1,true,same_universe_reconstructed
2602041408009786,2026-02-04 05:08:01.000 UTC,2026-02-04,34467,1000000044,고구마찰떡,1,45000,1,true,same_universe_reconstructed
2602041408009786,2026-02-04 05:08:01.000 UTC,2026-02-04,34467,1000000045,완두시루떡,1,40000,1,true,same_universe_reconstructed
2602041408009786,2026-02-04 05:08:01.000 UTC,2026-02-04,34467,1000000064,2색 이티,1,43000,1,true,same_universe_reconstructed
2602041411337287,2026-02-04 05:11:33.000 UTC,2026-02-04,62554,1000000063,쑥이티,1,46000,1,true,same_universe_reconstructed
2602041426362341,2026-02-04 05:26:36.000 UTC,2026-02-04,0,1000000094,매화 3송이 1호,75,495000,1,true,same_universe_reconstructed
2602041433369473,2026-02-04 05:33:37.000 UTC,2026-02-04,0,1000000094,매화 3송이 1호,75,495000,1,true,same_universe_reconstructed
2602041454513065,2026-02-04 05:54:51.000 UTC,2026-02-04,63731,1000000042,약식,1,45000,1,true,same_universe_reconstructed
2602041454513065,2026-02-04 05:54:51.000 UTC,2026-02-04,63731,1000000043,모듬영양찰떡,1,45000,1,true,same_universe_reconstructed
2602041524433460,2026-02-04 06:24:43.000 UTC,2026-02-04,63738,1000000108,매화 2송이 2호,15,69000,1,true,same_universe_reconstructed
2602041601235436,2026-02-04 07:01:23.000 UTC,2026-02-04,63228,1000000093,매화 2송이 1호,265,1245500,1,true,same_universe_reconstructed
2602041602162387,2026-02-04 07:02:16.000 UTC,2026-02-04,63598,1000000071,마스코바도 호박설기,3,100000,2,true,same_universe_reconstructed
2602041623558440,2026-02-04 07:23:55.000 UTC,2026-02-04,48262,1000000043,모듬영양찰떡,1,22500,1,true,same_universe_reconstructed
2602041623558440,2026-02-04 07:23:55.000 UTC,2026-02-04,48262,1000000044,고구마찰떡,1,22500,1,true,same_universe_reconstructed
2602041623558440,2026-02-04 07:23:55.000 UTC,2026-02-04,48262,1000000045,완두시루떡,1,20000,1,true,same_universe_reconstructed
2602041623558440,2026-02-04 07:23:55.000 UTC,2026-02-04,48262,1000000064,2색 이티,1,22000,1,true,same_universe_reconstructed
2602041623558440,2026-02-04 07:23:55.000 UTC,2026-02-04,48262,1000000069,설기세트,1,18920,1,true,same_universe_reconstructed
2602041623558440,2026-02-04 07:23:55.000 UTC,2026-02-04,48262,1000000121,깨송편 1kg,1,19500,1,true,same_universe_reconstructed
2602041623558440,2026-02-04 07:23:55.000 UTC,2026-02-04,48262,1000000128,흑임자인절미,1,22500,1,true,same_universe_reconstructed
2602041632297711,2026-02-04 07:32:29.000 UTC,2026-02-04,48262,1000000043,모듬영양찰떡,1,22500,1,true,same_universe_reconstructed
2602041632297711,2026-02-04 07:32:29.000 UTC,2026-02-04,48262,1000000044,고구마찰떡,1,22500,1,true,same_universe_reconstructed
2602041632297711,2026-02-04 07:32:29.000 UTC,2026-02-04,48262,1000000045,완두시루떡,1,20000,1,true,same_universe_reconstructed
2602041632297711,2026-02-04 07:32:29.000 UTC,2026-02-04,48262,1000000064,2색 이티,1,22000,1,true,same_universe_reconstructed
2602041632297711,2026-02-04 07:32:29.000 UTC,2026-02-04,48262,1000000069,설기세트,1,18920,1,true,same_universe_reconstructed
2602041632297711,2026-02-04 07:32:29.000 UTC,2026-02-04,48262,1000000121,깨송편 1kg,1,19500,1,true,same_universe_reconstructed
2602041632297711,2026-02-04 07:32:29.000 UTC,2026-02-04,48262,1000000128,흑임자인절미,1,22500,1,true,same_universe_reconstructed
2602041632354302,2026-02-04 07:32:35.000 UTC,2026-02-04,47214,1000000045,완두시루떡,1,40000,1,true,same_universe_reconstructed
2602041632354302,2026-02-04 07:32:35.000 UTC,2026-02-04,47214,1000000064,2색 이티,1,43000,1,true,same_universe_reconstructed
2602041656048086,2026-02-04 07:56:04.000 UTC,2026-02-04,63752,1000000027,마스코바도 설기,2,154000,1,true,same_universe_reconstructed
2602041656048086,2026-02-04 07:56:04.000 UTC,2026-02-04,63752,1000000071,마스코바도 호박설기,2,60000,2,true,same_universe_reconstructed
2602041803516155,2026-02-04 09:03:51.000 UTC,2026-02-04,63708,1000000064,2색 이티,3,175500,2,true,same_universe_reconstructed
2602041826255106,2026-02-04 09:26:25.000 UTC,2026-02-04,0,1000000062,흰이티,1,80000,1,true,same_universe_reconstructed
2602041905169650,2026-02-04 10:05:17.000 UTC,2026-02-04,63758,1000000094,매화 3송이 1호,10,66000,1,true,same_universe_reconstructed
2602041925541611,2026-02-04 10:25:54.000 UTC,2026-02-04,63764,1000000064,2색 이티,4,256000,2,true,same_universe_reconstructed
2602041928469572,2026-02-04 10:28:47.000 UTC,2026-02-04,63764,1000000064,2색 이티,4,256000,2,true,same_universe_reconstructed
2602041932418583,2026-02-04 10:32:41.000 UTC,2026-02-04,63418,1000000045,완두시루떡,2,40000,1,true,same_universe_reconstructed
2602041933283415,2026-02-04 10:33:28.000 UTC,2026-02-04,63764,1000000064,2색 이티,4,256000,2,true,same_universe_reconstructed
2602041933538197,2026-02-04 10:33:53.000 UTC,2026-02-04,63418,1000000045,완두시루떡,2,40000,1,true,same_universe_reconstructed
2602041935081619,2026-02-04 10:35:08.000 UTC,2026-02-04,63418,1000000045,완두시루떡,2,40000,1,true,same_universe_reconstructed
2602041936138590,2026-02-04 10:36:13.000 UTC,2026-02-04,63764,1000000064,2색 이티,4,256000,2,true,same_universe_reconstructed
2602041937310801,2026-02-04 10:37:31.000 UTC,2026-02-04,63764,1000000064,2색 이티,4,256000,2,true,same_universe_reconstructed
2602041938366712,2026-02-04 10:38:36.000 UTC,2026-02-04,63764,1000000064,2색 이티,4,256000,2,true,same_universe_reconstructed
2602042002106333,2026-02-04 11:02:10.000 UTC,2026-02-04,63749,1000000063,쑥이티,1,46000,1,true,same_universe_reconstructed
2602042020367065,2026-02-04 11:20:36.000 UTC,2026-02-04,44459,1000000108,매화 2송이 2호,80,360000,1,true,same_universe_reconstructed
2602042041359900,2026-02-04 11:41:36.000 UTC,2026-02-04,0,1000000062,흰이티,1,21000,1,true,same_universe_reconstructed
2602042108088926,2026-02-04 12:08:08.000 UTC,2026-02-04,62499,1000000045,완두시루떡,1,20000,1,true,same_universe_reconstructed
2602042108088926,2026-02-04 12:08:08.000 UTC,2026-02-04,62499,1000000069,설기세트,1,38920,1,true,same_universe_reconstructed
2602042116179067,2026-02-04 12:16:18.000 UTC,2026-02-04,63171,1000000043,모듬영양찰떡,1,87500,1,true,same_universe_reconstructed
2602042116179067,2026-02-04 12:16:18.000 UTC,2026-02-04,63171,1000000127,흑임자이티,1,90000,1,true,same_universe_reconstructed
2602042116201408,2026-02-04 12:16:20.000 UTC,2026-02-04,63171,1000000043,모듬영양찰떡,1,87500,1,true,same_universe_reconstructed
2602042116201408,2026-02-04 12:16:20.000 UTC,2026-02-04,63171,1000000127,흑임자이티,1,90000,1,true,same_universe_reconstructed
2602042244229831,2026-02-04 13:44:23.000 UTC,2026-02-04,63778,1000000121,깨송편 1kg,2,39000,1,true,same_universe_reconstructed
2602042314388116,2026-02-04 14:14:38.000 UTC,2026-02-04,63746,1000000093,매화 2송이 1호,30,144000,1,true,same_universe_reconstructed
2602042316006967,2026-02-04 14:16:00.000 UTC,2026-02-04,63746,1000000093,매화 2송이 1호,30,144000,1,true,same_universe_reconstructed
2602050056169741,2026-02-04 15:56:17.000 UTC,2026-02-04,63788,1000000064,2색 이티,2,89000,1,true,same_universe_reconstructed
2602050905128955,2026-02-05 00:05:12.000 UTC,2026-02-05,63796,1000000156,기원상,1,29000,1,true,same_universe_reconstructed
2602050927424526,2026-02-05 00:27:42.000 UTC,2026-02-05,30286,1000000064,2색 이티,3,111000,2,true,same_universe_reconstructed
2602050934419629,2026-02-05 00:34:42.000 UTC,2026-02-05,63607,1000000044,고구마찰떡,1,22500,1,true,same_universe_reconstructed
2602050934419629,2026-02-05 00:34:42.000 UTC,2026-02-05,63607,1000000064,2색 이티,1,44500,1,true,same_universe_reconstructed
2602050945296730,2026-02-05 00:45:29.000 UTC,2026-02-05,53229,1000000064,2색 이티,2,65000,2,true,same_universe_reconstructed
2602050953054284,2026-02-05 00:53:05.000 UTC,2026-02-05,21835,1000000035,떡국떡 500g,2,12000,1,true,same_universe_reconstructed
2602050953054284,2026-02-05 00:53:05.000 UTC,2026-02-05,21835,1000000042,약식,1,22500,1,true,same_universe_reconstructed
2602050953054284,2026-02-05 00:53:05.000 UTC,2026-02-05,21835,1000000043,모듬영양찰떡,1,45000,1,true,same_universe_reconstructed
2602050953054284,2026-02-05 00:53:05.000 UTC,2026-02-05,21835,1000000044,고구마찰떡,1,22500,1,true,same_universe_reconstructed
2602050953054284,2026-02-05 00:53:05.000 UTC,2026-02-05,21835,1000000045,완두시루떡,1,40000,1,true,same_universe_reconstructed
2602050953054284,2026-02-05 00:53:05.000 UTC,2026-02-05,21835,1000000063,쑥이티,1,46000,1,true,same_universe_reconstructed
2602050953054284,2026-02-05 00:53:05.000 UTC,2026-02-05,21835,1000000127,흑임자이티,1,23500,1,true,same_universe_reconstructed
2602051016085296,2026-02-05 01:16:08.000 UTC,2026-02-05,63578,1000000064,2색 이티,1,43000,1,true,same_universe_reconstructed
2602051016085296,2026-02-05 01:16:08.000 UTC,2026-02-05,63578,1000000127,흑임자이티,1,23500,1,true,same_universe_reconstructed
2602051043204898,2026-02-05 01:43:20.000 UTC,2026-02-05,39463,1000000064,2색 이티,1,86500,1,true,same_universe_reconstructed
2602051127494891,2026-02-05 02:27:49.000 UTC,2026-02-05,63472,1000000108,매화 2송이 2호,20,92000,1,true,same_universe_reconstructed
2602051132424462,2026-02-05 02:32:42.000 UTC,2026-02-05,0,1000000064,2색 이티,1,22000,1,true,same_universe_reconstructed
2602051136435694,2026-02-05 02:36:43.000 UTC,2026-02-05,63808,1000000093,매화 2송이 1호,30,144000,1,true,same_universe_reconstructed
2602051139503696,2026-02-05 02:39:50.000 UTC,2026-02-05,63472,1000000108,매화 2송이 2호,54,248400,1,true,same_universe_reconstructed
2602051157435018,2026-02-05 02:57:43.000 UTC,2026-02-05,63181,1000000064,2색 이티,4,88000,1,true,same_universe_reconstructed
2602051159251239,2026-02-05 02:59:25.000 UTC,2026-02-05,53592,1000000064,2색 이티,4,172000,3,true,same_universe_reconstructed
2602051159476110,2026-02-05 02:59:47.000 UTC,2026-02-05,53592,1000000064,2색 이티,4,172000,3,true,same_universe_reconstructed
2602051200243211,2026-02-05 03:00:24.000 UTC,2026-02-05,53592,1000000064,2색 이티,4,172000,3,true,same_universe_reconstructed
2602051209004887,2026-02-05 03:09:00.000 UTC,2026-02-05,63813,1000000111,매화 3송이 3호,70,490000,1,true,same_universe_reconstructed
2602051245400629,2026-02-05 03:45:40.000 UTC,2026-02-05,12240,1000000064,2색 이티,2,131000,2,true,same_universe_reconstructed
2602051311563020,2026-02-05 04:11:56.000 UTC,2026-02-05,63818,1000000064,2색 이티,1,22000,1,true,same_universe_reconstructed
2602051328453711,2026-02-05 04:28:45.000 UTC,2026-02-05,63472,1000000108,매화 2송이 2호,59,271400,1,true,same_universe_reconstructed
2602051333306762,2026-02-05 04:33:30.000 UTC,2026-02-05,34522,1000000064,2색 이티,2,129500,2,true,same_universe_reconstructed
2602051340134033,2026-02-05 04:40:13.000 UTC,2026-02-05,49875,1000000044,고구마찰떡,1,22500,1,true,same_universe_reconstructed
2602051341137045,2026-02-05 04:41:13.000 UTC,2026-02-05,62866,1000000044,고구마찰떡,1,22500,1,true,same_universe_reconstructed
2602051341137045,2026-02-05 04:41:13.000 UTC,2026-02-05,62866,1000000045,완두시루떡,1,20000,1,true,same_universe_reconstructed
2602051341137045,2026-02-05 04:41:13.000 UTC,2026-02-05,62866,1000000064,2색 이티,1,22000,1,true,same_universe_reconstructed
2602051341137045,2026-02-05 04:41:13.000 UTC,2026-02-05,62866,1000000065,흰인절미,1,40000,1,true,same_universe_reconstructed
2602051341137045,2026-02-05 04:41:13.000 UTC,2026-02-05,62866,1000000127,흑임자이티,1,23500,1,true,same_universe_reconstructed
2602051341137045,2026-02-05 04:41:13.000 UTC,2026-02-05,62866,1000000128,흑임자인절미,1,45000,1,true,same_universe_reconstructed
2602051341550176,2026-02-05 04:41:55.000 UTC,2026-02-05,49875,1000000044,고구마찰떡,1,22500,1,true,same_universe_reconstructed
2602051406555141,2026-02-05 05:06:55.000 UTC,2026-02-05,63825,1000000111,매화 3송이 3호,35,245000,1,true,same_universe_reconstructed
2602051414094442,2026-02-05 05:14:09.000 UTC,2026-02-05,63782,1000000094,매화 3송이 1호,55,363000,1,true,same_universe_reconstructed
2602051423158813,2026-02-05 05:23:15.000 UTC,2026-02-05,63827,1000000064,2색 이티,1,43000,1,true,same_universe_reconstructed
2602051444306015,2026-02-05 05:44:30.000 UTC,2026-02-05,63830,1000000113,매화 5송이 3호,20,232000,1,true,same_universe_reconstructed
2602051452338087,2026-02-05 05:52:33.000 UTC,2026-02-05,63826,1000000064,2색 이티,1,85000,1,true,same_universe_reconstructed
2602051452338087,2026-02-05 05:52:33.000 UTC,2026-02-05,63826,1000000127,흑임자이티,1,46000,1,true,same_universe_reconstructed
2602051524256721,2026-02-05 06:24:25.000 UTC,2026-02-05,63576,1000000044,고구마찰떡,2,90000,1,true,same_universe_reconstructed
2602051524256721,2026-02-05 06:24:25.000 UTC,2026-02-05,63576,1000000064,2색 이티,3,259500,1,true,same_universe_reconstructed
2602051559258909,2026-02-05 06:59:25.000 UTC,2026-02-05,0,1000000127,흑임자이티,10,235000,1,true,same_universe_reconstructed
2602051602517470,2026-02-05 07:02:51.000 UTC,2026-02-05,0,1000000108,매화 2송이 2호,60,276000,1,true,same_universe_reconstructed
2602051708088434,2026-02-05 08:08:08.000 UTC,2026-02-05,63591,1000000064,2색 이티,1,43000,1,true,same_universe_reconstructed
2602051714150995,2026-02-05 08:14:15.000 UTC,2026-02-05,42871,1000000062,흰이티,1,21000,1,true,same_universe_reconstructed
2602051721288097,2026-02-05 08:21:28.000 UTC,2026-02-05,52291,1000000064,2색 이티,2,170000,1,true,same_universe_reconstructed
2602051747152558,2026-02-05 08:47:15.000 UTC,2026-02-05,52534,1000000042,약식,2,110000,2,true,same_universe_reconstructed
2602051747152558,2026-02-05 08:47:15.000 UTC,2026-02-05,52534,1000000121,깨송편 1kg,1,19000,1,true,same_universe_reconstructed
2602051753073349,2026-02-05 08:53:07.000 UTC,2026-02-05,0,1000000111,매화 3송이 3호,85,603500,1,true,same_universe_reconstructed
2602051801469310,2026-02-05 09:01:46.000 UTC,2026-02-05,0,1000000045,완두시루떡,2,40000,1,true,same_universe_reconstructed
2602051801469310,2026-02-05 09:01:46.000 UTC,2026-02-05,0,1000000063,쑥이티,2,47000,1,true,same_universe_reconstructed
2602051810352091,2026-02-05 09:10:35.000 UTC,2026-02-05,63711,1000000044,고구마찰떡,1,22500,1,true,same_universe_reconstructed
2602051810352091,2026-02-05 09:10:35.000 UTC,2026-02-05,63711,1000000064,2색 이티,1,22000,1,true,same_universe_reconstructed
2602051842191754,2026-02-05 09:42:19.000 UTC,2026-02-05,53465,1000000064,2색 이티,1,85000,1,true,same_universe_reconstructed
2602051941585059,2026-02-05 10:41:58.000 UTC,2026-02-05,63792,1000000154,화연상,1,27800,1,true,same_universe_reconstructed
2602051947218462,2026-02-05 10:47:21.000 UTC,2026-02-05,63630,1000000064,2색 이티,1,43000,1,true,same_universe_reconstructed
2602051947218462,2026-02-05 10:47:21.000 UTC,2026-02-05,63630,1000000127,흑임자이티,1,23500,1,true,same_universe_reconstructed
2602051955344903,2026-02-05 10:55:34.000 UTC,2026-02-05,63324,1000000064,2색 이티,2,66500,2,true,same_universe_reconstructed
2602051955518074,2026-02-05 10:55:51.000 UTC,2026-02-05,60159,1000000064,2색 이티,1,44500,1,true,same_universe_reconstructed
2602052028458775,2026-02-05 11:28:45.000 UTC,2026-02-05,63792,1000000154,화연상,1,27800,1,true,same_universe_reconstructed
2602052046319677,2026-02-05 11:46:32.000 UTC,2026-02-05,63746,1000000093,매화 2송이 1호,30,144000,1,true,same_universe_reconstructed
2602052130130338,2026-02-05 12:30:13.000 UTC,2026-02-05,62873,1000000064,2색 이티,10,220000,1,true,same_universe_reconstructed
2602052215003493,2026-02-05 13:15:00.000 UTC,2026-02-05,63881,1000000144,경기 미숫가루 쫀드기,3,27000,1,true,same_universe_reconstructed
2602052221489036,2026-02-05 13:21:48.000 UTC,2026-02-05,63618,1000000093,매화 2송이 1호,11,51700,1,true,same_universe_reconstructed
2602052222478267,2026-02-05 13:22:47.000 UTC,2026-02-05,63618,1000000093,매화 2송이 1호,11,51700,1,true,same_universe_reconstructed
2602052224302658,2026-02-05 13:24:30.000 UTC,2026-02-05,63618,1000000093,매화 2송이 1호,11,51700,1,true,same_universe_reconstructed
2602052227162339,2026-02-05 13:27:16.000 UTC,2026-02-05,63618,1000000093,매화 2송이 1호,11,51700,1,true,same_universe_reconstructed
2602052258556990,2026-02-05 13:58:55.000 UTC,2026-02-05,63883,1000000042,약식,1,22500,1,true,same_universe_reconstructed
2602052258556990,2026-02-05 13:58:55.000 UTC,2026-02-05,63883,1000000064,2색 이티,1,43000,1,true,same_universe_reconstructed
2602052258556990,2026-02-05 13:58:55.000 UTC,2026-02-05,63883,1000000071,마스코바도 호박설기,1,20000,1,true,same_universe_reconstructed
2602060033056992,2026-02-05 15:33:05.000 UTC,2026-02-05,63888,1000000064,2색 이티,1,44500,1,true,same_universe_reconstructed
2602060037096693,2026-02-05 15:37:09.000 UTC,2026-02-05,63888,1000000064,2색 이티,2,65000,2,true,same_universe_reconstructed
2602060458552955,2026-02-05 19:58:55.000 UTC,2026-02-05,60011,1000000042,약식,1,22500,1,true,same_universe_reconstructed
2602060458552955,2026-02-05 19:58:55.000 UTC,2026-02-05,60011,1000000043,모듬영양찰떡,1,22500,1,true,same_universe_reconstructed
2602060458552955,2026-02-05 19:58:55.000 UTC,2026-02-05,60011,1000000044,고구마찰떡,1,22500,1,true,same_universe_reconstructed
2602060458552955,2026-02-05 19:58:55.000 UTC,2026-02-05,60011,1000000045,완두시루떡,1,20000,1,true,same_universe_reconstructed
2602060458552955,2026-02-05 19:58:55.000 UTC,2026-02-05,60011,1000000062,흰이티,1,21000,1,true,same_universe_reconstructed
2602060458552955,2026-02-05 19:58:55.000 UTC,2026-02-05,60011,1000000063,쑥이티,1,23500,1,true,same_universe_reconstructed
2602060458552955,2026-02-05 19:58:55.000 UTC,2026-02-05,60011,1000000121,깨송편 1kg,2,39000,2,true,same_universe_reconstructed
2602060827311349,2026-02-05 23:27:31.000 UTC,2026-02-05,0,1000000064,2색 이티,1,43000,1,true,same_universe_reconstructed
2602060833574470,2026-02-05 23:33:57.000 UTC,2026-02-05,63723,1000000062,흰이티,35,2345500,2,true,same_universe_reconstructed
2602060908008721,2026-02-06 00:08:00.000 UTC,2026-02-06,61212,1000000062,흰이티,1,41000,1,true,same_universe_reconstructed
2602060908008721,2026-02-06 00:08:00.000 UTC,2026-02-06,61212,1000000064,2색 이티,1,22000,1,true,same_universe_reconstructed
2602060920308884,2026-02-06 00:20:30.000 UTC,2026-02-06,63852,1000000111,매화 3송이 3호,30,210000,1,true,same_universe_reconstructed
2602060932178246,2026-02-06 00:32:17.000 UTC,2026-02-06,63897,1000000064,2색 이티,15,352500,2,true,same_universe_reconstructed
2602060933078447,2026-02-06 00:33:07.000 UTC,2026-02-06,63897,1000000064,2색 이티,15,352500,2,true,same_universe_reconstructed
2602060933509458,2026-02-06 00:33:51.000 UTC,2026-02-06,63897,1000000064,2색 이티,15,352500,2,true,same_universe_reconstructed
2602060948526800,2026-02-06 00:48:52.000 UTC,2026-02-06,0,1000000108,매화 2송이 2호,65,292500,1,true,same_universe_reconstructed
2602061000270331,2026-02-06 01:00:27.000 UTC,2026-02-06,63903,1000000064,2색 이티,3,133500,1,true,same_universe_reconstructed
2602061003248412,2026-02-06 01:03:24.000 UTC,2026-02-06,63899,1000000064,2색 이티,1,44500,1,true,same_universe_reconstructed
2602061015342653,2026-02-06 01:15:34.000 UTC,2026-02-06,63857,1000000064,2색 이티,5,222500,1,true,same_universe_reconstructed
2602061039504326,2026-02-06 01:39:50.000 UTC,2026-02-06,63908,1000000093,매화 2송이 1호,116,556800,1,true,same_universe_reconstructed
2602061039559907,2026-02-06 01:39:56.000 UTC,2026-02-06,54849,1000000093,매화 2송이 1호,109,523200,1,true,same_universe_reconstructed
2602061042573608,2026-02-06 01:42:57.000 UTC,2026-02-06,54849,1000000093,매화 2송이 1호,109,523200,1,true,same_universe_reconstructed
2602061118487859,2026-02-06 02:18:48.000 UTC,2026-02-06,63911,1000000045,완두시루떡,2,157000,1,true,same_universe_reconstructed
2602061123180221,2026-02-06 02:23:18.000 UTC,2026-02-06,62360,1000000064,2색 이티,1,86500,1,true,same_universe_reconstructed
2602061123207872,2026-02-06 02:23:20.000 UTC,2026-02-06,62360,1000000064,2색 이티,1,86500,1,true,same_universe_reconstructed
2602061123361123,2026-02-06 02:23:36.000 UTC,2026-02-06,63911,1000000045,완두시루떡,2,154000,1,true,same_universe_reconstructed
2602061137006914,2026-02-06 02:37:00.000 UTC,2026-02-06,63917,1000000111,매화 3송이 3호,65,461500,1,true,same_universe_reconstructed
2602061142064095,2026-02-06 02:42:06.000 UTC,2026-02-06,63917,1000000111,매화 3송이 3호,65,461500,1,true,same_universe_reconstructed
2602061146114857,2026-02-06 02:46:11.000 UTC,2026-02-06,49394,1000000035,떡국떡 500g,2,12000,1,true,same_universe_reconstructed
2602061146114857,2026-02-06 02:46:11.000 UTC,2026-02-06,49394,1000000064,2색 이티,1,43000,1,true,same_universe_reconstructed
2602061146114857,2026-02-06 02:46:11.000 UTC,2026-02-06,49394,1000000093,매화 2송이 1호,10,48000,1,true,same_universe_reconstructed
2602061150345718,2026-02-06 02:50:34.000 UTC,2026-02-06,63917,1000000111,매화 3송이 3호,65,461500,1,true,same_universe_reconstructed
2602061152558529,2026-02-06 02:52:55.000 UTC,2026-02-06,63917,1000000111,매화 3송이 3호,65,461500,1,true,same_universe_reconstructed
2602061209360072,2026-02-06 03:09:36.000 UTC,2026-02-06,0,1000000063,쑥이티,10,235000,1,true,same_universe_reconstructed
2602061242541634,2026-02-06 03:42:54.000 UTC,2026-02-06,63884,1000000064,2색 이티,2,65000,2,true,same_universe_reconstructed
2602061245108135,2026-02-06 03:45:10.000 UTC,2026-02-06,63920,1000000064,2색 이티,2,66500,2,true,same_universe_reconstructed
2602061245108135,2026-02-06 03:45:10.000 UTC,2026-02-06,63920,1000000093,매화 2송이 1호,56,263200,1,true,same_universe_reconstructed
2602061251476136,2026-02-06 03:51:47.000 UTC,2026-02-06,63852,1000000111,매화 3송이 3호,30,210000,1,true,same_universe_reconstructed
2602061334065239,2026-02-06 04:34:06.000 UTC,2026-02-06,63907,1000000093,매화 2송이 1호,45,211500,1,true,same_universe_reconstructed
2602061347044943,2026-02-06 04:47:04.000 UTC,2026-02-06,63924,1000000064,2색 이티,1,22000,1,true,same_universe_reconstructed
2602061347044943,2026-02-06 04:47:04.000 UTC,2026-02-06,63924,1000000127,흑임자이티,1,23500,1,true,same_universe_reconstructed
2602061351533824,2026-02-06 04:51:53.000 UTC,2026-02-06,63892,1000000062,흰이티,35,2345500,2,true,same_universe_reconstructed
2602061352170935,2026-02-06 04:52:17.000 UTC,2026-02-06,63930,1000000064,2색 이티,7,199000,2,true,same_universe_reconstructed
2602061352170935,2026-02-06 04:52:17.000 UTC,2026-02-06,63930,1000000127,흑임자이티,2,95000,1,true,same_universe_reconstructed
2602061352194606,2026-02-06 04:52:19.000 UTC,2026-02-06,63930,1000000064,2색 이티,7,199000,2,true,same_universe_reconstructed
2602061352194606,2026-02-06 04:52:19.000 UTC,2026-02-06,63930,1000000127,흑임자이티,2,95000,1,true,same_universe_reconstructed
2602061423032727,2026-02-06 05:23:03.000 UTC,2026-02-06,0,1000000069,설기세트,1,38920,1,true,same_universe_reconstructed
2602061423032727,2026-02-06 05:23:03.000 UTC,2026-02-06,0,1000000110,매화 3송이 2호,12,81600,1,true,same_universe_reconstructed
2602061425265249,2026-02-06 05:25:26.000 UTC,2026-02-06,63910,1000000111,매화 3송이 3호,225,1597500,1,true,same_universe_reconstructed
2602061427115140,2026-02-06 05:27:11.000 UTC,2026-02-06,63910,1000000111,매화 3송이 3호,225,1597500,1,true,same_universe_reconstructed
2602061436328031,2026-02-06 05:36:32.000 UTC,2026-02-06,63836,1000000064,2색 이티,1,43000,1,true,same_universe_reconstructed
2602061436328031,2026-02-06 05:36:32.000 UTC,2026-02-06,63836,1000000127,흑임자이티,1,23500,1,true,same_universe_reconstructed
2602061454559893,2026-02-06 05:54:56.000 UTC,2026-02-06,63942,1000000064,2색 이티,1,22000,1,true,same_universe_reconstructed
2602061517233806,2026-02-06 06:17:23.000 UTC,2026-02-06,63920,1000000064,2색 이티,2,66500,2,true,same_universe_reconstructed
2602061517233806,2026-02-06 06:17:23.000 UTC,2026-02-06,63920,1000000093,매화 2송이 1호,56,263200,1,true,same_universe_reconstructed
2602061517246237,2026-02-06 06:17:24.000 UTC,2026-02-06,63920,1000000064,2색 이티,2,66500,2,true,same_universe_reconstructed
2602061517246237,2026-02-06 06:17:24.000 UTC,2026-02-06,63920,1000000093,매화 2송이 1호,56,263200,1,true,same_universe_reconstructed
2602061519345598,2026-02-06 06:19:34.000 UTC,2026-02-06,63920,1000000064,2색 이티,2,66500,2,true,same_universe_reconstructed
2602061519345598,2026-02-06 06:19:34.000 UTC,2026-02-06,63920,1000000093,매화 2송이 1호,56,263200,1,true,same_universe_reconstructed
2602061519539299,2026-02-06 06:19:54.000 UTC,2026-02-06,63939,1000000043,모듬영양찰떡,1,87500,1,true,same_universe_reconstructed
2602061519539299,2026-02-06 06:19:54.000 UTC,2026-02-06,63939,1000000064,2색 이티,1,85000,1,true,same_universe_reconstructed
2602061521194680,2026-02-06 06:21:19.000 UTC,2026-02-06,63920,1000000064,2색 이티,2,66500,2,true,same_universe_reconstructed
2602061521194680,2026-02-06 06:21:19.000 UTC,2026-02-06,63920,1000000093,매화 2송이 1호,56,263200,1,true,same_universe_reconstructed
2602061523334371,2026-02-06 06:23:33.000 UTC,2026-02-06,63920,1000000064,2색 이티,2,66500,2,true,same_universe_reconstructed
2602061523334371,2026-02-06 06:23:33.000 UTC,2026-02-06,63920,1000000093,매화 2송이 1호,56,263200,1,true,same_universe_reconstructed
2602061529510452,2026-02-06 06:29:51.000 UTC,2026-02-06,0,1000000064,2색 이티,1,43000,1,true,same_universe_reconstructed
2602061530188513,2026-02-06 06:30:18.000 UTC,2026-02-06,34097,1000000111,매화 3송이 3호,33,231000,1,true,same_universe_reconstructed
2602061532181144,2026-02-06 06:32:18.000 UTC,2026-02-06,34097,1000000111,매화 3송이 3호,33,231000,1,true,same_universe_reconstructed
2602061534338575,2026-02-06 06:34:33.000 UTC,2026-02-06,0,1000000064,2색 이티,1,44500,1,true,same_universe_reconstructed
2602061535417196,2026-02-06 06:35:41.000 UTC,2026-02-06,0,1000000064,2색 이티,1,44500,1,true,same_universe_reconstructed
2602061536378007,2026-02-06 06:36:37.000 UTC,2026-02-06,34097,1000000111,매화 3송이 3호,33,231000,1,true,same_universe_reconstructed
2602061537261378,2026-02-06 06:37:26.000 UTC,2026-02-06,34097,1000000111,매화 3송이 3호,33,231000,1,true,same_universe_reconstructed
2602061538139619,2026-02-06 06:38:14.000 UTC,2026-02-06,0,1000000064,2색 이티,1,44500,1,true,same_universe_reconstructed
2602061541196340,2026-02-06 06:41:19.000 UTC,2026-02-06,34097,1000000111,매화 3송이 3호,87,609000,1,true,same_universe_reconstructed
2602061624451662,2026-02-06 07:24:45.000 UTC,2026-02-06,63948,1000000064,2색 이티,2,65000,2,true,same_universe_reconstructed
2602061635168704,2026-02-06 07:35:16.000 UTC,2026-02-06,63920,1000000064,2색 이티,2,66500,2,true,same_universe_reconstructed
2602061635168704,2026-02-06 07:35:16.000 UTC,2026-02-06,63920,1000000093,매화 2송이 1호,56,263200,1,true,same_universe_reconstructed
2602061637181965,2026-02-06 07:37:18.000 UTC,2026-02-06,63920,1000000064,2색 이티,2,66500,2,true,same_universe_reconstructed
2602061637181965,2026-02-06 07:37:18.000 UTC,2026-02-06,63920,1000000093,매화 2송이 1호,56,263200,1,true,same_universe_reconstructed
2602061639177037,2026-02-06 07:39:17.000 UTC,2026-02-06,63920,1000000064,2색 이티,2,66500,2,true,same_universe_reconstructed
2602061639177037,2026-02-06 07:39:17.000 UTC,2026-02-06,63920,1000000093,매화 2송이 1호,56,263200,1,true,same_universe_reconstructed
2602061639200038,2026-02-06 07:39:20.000 UTC,2026-02-06,63920,1000000064,2색 이티,2,66500,2,true,same_universe_reconstructed
2602061639200038,2026-02-06 07:39:20.000 UTC,2026-02-06,63920,1000000093,매화 2송이 1호,56,263200,1,true,same_universe_reconstructed
2602061645286329,2026-02-06 07:45:28.000 UTC,2026-02-06,63947,1000000113,매화 5송이 3호,150,1740000,1,true,same_universe_reconstructed
2602061652151831,2026-02-06 07:52:15.000 UTC,2026-02-06,63947,1000000113,매화 5송이 3호,150,1740000,1,true,same_universe_reconstructed
2602061709156008,2026-02-06 08:09:15.000 UTC,2026-02-06,63953,1000000127,흑임자이티,7,640500,1,true,same_universe_reconstructed
2602061711360079,2026-02-06 08:11:36.000 UTC,2026-02-06,63955,1000000113,매화 5송이 3호,10,116000,1,true,same_universe_reconstructed
2602061725215425,2026-02-06 08:25:21.000 UTC,2026-02-06,63946,1000000062,흰이티,1,21000,1,true,same_universe_reconstructed
2602061725215425,2026-02-06 08:25:21.000 UTC,2026-02-06,63946,1000000063,쑥이티,1,23500,1,true,same_universe_reconstructed
2602061725215425,2026-02-06 08:25:21.000 UTC,2026-02-06,63946,1000000127,흑임자이티,1,46000,1,true,same_universe_reconstructed
2602061725215425,2026-02-06 08:25:21.000 UTC,2026-02-06,63946,1000000128,흑임자인절미,1,22500,1,true,same_universe_reconstructed
2602061749198429,2026-02-06 08:49:19.000 UTC,2026-02-06,0,1000000064,2색 이티,4,155500,2,true,same_universe_reconstructed
2602061756398381,2026-02-06 08:56:39.000 UTC,2026-02-06,63936,1000000064,2색 이티,2,65000,2,true,same_universe_reconstructed
2602061757168492,2026-02-06 08:57:16.000 UTC,2026-02-06,63957,1000000064,2색 이티,1,22000,1,true,same_universe_reconstructed
2602061801400063,2026-02-06 09:01:40.000 UTC,2026-02-06,63936,1000000064,2색 이티,2,65000,2,true,same_universe_reconstructed
2602061812014824,2026-02-06 09:12:01.000 UTC,2026-02-06,63583,1000000093,매화 2송이 1호,50,240000,1,true,same_universe_reconstructed
2602061812352445,2026-02-06 09:12:35.000 UTC,2026-02-06,18357,1000000042,약식,1,22500,1,true,same_universe_reconstructed
2602061812352445,2026-02-06 09:12:35.000 UTC,2026-02-06,18357,1000000064,2색 이티,1,22000,1,true,same_universe_reconstructed
2602061817538106,2026-02-06 09:17:53.000 UTC,2026-02-06,0,1000000064,2색 이티,1,43000,1,true,same_universe_reconstructed
2602061905157731,2026-02-06 10:05:15.000 UTC,2026-02-06,63964,1000000064,2색 이티,1,44500,1,true,same_universe_reconstructed
2602061947127474,2026-02-06 10:47:12.000 UTC,2026-02-06,63397,1000000043,모듬영양찰떡,1,22500,1,true,same_universe_reconstructed
2602061947127474,2026-02-06 10:47:12.000 UTC,2026-02-06,63397,1000000064,2색 이티,1,22000,1,true,same_universe_reconstructed
2602061951482545,2026-02-06 10:51:48.000 UTC,2026-02-06,63397,1000000043,모듬영양찰떡,1,22500,1,true,same_universe_reconstructed
2602061951482545,2026-02-06 10:51:48.000 UTC,2026-02-06,63397,1000000064,2색 이티,1,22000,1,true,same_universe_reconstructed
2602062139503647,2026-02-06 12:39:50.000 UTC,2026-02-06,63517,1000000064,2색 이티,4,130000,2,true,same_universe_reconstructed
2602062149235159,2026-02-06 12:49:23.000 UTC,2026-02-06,63970,1000000064,2색 이티,1,85000,1,true,same_universe_reconstructed
2602062155319260,2026-02-06 12:55:32.000 UTC,2026-02-06,63968,1000000033,가래떡(40개) 4kg,1,45000,1,true,same_universe_reconstructed
2602062155319260,2026-02-06 12:55:32.000 UTC,2026-02-06,63968,1000000035,떡국떡 500g,1,6000,1,true,same_universe_reconstructed
2602062155319260,2026-02-06 12:55:32.000 UTC,2026-02-06,63968,1000000042,약식,1,22500,1,true,same_universe_reconstructed
2602062155319260,2026-02-06 12:55:32.000 UTC,2026-02-06,63968,1000000043,모듬영양찰떡,1,22500,1,true,same_universe_reconstructed
2602062155319260,2026-02-06 12:55:32.000 UTC,2026-02-06,63968,1000000045,완두시루떡,1,20000,1,true,same_universe_reconstructed
2602062155319260,2026-02-06 12:55:32.000 UTC,2026-02-06,63968,1000000064,2색 이티,1,22000,1,true,same_universe_reconstructed
2602062155319260,2026-02-06 12:55:32.000 UTC,2026-02-06,63968,1000000127,흑임자이티,1,23500,1,true,same_universe_reconstructed
2602062223003181,2026-02-06 13:23:00.000 UTC,2026-02-06,16642,1000000083,백설기,2,90000,1,true,same_universe_reconstructed
2602062223003181,2026-02-06 13:23:00.000 UTC,2026-02-06,16642,1000000093,매화 2송이 1호,30,144000,1,true,same_universe_reconstructed
2602062223003181,2026-02-06 13:23:00.000 UTC,2026-02-06,16642,1000000127,흑임자이티,2,92000,1,true,same_universe_reconstructed
2602062323270943,2026-02-06 14:23:27.000 UTC,2026-02-06,63973,1000000144,경기 미숫가루 쫀드기,5,45000,1,true,same_universe_reconstructed
2602070018347471,2026-02-06 15:18:34.000 UTC,2026-02-06,63975,1000000064,2색 이티,1,22000,1,true,same_universe_reconstructed
2602070147142914,2026-02-06 16:47:14.000 UTC,2026-02-06,63980,1000000042,약식,1,22500,1,true,same_universe_reconstructed
2602070147142914,2026-02-06 16:47:14.000 UTC,2026-02-06,63980,1000000064,2색 이티,1,22000,1,true,same_universe_reconstructed
2602070147154575,2026-02-06 16:47:15.000 UTC,2026-02-06,63980,1000000042,약식,1,22500,1,true,same_universe_reconstructed
2602070147154575,2026-02-06 16:47:15.000 UTC,2026-02-06,63980,1000000064,2색 이티,1,22000,1,true,same_universe_reconstructed
2602070157358966,2026-02-06 16:57:35.000 UTC,2026-02-06,63982,1000000064,2색 이티,2,89000,1,true,same_universe_reconstructed
2602070540520948,2026-02-06 20:40:52.000 UTC,2026-02-06,0,1000000064,2색 이티,1,43000,1,true,same_universe_reconstructed
2602070540520948,2026-02-06 20:40:52.000 UTC,2026-02-06,0,1000000127,흑임자이티,1,46000,1,true,same_universe_reconstructed
2602070723115229,2026-02-06 22:23:11.000 UTC,2026-02-06,62579,1000000064,2색 이티,1,85000,1,true,same_universe_reconstructed
2602070723115229,2026-02-06 22:23:11.000 UTC,2026-02-06,62579,1000000127,흑임자이티,1,46000,1,true,same_universe_reconstructed
2602070911331440,2026-02-07 00:11:33.000 UTC,2026-02-07,58805,1000000045,완두시루떡,1,20000,1,true,same_universe_reconstructed
2602070911331440,2026-02-07 00:11:33.000 UTC,2026-02-07,58805,1000000064,2색 이티,1,43000,1,true,same_universe_reconstructed
2602070911331440,2026-02-07 00:11:33.000 UTC,2026-02-07,58805,1000000066,쑥인절미,1,22500,1,true,same_universe_reconstructed
2602070911331440,2026-02-07 00:11:33.000 UTC,2026-02-07,58805,1000000127,흑임자이티,1,23500,1,true,same_universe_reconstructed
2602070911331440,2026-02-07 00:11:33.000 UTC,2026-02-07,58805,1000000128,흑임자인절미,1,22500,1,true,same_universe_reconstructed
2602070913376161,2026-02-07 00:13:37.000 UTC,2026-02-07,7500,1000000033,가래떡(40개) 4kg,1,45000,1,true,same_universe_reconstructed
2602071113471645,2026-02-07 02:13:47.000 UTC,2026-02-07,63980,1000000042,약식,1,22500,1,true,same_universe_reconstructed
2602071113471645,2026-02-07 02:13:47.000 UTC,2026-02-07,63980,1000000064,2색 이티,1,22000,1,true,same_universe_reconstructed
2602071215175698,2026-02-07 03:15:17.000 UTC,2026-02-07,64004,1000000062,흰이티,1,21000,1,true,same_universe_reconstructed
2602071215175698,2026-02-07 03:15:17.000 UTC,2026-02-07,64004,1000000063,쑥이티,1,23500,1,true,same_universe_reconstructed
2602071215175698,2026-02-07 03:15:17.000 UTC,2026-02-07,64004,1000000127,흑임자이티,1,23500,1,true,same_universe_reconstructed
2602071311006369,2026-02-07 04:11:00.000 UTC,2026-02-07,62173,1000000063,쑥이티,1,91500,1,true,same_universe_reconstructed
2602071314268250,2026-02-07 04:14:26.000 UTC,2026-02-07,63985,1000000113,매화 5송이 3호,10,115000,1,true,same_universe_reconstructed
2602071400343093,2026-02-07 05:00:34.000 UTC,2026-02-07,0,1000000111,매화 3송이 3호,70,490000,1,true,same_universe_reconstructed
2602071415288745,2026-02-07 05:15:28.000 UTC,2026-02-07,64010,1000000113,매화 5송이 3호,30,348000,1,true,same_universe_reconstructed
2602071459220569,2026-02-07 05:59:22.000 UTC,2026-02-07,15792,1000000043,모듬영양찰떡,1,87500,1,true,same_universe_reconstructed
2602071459220569,2026-02-07 05:59:22.000 UTC,2026-02-07,15792,1000000044,고구마찰떡,1,22500,1,true,same_universe_reconstructed
2602071459220569,2026-02-07 05:59:22.000 UTC,2026-02-07,15792,1000000045,완두시루떡,1,20000,1,true,same_universe_reconstructed
2602071459220569,2026-02-07 05:59:22.000 UTC,2026-02-07,15792,1000000064,2색 이티,1,22000,1,true,same_universe_reconstructed
2602071459220569,2026-02-07 05:59:22.000 UTC,2026-02-07,15792,1000000121,깨송편 1kg,4,78000,1,true,same_universe_reconstructed
2602071512516550,2026-02-07 06:12:51.000 UTC,2026-02-07,15792,1000000043,모듬영양찰떡,1,87500,1,true,same_universe_reconstructed
2602071512516550,2026-02-07 06:12:51.000 UTC,2026-02-07,15792,1000000044,고구마찰떡,1,22500,1,true,same_universe_reconstructed
2602071512516550,2026-02-07 06:12:51.000 UTC,2026-02-07,15792,1000000045,완두시루떡,1,20000,1,true,same_universe_reconstructed
2602071512516550,2026-02-07 06:12:51.000 UTC,2026-02-07,15792,1000000064,2색 이티,1,22000,1,true,same_universe_reconstructed
2602071512516550,2026-02-07 06:12:51.000 UTC,2026-02-07,15792,1000000121,깨송편 1kg,4,78000,1,true,same_universe_reconstructed
2602071557424913,2026-02-07 06:57:42.000 UTC,2026-02-07,18031,1000000064,2색 이티,2,89000,1,true,same_universe_reconstructed
2602071602375464,2026-02-07 07:02:37.000 UTC,2026-02-07,6283,1000000113,매화 5송이 3호,48,556800,1,true,same_universe_reconstructed
2602071603363275,2026-02-07 07:03:36.000 UTC,2026-02-07,64023,1000000111,매화 3송이 3호,140,980000,1,true,same_universe_reconstructed
2602071603368636,2026-02-07 07:03:36.000 UTC,2026-02-07,23565,1000000045,완두시루떡,1,20000,1,true,same_universe_reconstructed
2602071603368636,2026-02-07 07:03:36.000 UTC,2026-02-07,23565,1000000069,설기세트,1,18920,1,true,same_universe_reconstructed
2602071646283500,2026-02-07 07:46:28.000 UTC,2026-02-07,63578,1000000064,2색 이티,1,43000,1,true,same_universe_reconstructed
2602071646283500,2026-02-07 07:46:28.000 UTC,2026-02-07,63578,1000000127,흑임자이티,1,23500,1,true,same_universe_reconstructed
2602071652152842,2026-02-07 07:52:15.000 UTC,2026-02-07,64030,1000000035,떡국떡 500g,1,6000,1,true,same_universe_reconstructed
2602071653206313,2026-02-07 07:53:20.000 UTC,2026-02-07,63984,1000000069,설기세트,1,75920,1,true,same_universe_reconstructed
2602071653331734,2026-02-07 07:53:33.000 UTC,2026-02-07,64030,1000000035,떡국떡 500g,1,6000,1,true,same_universe_reconstructed
2602071735121346,2026-02-07 08:35:12.000 UTC,2026-02-07,38100,1000000035,떡국떡 500g,4,24000,1,true,same_universe_reconstructed
2602071742470127,2026-02-07 08:42:47.000 UTC,2026-02-07,0,1000000064,2색 이티,2,66500,2,true,same_universe_reconstructed
2602071753198499,2026-02-07 08:53:19.000 UTC,2026-02-07,64024,1000000093,매화 2송이 1호,19,89300,1,true,same_universe_reconstructed
2602071804060670,2026-02-07 09:04:06.000 UTC,2026-02-07,45467,1000000064,2색 이티,2,89000,1,true,same_universe_reconstructed
2602071824476087,2026-02-07 09:24:47.000 UTC,2026-02-07,64040,1000000064,2색 이티,1,22000,1,true,same_universe_reconstructed
2602071841099248,2026-02-07 09:41:09.000 UTC,2026-02-07,24621,1000000033,가래떡(40개) 4kg,2,90000,1,true,same_universe_reconstructed
2602071841099248,2026-02-07 09:41:09.000 UTC,2026-02-07,24621,1000000035,떡국떡 500g,4,24000,1,true,same_universe_reconstructed
2602071906080859,2026-02-07 10:06:08.000 UTC,2026-02-07,62957,1000000111,매화 3송이 3호,20,140000,1,true,same_universe_reconstructed
2602071945385711,2026-02-07 10:45:38.000 UTC,2026-02-07,62905,1000000064,2색 이티,1,22000,1,true,same_universe_reconstructed
2602071955421012,2026-02-07 10:55:42.000 UTC,2026-02-07,0,1000000027,마스코바도 설기,1,20000,1,true,same_universe_reconstructed
2602071955421012,2026-02-07 10:55:42.000 UTC,2026-02-07,0,1000000033,가래떡(40개) 4kg,1,45000,1,true,same_universe_reconstructed
2602071955421012,2026-02-07 10:55:42.000 UTC,2026-02-07,0,1000000045,완두시루떡,1,20000,1,true,same_universe_reconstructed
2602071957402163,2026-02-07 10:57:40.000 UTC,2026-02-07,64051,1000000064,2색 이티,1,43000,1,true,same_universe_reconstructed
2602071959276424,2026-02-07 10:59:27.000 UTC,2026-02-07,0,1000000027,마스코바도 설기,1,20000,1,true,same_universe_reconstructed
2602071959276424,2026-02-07 10:59:27.000 UTC,2026-02-07,0,1000000033,가래떡(40개) 4kg,1,45000,1,true,same_universe_reconstructed
2602071959276424,2026-02-07 10:59:27.000 UTC,2026-02-07,0,1000000045,완두시루떡,1,20000,1,true,same_universe_reconstructed
2602072017055305,2026-02-07 11:17:05.000 UTC,2026-02-07,64053,1000000064,2색 이티,1,86500,1,true,same_universe_reconstructed
2602072023378206,2026-02-07 11:23:37.000 UTC,2026-02-07,63834,1000000153,유밀상,1,28600,1,true,same_universe_reconstructed
2602072023382867,2026-02-07 11:23:38.000 UTC,2026-02-07,63834,1000000153,유밀상,1,28600,1,true,same_universe_reconstructed
2602072024347078,2026-02-07 11:24:34.000 UTC,2026-02-07,64054,1000000063,쑥이티,2,92000,1,true,same_universe_reconstructed
2602072024347078,2026-02-07 11:24:34.000 UTC,2026-02-07,64054,1000000064,2색 이티,2,128000,2,true,same_universe_reconstructed
2602072026106499,2026-02-07 11:26:10.000 UTC,2026-02-07,63901,1000000035,떡국떡 500g,2,12000,1,true,same_universe_reconstructed
2602072026106499,2026-02-07 11:26:10.000 UTC,2026-02-07,63901,1000000044,고구마찰떡,1,22500,1,true,same_universe_reconstructed
2602072026106499,2026-02-07 11:26:10.000 UTC,2026-02-07,63901,1000000064,2색 이티,2,44000,1,true,same_universe_reconstructed
2602072026106499,2026-02-07 11:26:10.000 UTC,2026-02-07,63901,1000000066,쑥인절미,1,22500,1,true,same_universe_reconstructed
2602072028433560,2026-02-07 11:28:43.000 UTC,2026-02-07,63834,1000000045,완두시루떡,1,20000,1,true,same_universe_reconstructed
2602072028433560,2026-02-07 11:28:43.000 UTC,2026-02-07,63834,1000000064,2색 이티,1,43000,1,true,same_universe_reconstructed
2602072033211471,2026-02-07 11:33:21.000 UTC,2026-02-07,64043,1000000111,매화 3송이 3호,40,284000,1,true,same_universe_reconstructed
2602072124435365,2026-02-07 12:24:43.000 UTC,2026-02-07,63957,1000000064,2색 이티,1,22000,1,true,same_universe_reconstructed
2602072218049057,2026-02-07 13:18:05.000 UTC,2026-02-07,64045,1000000064,2색 이티,3,174000,3,true,same_universe_reconstructed
2602072220317098,2026-02-07 13:20:31.000 UTC,2026-02-07,64045,1000000064,2색 이티,3,172500,3,true,same_universe_reconstructed
2602072223303749,2026-02-07 13:23:30.000 UTC,2026-02-07,64045,1000000064,2색 이티,3,172500,3,true,same_universe_reconstructed
2602072225550480,2026-02-07 13:25:55.000 UTC,2026-02-07,64045,1000000064,2색 이티,3,172500,3,true,same_universe_reconstructed
2602072227222511,2026-02-07 13:27:22.000 UTC,2026-02-07,64064,1000000064,2색 이티,1,22000,1,true,same_universe_reconstructed
2602072232052232,2026-02-07 13:32:05.000 UTC,2026-02-07,64064,1000000064,2색 이티,1,22000,1,true,same_universe_reconstructed
2602072232134083,2026-02-07 13:32:13.000 UTC,2026-02-07,64064,1000000064,2색 이티,1,22000,1,true,same_universe_reconstructed
2602072233062374,2026-02-07 13:33:06.000 UTC,2026-02-07,64064,1000000064,2색 이티,1,22000,1,true,same_universe_reconstructed
2602072248143415,2026-02-07 13:48:14.000 UTC,2026-02-07,63875,1000000113,매화 5송이 3호,15,172500,1,true,same_universe_reconstructed
2602072253331766,2026-02-07 13:53:33.000 UTC,2026-02-07,63996,1000000064,2색 이티,1,22000,1,true,same_universe_reconstructed
2602072255071007,2026-02-07 13:55:07.000 UTC,2026-02-07,63996,1000000064,2색 이티,1,22000,1,true,same_universe_reconstructed
2602080102480791,2026-02-07 16:02:48.000 UTC,2026-02-07,43821,1000000045,완두시루떡,1,40000,1,true,same_universe_reconstructed
2602080102480791,2026-02-07 16:02:48.000 UTC,2026-02-07,43821,1000000064,2색 이티,1,43000,1,true,same_universe_reconstructed
2602080102480791,2026-02-07 16:02:48.000 UTC,2026-02-07,43821,1000000069,설기세트,2,37840,1,true,same_universe_reconstructed
2602080124587472,2026-02-07 16:24:58.000 UTC,2026-02-07,63954,1000000064,2색 이티,1,43000,1,true,same_universe_reconstructed
2602080124587472,2026-02-07 16:24:58.000 UTC,2026-02-07,63954,1000000127,흑임자이티,1,23500,1,true,same_universe_reconstructed
2602080329292424,2026-02-07 18:29:29.000 UTC,2026-02-07,64060,1000000064,2색 이티,3,111000,2,true,same_universe_reconstructed
2602080847502096,2026-02-07 23:47:50.000 UTC,2026-02-07,0,1000000113,매화 5송이 3호,47,545200,1,true,same_universe_reconstructed
2602081102290677,2026-02-08 02:02:29.000 UTC,2026-02-08,11499,1000000121,깨송편 1kg,2,39000,1,true,same_universe_reconstructed
2602081320158331,2026-02-08 04:20:15.000 UTC,2026-02-08,62115,1000000153,유밀상,1,28600,1,true,same_universe_reconstructed
2602081320158331,2026-02-08 04:20:15.000 UTC,2026-02-08,62115,1000000154,화연상,1,22800,1,true,same_universe_reconstructed
2602081334301742,2026-02-08 04:34:30.000 UTC,2026-02-08,64102,1000000045,완두시루떡,1,20000,1,true,same_universe_reconstructed
2602081334355813,2026-02-08 04:34:35.000 UTC,2026-02-08,64102,1000000045,완두시루떡,1,20000,1,true,same_universe_reconstructed
2602081334356084,2026-02-08 04:34:35.000 UTC,2026-02-08,64102,1000000045,완두시루떡,1,20000,1,true,same_universe_reconstructed
2602081334406335,2026-02-08 04:34:40.000 UTC,2026-02-08,64102,1000000045,완두시루떡,1,20000,1,true,same_universe_reconstructed
2602081503384158,2026-02-08 06:03:38.000 UTC,2026-02-08,63576,1000000044,고구마찰떡,4,90000,1,true,same_universe_reconstructed
2602081503384158,2026-02-08 06:03:38.000 UTC,2026-02-08,63576,1000000064,2색 이티,2,128000,2,true,same_universe_reconstructed
2602081504510429,2026-02-08 06:04:51.000 UTC,2026-02-08,64108,1000000063,쑥이티,1,46000,1,true,same_universe_reconstructed
2602081533233922,2026-02-08 06:33:23.000 UTC,2026-02-08,64112,1000000093,매화 2송이 1호,12,57600,1,true,same_universe_reconstructed
2602081540166953,2026-02-08 06:40:16.000 UTC,2026-02-08,64112,1000000093,매화 2송이 1호,12,57600,1,true,same_universe_reconstructed
2602081540176314,2026-02-08 06:40:17.000 UTC,2026-02-08,64112,1000000093,매화 2송이 1호,12,57600,1,true,same_universe_reconstructed
2602081610575648,2026-02-08 07:10:57.000 UTC,2026-02-08,63873,1000000064,2색 이티,1,22000,1,true,same_universe_reconstructed
2602081610575648,2026-02-08 07:10:57.000 UTC,2026-02-08,63873,1000000069,설기세트,1,18920,1,true,same_universe_reconstructed
2602081641527845,2026-02-08 07:41:52.000 UTC,2026-02-08,64115,1000000035,떡국떡 500g,2,12000,1,true,same_universe_reconstructed
2602081641527845,2026-02-08 07:41:52.000 UTC,2026-02-08,64115,1000000064,2색 이티,1,43000,1,true,same_universe_reconstructed
2602081745118631,2026-02-08 08:45:11.000 UTC,2026-02-08,64130,1000000064,2색 이티,1,85000,1,true,same_universe_reconstructed
2602081746298522,2026-02-08 08:46:29.000 UTC,2026-02-08,64132,1000000064,2색 이티,1,22000,1,true,same_universe_reconstructed
2602081829139115,2026-02-08 09:29:13.000 UTC,2026-02-08,0,1000000064,2색 이티,1,43000,1,true,same_universe_reconstructed
2602081831351356,2026-02-08 09:31:35.000 UTC,2026-02-08,63945,1000000064,2색 이티,1,22000,1,true,same_universe_reconstructed
2602081835081187,2026-02-08 09:35:08.000 UTC,2026-02-08,63945,1000000064,2색 이티,1,22000,1,true,same_universe_reconstructed
2602081840308129,2026-02-08 09:40:30.000 UTC,2026-02-08,63945,1000000064,2색 이티,1,43000,1,true,same_universe_reconstructed
2602081848380610,2026-02-08 09:48:38.000 UTC,2026-02-08,53536,1000000062,흰이티,1,80000,1,true,same_universe_reconstructed
2602081848380610,2026-02-08 09:48:38.000 UTC,2026-02-08,53536,1000000063,쑥이티,1,90000,1,true,same_universe_reconstructed
2602081910584242,2026-02-08 10:10:58.000 UTC,2026-02-08,53536,1000000062,흰이티,1,80000,1,true,same_universe_reconstructed
2602081910584242,2026-02-08 10:10:58.000 UTC,2026-02-08,53536,1000000063,쑥이티,1,90000,1,true,same_universe_reconstructed
2602081911512723,2026-02-08 10:11:51.000 UTC,2026-02-08,64111,1000000044,고구마찰떡,1,22500,1,true,same_universe_reconstructed
2602081911512723,2026-02-08 10:11:51.000 UTC,2026-02-08,64111,1000000063,쑥이티,1,23500,1,true,same_universe_reconstructed
2602081911512723,2026-02-08 10:11:51.000 UTC,2026-02-08,64111,1000000127,흑임자이티,1,23500,1,true,same_universe_reconstructed
2602081959524515,2026-02-08 10:59:52.000 UTC,2026-02-08,42603,1000000121,깨송편 1kg,5,97500,1,true,same_universe_reconstructed
2602082000444926,2026-02-08 11:00:44.000 UTC,2026-02-08,64137,1000000156,기원상,1,29000,1,true,same_universe_reconstructed
2602082005548267,2026-02-08 11:05:54.000 UTC,2026-02-08,64137,1000000156,기원상,1,29000,1,true,same_universe_reconstructed
2602082008059828,2026-02-08 11:08:06.000 UTC,2026-02-08,64137,1000000156,기원상,1,29000,1,true,same_universe_reconstructed
2602082009404679,2026-02-08 11:09:40.000 UTC,2026-02-08,64137,1000000156,기원상,1,29000,1,true,same_universe_reconstructed
2602082011230480,2026-02-08 11:11:23.000 UTC,2026-02-08,64137,1000000156,기원상,1,29000,1,true,same_universe_reconstructed
2602082057046295,2026-02-08 11:57:04.000 UTC,2026-02-08,37056,1000000064,2색 이티,2,66500,2,true,same_universe_reconstructed
2602082119120396,2026-02-08 12:19:12.000 UTC,2026-02-08,0,1000000044,고구마찰떡,1,22500,1,true,same_universe_reconstructed
2602082119120396,2026-02-08 12:19:12.000 UTC,2026-02-08,0,1000000064,2색 이티,1,43000,1,true,same_universe_reconstructed
2602082119120396,2026-02-08 12:19:12.000 UTC,2026-02-08,0,1000000069,설기세트,1,38920,1,true,same_universe_reconstructed
2602082145289381,2026-02-08 12:45:29.000 UTC,2026-02-08,64155,1000000064,2색 이티,1,43000,1,true,same_universe_reconstructed
2602082206253154,2026-02-08 13:06:25.000 UTC,2026-02-08,64156,1000000154,화연상,1,27800,1,true,same_universe_reconstructed
2602082215464847,2026-02-08 13:15:46.000 UTC,2026-02-08,64167,1000000064,2색 이티,2,44000,1,true,same_universe_reconstructed
2602082230344988,2026-02-08 13:30:34.000 UTC,2026-02-08,63835,1000000064,2색 이티,4,133000,2,true,same_universe_reconstructed
2602082231241629,2026-02-08 13:31:24.000 UTC,2026-02-08,43142,1000000066,쑥인절미,1,22500,1,true,same_universe_reconstructed
2602082231556390,2026-02-08 13:31:55.000 UTC,2026-02-08,64171,1000000062,흰이티,3,63000,1,true,same_universe_reconstructed
2602082232568812,2026-02-08 13:32:56.000 UTC,2026-02-08,43142,1000000066,쑥인절미,1,22500,1,true,same_universe_reconstructed
2602082317250545,2026-02-08 14:17:25.000 UTC,2026-02-08,6863,1000000033,가래떡(40개) 4kg,2,90000,1,true,same_universe_reconstructed
2602090012033701,2026-02-08 15:12:03.000 UTC,2026-02-08,63954,1000000064,2색 이티,1,43000,1,true,same_universe_reconstructed
2602090012033701,2026-02-08 15:12:03.000 UTC,2026-02-08,63954,1000000127,흑임자이티,1,23500,1,true,same_universe_reconstructed
2602090202323732,2026-02-08 17:02:32.000 UTC,2026-02-08,14233,1000000064,2색 이티,2,89000,1,true,same_universe_reconstructed
2602090210401753,2026-02-08 17:10:40.000 UTC,2026-02-08,64188,1000000064,2색 이티,6,132000,1,true,same_universe_reconstructed
2602090210401753,2026-02-08 17:10:40.000 UTC,2026-02-08,64188,1000000127,흑임자이티,1,23500,1,true,same_universe_reconstructed
2602090716290325,2026-02-08 22:16:29.000 UTC,2026-02-08,64193,1000000064,2색 이티,2,65000,2,true,same_universe_reconstructed
2602090716290325,2026-02-08 22:16:29.000 UTC,2026-02-08,64193,1000000127,흑임자이티,2,47000,1,true,same_universe_reconstructed
2602090744385076,2026-02-08 22:44:38.000 UTC,2026-02-08,0,1000000064,2색 이티,2,44000,1,true,same_universe_reconstructed
2602090746499737,2026-02-08 22:46:50.000 UTC,2026-02-08,22563,1000000064,2색 이티,1,86500,1,true,same_universe_reconstructed
2602090853538524,2026-02-08 23:53:53.000 UTC,2026-02-08,59817,1000000063,쑥이티,2,47000,1,true,same_universe_reconstructed
2602090853538524,2026-02-08 23:53:53.000 UTC,2026-02-08,59817,1000000064,2색 이티,35,1022000,2,true,same_universe_reconstructed
2602090906303877,2026-02-09 00:06:30.000 UTC,2026-02-09,25651,1000000035,떡국떡 500g,4,24000,1,true,same_universe_reconstructed
2602090906303877,2026-02-09 00:06:30.000 UTC,2026-02-09,25651,1000000045,완두시루떡,1,40000,1,true,same_universe_reconstructed
2602090906303877,2026-02-09 00:06:30.000 UTC,2026-02-09,25651,1000000064,2색 이티,1,22000,1,true,same_universe_reconstructed
2602090913032108,2026-02-09 00:13:03.000 UTC,2026-02-09,64203,1000000042,약식,1,87500,1,true,same_universe_reconstructed
2602090913046429,2026-02-09 00:13:04.000 UTC,2026-02-09,64203,1000000042,약식,1,87500,1,true,same_universe_reconstructed
2602090915345700,2026-02-09 00:15:34.000 UTC,2026-02-09,60266,1000000113,매화 5송이 3호,55,632500,1,true,same_universe_reconstructed
2602090922026102,2026-02-09 00:22:02.000 UTC,2026-02-09,60109,1000000042,약식,1,45000,1,true,same_universe_reconstructed
2602090922026102,2026-02-09 00:22:02.000 UTC,2026-02-09,60109,1000000043,모듬영양찰떡,1,45000,1,true,same_universe_reconstructed
2602090922026102,2026-02-09 00:22:02.000 UTC,2026-02-09,60109,1000000044,고구마찰떡,1,45000,1,true,same_universe_reconstructed
2602090922026102,2026-02-09 00:22:02.000 UTC,2026-02-09,60109,1000000045,완두시루떡,1,77000,1,true,same_universe_reconstructed
2602090922552193,2026-02-09 00:22:55.000 UTC,2026-02-09,64204,1000000111,매화 3송이 3호,70,490000,1,true,same_universe_reconstructed
2602090927398777,2026-02-09 00:27:39.000 UTC,2026-02-09,60266,1000000113,매화 5송이 3호,55,632500,1,true,same_universe_reconstructed
2602090927530818,2026-02-09 00:27:53.000 UTC,2026-02-09,60109,1000000042,약식,1,22500,1,true,same_universe_reconstructed
2602090927530818,2026-02-09 00:27:53.000 UTC,2026-02-09,60109,1000000043,모듬영양찰떡,1,22500,1,true,same_universe_reconstructed
2602090927530818,2026-02-09 00:27:53.000 UTC,2026-02-09,60109,1000000044,고구마찰떡,1,22500,1,true,same_universe_reconstructed
2602090927530818,2026-02-09 00:27:53.000 UTC,2026-02-09,60109,1000000045,완두시루떡,1,40000,1,true,same_universe_reconstructed
2602090928343539,2026-02-09 00:28:34.000 UTC,2026-02-09,64205,1000000094,매화 3송이 1호,16,104000,1,true,same_universe_reconstructed
2602090932149040,2026-02-09 00:32:14.000 UTC,2026-02-09,0,1000000093,매화 2송이 1호,13,61100,1,true,same_universe_reconstructed
2602090943222945,2026-02-09 00:43:22.000 UTC,2026-02-09,63556,1000000064,2색 이티,2,44000,1,true,same_universe_reconstructed
2602090945391326,2026-02-09 00:45:39.000 UTC,2026-02-09,63556,1000000064,2색 이티,2,44000,1,true,same_universe_reconstructed
2602090949455998,2026-02-09 00:49:45.000 UTC,2026-02-09,53833,1000000094,매화 3송이 1호,10,65000,1,true,same_universe_reconstructed
2602091005346844,2026-02-09 01:05:34.000 UTC,2026-02-09,63865,1000000062,흰이티,1,41000,1,true,same_universe_reconstructed
2602091005346844,2026-02-09 01:05:34.000 UTC,2026-02-09,63865,1000000127,흑임자이티,1,46000,1,true,same_universe_reconstructed
2602091021226669,2026-02-09 01:21:22.000 UTC,2026-02-09,64215,1000000064,2색 이티,8,260000,2,true,same_universe_reconstructed
2602091027510682,2026-02-09 01:27:51.000 UTC,2026-02-09,64132,1000000064,2색 이티,1,22000,1,true,same_universe_reconstructed
2602091035240766,2026-02-09 01:35:24.000 UTC,2026-02-09,64217,1000000064,2색 이티,1,43000,1,true,same_universe_reconstructed
2602091036528417,2026-02-09 01:36:52.000 UTC,2026-02-09,64082,1000000063,쑥이티,1,90000,1,true,same_universe_reconstructed
2602091039443019,2026-02-09 01:39:44.000 UTC,2026-02-09,64219,1000000063,쑥이티,1,23500,1,true,same_universe_reconstructed
2602091039443019,2026-02-09 01:39:44.000 UTC,2026-02-09,64219,1000000064,2색 이티,1,22000,1,true,same_universe_reconstructed
2602091039443019,2026-02-09 01:39:44.000 UTC,2026-02-09,64219,1000000127,흑임자이티,1,23500,1,true,same_universe_reconstructed
2602091047446514,2026-02-09 01:47:44.000 UTC,2026-02-09,64217,1000000064,2색 이티,2,173000,1,true,same_universe_reconstructed
2602091059340028,2026-02-09 01:59:34.000 UTC,2026-02-09,63798,1000000064,2색 이티,1,86500,1,true,same_universe_reconstructed
2602091110151751,2026-02-09 02:10:15.000 UTC,2026-02-09,64226,1000000064,2색 이티,1,85000,1,true,same_universe_reconstructed
2602091111457482,2026-02-09 02:11:45.000 UTC,2026-02-09,37056,1000000064,2색 이티,1,44500,1,true,same_universe_reconstructed
2602091111457482,2026-02-09 02:11:45.000 UTC,2026-02-09,37056,1000000127,흑임자이티,1,23500,1,true,same_universe_reconstructed
2602091132460048,2026-02-09 02:32:46.000 UTC,2026-02-09,63726,1000000035,떡국떡 500g,1,6000,1,true,same_universe_reconstructed
2602091138199789,2026-02-09 02:38:20.000 UTC,2026-02-09,63939,1000000043,모듬영양찰떡,1,87500,1,true,same_universe_reconstructed
2602091138199789,2026-02-09 02:38:20.000 UTC,2026-02-09,63939,1000000064,2색 이티,1,85000,1,true,same_universe_reconstructed
2602091152405644,2026-02-09 02:52:40.000 UTC,2026-02-09,64204,1000000111,매화 3송이 3호,30,210000,1,true,same_universe_reconstructed
2602091153506836,2026-02-09 02:53:50.000 UTC,2026-02-09,30999,1000000143,"경기참기름, 경기들기름",2,75000,2,true,same_universe_reconstructed
2602091158177127,2026-02-09 02:58:17.000 UTC,2026-02-09,30900,1000000064,2색 이티,1,22000,1,true,same_universe_reconstructed
2602091228482588,2026-02-09 03:28:48.000 UTC,2026-02-09,64172,1000000064,2색 이티,1,44500,1,true,same_universe_reconstructed
2602091233311229,2026-02-09 03:33:31.000 UTC,2026-02-09,64250,1000000062,흰이티,1,42500,1,true,same_universe_reconstructed
2602091234352880,2026-02-09 03:34:35.000 UTC,2026-02-09,64250,1000000062,흰이티,1,42500,1,true,same_universe_reconstructed
2602091242191022,2026-02-09 03:42:19.000 UTC,2026-02-09,47486,1000000035,떡국떡 500g,4,24000,1,true,same_universe_reconstructed
2602091254551906,2026-02-09 03:54:55.000 UTC,2026-02-09,64250,1000000062,흰이티,2,85000,1,true,same_universe_reconstructed
2602091313320699,2026-02-09 04:13:32.000 UTC,2026-02-09,53116,1000000156,기원상,1,29000,1,true,same_universe_reconstructed
2602091315105521,2026-02-09 04:15:10.000 UTC,2026-02-09,53116,1000000156,기원상,1,29000,1,true,same_universe_reconstructed
2602091315119802,2026-02-09 04:15:12.000 UTC,2026-02-09,53116,1000000156,기원상,1,29000,1,true,same_universe_reconstructed
2602091315320313,2026-02-09 04:15:32.000 UTC,2026-02-09,64260,1000000064,2색 이티,3,129000,1,true,same_universe_reconstructed
2602091317004785,2026-02-09 04:17:00.000 UTC,2026-02-09,53116,1000000156,기원상,1,29000,1,true,same_universe_reconstructed
2602091330512419,2026-02-09 04:30:51.000 UTC,2026-02-09,64262,1000000064,2색 이티,1,22000,1,true,same_universe_reconstructed
2602091339304662,2026-02-09 04:39:30.000 UTC,2026-02-09,0,1000000064,2색 이티,1,86500,1,true,same_universe_reconstructed
2602091351238246,2026-02-09 04:51:23.000 UTC,2026-02-09,60055,1000000045,완두시루떡,1,20000,1,true,same_universe_reconstructed
2602091352558007,2026-02-09 04:52:55.000 UTC,2026-02-09,64268,1000000093,매화 2송이 1호,14,65800,1,true,same_universe_reconstructed
2602091358112708,2026-02-09 04:58:11.000 UTC,2026-02-09,64259,1000000064,2색 이티,1,43000,1,true,same_universe_reconstructed
2602091420526830,2026-02-09 05:20:52.000 UTC,2026-02-09,0,1000000064,2색 이티,2,173000,1,true,same_universe_reconstructed
2602091426338473,2026-02-09 05:26:33.000 UTC,2026-02-09,64279,1000000064,2색 이티,2,173000,1,true,same_universe_reconstructed
2602091431572974,2026-02-09 05:31:57.000 UTC,2026-02-09,64278,1000000153,유밀상,1,28600,1,true,same_universe_reconstructed
2602091431572974,2026-02-09 05:31:57.000 UTC,2026-02-09,64278,1000000156,기원상,1,24000,1,true,same_universe_reconstructed
2602091431575785,2026-02-09 05:31:57.000 UTC,2026-02-09,64094,1000000064,2색 이티,2,128000,2,true,same_universe_reconstructed
2602091432387916,2026-02-09 05:32:38.000 UTC,2026-02-09,64281,1000000064,2색 이티,1,43000,1,true,same_universe_reconstructed
2602091440460788,2026-02-09 05:40:46.000 UTC,2026-02-09,64132,1000000064,2색 이티,1,22000,1,true,same_universe_reconstructed
2602091458599031,2026-02-09 05:58:59.000 UTC,2026-02-09,64052,1000000064,2색 이티,1,44500,1,true,same_universe_reconstructed
2602091500218692,2026-02-09 06:00:21.000 UTC,2026-02-09,64052,1000000064,2색 이티,1,44500,1,true,same_universe_reconstructed
2602091500286213,2026-02-09 06:00:28.000 UTC,2026-02-09,63637,1000000064,2색 이티,5,299000,2,true,same_universe_reconstructed
2602091500286213,2026-02-09 06:00:28.000 UTC,2026-02-09,63637,1000000127,흑임자이티,1,90000,1,true,same_universe_reconstructed
2602091505160614,2026-02-09 06:05:16.000 UTC,2026-02-09,63216,1000000108,매화 2송이 2호,40,184000,1,true,same_universe_reconstructed
2602091515371705,2026-02-09 06:15:37.000 UTC,2026-02-09,64213,1000000093,매화 2송이 1호,66,310200,1,true,same_universe_reconstructed
2602091519254367,2026-02-09 06:19:25.000 UTC,2026-02-09,64288,1000000094,매화 3송이 1호,30,195000,1,true,same_universe_reconstructed
2602091521577788,2026-02-09 06:21:57.000 UTC,2026-02-09,64288,1000000094,매화 3송이 1호,30,195000,1,true,same_universe_reconstructed
2602091522309009,2026-02-09 06:22:30.000 UTC,2026-02-09,64189,1000000064,2색 이티,2,87500,2,true,same_universe_reconstructed
2602091522501910,2026-02-09 06:22:50.000 UTC,2026-02-09,64288,1000000094,매화 3송이 1호,30,195000,1,true,same_universe_reconstructed
2602091523528921,2026-02-09 06:23:52.000 UTC,2026-02-09,64288,1000000094,매화 3송이 1호,30,195000,1,true,same_universe_reconstructed
2602091533447353,2026-02-09 06:33:44.000 UTC,2026-02-09,64291,1000000064,2색 이티,2,65000,2,true,same_universe_reconstructed
2602091538161594,2026-02-09 06:38:16.000 UTC,2026-02-09,33429,1000000063,쑥이티,1,46000,1,true,same_universe_reconstructed
2602091538161594,2026-02-09 06:38:16.000 UTC,2026-02-09,33429,1000000064,2색 이티,5,110000,1,true,same_universe_reconstructed
2602091542346076,2026-02-09 06:42:34.000 UTC,2026-02-09,64274,1000000044,고구마찰떡,1,22500,1,true,same_universe_reconstructed
2602091542346076,2026-02-09 06:42:34.000 UTC,2026-02-09,64274,1000000064,2색 이티,1,22000,1,true,same_universe_reconstructed
2602091542346076,2026-02-09 06:42:34.000 UTC,2026-02-09,64274,1000000128,흑임자인절미,1,22500,1,true,same_universe_reconstructed
2602091542408247,2026-02-09 06:42:40.000 UTC,2026-02-09,64274,1000000044,고구마찰떡,1,22500,1,true,same_universe_reconstructed
2602091542408247,2026-02-09 06:42:40.000 UTC,2026-02-09,64274,1000000064,2색 이티,1,22000,1,true,same_universe_reconstructed
2602091542408247,2026-02-09 06:42:40.000 UTC,2026-02-09,64274,1000000128,흑임자인절미,1,22500,1,true,same_universe_reconstructed
2602091559077611,2026-02-09 06:59:07.000 UTC,2026-02-09,63804,1000000064,2색 이티,2,65000,2,true,same_universe_reconstructed
2602091605461193,2026-02-09 07:05:46.000 UTC,2026-02-09,64197,1000000043,모듬영양찰떡,1,45000,1,true,same_universe_reconstructed
2602091605461193,2026-02-09 07:05:46.000 UTC,2026-02-09,64197,1000000044,고구마찰떡,1,22500,1,true,same_universe_reconstructed
2602091605461193,2026-02-09 07:05:46.000 UTC,2026-02-09,64197,1000000064,2색 이티,1,22000,1,true,same_universe_reconstructed
2602091605461193,2026-02-09 07:05:46.000 UTC,2026-02-09,64197,1000000144,경기 미숫가루 쫀드기,1,9000,1,true,same_universe_reconstructed
2602091619135005,2026-02-09 07:19:13.000 UTC,2026-02-09,64298,1000000044,고구마찰떡,1,87500,1,true,same_universe_reconstructed
2602091619135005,2026-02-09 07:19:13.000 UTC,2026-02-09,64298,1000000064,2색 이티,1,85000,1,true,same_universe_reconstructed
2602091619135005,2026-02-09 07:19:13.000 UTC,2026-02-09,64298,1000000128,흑임자인절미,1,45000,1,true,same_universe_reconstructed
2602091621260086,2026-02-09 07:21:26.000 UTC,2026-02-09,62181,1000000156,기원상,3,87000,1,true,same_universe_reconstructed
2602091628179277,2026-02-09 07:28:18.000 UTC,2026-02-09,64073,1000000093,매화 2송이 1호,20,96000,1,true,same_universe_reconstructed
2602091646197585,2026-02-09 07:46:19.000 UTC,2026-02-09,63559,1000000043,모듬영양찰떡,1,22500,1,true,same_universe_reconstructed
2602091646264416,2026-02-09 07:46:26.000 UTC,2026-02-09,63559,1000000043,모듬영양찰떡,1,22500,1,true,same_universe_reconstructed
2602091653597479,2026-02-09 07:53:59.000 UTC,2026-02-09,64309,1000000111,매화 3송이 3호,30,213000,1,true,same_universe_reconstructed
2602091653597479,2026-02-09 07:53:59.000 UTC,2026-02-09,64309,1000000112,매화 5송이 2호,10,116000,1,true,same_universe_reconstructed
2602091700010232,2026-02-09 08:00:01.000 UTC,2026-02-09,64310,1000000035,떡국떡 500g,4,24000,1,true,same_universe_reconstructed
2602091706254035,2026-02-09 08:06:25.000 UTC,2026-02-09,2113,1000000035,떡국떡 500g,2,12000,1,true,same_universe_reconstructed
2602091706254035,2026-02-09 08:06:25.000 UTC,2026-02-09,2113,1000000042,약식,3,67500,1,true,same_universe_reconstructed
2602091706254035,2026-02-09 08:06:25.000 UTC,2026-02-09,2113,1000000045,완두시루떡,5,271000,2,true,same_universe_reconstructed
2602091706254035,2026-02-09 08:06:25.000 UTC,2026-02-09,2113,1000000121,깨송편 1kg,3,58500,1,true,same_universe_reconstructed
2602091720503556,2026-02-09 08:20:50.000 UTC,2026-02-09,64314,1000000064,2색 이티,2,66500,2,true,same_universe_reconstructed
2602091722029767,2026-02-09 08:22:03.000 UTC,2026-02-09,61111,1000000033,가래떡(40개) 4kg,1,45000,1,true,same_universe_reconstructed
2602091724373488,2026-02-09 08:24:37.000 UTC,2026-02-09,63746,1000000093,매화 2송이 1호,30,144000,1,true,same_universe_reconstructed
2602091725250739,2026-02-09 08:25:25.000 UTC,2026-02-09,2113,1000000035,떡국떡 500g,2,12000,1,true,same_universe_reconstructed
2602091725250739,2026-02-09 08:25:25.000 UTC,2026-02-09,2113,1000000042,약식,3,67500,1,true,same_universe_reconstructed
2602091725250739,2026-02-09 08:25:25.000 UTC,2026-02-09,2113,1000000043,모듬영양찰떡,3,67500,1,true,same_universe_reconstructed
2602091725250739,2026-02-09 08:25:25.000 UTC,2026-02-09,2113,1000000045,완두시루떡,5,271000,2,true,same_universe_reconstructed
2602091725250739,2026-02-09 08:25:25.000 UTC,2026-02-09,2113,1000000121,깨송편 1kg,2,39000,1,true,same_universe_reconstructed
2602091740468891,2026-02-09 08:40:46.000 UTC,2026-02-09,59514,1000000064,2색 이티,1,43000,1,true,same_universe_reconstructed
2602091744232512,2026-02-09 08:44:23.000 UTC,2026-02-09,18031,1000000064,2색 이티,1,22000,1,true,same_universe_reconstructed
2602091834335785,2026-02-09 09:34:33.000 UTC,2026-02-09,57277,1000000042,약식,3,67500,1,true,same_universe_reconstructed
2602091834335785,2026-02-09 09:34:33.000 UTC,2026-02-09,57277,1000000045,완두시루떡,3,60000,1,true,same_universe_reconstructed
2602091840456276,2026-02-09 09:40:45.000 UTC,2026-02-09,59035,1000000045,완두시루떡,2,81500,2,true,same_universe_reconstructed
2602091840456276,2026-02-09 09:40:45.000 UTC,2026-02-09,59035,1000000069,설기세트,1,38920,1,true,same_universe_reconstructed
2602091946311112,2026-02-09 10:46:31.000 UTC,2026-02-09,0,1000000062,흰이티,1,42500,1,true,same_universe_reconstructed
2602091955319933,2026-02-09 10:55:32.000 UTC,2026-02-09,64200,1000000064,2색 이티,1,22000,1,true,same_universe_reconstructed
2602091955319933,2026-02-09 10:55:32.000 UTC,2026-02-09,64200,1000000111,매화 3송이 3호,10,70000,1,true,same_universe_reconstructed
2602091955319933,2026-02-09 10:55:32.000 UTC,2026-02-09,64200,1000000127,흑임자이티,1,23500,1,true,same_universe_reconstructed
2602091957111684,2026-02-09 10:57:11.000 UTC,2026-02-09,64200,1000000064,2색 이티,1,22000,1,true,same_universe_reconstructed
2602091957111684,2026-02-09 10:57:11.000 UTC,2026-02-09,64200,1000000111,매화 3송이 3호,10,70000,1,true,same_universe_reconstructed
2602091958070435,2026-02-09 10:58:07.000 UTC,2026-02-09,64200,1000000064,2색 이티,1,22000,1,true,same_universe_reconstructed
2602091958070435,2026-02-09 10:58:07.000 UTC,2026-02-09,64200,1000000111,매화 3송이 3호,10,70000,1,true,same_universe_reconstructed
2602091959109086,2026-02-09 10:59:10.000 UTC,2026-02-09,64200,1000000064,2색 이티,1,22000,1,true,same_universe_reconstructed
2602091959109086,2026-02-09 10:59:10.000 UTC,2026-02-09,64200,1000000111,매화 3송이 3호,10,70000,1,true,same_universe_reconstructed
2602092012024639,2026-02-09 11:12:02.000 UTC,2026-02-09,64085,1000000063,쑥이티,2,93500,2,true,same_universe_reconstructed
2602092016370211,2026-02-09 11:16:37.000 UTC,2026-02-09,11685,1000000064,2색 이티,1,85000,1,true,same_universe_reconstructed
2602092045458366,2026-02-09 11:45:45.000 UTC,2026-02-09,60739,1000000112,매화 5송이 2호,202,2343200,1,true,same_universe_reconstructed
2602092053138409,2026-02-09 11:53:13.000 UTC,2026-02-09,60739,1000000112,매화 5송이 2호,119,1380400,1,true,same_universe_reconstructed
2602092053141150,2026-02-09 11:53:14.000 UTC,2026-02-09,64332,1000000093,매화 2송이 1호,60,288000,1,true,same_universe_reconstructed
2602092105021324,2026-02-09 12:05:02.000 UTC,2026-02-09,60739,1000000112,매화 5송이 2호,132,1531200,1,true,same_universe_reconstructed
2602092110127645,2026-02-09 12:10:12.000 UTC,2026-02-09,60739,1000000112,매화 5송이 2호,36,417600,1,true,same_universe_reconstructed
2602092115262577,2026-02-09 12:15:26.000 UTC,2026-02-09,62021,1000000062,흰이티,1,42500,1,true,same_universe_reconstructed
2602092115262577,2026-02-09 12:15:26.000 UTC,2026-02-09,62021,1000000063,쑥이티,1,47500,1,true,same_universe_reconstructed
2602092115262577,2026-02-09 12:15:26.000 UTC,2026-02-09,62021,1000000064,2색 이티,1,44500,1,true,same_universe_reconstructed
2602092115262577,2026-02-09 12:15:26.000 UTC,2026-02-09,62021,1000000127,흑임자이티,1,47500,1,true,same_universe_reconstructed
2602092115402338,2026-02-09 12:15:40.000 UTC,2026-02-09,49511,1000000064,2색 이티,1,85000,1,true,same_universe_reconstructed
2602092119592320,2026-02-09 12:19:59.000 UTC,2026-02-09,49511,1000000064,2색 이티,5,215000,1,true,same_universe_reconstructed
2602092122141361,2026-02-09 12:22:14.000 UTC,2026-02-09,49511,1000000064,2색 이티,1,43000,1,true,same_universe_reconstructed
2602092136002183,2026-02-09 12:36:00.000 UTC,2026-02-09,64358,1000000064,2색 이티,1,44500,1,true,same_universe_reconstructed
2602092136002183,2026-02-09 12:36:00.000 UTC,2026-02-09,64358,1000000127,흑임자이티,1,23500,1,true,same_universe_reconstructed
2602092209546225,2026-02-09 13:09:54.000 UTC,2026-02-09,64366,1000000108,매화 2송이 2호,45,202500,1,true,same_universe_reconstructed
2602092215150466,2026-02-09 13:15:15.000 UTC,2026-02-09,63468,1000000064,2색 이티,2,173000,1,true,same_universe_reconstructed
2602092221503637,2026-02-09 13:21:50.000 UTC,2026-02-09,64364,1000000043,모듬영양찰떡,1,87500,1,true,same_universe_reconstructed
2602092225580729,2026-02-09 13:25:58.000 UTC,2026-02-09,64364,1000000043,모듬영양찰떡,1,87500,1,true,same_universe_reconstructed
2602092319273776,2026-02-09 14:19:27.000 UTC,2026-02-09,64378,1000000064,2색 이티,2,129500,2,true,same_universe_reconstructed
2602092319288717,2026-02-09 14:19:28.000 UTC,2026-02-09,64378,1000000064,2색 이티,2,129500,2,true,same_universe_reconstructed
2602092339004849,2026-02-09 14:39:00.000 UTC,2026-02-09,64384,1000000153,유밀상,5,138000,1,true,same_universe_reconstructed
2602092346346570,2026-02-09 14:46:34.000 UTC,2026-02-09,64382,1000000121,깨송편 1kg,1,19500,1,true,same_universe_reconstructed
2602092346346570,2026-02-09 14:46:34.000 UTC,2026-02-09,64382,1000000144,경기 미숫가루 쫀드기,1,9000,1,true,same_universe_reconstructed
2602100141062712,2026-02-09 16:41:06.000 UTC,2026-02-09,64393,1000000064,2색 이티,1,86500,1,true,same_universe_reconstructed
2602100738369897,2026-02-09 22:38:37.000 UTC,2026-02-09,53116,1000000156,기원상,1,29000,1,true,same_universe_reconstructed
2602100739351088,2026-02-09 22:39:35.000 UTC,2026-02-09,53116,1000000156,기원상,1,29000,1,true,same_universe_reconstructed
2602100813115609,2026-02-09 23:13:11.000 UTC,2026-02-09,64164,1000000069,설기세트,1,18920,1,true,same_universe_reconstructed
2602100843318332,2026-02-09 23:43:31.000 UTC,2026-02-09,64400,1000000035,떡국떡 500g,5,30000,1,true,same_universe_reconstructed
2602100915082564,2026-02-10 00:15:08.000 UTC,2026-02-10,0,1000000064,2색 이티,1,85000,1,true,same_universe_reconstructed
2602100930322748,2026-02-10 00:30:32.000 UTC,2026-02-10,64247,1000000064,2색 이티,1,43000,1,true,same_universe_reconstructed
2602100936466299,2026-02-10 00:36:46.000 UTC,2026-02-10,0,1000000042,약식,1,45000,1,true,same_universe_reconstructed
2602100954123780,2026-02-10 00:54:12.000 UTC,2026-02-10,62148,1000000156,기원상,1,29000,1,true,same_universe_reconstructed
2602100959021191,2026-02-10 00:59:02.000 UTC,2026-02-10,64415,1000000064,2색 이티,1,86500,1,true,same_universe_reconstructed
2602101028461662,2026-02-10 01:28:46.000 UTC,2026-02-10,60739,1000000112,매화 5송이 2호,42,487200,1,true,same_universe_reconstructed
2602101031096573,2026-02-10 01:31:09.000 UTC,2026-02-10,60739,1000000112,매화 5송이 2호,42,487200,1,true,same_universe_reconstructed
2602101113325806,2026-02-10 02:13:32.000 UTC,2026-02-10,64419,1000000035,떡국떡 500g,1,6000,1,true,same_universe_reconstructed
2602101113325806,2026-02-10 02:13:32.000 UTC,2026-02-10,64419,1000000064,2색 이티,2,86000,1,true,same_universe_reconstructed
2602101114203887,2026-02-10 02:14:20.000 UTC,2026-02-10,64433,1000000064,2색 이티,1,86500,1,true,same_universe_reconstructed
2602101145219002,2026-02-10 02:45:21.000 UTC,2026-02-10,59900,1000000154,화연상,1,27800,1,true,same_universe_reconstructed
2602101145219002,2026-02-10 02:45:21.000 UTC,2026-02-10,59900,1000000156,기원상,1,29000,1,true,same_universe_reconstructed
2602101153422373,2026-02-10 02:53:42.000 UTC,2026-02-10,49511,1000000064,2색 이티,1,85000,1,true,same_universe_reconstructed
2602101205212214,2026-02-10 03:05:21.000 UTC,2026-02-10,0,1000000064,2색 이티,2,86000,1,true,same_universe_reconstructed
2602101209202845,2026-02-10 03:09:20.000 UTC,2026-02-10,63682,1000000064,2색 이티,1,22000,1,true,same_universe_reconstructed
2602101251428098,2026-02-10 03:51:42.000 UTC,2026-02-10,64290,1000000064,2색 이티,1,43000,1,true,same_universe_reconstructed
2602101251428098,2026-02-10 03:51:42.000 UTC,2026-02-10,64290,1000000065,흰인절미,1,40000,1,true,same_universe_reconstructed
2602101251428098,2026-02-10 03:51:42.000 UTC,2026-02-10,64290,1000000066,쑥인절미,1,45000,1,true,same_universe_reconstructed
2602101251442049,2026-02-10 03:51:44.000 UTC,2026-02-10,64290,1000000064,2색 이티,1,43000,1,true,same_universe_reconstructed
2602101251442049,2026-02-10 03:51:44.000 UTC,2026-02-10,64290,1000000065,흰인절미,1,40000,1,true,same_universe_reconstructed
2602101251442049,2026-02-10 03:51:44.000 UTC,2026-02-10,64290,1000000066,쑥인절미,1,45000,1,true,same_universe_reconstructed
2602101312401930,2026-02-10 04:12:40.000 UTC,2026-02-10,56442,1000000156,기원상,10,290000,1,true,same_universe_reconstructed
2602101314341102,2026-02-10 04:14:34.000 UTC,2026-02-10,64201,1000000064,2색 이티,3,66000,1,true,same_universe_reconstructed
2602101320528883,2026-02-10 04:20:52.000 UTC,2026-02-10,64433,1000000064,2색 이티,1,85000,1,true,same_universe_reconstructed
2602101344498394,2026-02-10 04:44:49.000 UTC,2026-02-10,62148,1000000153,유밀상,1,23600,1,true,same_universe_reconstructed
2602101344498394,2026-02-10 04:44:49.000 UTC,2026-02-10,62148,1000000156,기원상,1,29000,1,true,same_universe_reconstructed
2602101352122526,2026-02-10 04:52:12.000 UTC,2026-02-10,39463,1000000063,쑥이티,1,47500,1,true,same_universe_reconstructed
2602101403215268,2026-02-10 05:03:21.000 UTC,2026-02-10,64460,1000000113,매화 5송이 3호,10,115000,1,true,same_universe_reconstructed
2602101403310889,2026-02-10 05:03:31.000 UTC,2026-02-10,64460,1000000113,매화 5송이 3호,10,115000,1,true,same_universe_reconstructed
2602101504575964,2026-02-10 06:04:57.000 UTC,2026-02-10,64400,1000000035,떡국떡 500g,5,30000,1,true,same_universe_reconstructed
2602101558271688,2026-02-10 06:58:27.000 UTC,2026-02-10,64104,1000000064,2색 이티,2,89000,1,true,same_universe_reconstructed
2602101748108608,2026-02-10 08:48:11.000 UTC,2026-02-10,22907,1000000043,모듬영양찰떡,1,22500,1,true,same_universe_reconstructed
2602101748108608,2026-02-10 08:48:11.000 UTC,2026-02-10,22907,1000000044,고구마찰떡,1,22500,1,true,same_universe_reconstructed
2602101748108608,2026-02-10 08:48:11.000 UTC,2026-02-10,22907,1000000045,완두시루떡,1,20000,1,true,same_universe_reconstructed
2602101748108608,2026-02-10 08:48:11.000 UTC,2026-02-10,22907,1000000064,2색 이티,1,43000,1,true,same_universe_reconstructed
2602101748108608,2026-02-10 08:48:11.000 UTC,2026-02-10,22907,1000000065,흰인절미,1,20000,1,true,same_universe_reconstructed
2602101748108608,2026-02-10 08:48:11.000 UTC,2026-02-10,22907,1000000066,쑥인절미,1,22500,1,true,same_universe_reconstructed
2602101852135211,2026-02-10 09:52:13.000 UTC,2026-02-10,64508,1000000064,2색 이티,2,89000,1,true,same_universe_reconstructed
2602101852135211,2026-02-10 09:52:13.000 UTC,2026-02-10,64508,1000000127,흑임자이티,1,47500,1,true,same_universe_reconstructed
2602101929174284,2026-02-10 10:29:17.000 UTC,2026-02-10,64101,1000000064,2색 이티,1,22000,1,true,same_universe_reconstructed
2602101946549656,2026-02-10 10:46:55.000 UTC,2026-02-10,64538,1000000064,2색 이티,4,172000,1,true,same_universe_reconstructed
2602102017039677,2026-02-10 11:17:04.000 UTC,2026-02-10,61688,1000000045,완두시루떡,1,40000,1,true,same_universe_reconstructed
2602102029164189,2026-02-10 11:29:16.000 UTC,2026-02-10,0,1000000064,2색 이티,1,85000,1,true,same_universe_reconstructed
2602102029164189,2026-02-10 11:29:16.000 UTC,2026-02-10,0,1000000127,흑임자이티,1,46000,1,true,same_universe_reconstructed
2602102035390160,2026-02-10 11:35:39.000 UTC,2026-02-10,0,1000000064,2색 이티,1,85000,1,true,same_universe_reconstructed
2602102035390160,2026-02-10 11:35:39.000 UTC,2026-02-10,0,1000000127,흑임자이티,1,46000,1,true,same_universe_reconstructed
2602110102429513,2026-02-10 16:02:43.000 UTC,2026-02-10,64586,1000000154,화연상,1,27800,1,true,same_universe_reconstructed
2602110923219422,2026-02-11 00:23:22.000 UTC,2026-02-11,64219,1000000064,2색 이티,1,44500,1,true,same_universe_reconstructed
2602110923219422,2026-02-11 00:23:22.000 UTC,2026-02-11,64219,1000000127,흑임자이티,1,23500,1,true,same_universe_reconstructed
2602110924420053,2026-02-11 00:24:42.000 UTC,2026-02-11,63929,1000000064,2색 이티,1,22000,1,true,same_universe_reconstructed
2602110957547529,2026-02-11 00:57:54.000 UTC,2026-02-11,64616,1000000064,2색 이티,2,44000,1,true,same_universe_reconstructed
2602111004133330,2026-02-11 01:04:13.000 UTC,2026-02-11,0,1000000121,깨송편 1kg,3,59000,2,true,same_universe_reconstructed
2602111114559592,2026-02-11 02:14:56.000 UTC,2026-02-11,64625,1000000064,2색 이티,4,178000,1,true,same_universe_reconstructed
2602111244151290,2026-02-11 03:44:15.000 UTC,2026-02-11,0,1000000064,2색 이티,1,85000,1,true,same_universe_reconstructed
2602111257038533,2026-02-11 03:57:03.000 UTC,2026-02-11,0,1000000045,완두시루떡,1,40000,1,true,same_universe_reconstructed
2602111300049446,2026-02-11 04:00:05.000 UTC,2026-02-11,54989,1000000062,흰이티,1,21000,1,true,same_universe_reconstructed
2602111300049446,2026-02-11 04:00:05.000 UTC,2026-02-11,54989,1000000127,흑임자이티,1,23500,1,true,same_universe_reconstructed
2602111308497337,2026-02-11 04:08:49.000 UTC,2026-02-11,64526,1000000064,2색 이티,1,85000,1,true,same_universe_reconstructed
2602111319338059,2026-02-11 04:19:33.000 UTC,2026-02-11,0,1000000045,완두시루떡,1,40000,1,true,same_universe_reconstructed
2602111337240912,2026-02-11 04:37:24.000 UTC,2026-02-11,40006,1000000064,2색 이티,1,43000,1,true,same_universe_reconstructed
2602111337240912,2026-02-11 04:37:24.000 UTC,2026-02-11,40006,1000000069,설기세트,1,18920,1,true,same_universe_reconstructed
2602111337240912,2026-02-11 04:37:24.000 UTC,2026-02-11,40006,1000000121,깨송편 1kg,2,39000,1,true,same_universe_reconstructed
2602111353365863,2026-02-11 04:53:36.000 UTC,2026-02-11,64660,1000000064,2색 이티,1,44500,1,true,same_universe_reconstructed
2602111355281104,2026-02-11 04:55:28.000 UTC,2026-02-11,64656,1000000156,기원상,1,29000,1,true,same_universe_reconstructed
2602111355291535,2026-02-11 04:55:29.000 UTC,2026-02-11,64656,1000000156,기원상,1,29000,1,true,same_universe_reconstructed
2602111355299316,2026-02-11 04:55:29.000 UTC,2026-02-11,64656,1000000156,기원상,1,29000,1,true,same_universe_reconstructed
2602111355309457,2026-02-11 04:55:30.000 UTC,2026-02-11,64656,1000000156,기원상,1,29000,1,true,same_universe_reconstructed
2602111355322298,2026-02-11 04:55:32.000 UTC,2026-02-11,64656,1000000156,기원상,1,29000,1,true,same_universe_reconstructed
2602111401266669,2026-02-11 05:01:26.000 UTC,2026-02-11,64656,1000000156,기원상,1,29000,1,true,same_universe_reconstructed
2602111406015511,2026-02-11 05:06:01.000 UTC,2026-02-11,0,1000000064,2색 이티,1,43000,1,true,same_universe_reconstructed
2602111411277952,2026-02-11 05:11:27.000 UTC,2026-02-11,64656,1000000156,기원상,1,29000,1,true,same_universe_reconstructed
2602111415499033,2026-02-11 05:15:49.000 UTC,2026-02-11,64664,1000000093,매화 2송이 1호,80,376000,1,true,same_universe_reconstructed
2602111415507844,2026-02-11 05:15:50.000 UTC,2026-02-11,0,1000000064,2색 이티,1,43000,1,true,same_universe_reconstructed
2602111417446845,2026-02-11 05:17:44.000 UTC,2026-02-11,64560,1000000044,고구마찰떡,1,22500,1,true,same_universe_reconstructed
2602111417446845,2026-02-11 05:17:44.000 UTC,2026-02-11,64560,1000000064,2색 이티,1,22000,1,true,same_universe_reconstructed
2602111419092696,2026-02-11 05:19:09.000 UTC,2026-02-11,0,1000000064,2색 이티,1,43000,1,true,same_universe_reconstructed
2602111422255528,2026-02-11 05:22:25.000 UTC,2026-02-11,64656,1000000156,기원상,1,29000,1,true,same_universe_reconstructed
2602111422579229,2026-02-11 05:22:57.000 UTC,2026-02-11,0,1000000064,2색 이티,1,43000,1,true,same_universe_reconstructed
2602111435551431,2026-02-11 05:35:55.000 UTC,2026-02-11,63793,1000000112,매화 5송이 2호,10,116000,1,true,same_universe_reconstructed
2602111445287733,2026-02-11 05:45:28.000 UTC,2026-02-11,35152,1000000093,매화 2송이 1호,30,144000,1,true,same_universe_reconstructed
2602111447565014,2026-02-11 05:47:56.000 UTC,2026-02-11,35152,1000000093,매화 2송이 1호,30,144000,1,true,same_universe_reconstructed
2602111448122426,2026-02-11 05:48:12.000 UTC,2026-02-11,35152,1000000093,매화 2송이 1호,30,144000,1,true,same_universe_reconstructed
2602111448420387,2026-02-11 05:48:42.000 UTC,2026-02-11,35152,1000000093,매화 2송이 1호,30,144000,1,true,same_universe_reconstructed
2602111514149518,2026-02-11 06:14:15.000 UTC,2026-02-11,64678,1000000064,2색 이티,2,128000,2,true,same_universe_reconstructed
2602111626108891,2026-02-11 07:26:10.000 UTC,2026-02-11,64682,1000000062,흰이티,5,125000,2,true,same_universe_reconstructed
2602111652244903,2026-02-11 07:52:24.000 UTC,2026-02-11,59034,1000000045,완두시루떡,1,40000,1,true,same_universe_reconstructed
2602111652244903,2026-02-11 07:52:24.000 UTC,2026-02-11,59034,1000000062,흰이티,1,41000,1,true,same_universe_reconstructed
2602111652244903,2026-02-11 07:52:24.000 UTC,2026-02-11,59034,1000000063,쑥이티,1,46000,1,true,same_universe_reconstructed
2602111652244903,2026-02-11 07:52:24.000 UTC,2026-02-11,59034,1000000127,흑임자이티,1,46000,1,true,same_universe_reconstructed
2602111655008804,2026-02-11 07:55:00.000 UTC,2026-02-11,59034,1000000045,완두시루떡,1,40000,1,true,same_universe_reconstructed
2602111655008804,2026-02-11 07:55:00.000 UTC,2026-02-11,59034,1000000062,흰이티,1,41000,1,true,same_universe_reconstructed
2602111655008804,2026-02-11 07:55:00.000 UTC,2026-02-11,59034,1000000063,쑥이티,1,46000,1,true,same_universe_reconstructed
2602111655008804,2026-02-11 07:55:00.000 UTC,2026-02-11,59034,1000000127,흑임자이티,1,46000,1,true,same_universe_reconstructed
2602111710541835,2026-02-11 08:10:54.000 UTC,2026-02-11,57104,1000000042,약식,1,87500,1,true,same_universe_reconstructed
2602111742450107,2026-02-11 08:42:45.000 UTC,2026-02-11,64695,1000000045,완두시루떡,2,40000,1,true,same_universe_reconstructed
2602111742450107,2026-02-11 08:42:45.000 UTC,2026-02-11,64695,1000000062,흰이티,1,21000,1,true,same_universe_reconstructed
2602111742450107,2026-02-11 08:42:45.000 UTC,2026-02-11,64695,1000000063,쑥이티,1,46000,1,true,same_universe_reconstructed
2602111742450107,2026-02-11 08:42:45.000 UTC,2026-02-11,64695,1000000064,2색 이티,2,128000,2,true,same_universe_reconstructed
2602111800032013,2026-02-11 09:00:03.000 UTC,2026-02-11,64683,1000000064,2색 이티,2,65000,2,true,same_universe_reconstructed
2602111829012324,2026-02-11 09:29:01.000 UTC,2026-02-11,64712,1000000043,모듬영양찰떡,1,22500,1,true,same_universe_reconstructed
2602111829012324,2026-02-11 09:29:01.000 UTC,2026-02-11,64712,1000000045,완두시루떡,1,20000,1,true,same_universe_reconstructed
2602111829012324,2026-02-11 09:29:01.000 UTC,2026-02-11,64712,1000000064,2색 이티,1,43000,1,true,same_universe_reconstructed
2602111837039426,2026-02-11 09:37:04.000 UTC,2026-02-11,55868,1000000064,2색 이티,1,22000,1,true,same_universe_reconstructed
2602111837039426,2026-02-11 09:37:04.000 UTC,2026-02-11,55868,1000000127,흑임자이티,1,23500,1,true,same_universe_reconstructed
2602111937228892,2026-02-11 10:37:22.000 UTC,2026-02-11,64672,1000000043,모듬영양찰떡,1,22500,1,true,same_universe_reconstructed
2602111955214734,2026-02-11 10:55:21.000 UTC,2026-02-11,0,1000000045,완두시루떡,1,40000,1,true,same_universe_reconstructed
2602112047566816,2026-02-11 11:47:56.000 UTC,2026-02-11,0,1000000064,2색 이티,3,108000,2,true,same_universe_reconstructed
2602112059017767,2026-02-11 11:59:01.000 UTC,2026-02-11,64723,1000000094,매화 3송이 1호,10,65000,1,true,same_universe_reconstructed
2602112059027538,2026-02-11 11:59:02.000 UTC,2026-02-11,64723,1000000094,매화 3송이 1호,10,65000,1,true,same_universe_reconstructed
2602112131382829,2026-02-11 12:31:38.000 UTC,2026-02-11,64725,1000000064,2색 이티,1,86500,1,true,same_universe_reconstructed
2602112153439900,2026-02-11 12:53:44.000 UTC,2026-02-11,64730,1000000093,매화 2송이 1호,50,235000,1,true,same_universe_reconstructed
2602112238240985,2026-02-11 13:38:24.000 UTC,2026-02-11,63743,1000000064,2색 이티,1,22000,1,true,same_universe_reconstructed
2602112238240985,2026-02-11 13:38:24.000 UTC,2026-02-11,63743,1000000066,쑥인절미,1,22500,1,true,same_universe_reconstructed
2602112241076466,2026-02-11 13:41:07.000 UTC,2026-02-11,63743,1000000064,2색 이티,1,22000,1,true,same_universe_reconstructed
2602112241076466,2026-02-11 13:41:07.000 UTC,2026-02-11,63743,1000000066,쑥인절미,1,22500,1,true,same_universe_reconstructed
2602112241091087,2026-02-11 13:41:09.000 UTC,2026-02-11,63743,1000000064,2색 이티,1,22000,1,true,same_universe_reconstructed
2602112241091087,2026-02-11 13:41:09.000 UTC,2026-02-11,63743,1000000066,쑥인절미,1,22500,1,true,same_universe_reconstructed
2602120040407781,2026-02-11 15:40:40.000 UTC,2026-02-11,35829,1000000064,2색 이티,3,66000,1,true,same_universe_reconstructed
2602120850455437,2026-02-11 23:50:45.000 UTC,2026-02-11,64732,1000000064,2색 이티,3,132000,2,true,same_universe_reconstructed
2602120930104518,2026-02-12 00:30:10.000 UTC,2026-02-12,64049,1000000064,2색 이티,1,22000,1,true,same_universe_reconstructed
2602120930104518,2026-02-12 00:30:10.000 UTC,2026-02-12,64049,1000000127,흑임자이티,1,23500,1,true,same_universe_reconstructed
2602120931575439,2026-02-12 00:31:57.000 UTC,2026-02-12,64789,1000000064,2색 이티,1,85000,1,true,same_universe_reconstructed
2602120942511311,2026-02-12 00:42:51.000 UTC,2026-02-12,64425,1000000064,2색 이티,3,129000,1,true,same_universe_reconstructed
2602120943471282,2026-02-12 00:43:47.000 UTC,2026-02-12,64425,1000000064,2색 이티,3,129000,1,true,same_universe_reconstructed
2602121005438855,2026-02-12 01:05:43.000 UTC,2026-02-12,0,1000000063,쑥이티,1,23500,1,true,same_universe_reconstructed
2602121005438855,2026-02-12 01:05:43.000 UTC,2026-02-12,0,1000000127,흑임자이티,1,23500,1,true,same_universe_reconstructed
2602121019258386,2026-02-12 01:19:25.000 UTC,2026-02-12,64425,1000000064,2색 이티,3,129000,1,true,same_universe_reconstructed
2602121058569582,2026-02-12 01:58:57.000 UTC,2026-02-12,64475,1000000045,완두시루떡,1,20000,1,true,same_universe_reconstructed
2602121058569582,2026-02-12 01:58:57.000 UTC,2026-02-12,64475,1000000063,쑥이티,1,23500,1,true,same_universe_reconstructed
2602121102593026,2026-02-12 02:02:59.000 UTC,2026-02-12,0,1000000063,쑥이티,1,23500,1,true,same_universe_reconstructed
2602121102593026,2026-02-12 02:02:59.000 UTC,2026-02-12,0,1000000066,쑥인절미,1,22500,1,true,same_universe_reconstructed
2602121106481437,2026-02-12 02:06:48.000 UTC,2026-02-12,0,1000000063,쑥이티,1,23500,1,true,same_universe_reconstructed
2602121106481437,2026-02-12 02:06:48.000 UTC,2026-02-12,0,1000000066,쑥인절미,1,22500,1,true,same_universe_reconstructed
2602121112228308,2026-02-12 02:12:22.000 UTC,2026-02-12,0,1000000112,매화 5송이 2호,70,805000,1,true,same_universe_reconstructed
2602121117588669,2026-02-12 02:17:58.000 UTC,2026-02-12,63559,1000000108,매화 2송이 2호,13,58500,1,true,same_universe_reconstructed
2602121122057640,2026-02-12 02:22:05.000 UTC,2026-02-12,60739,1000000112,매화 5송이 2호,15,174000,1,true,same_universe_reconstructed
2602121134117782,2026-02-12 02:34:11.000 UTC,2026-02-12,64812,1000000064,2색 이티,1,22000,1,true,same_universe_reconstructed
2602121134117782,2026-02-12 02:34:11.000 UTC,2026-02-12,64812,1000000121,깨송편 1kg,1,19500,1,true,same_universe_reconstructed
2602121159552645,2026-02-12 02:59:55.000 UTC,2026-02-12,64443,1000000064,2색 이티,2,86000,1,true,same_universe_reconstructed
2602121205379696,2026-02-12 03:05:38.000 UTC,2026-02-12,64724,1000000064,2색 이티,5,110000,1,true,same_universe_reconstructed
2602121234256357,2026-02-12 03:34:25.000 UTC,2026-02-12,64822,1000000064,2색 이티,6,132000,1,true,same_universe_reconstructed
2602121301020589,2026-02-12 04:01:02.000 UTC,2026-02-12,54501,1000000064,2색 이티,2,86000,1,true,same_universe_reconstructed
2602121301060210,2026-02-12 04:01:06.000 UTC,2026-02-12,54501,1000000064,2색 이티,2,86000,1,true,same_universe_reconstructed
2602121303345932,2026-02-12 04:03:34.000 UTC,2026-02-12,64556,1000000043,모듬영양찰떡,1,22500,1,true,same_universe_reconstructed
2602121303345932,2026-02-12 04:03:34.000 UTC,2026-02-12,64556,1000000064,2색 이티,1,43000,1,true,same_universe_reconstructed
2602121303345932,2026-02-12 04:03:34.000 UTC,2026-02-12,64556,1000000093,매화 2송이 1호,10,47000,1,true,same_universe_reconstructed
2602121310331594,2026-02-12 04:10:33.000 UTC,2026-02-12,64696,1000000042,약식,1,45000,1,true,same_universe_reconstructed
2602121310331594,2026-02-12 04:10:33.000 UTC,2026-02-12,64696,1000000062,흰이티,1,21000,1,true,same_universe_reconstructed
2602121310331594,2026-02-12 04:10:33.000 UTC,2026-02-12,64696,1000000064,2색 이티,2,86000,1,true,same_universe_reconstructed
2602121325166706,2026-02-12 04:25:16.000 UTC,2026-02-12,64696,1000000042,약식,1,45000,1,true,same_universe_reconstructed
2602121325166706,2026-02-12 04:25:16.000 UTC,2026-02-12,64696,1000000062,흰이티,1,21000,1,true,same_universe_reconstructed
2602121325166706,2026-02-12 04:25:16.000 UTC,2026-02-12,64696,1000000064,2색 이티,2,86000,1,true,same_universe_reconstructed
2602121328279908,2026-02-12 04:28:28.000 UTC,2026-02-12,0,1000000063,쑥이티,1,46000,1,true,same_universe_reconstructed
2602121350528384,2026-02-12 04:50:52.000 UTC,2026-02-12,64846,1000000064,2색 이티,1,44500,1,true,same_universe_reconstructed
2602121353214936,2026-02-12 04:53:21.000 UTC,2026-02-12,64844,1000000064,2색 이티,4,88000,1,true,same_universe_reconstructed
2602121414017060,2026-02-12 05:14:01.000 UTC,2026-02-12,64851,1000000064,2색 이티,2,129500,2,true,same_universe_reconstructed
2602121414017060,2026-02-12 05:14:01.000 UTC,2026-02-12,64851,1000000121,깨송편 1kg,2,39000,1,true,same_universe_reconstructed
2602121432442644,2026-02-12 05:32:44.000 UTC,2026-02-12,64759,1000000064,2색 이티,1,43000,1,true,same_universe_reconstructed
2602121439100345,2026-02-12 05:39:10.000 UTC,2026-02-12,64754,1000000144,경기 미숫가루 쫀드기,7,63000,1,true,same_universe_reconstructed
2602121445598286,2026-02-12 05:45:59.000 UTC,2026-02-12,64275,1000000064,2색 이티,2,44000,1,true,same_universe_reconstructed
2602121445598286,2026-02-12 05:45:59.000 UTC,2026-02-12,64275,1000000127,흑임자이티,1,23500,1,true,same_universe_reconstructed
2602121446323247,2026-02-12 05:46:32.000 UTC,2026-02-12,0,1000000044,고구마찰떡,1,22500,1,true,same_universe_reconstructed
2602121446323247,2026-02-12 05:46:32.000 UTC,2026-02-12,0,1000000045,완두시루떡,1,20000,1,true,same_universe_reconstructed
2602121446323247,2026-02-12 05:46:32.000 UTC,2026-02-12,0,1000000064,2색 이티,1,43000,1,true,same_universe_reconstructed
2602121502103371,2026-02-12 06:02:10.000 UTC,2026-02-12,64612,1000000064,2색 이티,1,22000,1,true,same_universe_reconstructed
2602121512352613,2026-02-12 06:12:35.000 UTC,2026-02-12,64805,1000000064,2색 이티,1,22000,1,true,same_universe_reconstructed
2602121629537257,2026-02-12 07:29:53.000 UTC,2026-02-12,63550,1000000064,2색 이티,2,89000,1,true,same_universe_reconstructed
2602121638366708,2026-02-12 07:38:36.000 UTC,2026-02-12,64874,1000000142,경기 미숫가루,1,15000,1,true,same_universe_reconstructed
2602121638366708,2026-02-12 07:38:36.000 UTC,2026-02-12,64874,1000000144,경기 미숫가루 쫀드기,1,9000,1,true,same_universe_reconstructed
2602121639159719,2026-02-12 07:39:16.000 UTC,2026-02-12,64883,1000000093,매화 2송이 1호,13,61100,1,true,same_universe_reconstructed
2602121641108320,2026-02-12 07:41:10.000 UTC,2026-02-12,0,1000000108,매화 2송이 2호,35,157500,1,true,same_universe_reconstructed
2602121708222556,2026-02-12 08:08:22.000 UTC,2026-02-12,64887,1000000108,매화 2송이 2호,500,2300000,1,true,same_universe_reconstructed
2602121710271957,2026-02-12 08:10:27.000 UTC,2026-02-12,64754,1000000144,경기 미숫가루 쫀드기,7,63000,1,true,same_universe_reconstructed
2602121721392928,2026-02-12 08:21:39.000 UTC,2026-02-12,64754,1000000064,2색 이티,1,43000,1,true,same_universe_reconstructed
2602121721392928,2026-02-12 08:21:39.000 UTC,2026-02-12,64754,1000000144,경기 미숫가루 쫀드기,7,63000,1,true,same_universe_reconstructed
2602121724582279,2026-02-12 08:24:58.000 UTC,2026-02-12,64754,1000000064,2색 이티,1,43000,1,true,same_universe_reconstructed
2602121724582279,2026-02-12 08:24:58.000 UTC,2026-02-12,64754,1000000144,경기 미숫가루 쫀드기,7,63000,1,true,same_universe_reconstructed
2602121846431556,2026-02-12 09:46:43.000 UTC,2026-02-12,43508,1000000064,2색 이티,1,44500,1,true,same_universe_reconstructed
2602121914047619,2026-02-12 10:14:04.000 UTC,2026-02-12,64908,1000000045,완두시루떡,2,40000,1,true,same_universe_reconstructed
2602121914047619,2026-02-12 10:14:04.000 UTC,2026-02-12,64908,1000000064,2색 이티,2,44000,1,true,same_universe_reconstructed
2602121948088011,2026-02-12 10:48:08.000 UTC,2026-02-12,64915,1000000064,2색 이티,1,86500,1,true,same_universe_reconstructed
2602122022076122,2026-02-12 11:22:07.000 UTC,2026-02-12,64921,1000000064,2색 이티,1,22000,1,true,same_universe_reconstructed
2602122022076122,2026-02-12 11:22:07.000 UTC,2026-02-12,64921,1000000127,흑임자이티,1,23500,1,true,same_universe_reconstructed
2602122121062664,2026-02-12 12:21:06.000 UTC,2026-02-12,64930,1000000064,2색 이티,2,65000,2,true,same_universe_reconstructed
2602122124114135,2026-02-12 12:24:11.000 UTC,2026-02-12,64930,1000000064,2색 이티,2,65000,2,true,same_universe_reconstructed
2602122241355937,2026-02-12 13:41:35.000 UTC,2026-02-12,26631,1000000043,모듬영양찰떡,1,22500,1,true,same_universe_reconstructed
2602122241355937,2026-02-12 13:41:35.000 UTC,2026-02-12,26631,1000000044,고구마찰떡,1,22500,1,true,same_universe_reconstructed
2602122241355937,2026-02-12 13:41:35.000 UTC,2026-02-12,26631,1000000064,2색 이티,1,22000,1,true,same_universe_reconstructed
2602122241355937,2026-02-12 13:41:35.000 UTC,2026-02-12,26631,1000000127,흑임자이티,1,23500,1,true,same_universe_reconstructed
2602122256070159,2026-02-12 13:56:07.000 UTC,2026-02-12,0,1000000044,고구마찰떡,1,22500,1,true,same_universe_reconstructed
2602122256070159,2026-02-12 13:56:07.000 UTC,2026-02-12,0,1000000045,완두시루떡,1,20000,1,true,same_universe_reconstructed
2602122256070159,2026-02-12 13:56:07.000 UTC,2026-02-12,0,1000000064,2색 이티,1,22000,1,true,same_universe_reconstructed
2602122311023560,2026-02-12 14:11:02.000 UTC,2026-02-12,64937,1000000064,2색 이티,3,129000,1,true,same_universe_reconstructed
2602122311023560,2026-02-12 14:11:02.000 UTC,2026-02-12,64937,1000000069,설기세트,1,18920,1,true,same_universe_reconstructed
2602122332422741,2026-02-12 14:32:42.000 UTC,2026-02-12,64939,1000000064,2색 이티,1,86500,1,true,same_universe_reconstructed
2602122335193492,2026-02-12 14:35:19.000 UTC,2026-02-12,64939,1000000064,2색 이티,1,86500,1,true,same_universe_reconstructed
2602122337101663,2026-02-12 14:37:10.000 UTC,2026-02-12,64939,1000000064,2색 이티,1,86500,1,true,same_universe_reconstructed
2602130832242181,2026-02-12 23:32:24.000 UTC,2026-02-12,63550,1000000064,2색 이티,2,66500,2,true,same_universe_reconstructed
2602130902589313,2026-02-13 00:02:58.000 UTC,2026-02-13,64784,1000000064,2색 이티,3,255000,1,true,same_universe_reconstructed
2602130918130774,2026-02-13 00:18:13.000 UTC,2026-02-13,64887,1000000108,매화 2송이 2호,500,2300000,1,true,same_universe_reconstructed
2602130923104458,2026-02-13 00:23:10.000 UTC,2026-02-13,64887,1000000094,매화 3송이 1호,150,990000,1,true,same_universe_reconstructed
2602130929415369,2026-02-13 00:29:41.000 UTC,2026-02-13,63558,1000000063,쑥이티,1,23500,1,true,same_universe_reconstructed
2602130959109781,2026-02-13 00:59:11.000 UTC,2026-02-13,0,1000000064,2색 이티,3,133500,1,true,same_universe_reconstructed
2602130959131772,2026-02-13 00:59:13.000 UTC,2026-02-13,0,1000000064,2색 이티,3,133500,1,true,same_universe_reconstructed
2602130959154403,2026-02-13 00:59:15.000 UTC,2026-02-13,0,1000000064,2색 이티,3,133500,1,true,same_universe_reconstructed
2602130959158654,2026-02-13 00:59:15.000 UTC,2026-02-13,0,1000000064,2색 이티,3,133500,1,true,same_universe_reconstructed
2602130959164145,2026-02-13 00:59:16.000 UTC,2026-02-13,0,1000000064,2색 이티,3,133500,1,true,same_universe_reconstructed
2602130959168296,2026-02-13 00:59:16.000 UTC,2026-02-13,0,1000000064,2색 이티,3,133500,1,true,same_universe_reconstructed
2602130959188267,2026-02-13 00:59:18.000 UTC,2026-02-13,0,1000000064,2색 이티,3,133500,1,true,same_universe_reconstructed
2602130959194108,2026-02-13 00:59:19.000 UTC,2026-02-13,0,1000000064,2색 이티,3,133500,1,true,same_universe_reconstructed
2602131001050539,2026-02-13 01:01:05.000 UTC,2026-02-13,0,1000000064,2색 이티,3,133500,1,true,same_universe_reconstructed
2602131002381540,2026-02-13 01:02:38.000 UTC,2026-02-13,0,1000000064,2색 이티,3,133500,1,true,same_universe_reconstructed
2602131004072471,2026-02-13 01:04:07.000 UTC,2026-02-13,0,1000000064,2색 이티,3,133500,1,true,same_universe_reconstructed
2602131006246012,2026-02-13 01:06:24.000 UTC,2026-02-13,0,1000000064,2색 이티,3,133500,1,true,same_universe_reconstructed
2602131011537754,2026-02-13 01:11:53.000 UTC,2026-02-13,64965,1000000064,2색 이티,3,133500,1,true,same_universe_reconstructed
2602131015046535,2026-02-13 01:15:04.000 UTC,2026-02-13,60249,1000000127,흑임자이티,2,47000,1,true,same_universe_reconstructed
2602131015377066,2026-02-13 01:15:37.000 UTC,2026-02-13,64965,1000000064,2색 이티,3,133500,1,true,same_universe_reconstructed
2602131041031032,2026-02-13 01:41:03.000 UTC,2026-02-13,0,1000000044,고구마찰떡,1,22500,1,true,same_universe_reconstructed
2602131041031032,2026-02-13 01:41:03.000 UTC,2026-02-13,0,1000000064,2색 이티,1,22000,1,true,same_universe_reconstructed
2602131048286713,2026-02-13 01:48:28.000 UTC,2026-02-13,64772,1000000062,흰이티,3,181000,2,true,same_universe_reconstructed
2602131108172444,2026-02-13 02:08:17.000 UTC,2026-02-13,35829,1000000043,모듬영양찰떡,1,22500,1,true,same_universe_reconstructed
2602131108172444,2026-02-13 02:08:17.000 UTC,2026-02-13,35829,1000000064,2색 이티,1,22000,1,true,same_universe_reconstructed
2602131109445335,2026-02-13 02:09:44.000 UTC,2026-02-13,35829,1000000043,모듬영양찰떡,1,22500,1,true,same_universe_reconstructed
2602131109445335,2026-02-13 02:09:44.000 UTC,2026-02-13,35829,1000000064,2색 이티,1,22000,1,true,same_universe_reconstructed
2602131110326486,2026-02-13 02:10:32.000 UTC,2026-02-13,35829,1000000043,모듬영양찰떡,1,22500,1,true,same_universe_reconstructed
2602131110326486,2026-02-13 02:10:32.000 UTC,2026-02-13,35829,1000000064,2색 이티,1,22000,1,true,same_universe_reconstructed
2602131135112881,2026-02-13 02:35:11.000 UTC,2026-02-13,12216,1000000035,떡국떡 500g,2,12000,1,true,same_universe_reconstructed
2602131135112881,2026-02-13 02:35:11.000 UTC,2026-02-13,12216,1000000064,2색 이티,2,44000,1,true,same_universe_reconstructed
2602131147051462,2026-02-13 02:47:05.000 UTC,2026-02-13,64973,1000000063,쑥이티,1,23500,1,true,same_universe_reconstructed
2602131226223863,2026-02-13 03:26:22.000 UTC,2026-02-13,64977,1000000064,2색 이티,1,43000,1,true,same_universe_reconstructed
2602131238008134,2026-02-13 03:38:00.000 UTC,2026-02-13,64977,1000000064,2색 이티,1,43000,1,true,same_universe_reconstructed
2602131240137205,2026-02-13 03:40:13.000 UTC,2026-02-13,64977,1000000064,2색 이티,1,22000,1,true,same_universe_reconstructed
2602131321095989,2026-02-13 04:21:09.000 UTC,2026-02-13,64981,1000000042,약식,1,22500,1,true,same_universe_reconstructed
2602131321095989,2026-02-13 04:21:09.000 UTC,2026-02-13,64981,1000000045,완두시루떡,1,20000,1,true,same_universe_reconstructed
2602131321095989,2026-02-13 04:21:09.000 UTC,2026-02-13,64981,1000000064,2색 이티,1,22000,1,true,same_universe_reconstructed
2602131326479520,2026-02-13 04:26:48.000 UTC,2026-02-13,64981,1000000042,약식,1,22500,1,true,same_universe_reconstructed
2602131326479520,2026-02-13 04:26:48.000 UTC,2026-02-13,64981,1000000045,완두시루떡,1,20000,1,true,same_universe_reconstructed
2602131326479520,2026-02-13 04:26:48.000 UTC,2026-02-13,64981,1000000064,2색 이티,1,22000,1,true,same_universe_reconstructed
2602131406558537,2026-02-13 05:06:55.000 UTC,2026-02-13,64449,1000000064,2색 이티,35,1505000,1,true,same_universe_reconstructed
2602131410564799,2026-02-13 05:10:56.000 UTC,2026-02-13,0,1000000064,2색 이티,3,66000,1,true,same_universe_reconstructed
2602131411243011,2026-02-13 05:11:24.000 UTC,2026-02-13,64449,1000000064,2색 이티,35,1505000,1,true,same_universe_reconstructed
2602131415112412,2026-02-13 05:15:11.000 UTC,2026-02-13,64449,1000000064,2색 이티,35,1505000,1,true,same_universe_reconstructed
2602131418536143,2026-02-13 05:18:53.000 UTC,2026-02-13,64449,1000000064,2색 이티,35,1505000,1,true,same_universe_reconstructed
2602131552246586,2026-02-13 06:52:24.000 UTC,2026-02-13,65001,1000000112,매화 5송이 2호,20,232000,1,true,same_universe_reconstructed
2602131713268400,2026-02-13 08:13:26.000 UTC,2026-02-13,39574,1000000064,2색 이티,1,22000,1,true,same_universe_reconstructed
2602131728471691,2026-02-13 08:28:47.000 UTC,2026-02-13,64890,1000000062,흰이티,2,42000,1,true,same_universe_reconstructed
2602131728471691,2026-02-13 08:28:47.000 UTC,2026-02-13,64890,1000000063,쑥이티,1,23500,1,true,same_universe_reconstructed
2602131752505442,2026-02-13 08:52:50.000 UTC,2026-02-13,64996,1000000063,쑥이티,1,46000,1,true,same_universe_reconstructed
2602131755277663,2026-02-13 08:55:27.000 UTC,2026-02-13,64996,1000000063,쑥이티,1,46000,1,true,same_universe_reconstructed
2602131859500606,2026-02-13 09:59:50.000 UTC,2026-02-13,65016,1000000035,떡국떡 500g,8,48000,1,true,same_universe_reconstructed
2602131904019117,2026-02-13 10:04:02.000 UTC,2026-02-13,64697,1000000064,2색 이티,1,22000,1,true,same_universe_reconstructed
2602131908055338,2026-02-13 10:08:05.000 UTC,2026-02-13,48308,1000000035,떡국떡 500g,3,18000,1,true,same_universe_reconstructed
2602132028074142,2026-02-13 11:28:07.000 UTC,2026-02-13,65026,1000000063,쑥이티,1,23500,1,true,same_universe_reconstructed
2602132028074142,2026-02-13 11:28:07.000 UTC,2026-02-13,65026,1000000127,흑임자이티,1,23500,1,true,same_universe_reconstructed
2602132037210573,2026-02-13 11:37:21.000 UTC,2026-02-13,0,1000000093,매화 2송이 1호,20,96000,1,true,same_universe_reconstructed
2602132051020464,2026-02-13 11:51:02.000 UTC,2026-02-13,49585,1000000064,2색 이티,2,170000,1,true,same_universe_reconstructed
2602132116005746,2026-02-13 12:16:00.000 UTC,2026-02-13,0,1000000064,2색 이티,1,43000,1,true,same_universe_reconstructed
2602132258168097,2026-02-13 13:58:16.000 UTC,2026-02-13,65012,1000000043,모듬영양찰떡,2,90000,1,true,same_universe_reconstructed
2602132300302038,2026-02-13 14:00:30.000 UTC,2026-02-13,65012,1000000043,모듬영양찰떡,2,90000,1,true,same_universe_reconstructed
2602132302556179,2026-02-13 14:02:55.000 UTC,2026-02-13,65012,1000000043,모듬영양찰떡,2,90000,1,true,same_universe_reconstructed
2602132306370010,2026-02-13 14:06:37.000 UTC,2026-02-13,65012,1000000045,완두시루떡,2,80000,1,true,same_universe_reconstructed
2602132308174371,2026-02-13 14:08:17.000 UTC,2026-02-13,64279,1000000064,2색 이티,1,43000,1,true,same_universe_reconstructed
2602140025442931,2026-02-13 15:25:44.000 UTC,2026-02-13,65038,1000000064,2색 이티,2,89000,1,true,same_universe_reconstructed
2602140027048082,2026-02-13 15:27:04.000 UTC,2026-02-13,65037,1000000064,2색 이티,1,44500,1,true,same_universe_reconstructed
2602140029183413,2026-02-13 15:29:18.000 UTC,2026-02-13,65038,1000000064,2색 이티,1,44500,1,true,same_universe_reconstructed
2602140029271884,2026-02-13 15:29:27.000 UTC,2026-02-13,65038,1000000064,2색 이티,1,44500,1,true,same_universe_reconstructed
2602140029504025,2026-02-13 15:29:50.000 UTC,2026-02-13,65038,1000000064,2색 이티,1,44500,1,true,same_universe_reconstructed
2602140100516226,2026-02-13 16:00:51.000 UTC,2026-02-13,39574,1000000043,모듬영양찰떡,1,22500,1,true,same_universe_reconstructed
2602140125239997,2026-02-13 16:25:24.000 UTC,2026-02-13,65030,1000000064,2색 이티,1,43000,1,true,same_universe_reconstructed
2602140722479119,2026-02-13 22:22:47.000 UTC,2026-02-13,58359,1000000064,2색 이티,3,132000,2,true,same_universe_reconstructed
2602140811569960,2026-02-13 23:11:57.000 UTC,2026-02-13,64960,1000000064,2색 이티,1,44500,1,true,same_universe_reconstructed
2602141045530927,2026-02-14 01:45:53.000 UTC,2026-02-14,62107,1000000064,2색 이티,2,44000,1,true,same_universe_reconstructed
2602141050555218,2026-02-14 01:50:55.000 UTC,2026-02-14,65062,1000000064,2색 이티,1,43000,1,true,same_universe_reconstructed
2602141054588929,2026-02-14 01:54:58.000 UTC,2026-02-14,65060,1000000064,2색 이티,2,89000,1,true,same_universe_reconstructed
2602141112128450,2026-02-14 02:12:12.000 UTC,2026-02-14,65064,1000000064,2색 이티,1,22000,1,true,same_universe_reconstructed
2602141123009351,2026-02-14 02:23:01.000 UTC,2026-02-14,62485,1000000064,2색 이티,2,44000,1,true,same_universe_reconstructed
2602141154323332,2026-02-14 02:54:32.000 UTC,2026-02-14,65061,1000000064,2색 이티,1,85000,1,true,same_universe_reconstructed
2602141235381724,2026-02-14 03:35:38.000 UTC,2026-02-14,65072,1000000064,2색 이티,1,43000,1,true,same_universe_reconstructed
2602141309552198,2026-02-14 04:09:55.000 UTC,2026-02-14,64727,1000000035,떡국떡 500g,1,6000,1,true,same_universe_reconstructed
2602141309552198,2026-02-14 04:09:55.000 UTC,2026-02-14,64727,1000000064,2색 이티,1,43000,1,true,same_universe_reconstructed
2602141309552198,2026-02-14 04:09:55.000 UTC,2026-02-14,64727,1000000066,쑥인절미,1,22500,1,true,same_universe_reconstructed
2602141309552198,2026-02-14 04:09:55.000 UTC,2026-02-14,64727,1000000128,흑임자인절미,1,22500,1,true,same_universe_reconstructed
2602141312305019,2026-02-14 04:12:30.000 UTC,2026-02-14,64727,1000000035,떡국떡 500g,1,6000,1,true,same_universe_reconstructed
2602141312305019,2026-02-14 04:12:30.000 UTC,2026-02-14,64727,1000000064,2색 이티,1,43000,1,true,same_universe_reconstructed
2602141312305019,2026-02-14 04:12:30.000 UTC,2026-02-14,64727,1000000066,쑥인절미,1,22500,1,true,same_universe_reconstructed
2602141312305019,2026-02-14 04:12:30.000 UTC,2026-02-14,64727,1000000128,흑임자인절미,1,22500,1,true,same_universe_reconstructed
2602141313411910,2026-02-14 04:13:41.000 UTC,2026-02-14,64727,1000000035,떡국떡 500g,1,6000,1,true,same_universe_reconstructed
2602141313411910,2026-02-14 04:13:41.000 UTC,2026-02-14,64727,1000000064,2색 이티,1,43000,1,true,same_universe_reconstructed
2602141313411910,2026-02-14 04:13:41.000 UTC,2026-02-14,64727,1000000066,쑥인절미,1,22500,1,true,same_universe_reconstructed
2602141313411910,2026-02-14 04:13:41.000 UTC,2026-02-14,64727,1000000128,흑임자인절미,1,22500,1,true,same_universe_reconstructed
2602141410160601,2026-02-14 05:10:16.000 UTC,2026-02-14,65077,1000000062,흰이티,1,41000,1,true,same_universe_reconstructed
2602141605291585,2026-02-14 07:05:29.000 UTC,2026-02-14,65085,1000000064,2색 이티,1,22000,1,true,same_universe_reconstructed
2602141605291585,2026-02-14 07:05:29.000 UTC,2026-02-14,65085,1000000070,마스코바도 쑥설기,1,20000,1,true,same_universe_reconstructed
2602141605291585,2026-02-14 07:05:29.000 UTC,2026-02-14,65085,1000000072,마스코바도 흑임자설기,1,20000,1,true,same_universe_reconstructed
2602141701216847,2026-02-14 08:01:21.000 UTC,2026-02-14,64122,1000000064,2색 이티,2,86000,1,true,same_universe_reconstructed
2602141703369698,2026-02-14 08:03:37.000 UTC,2026-02-14,64122,1000000064,2색 이티,2,86000,1,true,same_universe_reconstructed
2602141704491399,2026-02-14 08:04:49.000 UTC,2026-02-14,64122,1000000064,2색 이티,2,86000,1,true,same_universe_reconstructed
2602141738002690,2026-02-14 08:38:00.000 UTC,2026-02-14,63267,1000000064,2색 이티,1,43000,1,true,same_universe_reconstructed
2602141814444181,2026-02-14 09:14:44.000 UTC,2026-02-14,65094,1000000063,쑥이티,4,94000,1,true,same_universe_reconstructed
2602141815433312,2026-02-14 09:15:43.000 UTC,2026-02-14,65094,1000000063,쑥이티,4,94000,1,true,same_universe_reconstructed
2602141816554973,2026-02-14 09:16:55.000 UTC,2026-02-14,65092,1000000044,고구마찰떡,1,22500,1,true,same_universe_reconstructed
2602141841198954,2026-02-14 09:41:19.000 UTC,2026-02-14,64449,1000000064,2색 이티,35,1505000,1,true,same_universe_reconstructed
2602141849172715,2026-02-14 09:49:17.000 UTC,2026-02-14,64449,1000000064,2색 이티,35,1505000,1,true,same_universe_reconstructed
2602151506573324,2026-02-15 06:06:57.000 UTC,2026-02-15,0,1000000064,2색 이티,1,22000,1,true,same_universe_reconstructed
2602151535045245,2026-02-15 06:35:04.000 UTC,2026-02-15,2867,1000000028,마스코바도 딸기설기,1,20000,1,true,same_universe_reconstructed
2602151535045245,2026-02-15 06:35:04.000 UTC,2026-02-15,2867,1000000045,완두시루떡,1,40000,1,true,same_universe_reconstructed
2602151535045245,2026-02-15 06:35:04.000 UTC,2026-02-15,2867,1000000063,쑥이티,1,23500,1,true,same_universe_reconstructed
2602161107099821,2026-02-16 02:07:10.000 UTC,2026-02-16,58419,1000000111,매화 3송이 3호,26,184600,1,true,same_universe_reconstructed
2602161348575622,2026-02-16 04:48:57.000 UTC,2026-02-16,0,1000000064,2색 이티,1,22000,1,true,same_universe_reconstructed
2602161719165083,2026-02-16 08:19:16.000 UTC,2026-02-16,65158,1000000063,쑥이티,1,23500,1,true,same_universe_reconstructed
2602161719165083,2026-02-16 08:19:16.000 UTC,2026-02-16,65158,1000000127,흑임자이티,1,23500,1,true,same_universe_reconstructed
2602161720175734,2026-02-16 08:20:17.000 UTC,2026-02-16,65158,1000000063,쑥이티,1,23500,1,true,same_universe_reconstructed
2602161720175734,2026-02-16 08:20:17.000 UTC,2026-02-16,65158,1000000127,흑임자이티,1,23500,1,true,same_universe_reconstructed
2602161731128925,2026-02-16 08:31:12.000 UTC,2026-02-16,63463,1000000093,매화 2송이 1호,10,47000,1,true,same_universe_reconstructed
2602161821437036,2026-02-16 09:21:43.000 UTC,2026-02-16,65126,1000000064,2색 이티,1,22000,1,true,same_universe_reconstructed
2602170231356611,2026-02-16 17:31:35.000 UTC,2026-02-16,65170,1000000044,고구마찰떡,1,22500,1,true,same_universe_reconstructed
2602170231356611,2026-02-16 17:31:35.000 UTC,2026-02-16,65170,1000000064,2색 이티,1,22000,1,true,same_universe_reconstructed
2602171335048343,2026-02-17 04:35:04.000 UTC,2026-02-17,65180,1000000064,2색 이티,1,86500,1,true,same_universe_reconstructed
2602171606429714,2026-02-17 07:06:43.000 UTC,2026-02-17,0,1000000045,완두시루떡,1,20000,1,true,same_universe_reconstructed
2602171606429714,2026-02-17 07:06:43.000 UTC,2026-02-17,0,1000000064,2색 이티,1,43000,1,true,same_universe_reconstructed
2602171606429714,2026-02-17 07:06:43.000 UTC,2026-02-17,0,1000000127,흑임자이티,1,23500,1,true,same_universe_reconstructed
2602171649263185,2026-02-17 07:49:26.000 UTC,2026-02-17,64122,1000000064,2색 이티,1,43000,1,true,same_universe_reconstructed
2602171652144606,2026-02-17 07:52:14.000 UTC,2026-02-17,64122,1000000064,2색 이티,1,43000,1,true,same_universe_reconstructed
2602180348340231,2026-02-17 18:48:34.000 UTC,2026-02-17,65195,1000000045,완두시루떡,1,41500,1,true,same_universe_reconstructed
2602180939083132,2026-02-18 00:39:08.000 UTC,2026-02-18,65197,1000000043,모듬영양찰떡,1,45000,1,true,same_universe_reconstructed
2602181010585893,2026-02-18 01:10:58.000 UTC,2026-02-18,58291,1000000043,모듬영양찰떡,1,89000,1,true,same_universe_reconstructed
2602181010585893,2026-02-18 01:10:58.000 UTC,2026-02-18,58291,1000000045,완두시루떡,1,77000,1,true,same_universe_reconstructed
2602181042176894,2026-02-18 01:42:17.000 UTC,2026-02-18,64830,1000000064,2색 이티,1,43000,1,true,same_universe_reconstructed
2602181043406855,2026-02-18 01:43:40.000 UTC,2026-02-18,64830,1000000064,2색 이티,1,43000,1,true,same_universe_reconstructed
2602181108579118,2026-02-18 02:08:58.000 UTC,2026-02-18,62302,1000000111,매화 3송이 3호,50,350000,1,true,same_universe_reconstructed
2602181203470311,2026-02-18 03:03:47.000 UTC,2026-02-18,62302,1000000066,쑥인절미,1,45000,1,true,same_universe_reconstructed
2602181203470311,2026-02-18 03:03:47.000 UTC,2026-02-18,62302,1000000128,흑임자인절미,1,45000,1,true,same_universe_reconstructed
2602181203470311,2026-02-18 03:03:47.000 UTC,2026-02-18,62302,1000000144,경기 미숫가루 쫀드기,3,27000,1,true,same_universe_reconstructed
2602181419156625,2026-02-18 05:19:15.000 UTC,2026-02-18,65200,1000000064,2색 이티,1,43000,1,true,same_universe_reconstructed
2602181424374006,2026-02-18 05:24:37.000 UTC,2026-02-18,65200,1000000064,2색 이티,1,43000,1,true,same_universe_reconstructed
2602181431093967,2026-02-18 05:31:09.000 UTC,2026-02-18,65200,1000000064,2색 이티,1,43000,1,true,same_universe_reconstructed
2602181648457538,2026-02-18 07:48:45.000 UTC,2026-02-18,0,1000000064,2색 이티,2,86000,1,true,same_universe_reconstructed
2602181656323419,2026-02-18 07:56:32.000 UTC,2026-02-18,64962,1000000093,매화 2송이 1호,28,134400,1,true,same_universe_reconstructed
2602181812103500,2026-02-18 09:12:10.000 UTC,2026-02-18,64621,1000000112,매화 5송이 2호,15,172500,1,true,same_universe_reconstructed
2602181907573871,2026-02-18 10:07:57.000 UTC,2026-02-18,65130,1000000108,매화 2송이 2호,80,360000,1,true,same_universe_reconstructed
2602181913232742,2026-02-18 10:13:23.000 UTC,2026-02-18,65130,1000000108,매화 2송이 2호,82,369000,1,true,same_universe_reconstructed
2602182037235113,2026-02-18 11:37:23.000 UTC,2026-02-18,52177,1000000093,매화 2송이 1호,11,52800,1,true,same_universe_reconstructed
2602190922055143,2026-02-19 00:22:05.000 UTC,2026-02-19,51831,1000000044,고구마찰떡,1,22500,1,true,same_universe_reconstructed
2602190922055143,2026-02-19 00:22:05.000 UTC,2026-02-19,51831,1000000064,2색 이티,1,43000,1,true,same_universe_reconstructed
2602190922055143,2026-02-19 00:22:05.000 UTC,2026-02-19,51831,1000000127,흑임자이티,1,23500,1,true,same_universe_reconstructed
2602190950468525,2026-02-19 00:50:46.000 UTC,2026-02-19,65018,1000000064,2색 이티,6,132000,1,true,same_universe_reconstructed
2602190953154896,2026-02-19 00:53:15.000 UTC,2026-02-19,65216,1000000063,쑥이티,1,46000,1,true,same_universe_reconstructed
2602191021258538,2026-02-19 01:21:25.000 UTC,2026-02-19,64798,1000000042,약식,1,22500,1,true,same_universe_reconstructed
2602191021258538,2026-02-19 01:21:25.000 UTC,2026-02-19,64798,1000000063,쑥이티,1,46000,1,true,same_universe_reconstructed
2602191021258538,2026-02-19 01:21:25.000 UTC,2026-02-19,64798,1000000127,흑임자이티,1,46000,1,true,same_universe_reconstructed
2602191028352429,2026-02-19 01:28:35.000 UTC,2026-02-19,27145,1000000113,매화 5송이 3호,240,2760000,1,true,same_universe_reconstructed
2602191057423070,2026-02-19 01:57:42.000 UTC,2026-02-19,0,1000000044,고구마찰떡,1,45000,1,true,same_universe_reconstructed
2602191057423070,2026-02-19 01:57:42.000 UTC,2026-02-19,0,1000000062,흰이티,1,21000,1,true,same_universe_reconstructed
2602191057423070,2026-02-19 01:57:42.000 UTC,2026-02-19,0,1000000063,쑥이티,1,23500,1,true,same_universe_reconstructed
2602191057423070,2026-02-19 01:57:42.000 UTC,2026-02-19,0,1000000127,흑임자이티,1,23500,1,true,same_universe_reconstructed
2602191101361471,2026-02-19 02:01:36.000 UTC,2026-02-19,0,1000000044,고구마찰떡,1,45000,1,true,same_universe_reconstructed
2602191101361471,2026-02-19 02:01:36.000 UTC,2026-02-19,0,1000000062,흰이티,1,21000,1,true,same_universe_reconstructed
2602191101361471,2026-02-19 02:01:36.000 UTC,2026-02-19,0,1000000063,쑥이티,1,23500,1,true,same_universe_reconstructed
2602191101361471,2026-02-19 02:01:36.000 UTC,2026-02-19,0,1000000127,흑임자이티,1,23500,1,true,same_universe_reconstructed
2602191104420772,2026-02-19 02:04:42.000 UTC,2026-02-19,0,1000000044,고구마찰떡,1,45000,1,true,same_universe_reconstructed
2602191104420772,2026-02-19 02:04:42.000 UTC,2026-02-19,0,1000000062,흰이티,1,21000,1,true,same_universe_reconstructed
2602191104420772,2026-02-19 02:04:42.000 UTC,2026-02-19,0,1000000063,쑥이티,1,23500,1,true,same_universe_reconstructed
2602191104420772,2026-02-19 02:04:42.000 UTC,2026-02-19,0,1000000127,흑임자이티,1,23500,1,true,same_universe_reconstructed
2602191212136143,2026-02-19 03:12:13.000 UTC,2026-02-19,62499,1000000045,완두시루떡,1,20000,1,true,same_universe_reconstructed
2602191212136143,2026-02-19 03:12:13.000 UTC,2026-02-19,62499,1000000069,설기세트,1,18920,1,true,same_universe_reconstructed
2602191220576174,2026-02-19 03:20:57.000 UTC,2026-02-19,65212,1000000111,매화 3송이 3호,45,319500,1,true,same_universe_reconstructed
2602191221138995,2026-02-19 03:21:13.000 UTC,2026-02-19,65212,1000000111,매화 3송이 3호,45,319500,1,true,same_universe_reconstructed
2602191225451946,2026-02-19 03:25:45.000 UTC,2026-02-19,65212,1000000111,매화 3송이 3호,45,319500,1,true,same_universe_reconstructed
2602191225476817,2026-02-19 03:25:47.000 UTC,2026-02-19,65212,1000000111,매화 3송이 3호,45,319500,1,true,same_universe_reconstructed
2602191228185048,2026-02-19 03:28:18.000 UTC,2026-02-19,65212,1000000111,매화 3송이 3호,45,319500,1,true,same_universe_reconstructed
2602191315281271,2026-02-19 04:15:28.000 UTC,2026-02-19,65223,1000000085,십리향 2단 (1호 2호 3호),1,53500,1,true,same_universe_reconstructed
2602191318411802,2026-02-19 04:18:41.000 UTC,2026-02-19,65223,1000000085,십리향 2단 (1호 2호 3호),1,53500,1,true,same_universe_reconstructed
2602191320011393,2026-02-19 04:20:01.000 UTC,2026-02-19,65222,1000000066,쑥인절미,1,22500,1,true,same_universe_reconstructed
2602191320053554,2026-02-19 04:20:05.000 UTC,2026-02-19,65223,1000000085,십리향 2단 (1호 2호 3호),1,53500,1,true,same_universe_reconstructed
2602191323109895,2026-02-19 04:23:11.000 UTC,2026-02-19,65223,1000000085,십리향 2단 (1호 2호 3호),1,53500,1,true,same_universe_reconstructed
2602191326392666,2026-02-19 04:26:39.000 UTC,2026-02-19,64075,1000000093,매화 2송이 1호,30,144000,1,true,same_universe_reconstructed
2602191529583907,2026-02-19 06:29:58.000 UTC,2026-02-19,65228,1000000064,2색 이티,2,89000,1,true,same_universe_reconstructed
2602191540176128,2026-02-19 06:40:17.000 UTC,2026-02-19,64075,1000000093,매화 2송이 1호,30,144000,1,true,same_universe_reconstructed
2602191544000059,2026-02-19 06:44:00.000 UTC,2026-02-19,6208,1000000064,2색 이티,2,65000,2,true,same_universe_reconstructed
2602191613108260,2026-02-19 07:13:10.000 UTC,2026-02-19,47967,1000000108,매화 2송이 2호,110,506000,1,true,same_universe_reconstructed
2602191613474741,2026-02-19 07:13:47.000 UTC,2026-02-19,47967,1000000108,매화 2송이 2호,110,506000,1,true,same_universe_reconstructed
2602191615255742,2026-02-19 07:15:25.000 UTC,2026-02-19,47967,1000000108,매화 2송이 2호,110,506000,1,true,same_universe_reconstructed
2602191617069123,2026-02-19 07:17:06.000 UTC,2026-02-19,47967,1000000108,매화 2송이 2호,110,506000,1,true,same_universe_reconstructed
2602191619516534,2026-02-19 07:19:51.000 UTC,2026-02-19,47967,1000000108,매화 2송이 2호,110,506000,1,true,same_universe_reconstructed
2602191710284395,2026-02-19 08:10:28.000 UTC,2026-02-19,65207,1000000064,2색 이티,2,44000,1,true,same_universe_reconstructed
2602191754153796,2026-02-19 08:54:15.000 UTC,2026-02-19,65239,1000000087,백리향 1단 (1호 2호 3호),1,61000,1,true,same_universe_reconstructed
2602191819111727,2026-02-19 09:19:11.000 UTC,2026-02-19,0,1000000112,매화 5송이 2호,20,230000,1,true,same_universe_reconstructed
2602191819111727,2026-02-19 09:19:11.000 UTC,2026-02-19,0,1000000113,매화 5송이 3호,20,230000,1,true,same_universe_reconstructed
2602191827010348,2026-02-19 09:27:01.000 UTC,2026-02-19,0,1000000112,매화 5송이 2호,20,230000,1,true,same_universe_reconstructed
2602191827010348,2026-02-19 09:27:01.000 UTC,2026-02-19,0,1000000113,매화 5송이 3호,20,230000,1,true,same_universe_reconstructed
2602191852430599,2026-02-19 09:52:43.000 UTC,2026-02-19,65241,1000000064,2색 이티,1,86500,1,true,same_universe_reconstructed
2602191951570320,2026-02-19 10:51:57.000 UTC,2026-02-19,64065,1000000093,매화 2송이 1호,70,329000,1,true,same_universe_reconstructed
2602192033209321,2026-02-19 11:33:21.000 UTC,2026-02-19,43125,1000000086,십리향 3단,1,81000,1,true,same_universe_reconstructed
2602192135293822,2026-02-19 12:35:29.000 UTC,2026-02-19,65247,1000000064,2색 이티,1,22000,1,true,same_universe_reconstructed
2602192135293822,2026-02-19 12:35:29.000 UTC,2026-02-19,65247,1000000128,흑임자인절미,1,22500,1,true,same_universe_reconstructed
2602192143245233,2026-02-19 12:43:24.000 UTC,2026-02-19,59984,1000000093,매화 2송이 1호,70,329000,1,true,same_universe_reconstructed
2602192148352704,2026-02-19 12:48:35.000 UTC,2026-02-19,13732,1000000090,일리향 1단 (1호 2호 3호),1,13000,1,true,same_universe_reconstructed
2602192148352704,2026-02-19 12:48:35.000 UTC,2026-02-19,13732,1000000091,일리향 2단 (1호 2호 3호),11,286000,1,true,same_universe_reconstructed
2602192152132385,2026-02-19 12:52:13.000 UTC,2026-02-19,13732,1000000090,일리향 1단 (1호 2호 3호),1,13000,1,true,same_universe_reconstructed
2602192152132385,2026-02-19 12:52:13.000 UTC,2026-02-19,13732,1000000091,일리향 2단 (1호 2호 3호),11,286000,1,true,same_universe_reconstructed
2602192212257366,2026-02-19 13:12:25.000 UTC,2026-02-19,65237,1000000094,매화 3송이 1호,45,297000,1,true,same_universe_reconstructed
2602192236240467,2026-02-19 13:36:24.000 UTC,2026-02-19,65228,1000000064,2색 이티,2,89000,1,true,same_universe_reconstructed
2602192311325208,2026-02-19 14:11:32.000 UTC,2026-02-19,65219,1000000087,백리향 1단 (1호 2호 3호),1,65000,1,true,same_universe_reconstructed
2602200003048891,2026-02-19 15:03:04.000 UTC,2026-02-19,65251,1000000064,2색 이티,1,43000,1,true,same_universe_reconstructed
2602200059472492,2026-02-19 15:59:47.000 UTC,2026-02-19,65254,1000000093,매화 2송이 1호,85,399500,1,true,same_universe_reconstructed
2602200510221893,2026-02-19 20:10:22.000 UTC,2026-02-19,65256,1000000108,매화 2송이 2호,80,360000,1,true,same_universe_reconstructed
2602200510246694,2026-02-19 20:10:24.000 UTC,2026-02-19,65256,1000000108,매화 2송이 2호,80,360000,1,true,same_universe_reconstructed
2602200517357725,2026-02-19 20:17:35.000 UTC,2026-02-19,64075,1000000093,매화 2송이 1호,30,144000,1,true,same_universe_reconstructed
2602200523375846,2026-02-19 20:23:37.000 UTC,2026-02-19,64075,1000000093,매화 2송이 1호,30,144000,1,true,same_universe_reconstructed
2602200534587507,2026-02-19 20:34:58.000 UTC,2026-02-19,64075,1000000093,매화 2송이 1호,30,144000,1,true,same_universe_reconstructed
2602200610519609,2026-02-19 21:10:52.000 UTC,2026-02-19,64075,1000000093,매화 2송이 1호,30,144000,1,true,same_universe_reconstructed
2602200713110140,2026-02-19 22:13:11.000 UTC,2026-02-19,64380,1000000085,십리향 2단 (1호 2호 3호),1,49000,1,true,same_universe_reconstructed
2602201010011431,2026-02-20 01:10:01.000 UTC,2026-02-20,65236,1000000113,매화 5송이 3호,40,464000,1,true,same_universe_reconstructed
2602201026129962,2026-02-20 01:26:13.000 UTC,2026-02-20,65262,1000000094,매화 3송이 1호,110,715000,1,true,same_universe_reconstructed
2602201047409043,2026-02-20 01:47:41.000 UTC,2026-02-20,15380,1000000087,백리향 1단 (1호 2호 3호),1,61000,1,true,same_universe_reconstructed
2602201053090704,2026-02-20 01:53:09.000 UTC,2026-02-20,61058,1000000084,십리향 1단 (1호 2호 3호),11,335500,1,true,same_universe_reconstructed
2602201055223045,2026-02-20 01:55:22.000 UTC,2026-02-20,65253,1000000063,쑥이티,1,23500,1,true,same_universe_reconstructed
2602201118511926,2026-02-20 02:18:51.000 UTC,2026-02-20,59363,1000000093,매화 2송이 1호,20,94000,1,true,same_universe_reconstructed
2602201135414437,2026-02-20 02:35:41.000 UTC,2026-02-20,0,1000000086,십리향 3단,1,81000,1,true,same_universe_reconstructed
2602201136132048,2026-02-20 02:36:13.000 UTC,2026-02-20,0,1000000111,매화 3송이 3호,22,154000,1,true,same_universe_reconstructed
2602201154582470,2026-02-20 02:54:58.000 UTC,2026-02-20,12423,1000000087,백리향 1단 (1호 2호 3호),1,59000,1,true,same_universe_reconstructed
2602201154582470,2026-02-20 02:54:58.000 UTC,2026-02-20,12423,1000000090,일리향 1단 (1호 2호 3호),1,13000,1,true,same_universe_reconstructed
2602201212330761,2026-02-20 03:12:33.000 UTC,2026-02-20,65268,1000000108,매화 2송이 2호,100,460000,1,true,same_universe_reconstructed
2602201217330142,2026-02-20 03:17:33.000 UTC,2026-02-20,65266,1000000112,매화 5송이 2호,36,416600,2,true,same_universe_reconstructed
2602201226106793,2026-02-20 03:26:10.000 UTC,2026-02-20,65266,1000000112,매화 5송이 2호,36,416600,2,true,same_universe_reconstructed
2602201259191115,2026-02-20 03:59:19.000 UTC,2026-02-20,65265,1000000085,십리향 2단 (1호 2호 3호),1,51000,1,true,same_universe_reconstructed
2602201302322756,2026-02-20 04:02:32.000 UTC,2026-02-20,3596,1000000045,완두시루떡,3,60000,1,true,same_universe_reconstructed
2602201302322756,2026-02-20 04:02:32.000 UTC,2026-02-20,3596,1000000066,쑥인절미,3,67500,2,true,same_universe_reconstructed
2602201302322756,2026-02-20 04:02:32.000 UTC,2026-02-20,3596,1000000070,마스코바도 쑥설기,3,60000,1,true,same_universe_reconstructed
2602201358098157,2026-02-20 04:58:09.000 UTC,2026-02-20,65272,1000000064,2색 이티,1,85000,1,true,same_universe_reconstructed
2602201400390188,2026-02-20 05:00:39.000 UTC,2026-02-20,65272,1000000064,2색 이티,1,85000,1,true,same_universe_reconstructed
2602201422043949,2026-02-20 05:22:04.000 UTC,2026-02-20,65274,1000000064,2색 이티,1,43000,1,true,same_universe_reconstructed
2602201507458170,2026-02-20 06:07:45.000 UTC,2026-02-20,0,1000000112,매화 5송이 2호,20,230000,1,true,same_universe_reconstructed
2602201507458170,2026-02-20 06:07:45.000 UTC,2026-02-20,0,1000000113,매화 5송이 3호,20,230000,1,true,same_universe_reconstructed
2602201547272422,2026-02-20 06:47:27.000 UTC,2026-02-20,0,1000000113,매화 5송이 3호,10,115000,1,true,same_universe_reconstructed
2602201551374843,2026-02-20 06:51:37.000 UTC,2026-02-20,0,1000000084,십리향 1단 (1호 2호 3호),1,30500,1,true,same_universe_reconstructed
2602201554295004,2026-02-20 06:54:29.000 UTC,2026-02-20,0,1000000113,매화 5송이 3호,10,115000,1,true,same_universe_reconstructed
2602201627572255,2026-02-20 07:27:57.000 UTC,2026-02-20,37110,1000000094,매화 3송이 1호,70,455000,1,true,same_universe_reconstructed
2602201632278976,2026-02-20 07:32:27.000 UTC,2026-02-20,37110,1000000094,매화 3송이 1호,70,455000,1,true,same_universe_reconstructed
2602201654121837,2026-02-20 07:54:12.000 UTC,2026-02-20,0,1000000042,약식,2,175000,1,true,same_universe_reconstructed
2602201654121837,2026-02-20 07:54:12.000 UTC,2026-02-20,0,1000000045,완두시루떡,2,154000,1,true,same_universe_reconstructed
2602201654121837,2026-02-20 07:54:12.000 UTC,2026-02-20,0,1000000062,흰이티,2,160000,1,true,same_universe_reconstructed
2602201654121837,2026-02-20 07:54:12.000 UTC,2026-02-20,0,1000000091,일리향 2단 (1호 2호 3호),5,130000,1,true,same_universe_reconstructed
2602201700442808,2026-02-20 08:00:44.000 UTC,2026-02-20,65279,1000000064,2색 이티,3,129000,1,true,same_universe_reconstructed
2602201806113429,2026-02-20 09:06:11.000 UTC,2026-02-20,65283,1000000064,2색 이티,1,43000,1,true,same_universe_reconstructed
2602202110116820,2026-02-20 12:10:11.000 UTC,2026-02-20,65207,1000000064,2색 이티,3,66000,1,true,same_universe_reconstructed
2602202151316911,2026-02-20 12:51:31.000 UTC,2026-02-20,0,1000000086,십리향 3단,1,81000,1,true,same_universe_reconstructed
2602202356537092,2026-02-20 14:56:53.000 UTC,2026-02-20,33095,1000000108,매화 2송이 2호,18,82800,1,true,same_universe_reconstructed
2602202356537092,2026-02-20 14:56:53.000 UTC,2026-02-20,33095,1000000110,매화 3송이 2호,10,69000,1,true,same_universe_reconstructed
2602210450093661,2026-02-20 19:50:09.000 UTC,2026-02-20,49440,1000000064,2색 이티,1,43000,1,true,same_universe_reconstructed
2602210508446322,2026-02-20 20:08:44.000 UTC,2026-02-20,0,1000000093,매화 2송이 1호,20,94000,1,true,same_universe_reconstructed
2602211003372293,2026-02-21 01:03:37.000 UTC,2026-02-21,64513,1000000113,매화 5송이 3호,10,115000,1,true,same_universe_reconstructed
2602211014460784,2026-02-21 01:14:46.000 UTC,2026-02-21,65295,1000000094,매화 3송이 1호,110,715000,1,true,same_universe_reconstructed
2602211026176655,2026-02-21 01:26:17.000 UTC,2026-02-21,0,1000000113,매화 5송이 3호,12,139200,1,true,same_universe_reconstructed
2602211042322136,2026-02-21 01:42:32.000 UTC,2026-02-21,65298,1000000064,2색 이티,1,22000,1,true,same_universe_reconstructed
2602211042322136,2026-02-21 01:42:32.000 UTC,2026-02-21,65298,1000000128,흑임자인절미,1,22500,1,true,same_universe_reconstructed
2602211219079617,2026-02-21 03:19:08.000 UTC,2026-02-21,65300,1000000064,2색 이티,1,43000,1,true,same_universe_reconstructed
2602211237597498,2026-02-21 03:37:59.000 UTC,2026-02-21,58094,1000000093,매화 2송이 1호,60,288000,1,true,same_universe_reconstructed
2602211321527239,2026-02-21 04:21:52.000 UTC,2026-02-21,0,1000000085,십리향 2단 (1호 2호 3호),1,51000,1,true,same_universe_reconstructed
2602211334349310,2026-02-21 04:34:34.000 UTC,2026-02-21,0,1000000064,2색 이티,1,44500,1,true,same_universe_reconstructed
2602211516024571,2026-02-21 06:16:02.000 UTC,2026-02-21,0,1000000092,일리향 3단,2,76000,1,true,same_universe_reconstructed
2602211517392562,2026-02-21 06:17:39.000 UTC,2026-02-21,65301,1000000064,2색 이티,1,43000,1,true,same_universe_reconstructed
2602211517392562,2026-02-21 06:17:39.000 UTC,2026-02-21,65301,1000000127,흑임자이티,1,23500,1,true,same_universe_reconstructed
2602211527271553,2026-02-21 06:27:27.000 UTC,2026-02-21,65301,1000000064,2색 이티,1,43000,1,true,same_universe_reconstructed
2602211527271553,2026-02-21 06:27:27.000 UTC,2026-02-21,65301,1000000127,흑임자이티,1,23500,1,true,same_universe_reconstructed
2602211547240585,2026-02-21 06:47:24.000 UTC,2026-02-21,65301,1000000062,흰이티,1,80000,1,true,same_universe_reconstructed
2602211547240585,2026-02-21 06:47:24.000 UTC,2026-02-21,65301,1000000127,흑임자이티,1,23500,1,true,same_universe_reconstructed
2602211551168966,2026-02-21 06:51:16.000 UTC,2026-02-21,61362,1000000042,약식,1,45000,1,true,same_universe_reconstructed
2602211551168966,2026-02-21 06:51:16.000 UTC,2026-02-21,61362,1000000087,백리향 1단 (1호 2호 3호),1,63000,1,true,same_universe_reconstructed
2602211730314437,2026-02-21 08:30:31.000 UTC,2026-02-21,65304,1000000111,매화 3송이 3호,10,70000,1,true,same_universe_reconstructed
2602211731505178,2026-02-21 08:31:50.000 UTC,2026-02-21,65303,1000000092,일리향 3단,1,37000,1,true,same_universe_reconstructed
2602211733258859,2026-02-21 08:33:25.000 UTC,2026-02-21,65304,1000000111,매화 3송이 3호,10,70000,1,true,same_universe_reconstructed
2602211735089080,2026-02-21 08:35:08.000 UTC,2026-02-21,65304,1000000111,매화 3송이 3호,10,70000,1,true,same_universe_reconstructed
2602211737007891,2026-02-21 08:37:00.000 UTC,2026-02-21,65304,1000000111,매화 3송이 3호,10,70000,1,true,same_universe_reconstructed
2602211909304622,2026-02-21 10:09:30.000 UTC,2026-02-21,65192,1000000094,매화 3송이 1호,20,130000,1,true,same_universe_reconstructed
2602211911151623,2026-02-21 10:11:15.000 UTC,2026-02-21,65192,1000000094,매화 3송이 1호,20,130000,1,true,same_universe_reconstructed
2602211913105514,2026-02-21 10:13:10.000 UTC,2026-02-21,65192,1000000094,매화 3송이 1호,20,130000,1,true,same_universe_reconstructed
2602211914190715,2026-02-21 10:14:19.000 UTC,2026-02-21,65192,1000000094,매화 3송이 1호,20,130000,1,true,same_universe_reconstructed
2602211945049446,2026-02-21 10:45:05.000 UTC,2026-02-21,65308,1000000091,일리향 2단 (1호 2호 3호),4,100000,1,true,same_universe_reconstructed
2602212014427137,2026-02-21 11:14:42.000 UTC,2026-02-21,32224,1000000064,2색 이티,1,43000,1,true,same_universe_reconstructed
2602212311349948,2026-02-21 14:11:35.000 UTC,2026-02-21,18357,1000000042,약식,2,45000,1,true,same_universe_reconstructed
2602212311349948,2026-02-21 14:11:35.000 UTC,2026-02-21,18357,1000000064,2색 이티,2,44000,1,true,same_universe_reconstructed
2602212321097209,2026-02-21 14:21:09.000 UTC,2026-02-21,58913,1000000091,일리향 2단 (1호 2호 3호),4,100000,1,true,same_universe_reconstructed
2602212321097209,2026-02-21 14:21:09.000 UTC,2026-02-21,58913,1000000092,일리향 3단,1,37000,1,true,same_universe_reconstructed
2602212321097209,2026-02-21 14:21:09.000 UTC,2026-02-21,58913,1000000111,매화 3송이 3호,10,70000,1,true,same_universe_reconstructed
2602212321097209,2026-02-21 14:21:09.000 UTC,2026-02-21,58913,1000000113,매화 5송이 3호,10,115000,1,true,same_universe_reconstructed
2602220058127252,2026-02-21 15:58:12.000 UTC,2026-02-21,65230,1000000062,흰이티,1,41000,1,true,same_universe_reconstructed
2602220058127252,2026-02-21 15:58:12.000 UTC,2026-02-21,65230,1000000084,십리향 1단 (1호 2호 3호),2,59000,1,true,same_universe_reconstructed
2602220211105513,2026-02-21 17:11:10.000 UTC,2026-02-21,65254,1000000093,매화 2송이 1호,85,399500,1,true,same_universe_reconstructed
2602220212393684,2026-02-21 17:12:39.000 UTC,2026-02-21,65254,1000000093,매화 2송이 1호,85,399500,1,true,same_universe_reconstructed
2602220214336905,2026-02-21 17:14:33.000 UTC,2026-02-21,65254,1000000093,매화 2송이 1호,85,399500,1,true,same_universe_reconstructed
2602220214538747,2026-02-21 17:14:53.000 UTC,2026-02-21,57782,1000000108,매화 2송이 2호,50,225000,1,true,same_universe_reconstructed
2602220217346078,2026-02-21 17:17:34.000 UTC,2026-02-21,61874,1000000064,2색 이티,2,65000,2,true,same_universe_reconstructed
2602220255472549,2026-02-21 17:55:47.000 UTC,2026-02-21,63941,1000000144,경기 미숫가루 쫀드기,5,45000,1,true,same_universe_reconstructed
2602220948571971,2026-02-22 00:48:57.000 UTC,2026-02-22,65156,1000000084,십리향 1단 (1호 2호 3호),3,81000,1,true,same_universe_reconstructed
2602221013494832,2026-02-22 01:13:49.000 UTC,2026-02-22,58061,1000000042,약식,1,87500,1,true,same_universe_reconstructed
2602221145187443,2026-02-22 02:45:18.000 UTC,2026-02-22,33761,1000000043,모듬영양찰떡,1,22500,1,true,same_universe_reconstructed
2602221145187443,2026-02-22 02:45:18.000 UTC,2026-02-22,33761,1000000087,백리향 1단 (1호 2호 3호),1,61000,1,true,same_universe_reconstructed
2602221145187443,2026-02-22 02:45:18.000 UTC,2026-02-22,33761,1000000091,일리향 2단 (1호 2호 3호),5,130000,1,true,same_universe_reconstructed
2602221145187443,2026-02-22 02:45:18.000 UTC,2026-02-22,33761,1000000112,매화 5송이 2호,10,115000,1,true,same_universe_reconstructed
2602221213153424,2026-02-22 03:13:15.000 UTC,2026-02-22,65321,1000000064,2색 이티,1,43000,1,true,same_universe_reconstructed
2602221213153424,2026-02-22 03:13:15.000 UTC,2026-02-22,65321,1000000093,매화 2송이 1호,10,47000,1,true,same_universe_reconstructed
2602221504266545,2026-02-22 06:04:26.000 UTC,2026-02-22,63326,1000000111,매화 3송이 3호,65,461500,1,true,same_universe_reconstructed
2602221507065436,2026-02-22 06:07:06.000 UTC,2026-02-22,63326,1000000111,매화 3송이 3호,65,461500,1,true,same_universe_reconstructed
2602221630105367,2026-02-22 07:30:10.000 UTC,2026-02-22,65326,1000000093,매화 2송이 1호,40,188000,1,true,same_universe_reconstructed
2602221654480458,2026-02-22 07:54:48.000 UTC,2026-02-22,46468,1000000064,2색 이티,1,85000,1,true,same_universe_reconstructed
2602221828178889,2026-02-22 09:28:18.000 UTC,2026-02-22,65328,1000000062,흰이티,1,41000,1,true,same_universe_reconstructed
2602221904455481,2026-02-22 10:04:45.000 UTC,2026-02-22,0,1000000091,일리향 2단 (1호 2호 3호),1,26000,1,true,same_universe_reconstructed
2602222152458722,2026-02-22 12:52:45.000 UTC,2026-02-22,63731,1000000042,약식,2,67500,2,true,same_universe_reconstructed
2602222152458722,2026-02-22 12:52:45.000 UTC,2026-02-22,63731,1000000043,모듬영양찰떡,1,22500,1,true,same_universe_reconstructed
2602222153473443,2026-02-22 12:53:47.000 UTC,2026-02-22,63731,1000000042,약식,2,67500,2,true,same_universe_reconstructed
2602222153473443,2026-02-22 12:53:47.000 UTC,2026-02-22,63731,1000000043,모듬영양찰떡,1,22500,1,true,same_universe_reconstructed
2602222235106874,2026-02-22 13:35:10.000 UTC,2026-02-22,0,1000000064,2색 이티,1,44500,1,true,same_universe_reconstructed
2602222334314855,2026-02-22 14:34:31.000 UTC,2026-02-22,0,1000000085,십리향 2단 (1호 2호 3호),2,100000,1,true,same_universe_reconstructed
2602230002116761,2026-02-22 15:02:11.000 UTC,2026-02-22,63803,1000000062,흰이티,1,21000,1,true,same_universe_reconstructed
2602230002116761,2026-02-22 15:02:11.000 UTC,2026-02-22,63803,1000000113,매화 5송이 3호,21,241500,1,true,same_universe_reconstructed
2602230029567612,2026-02-22 15:29:56.000 UTC,2026-02-22,65338,1000000093,매화 2송이 1호,16,76800,1,true,same_universe_reconstructed
2602230921457313,2026-02-23 00:21:45.000 UTC,2026-02-23,54153,1000000042,약식,2,132500,2,true,same_universe_reconstructed
2602231010319254,2026-02-23 01:10:32.000 UTC,2026-02-23,0,1000000062,흰이티,1,80000,1,true,same_universe_reconstructed
2602231010319254,2026-02-23 01:10:32.000 UTC,2026-02-23,0,1000000127,흑임자이티,1,90000,1,true,same_universe_reconstructed
2602231014351205,2026-02-23 01:14:35.000 UTC,2026-02-23,65344,1000000087,백리향 1단 (1호 2호 3호),2,124000,2,true,same_universe_reconstructed
2602231016144576,2026-02-23 01:16:14.000 UTC,2026-02-23,65344,1000000087,백리향 1단 (1호 2호 3호),2,124000,2,true,same_universe_reconstructed
2602231017279117,2026-02-23 01:17:28.000 UTC,2026-02-23,65344,1000000087,백리향 1단 (1호 2호 3호),2,124000,2,true,same_universe_reconstructed
2602231017311938,2026-02-23 01:17:31.000 UTC,2026-02-23,65344,1000000087,백리향 1단 (1호 2호 3호),2,124000,2,true,same_universe_reconstructed
2602231017385599,2026-02-23 01:17:38.000 UTC,2026-02-23,65344,1000000087,백리향 1단 (1호 2호 3호),2,124000,2,true,same_universe_reconstructed
2602231045448880,2026-02-23 01:45:44.000 UTC,2026-02-23,56402,1000000093,매화 2송이 1호,20,96000,1,true,same_universe_reconstructed
2602231102321291,2026-02-23 02:02:32.000 UTC,2026-02-23,65209,1000000093,매화 2송이 1호,70,329000,1,true,same_universe_reconstructed
2602231108024982,2026-02-23 02:08:02.000 UTC,2026-02-23,65345,1000000064,2색 이티,2,65000,2,true,same_universe_reconstructed
2602231110541903,2026-02-23 02:10:54.000 UTC,2026-02-23,65346,1000000064,2색 이티,1,22000,1,true,same_universe_reconstructed
2602231113470844,2026-02-23 02:13:47.000 UTC,2026-02-23,65347,1000000094,매화 3송이 1호,55,357500,1,true,same_universe_reconstructed
2602231122498805,2026-02-23 02:22:49.000 UTC,2026-02-23,65271,1000000113,매화 5송이 3호,20,230000,1,true,same_universe_reconstructed
2602231215488156,2026-02-23 03:15:48.000 UTC,2026-02-23,0,1000000111,매화 3송이 3호,24,168000,1,true,same_universe_reconstructed
2602231300350658,2026-02-23 04:00:35.000 UTC,2026-02-23,11591,1000000063,쑥이티,1,46000,1,true,same_universe_reconstructed
2602231300350658,2026-02-23 04:00:35.000 UTC,2026-02-23,11591,1000000085,십리향 2단 (1호 2호 3호),7,357000,1,true,same_universe_reconstructed
2602231300350658,2026-02-23 04:00:35.000 UTC,2026-02-23,11591,1000000128,흑임자인절미,1,45000,1,true,same_universe_reconstructed
2602231340536409,2026-02-23 04:40:53.000 UTC,2026-02-23,65358,1000000086,십리향 3단,1,81000,1,true,same_universe_reconstructed
2602231348495990,2026-02-23 04:48:49.000 UTC,2026-02-23,64851,1000000064,2색 이티,2,170000,1,true,same_universe_reconstructed
2602231353487381,2026-02-23 04:53:48.000 UTC,2026-02-23,65356,1000000064,2색 이티,2,89000,1,true,same_universe_reconstructed
2602231353487381,2026-02-23 04:53:48.000 UTC,2026-02-23,65356,1000000093,매화 2송이 1호,70,336000,1,true,same_universe_reconstructed
2602231354138982,2026-02-23 04:54:13.000 UTC,2026-02-23,65256,1000000108,매화 2송이 2호,10,46000,1,true,same_universe_reconstructed
2602231359166953,2026-02-23 04:59:16.000 UTC,2026-02-23,0,1000000087,백리향 1단 (1호 2호 3호),1,61000,1,true,same_universe_reconstructed
2602231359582964,2026-02-23 04:59:58.000 UTC,2026-02-23,65357,1000000087,백리향 1단 (1호 2호 3호),1,61000,1,true,same_universe_reconstructed
2602231423477215,2026-02-23 05:23:47.000 UTC,2026-02-23,65350,1000000093,매화 2송이 1호,12,57600,1,true,same_universe_reconstructed
2602231424041196,2026-02-23 05:24:04.000 UTC,2026-02-23,0,1000000064,2색 이티,1,86500,1,true,same_universe_reconstructed
2602231430194377,2026-02-23 05:30:19.000 UTC,2026-02-23,54071,1000000086,십리향 3단,1,81000,1,true,same_universe_reconstructed
2602231431140638,2026-02-23 05:31:14.000 UTC,2026-02-23,54071,1000000086,십리향 3단,1,81000,1,true,same_universe_reconstructed
2602231440327029,2026-02-23 05:40:32.000 UTC,2026-02-23,65213,1000000085,십리향 2단 (1호 2호 3호),1,54500,1,true,same_universe_reconstructed
2602231453582520,2026-02-23 05:53:58.000 UTC,2026-02-23,0,1000000064,2색 이티,3,213000,2,true,same_universe_reconstructed
2602231454230431,2026-02-23 05:54:23.000 UTC,2026-02-23,52947,1000000088,백리향 2단 (1호 2호),1,120000,1,true,same_universe_reconstructed
2602231457179292,2026-02-23 05:57:17.000 UTC,2026-02-23,52947,1000000088,백리향 2단 (1호 2호),1,120000,1,true,same_universe_reconstructed
2602231503065753,2026-02-23 06:03:06.000 UTC,2026-02-23,52947,1000000088,백리향 2단 (1호 2호),1,120000,1,true,same_universe_reconstructed
2602231537550514,2026-02-23 06:37:55.000 UTC,2026-02-23,65258,1000000087,백리향 1단 (1호 2호 3호),1,61000,1,true,same_universe_reconstructed
2602231559151105,2026-02-23 06:59:15.000 UTC,2026-02-23,65339,1000000087,백리향 1단 (1호 2호 3호),2,122000,1,true,same_universe_reconstructed
2602231654176706,2026-02-23 07:54:17.000 UTC,2026-02-23,65363,1000000063,쑥이티,2,69500,2,true,same_universe_reconstructed
2602231656571317,2026-02-23 07:56:57.000 UTC,2026-02-23,61722,1000000091,일리향 2단 (1호 2호 3호),1,26000,1,true,same_universe_reconstructed
2602231656571317,2026-02-23 07:56:57.000 UTC,2026-02-23,61722,1000000111,매화 3송이 3호,17,119000,1,true,same_universe_reconstructed
2602231656584688,2026-02-23 07:56:58.000 UTC,2026-02-23,61722,1000000091,일리향 2단 (1호 2호 3호),1,26000,1,true,same_universe_reconstructed
2602231656584688,2026-02-23 07:56:58.000 UTC,2026-02-23,61722,1000000111,매화 3송이 3호,17,119000,1,true,same_universe_reconstructed
2602231713049599,2026-02-23 08:13:05.000 UTC,2026-02-23,65063,1000000064,2색 이티,1,44500,1,true,same_universe_reconstructed
2602231717114610,2026-02-23 08:17:11.000 UTC,2026-02-23,65341,1000000064,2색 이티,5,110000,1,true,same_universe_reconstructed
2602231733586111,2026-02-23 08:33:58.000 UTC,2026-02-23,61722,1000000091,일리향 2단 (1호 2호 3호),1,26000,1,true,same_universe_reconstructed
2602231733586111,2026-02-23 08:33:58.000 UTC,2026-02-23,61722,1000000111,매화 3송이 3호,17,119000,1,true,same_universe_reconstructed
2602231733589462,2026-02-23 08:33:59.000 UTC,2026-02-23,40248,1000000064,2색 이티,1,22000,1,true,same_universe_reconstructed
2602231733589462,2026-02-23 08:33:59.000 UTC,2026-02-23,40248,1000000086,십리향 3단,1,81000,1,true,same_universe_reconstructed
2602231735069793,2026-02-23 08:35:07.000 UTC,2026-02-23,61722,1000000091,일리향 2단 (1호 2호 3호),1,26000,1,true,same_universe_reconstructed
2602231735069793,2026-02-23 08:35:07.000 UTC,2026-02-23,61722,1000000111,매화 3송이 3호,17,119000,1,true,same_universe_reconstructed
2602231740576464,2026-02-23 08:40:57.000 UTC,2026-02-23,65364,1000000085,십리향 2단 (1호 2호 3호),3,163500,1,true,same_universe_reconstructed
2602231740576464,2026-02-23 08:40:57.000 UTC,2026-02-23,65364,1000000110,매화 3송이 2호,50,345000,1,true,same_universe_reconstructed
2602231742394485,2026-02-23 08:42:39.000 UTC,2026-02-23,40248,1000000064,2색 이티,1,22000,1,true,same_universe_reconstructed
2602231742394485,2026-02-23 08:42:39.000 UTC,2026-02-23,40248,1000000086,십리향 3단,1,81000,1,true,same_universe_reconstructed
2602231742409076,2026-02-23 08:42:40.000 UTC,2026-02-23,40248,1000000064,2색 이티,1,22000,1,true,same_universe_reconstructed
2602231742409076,2026-02-23 08:42:40.000 UTC,2026-02-23,40248,1000000086,십리향 3단,1,81000,1,true,same_universe_reconstructed
2602231742458347,2026-02-23 08:42:45.000 UTC,2026-02-23,61722,1000000091,일리향 2단 (1호 2호 3호),1,26000,1,true,same_universe_reconstructed
2602231742458347,2026-02-23 08:42:45.000 UTC,2026-02-23,61722,1000000111,매화 3송이 3호,17,119000,1,true,same_universe_reconstructed
2602231744108678,2026-02-23 08:44:11.000 UTC,2026-02-23,61722,1000000091,일리향 2단 (1호 2호 3호),1,26000,1,true,same_universe_reconstructed
2602231744108678,2026-02-23 08:44:11.000 UTC,2026-02-23,61722,1000000111,매화 3송이 3호,17,119000,1,true,same_universe_reconstructed
2602231744126449,2026-02-23 08:44:12.000 UTC,2026-02-23,40248,1000000064,2색 이티,1,22000,1,true,same_universe_reconstructed
2602231744126449,2026-02-23 08:44:12.000 UTC,2026-02-23,40248,1000000086,십리향 3단,1,81000,1,true,same_universe_reconstructed
2602231745446600,2026-02-23 08:45:44.000 UTC,2026-02-23,40248,1000000064,2색 이티,1,22000,1,true,same_universe_reconstructed
2602231745446600,2026-02-23 08:45:44.000 UTC,2026-02-23,40248,1000000086,십리향 3단,1,81000,1,true,same_universe_reconstructed
2602231754327311,2026-02-23 08:54:32.000 UTC,2026-02-23,65364,1000000085,십리향 2단 (1호 2호 3호),3,163500,1,true,same_universe_reconstructed
2602231754327311,2026-02-23 08:54:32.000 UTC,2026-02-23,65364,1000000094,매화 3송이 1호,50,330000,1,true,same_universe_reconstructed
2602231843484522,2026-02-23 09:43:48.000 UTC,2026-02-23,40248,1000000064,2색 이티,1,22000,1,true,same_universe_reconstructed
2602231843484522,2026-02-23 09:43:48.000 UTC,2026-02-23,40248,1000000086,십리향 3단,1,81000,1,true,same_universe_reconstructed
2602231914054223,2026-02-23 10:14:05.000 UTC,2026-02-23,61885,1000000064,2색 이티,2,128000,2,true,same_universe_reconstructed
2602231914054223,2026-02-23 10:14:05.000 UTC,2026-02-23,61885,1000000089,백리향 3단,1,173000,1,true,same_universe_reconstructed
2602232020468714,2026-02-23 11:20:46.000 UTC,2026-02-23,65373,1000000088,백리향 2단 (1호 2호),1,111000,1,true,same_universe_reconstructed
2602232119148095,2026-02-23 12:19:14.000 UTC,2026-02-23,63504,1000000064,2색 이티,1,43000,1,true,same_universe_reconstructed
2602232122280656,2026-02-23 12:22:28.000 UTC,2026-02-23,65377,1000000087,백리향 1단 (1호 2호 3호),1,57000,1,true,same_universe_reconstructed
2602232123183617,2026-02-23 12:23:18.000 UTC,2026-02-23,0,1000000064,2색 이티,3,129000,1,true,same_universe_reconstructed
2602232125505738,2026-02-23 12:25:50.000 UTC,2026-02-23,65377,1000000088,백리향 2단 (1호 2호),1,116000,1,true,same_universe_reconstructed
2602232214495929,2026-02-23 13:14:49.000 UTC,2026-02-23,54114,1000000093,매화 2송이 1호,75,360000,1,true,same_universe_reconstructed
2602232218024630,2026-02-23 13:18:02.000 UTC,2026-02-23,54114,1000000093,매화 2송이 1호,75,360000,1,true,same_universe_reconstructed
2602232221406711,2026-02-23 13:21:40.000 UTC,2026-02-23,64480,1000000064,2색 이티,2,65000,2,true,same_universe_reconstructed
2602232223581332,2026-02-23 13:23:58.000 UTC,2026-02-23,64480,1000000064,2색 이티,2,65000,2,true,same_universe_reconstructed
2602232312567693,2026-02-23 14:12:56.000 UTC,2026-02-23,30735,1000000121,깨송편 1kg,2,39000,1,true,same_universe_reconstructed
2602232312567693,2026-02-23 14:12:56.000 UTC,2026-02-23,30735,1000000143,"경기참기름, 경기들기름",1,40000,1,true,same_universe_reconstructed
2602232313244404,2026-02-23 14:13:24.000 UTC,2026-02-23,65336,1000000044,고구마찰떡,2,45000,1,true,same_universe_reconstructed
2602232313244404,2026-02-23 14:13:24.000 UTC,2026-02-23,65336,1000000064,2색 이티,1,43000,1,true,same_universe_reconstructed
2602232319473925,2026-02-23 14:19:47.000 UTC,2026-02-23,65336,1000000044,고구마찰떡,2,45000,1,true,same_universe_reconstructed
2602232319473925,2026-02-23 14:19:47.000 UTC,2026-02-23,65336,1000000064,2색 이티,1,43000,1,true,same_universe_reconstructed
2602232325572966,2026-02-23 14:25:57.000 UTC,2026-02-23,185,1000000093,매화 2송이 1호,25,117500,1,true,same_universe_reconstructed
2602232333106217,2026-02-23 14:33:10.000 UTC,2026-02-23,185,1000000093,매화 2송이 1호,25,117500,1,true,same_universe_reconstructed
2602232345439658,2026-02-23 14:45:44.000 UTC,2026-02-23,185,1000000093,매화 2송이 1호,25,117500,1,true,same_universe_reconstructed
2602232351473019,2026-02-23 14:51:47.000 UTC,2026-02-23,185,1000000093,매화 2송이 1호,25,117500,1,true,same_universe_reconstructed
2602232351491640,2026-02-23 14:51:49.000 UTC,2026-02-23,185,1000000093,매화 2송이 1호,25,117500,1,true,same_universe_reconstructed
2602232355551471,2026-02-23 14:55:55.000 UTC,2026-02-23,185,1000000093,매화 2송이 1호,25,117500,1,true,same_universe_reconstructed
2602240000376012,2026-02-23 15:00:37.000 UTC,2026-02-23,185,1000000093,매화 2송이 1호,25,117500,1,true,same_universe_reconstructed
2602240022291901,2026-02-23 15:22:29.000 UTC,2026-02-23,62577,1000000128,흑임자인절미,1,22500,1,true,same_universe_reconstructed
2602240552055662,2026-02-23 20:52:05.000 UTC,2026-02-23,51183,1000000090,일리향 1단 (1호 2호 3호),1,13000,1,true,same_universe_reconstructed
2602240552055662,2026-02-23 20:52:05.000 UTC,2026-02-23,51183,1000000094,매화 3송이 1호,26,169000,1,true,same_universe_reconstructed
2602240810250013,2026-02-23 23:10:25.000 UTC,2026-02-23,0,1000000064,2색 이티,2,89000,1,true,same_universe_reconstructed
2602240915576744,2026-02-24 00:15:57.000 UTC,2026-02-24,65385,1000000091,일리향 2단 (1호 2호 3호),2,51000,1,true,same_universe_reconstructed
2602241013443935,2026-02-24 01:13:44.000 UTC,2026-02-24,0,1000000064,2색 이티,1,44500,1,true,same_universe_reconstructed
2602241032326636,2026-02-24 01:32:32.000 UTC,2026-02-24,65023,1000000064,2색 이티,2,108500,2,true,same_universe_reconstructed
2602241039103077,2026-02-24 01:39:10.000 UTC,2026-02-24,0,1000000111,매화 3송이 3호,43,301000,1,true,same_universe_reconstructed
2602241103454269,2026-02-24 02:03:45.000 UTC,2026-02-24,25822,1000000088,백리향 2단 (1호 2호),1,116000,1,true,same_universe_reconstructed
2602241108477970,2026-02-24 02:08:47.000 UTC,2026-02-24,0,1000000092,일리향 3단,1,38000,1,true,same_universe_reconstructed
2602241149368081,2026-02-24 02:49:36.000 UTC,2026-02-24,65388,1000000085,십리향 2단 (1호 2호 3호),13,663000,1,true,same_universe_reconstructed
2602241149368081,2026-02-24 02:49:36.000 UTC,2026-02-24,65388,1000000091,일리향 2단 (1호 2호 3호),3,76500,1,true,same_universe_reconstructed
2602241152504192,2026-02-24 02:52:50.000 UTC,2026-02-24,0,1000000093,매화 2송이 1호,70,329000,1,true,same_universe_reconstructed
2602241204574293,2026-02-24 03:04:57.000 UTC,2026-02-24,65392,1000000064,2색 이티,2,65000,2,true,same_universe_reconstructed
2602241205461254,2026-02-24 03:05:46.000 UTC,2026-02-24,65390,1000000064,2색 이티,1,22000,1,true,same_universe_reconstructed
2602241212298665,2026-02-24 03:12:29.000 UTC,2026-02-24,65393,1000000093,매화 2송이 1호,25,120000,1,true,same_universe_reconstructed
2602241216530896,2026-02-24 03:16:53.000 UTC,2026-02-24,65393,1000000093,매화 2송이 1호,25,120000,1,true,same_universe_reconstructed
2602241217421577,2026-02-24 03:17:42.000 UTC,2026-02-24,65278,1000000092,일리향 3단,1,38000,1,true,same_universe_reconstructed
2602241217421577,2026-02-24 03:17:42.000 UTC,2026-02-24,65278,1000000093,매화 2송이 1호,27,129600,1,true,same_universe_reconstructed
2602241219206328,2026-02-24 03:19:20.000 UTC,2026-02-24,65278,1000000092,일리향 3단,1,38000,1,true,same_universe_reconstructed
2602241219206328,2026-02-24 03:19:20.000 UTC,2026-02-24,65278,1000000093,매화 2송이 1호,27,129600,1,true,same_universe_reconstructed
2602241219228549,2026-02-24 03:19:22.000 UTC,2026-02-24,65278,1000000092,일리향 3단,1,38000,1,true,same_universe_reconstructed
2602241219228549,2026-02-24 03:19:22.000 UTC,2026-02-24,65278,1000000093,매화 2송이 1호,27,129600,1,true,same_universe_reconstructed
2602241221280920,2026-02-24 03:21:28.000 UTC,2026-02-24,65278,1000000092,일리향 3단,1,38000,1,true,same_universe_reconstructed
2602241221280920,2026-02-24 03:21:28.000 UTC,2026-02-24,65278,1000000093,매화 2송이 1호,27,129600,1,true,same_universe_reconstructed
2602241231120311,2026-02-24 03:31:12.000 UTC,2026-02-24,65395,1000000064,2색 이티,1,43000,1,true,same_universe_reconstructed
2602241232159952,2026-02-24 03:32:16.000 UTC,2026-02-24,65394,1000000064,2색 이티,4,88000,1,true,same_universe_reconstructed
2602241307421193,2026-02-24 04:07:42.000 UTC,2026-02-24,65391,1000000063,쑥이티,1,46000,1,true,same_universe_reconstructed
2602241353077275,2026-02-24 04:53:07.000 UTC,2026-02-24,64054,1000000063,쑥이티,2,136000,2,true,same_universe_reconstructed
2602241401044217,2026-02-24 05:01:04.000 UTC,2026-02-24,65400,1000000111,매화 3송이 3호,77,539000,1,true,same_universe_reconstructed
2602241401130328,2026-02-24 05:01:13.000 UTC,2026-02-24,65400,1000000111,매화 3송이 3호,77,539000,1,true,same_universe_reconstructed
2602241404568479,2026-02-24 05:04:56.000 UTC,2026-02-24,65400,1000000111,매화 3송이 3호,80,560000,1,true,same_universe_reconstructed
2602241408271090,2026-02-24 05:08:27.000 UTC,2026-02-24,0,1000000064,2색 이티,6,132000,1,true,same_universe_reconstructed
2602241418173681,2026-02-24 05:18:17.000 UTC,2026-02-24,63707,1000000110,매화 3송이 2호,70,476000,1,true,same_universe_reconstructed
2602241418385452,2026-02-24 05:18:38.000 UTC,2026-02-24,0,1000000064,2색 이티,6,132000,1,true,same_universe_reconstructed
2602241419322493,2026-02-24 05:19:32.000 UTC,2026-02-24,63707,1000000110,매화 3송이 2호,70,476000,1,true,same_universe_reconstructed
2602241424495404,2026-02-24 05:24:49.000 UTC,2026-02-24,64054,1000000063,쑥이티,2,136000,2,true,same_universe_reconstructed
2602241457236055,2026-02-24 05:57:23.000 UTC,2026-02-24,0,1000000093,매화 2송이 1호,50,235000,1,true,same_universe_reconstructed
2602241457388606,2026-02-24 05:57:38.000 UTC,2026-02-24,65403,1000000064,2색 이티,1,85000,1,true,same_universe_reconstructed
2602241459426097,2026-02-24 05:59:42.000 UTC,2026-02-24,65285,1000000027,마스코바도 설기,1,20000,1,true,same_universe_reconstructed
2602241459426097,2026-02-24 05:59:42.000 UTC,2026-02-24,65285,1000000033,가래떡(40개) 4kg,1,45000,1,true,same_universe_reconstructed
2602241459426097,2026-02-24 05:59:42.000 UTC,2026-02-24,65285,1000000043,모듬영양찰떡,1,45000,1,true,same_universe_reconstructed
2602241459426097,2026-02-24 05:59:42.000 UTC,2026-02-24,65285,1000000064,2색 이티,1,85000,1,true,same_universe_reconstructed
2602241459426097,2026-02-24 05:59:42.000 UTC,2026-02-24,65285,1000000070,마스코바도 쑥설기,1,20000,1,true,same_universe_reconstructed
2602241459426097,2026-02-24 05:59:42.000 UTC,2026-02-24,65285,1000000071,마스코바도 호박설기,1,20000,1,true,same_universe_reconstructed
2602241502249028,2026-02-24 06:02:24.000 UTC,2026-02-24,65403,1000000064,2색 이티,1,85000,1,true,same_universe_reconstructed
2602241510195689,2026-02-24 06:10:19.000 UTC,2026-02-24,64459,1000000094,매화 3송이 1호,75,495000,1,true,same_universe_reconstructed
2602241516142940,2026-02-24 06:16:14.000 UTC,2026-02-24,64480,1000000064,2색 이티,2,66500,2,true,same_universe_reconstructed
2602241522221022,2026-02-24 06:22:22.000 UTC,2026-02-24,64480,1000000064,2색 이티,2,66500,2,true,same_universe_reconstructed
2602241536261483,2026-02-24 06:36:26.000 UTC,2026-02-24,65391,1000000063,쑥이티,1,46000,1,true,same_universe_reconstructed
2602241543264114,2026-02-24 06:43:26.000 UTC,2026-02-24,65143,1000000064,2색 이티,1,22000,1,true,same_universe_reconstructed
2602241619015595,2026-02-24 07:19:01.000 UTC,2026-02-24,65396,1000000062,흰이티,1,21000,1,true,same_universe_reconstructed
2602241619015595,2026-02-24 07:19:01.000 UTC,2026-02-24,65396,1000000063,쑥이티,1,23500,1,true,same_universe_reconstructed
2602241619015595,2026-02-24 07:19:01.000 UTC,2026-02-24,65396,1000000064,2색 이티,1,22000,1,true,same_universe_reconstructed
2602241619015595,2026-02-24 07:19:01.000 UTC,2026-02-24,65396,1000000127,흑임자이티,1,23500,1,true,same_universe_reconstructed
2602241622341956,2026-02-24 07:22:34.000 UTC,2026-02-24,38434,1000000043,모듬영양찰떡,1,22500,1,true,same_universe_reconstructed
2602241622341956,2026-02-24 07:22:34.000 UTC,2026-02-24,38434,1000000087,백리향 1단 (1호 2호 3호),1,61000,1,true,same_universe_reconstructed
2602241638147237,2026-02-24 07:38:14.000 UTC,2026-02-24,0,1000000064,2색 이티,3,255000,1,true,same_universe_reconstructed
2602241640335418,2026-02-24 07:40:33.000 UTC,2026-02-24,0,1000000064,2색 이티,3,255000,1,true,same_universe_reconstructed
2602241641558389,2026-02-24 07:41:55.000 UTC,2026-02-24,63205,1000000091,일리향 2단 (1호 2호 3호),45,1215000,1,true,same_universe_reconstructed
2602241727247880,2026-02-24 08:27:24.000 UTC,2026-02-24,0,1000000144,경기 미숫가루 쫀드기,8,72000,1,true,same_universe_reconstructed
2602241750468561,2026-02-24 08:50:46.000 UTC,2026-02-24,65407,1000000093,매화 2송이 1호,50,240000,1,true,same_universe_reconstructed
2602241759109682,2026-02-24 08:59:11.000 UTC,2026-02-24,65407,1000000093,매화 2송이 1호,260,1248000,1,true,same_universe_reconstructed
2602241812158663,2026-02-24 09:12:15.000 UTC,2026-02-24,61524,1000000064,2색 이티,1,22000,1,true,same_universe_reconstructed
2602241826493334,2026-02-24 09:26:49.000 UTC,2026-02-24,62173,1000000088,백리향 2단 (1호 2호),1,116000,1,true,same_universe_reconstructed
2602241837563595,2026-02-24 09:37:56.000 UTC,2026-02-24,65414,1000000093,매화 2송이 1호,40,192000,1,true,same_universe_reconstructed
2602241859085276,2026-02-24 09:59:08.000 UTC,2026-02-24,62640,1000000089,백리향 3단,1,173000,1,true,same_universe_reconstructed
2602241905477047,2026-02-24 10:05:47.000 UTC,2026-02-24,57584,1000000064,2색 이티,1,86500,1,true,same_universe_reconstructed
2602241921338538,2026-02-24 10:21:33.000 UTC,2026-02-24,59134,1000000089,백리향 3단,1,173000,1,true,same_universe_reconstructed
2602241927000859,2026-02-24 10:27:00.000 UTC,2026-02-24,59134,1000000089,백리향 3단,1,173000,1,true,same_universe_reconstructed
2602241933279220,2026-02-24 10:33:28.000 UTC,2026-02-24,59134,1000000086,십리향 3단,1,81000,1,true,same_universe_reconstructed
2602241946320961,2026-02-24 10:46:32.000 UTC,2026-02-24,65419,1000000111,매화 3송이 3호,80,560000,1,true,same_universe_reconstructed
2602242022493552,2026-02-24 11:22:49.000 UTC,2026-02-24,52487,1000000042,약식,1,45000,1,true,same_universe_reconstructed
2602242022493552,2026-02-24 11:22:49.000 UTC,2026-02-24,52487,1000000043,모듬영양찰떡,1,45000,1,true,same_universe_reconstructed
2602242022493552,2026-02-24 11:22:49.000 UTC,2026-02-24,52487,1000000044,고구마찰떡,1,45000,1,true,same_universe_reconstructed
2602242022493552,2026-02-24 11:22:49.000 UTC,2026-02-24,52487,1000000045,완두시루떡,1,20000,1,true,same_universe_reconstructed
2602242022493552,2026-02-24 11:22:49.000 UTC,2026-02-24,52487,1000000121,깨송편 1kg,1,19500,1,true,same_universe_reconstructed
2602242022493552,2026-02-24 11:22:49.000 UTC,2026-02-24,52487,1000000127,흑임자이티,1,46000,1,true,same_universe_reconstructed
2602242035555223,2026-02-24 11:35:55.000 UTC,2026-02-24,65425,1000000111,매화 3송이 3호,10,71000,1,true,same_universe_reconstructed
2602242108400774,2026-02-24 12:08:40.000 UTC,2026-02-24,65354,1000000093,매화 2송이 1호,40,192000,1,true,same_universe_reconstructed
2602242114260285,2026-02-24 12:14:26.000 UTC,2026-02-24,65402,1000000085,십리향 2단 (1호 2호 3호),1,51000,1,true,same_universe_reconstructed
2602242114260285,2026-02-24 12:14:26.000 UTC,2026-02-24,65402,1000000093,매화 2송이 1호,10,47000,1,true,same_universe_reconstructed
2602242157062376,2026-02-24 12:57:06.000 UTC,2026-02-24,65430,1000000062,흰이티,1,41000,1,true,same_universe_reconstructed
2602242227016377,2026-02-24 13:27:01.000 UTC,2026-02-24,65432,1000000111,매화 3송이 3호,10,71000,1,true,same_universe_reconstructed
2602242314243859,2026-02-24 14:14:24.000 UTC,2026-02-24,65252,1000000064,2색 이티,1,43000,1,true,same_universe_reconstructed
2602242322589830,2026-02-24 14:22:59.000 UTC,2026-02-24,64056,1000000093,매화 2송이 1호,40,188000,1,true,same_universe_reconstructed
2602242351342881,2026-02-24 14:51:34.000 UTC,2026-02-24,64348,1000000084,십리향 1단 (1호 2호 3호),2,54000,1,true,same_universe_reconstructed
2602250006027531,2026-02-24 15:06:02.000 UTC,2026-02-24,65420,1000000044,고구마찰떡,2,134000,2,true,same_universe_reconstructed
2602250104292772,2026-02-24 16:04:29.000 UTC,2026-02-24,65317,1000000064,2색 이티,1,85000,1,true,same_universe_reconstructed
2602250316469623,2026-02-24 18:16:47.000 UTC,2026-02-24,63901,1000000084,십리향 1단 (1호 2호 3호),7,207500,2,true,same_universe_reconstructed
2602250316469623,2026-02-24 18:16:47.000 UTC,2026-02-24,63901,1000000110,매화 3송이 2호,10,68000,1,true,same_universe_reconstructed
2602250835321934,2026-02-24 23:35:32.000 UTC,2026-02-24,61150,1000000111,매화 3송이 3호,50,355000,1,true,same_universe_reconstructed
2602250931348046,2026-02-25 00:31:34.000 UTC,2026-02-25,65442,1000000093,매화 2송이 1호,15,72000,1,true,same_universe_reconstructed
2602250931417837,2026-02-25 00:31:41.000 UTC,2026-02-25,61864,1000000035,떡국떡 500g,2,12000,1,true,same_universe_reconstructed
2602250931417837,2026-02-25 00:31:41.000 UTC,2026-02-25,61864,1000000086,십리향 3단,1,77000,1,true,same_universe_reconstructed
2602250933392218,2026-02-25 00:33:39.000 UTC,2026-02-25,65442,1000000093,매화 2송이 1호,15,72000,1,true,same_universe_reconstructed
2602250934174319,2026-02-25 00:34:17.000 UTC,2026-02-25,65429,1000000087,백리향 1단 (1호 2호 3호),1,57000,1,true,same_universe_reconstructed
2602250947264540,2026-02-25 00:47:26.000 UTC,2026-02-25,65441,1000000111,매화 3송이 3호,80,568000,1,true,same_universe_reconstructed
2602250949365531,2026-02-25 00:49:36.000 UTC,2026-02-25,0,1000000063,쑥이티,2,136000,2,true,same_universe_reconstructed
2602251010246552,2026-02-25 01:10:24.000 UTC,2026-02-25,65093,1000000084,십리향 1단 (1호 2호 3호),4,106000,2,true,same_universe_reconstructed
2602251011493563,2026-02-25 01:11:49.000 UTC,2026-02-25,65367,1000000084,십리향 1단 (1호 2호 3호),111,2997000,1,true,same_universe_reconstructed
2602251011493563,2026-02-25 01:11:49.000 UTC,2026-02-25,65367,1000000086,십리향 3단,2,162000,1,true,same_universe_reconstructed
2602251027048654,2026-02-25 01:27:04.000 UTC,2026-02-25,63563,1000000093,매화 2송이 1호,100,470000,1,true,same_universe_reconstructed
2602251027203545,2026-02-25 01:27:20.000 UTC,2026-02-25,65340,1000000064,2색 이티,1,43000,1,true,same_universe_reconstructed
2602251030204846,2026-02-25 01:30:20.000 UTC,2026-02-25,65443,1000000042,약식,1,22500,1,true,same_universe_reconstructed
2602251030204846,2026-02-25 01:30:20.000 UTC,2026-02-25,65443,1000000045,완두시루떡,1,20000,1,true,same_universe_reconstructed
2602251030204846,2026-02-25 01:30:20.000 UTC,2026-02-25,65443,1000000064,2색 이티,1,22000,1,true,same_universe_reconstructed
2602251037258737,2026-02-25 01:37:25.000 UTC,2026-02-25,65416,1000000111,매화 3송이 3호,70,497000,1,true,same_universe_reconstructed
2602251038252718,2026-02-25 01:38:25.000 UTC,2026-02-25,0,1000000093,매화 2송이 1호,36,172800,1,true,same_universe_reconstructed
2602251041183199,2026-02-25 01:41:18.000 UTC,2026-02-25,65445,1000000087,백리향 1단 (1호 2호 3호),2,122000,1,true,same_universe_reconstructed
2602251041195000,2026-02-25 01:41:19.000 UTC,2026-02-25,65445,1000000087,백리향 1단 (1호 2호 3호),2,122000,1,true,same_universe_reconstructed
2602251048351071,2026-02-25 01:48:35.000 UTC,2026-02-25,65448,1000000064,2색 이티,4,298000,2,true,same_universe_reconstructed
2602251051235492,2026-02-25 01:51:23.000 UTC,2026-02-25,65448,1000000064,2색 이티,4,298000,2,true,same_universe_reconstructed
2602251053094383,2026-02-25 01:53:09.000 UTC,2026-02-25,65448,1000000064,2색 이티,4,298000,2,true,same_universe_reconstructed
2602251054331194,2026-02-25 01:54:33.000 UTC,2026-02-25,65448,1000000064,2색 이티,4,298000,2,true,same_universe_reconstructed
2602251105278975,2026-02-25 02:05:27.000 UTC,2026-02-25,65450,1000000088,백리향 2단 (1호 2호),1,120000,1,true,same_universe_reconstructed
2602251105278975,2026-02-25 02:05:27.000 UTC,2026-02-25,65450,1000000110,매화 3송이 2호,15,103500,1,true,same_universe_reconstructed
2602251111100126,2026-02-25 02:11:10.000 UTC,2026-02-25,18357,1000000042,약식,1,22500,1,true,same_universe_reconstructed
2602251111100126,2026-02-25 02:11:10.000 UTC,2026-02-25,18357,1000000064,2색 이티,2,44000,1,true,same_universe_reconstructed
2602251138408317,2026-02-25 02:38:40.000 UTC,2026-02-25,65157,1000000084,십리향 1단 (1호 2호 3호),1,28000,1,true,same_universe_reconstructed
2602251211146798,2026-02-25 03:11:14.000 UTC,2026-02-25,0,1000000084,십리향 1단 (1호 2호 3호),1,27000,1,true,same_universe_reconstructed
2602251211146798,2026-02-25 03:11:14.000 UTC,2026-02-25,0,1000000086,십리향 3단,1,77000,1,true,same_universe_reconstructed
2602251214128079,2026-02-25 03:14:12.000 UTC,2026-02-25,0,1000000084,십리향 1단 (1호 2호 3호),1,27000,1,true,same_universe_reconstructed
2602251214128079,2026-02-25 03:14:12.000 UTC,2026-02-25,0,1000000086,십리향 3단,1,77000,1,true,same_universe_reconstructed
2602251253338340,2026-02-25 03:53:33.000 UTC,2026-02-25,63339,1000000064,2색 이티,1,43000,1,true,same_universe_reconstructed
2602251316050951,2026-02-25 04:16:05.000 UTC,2026-02-25,65452,1000000091,일리향 2단 (1호 2호 3호),1,26500,1,true,same_universe_reconstructed
2602251337556794,2026-02-25 04:37:55.000 UTC,2026-02-25,65454,1000000088,백리향 2단 (1호 2호),1,115000,1,true,same_universe_reconstructed
2602251353466265,2026-02-25 04:53:46.000 UTC,2026-02-25,65455,1000000086,십리향 3단,1,81000,1,true,same_universe_reconstructed
2602251410328276,2026-02-25 05:10:32.000 UTC,2026-02-25,61988,1000000089,백리향 3단,2,346000,1,true,same_universe_reconstructed
2602251419084107,2026-02-25 05:19:08.000 UTC,2026-02-25,65434,1000000111,매화 3송이 3호,15,106500,1,true,same_universe_reconstructed
2602251422523508,2026-02-25 05:22:52.000 UTC,2026-02-25,65457,1000000089,백리향 3단,1,168000,1,true,same_universe_reconstructed
2602251449377029,2026-02-25 05:49:37.000 UTC,2026-02-25,58911,1000000088,백리향 2단 (1호 2호),1,120000,1,true,same_universe_reconstructed
2602251453373400,2026-02-25 05:53:37.000 UTC,2026-02-25,58911,1000000088,백리향 2단 (1호 2호),1,120000,1,true,same_universe_reconstructed
2602251455108891,2026-02-25 05:55:10.000 UTC,2026-02-25,65458,1000000093,매화 2송이 1호,25,120000,1,true,same_universe_reconstructed
2602251523238242,2026-02-25 06:23:23.000 UTC,2026-02-25,60853,1000000045,완두시루떡,2,60000,2,true,same_universe_reconstructed
2602251602226713,2026-02-25 07:02:22.000 UTC,2026-02-25,65461,1000000090,일리향 1단 (1호 2호 3호),50,650000,1,true,same_universe_reconstructed
2602251633274074,2026-02-25 07:33:27.000 UTC,2026-02-25,65462,1000000093,매화 2송이 1호,20,96000,1,true,same_universe_reconstructed
2602251641059555,2026-02-25 07:41:06.000 UTC,2026-02-25,65462,1000000093,매화 2송이 1호,20,96000,1,true,same_universe_reconstructed
2602251645299686,2026-02-25 07:45:30.000 UTC,2026-02-25,65462,1000000093,매화 2송이 1호,20,96000,1,true,same_universe_reconstructed
2602251714590077,2026-02-25 08:14:59.000 UTC,2026-02-25,0,1000000087,백리향 1단 (1호 2호 3호),1,61000,1,true,same_universe_reconstructed
2602251714590077,2026-02-25 08:14:59.000 UTC,2026-02-25,0,1000000090,일리향 1단 (1호 2호 3호),4,52000,1,true,same_universe_reconstructed
2602251718522638,2026-02-25 08:18:52.000 UTC,2026-02-25,0,1000000087,백리향 1단 (1호 2호 3호),1,61000,1,true,same_universe_reconstructed
2602251718522638,2026-02-25 08:18:52.000 UTC,2026-02-25,0,1000000090,일리향 1단 (1호 2호 3호),4,52000,1,true,same_universe_reconstructed
2602251721179489,2026-02-25 08:21:17.000 UTC,2026-02-25,0,1000000087,백리향 1단 (1호 2호 3호),1,61000,1,true,same_universe_reconstructed
2602251721179489,2026-02-25 08:21:17.000 UTC,2026-02-25,0,1000000090,일리향 1단 (1호 2호 3호),4,52000,1,true,same_universe_reconstructed
2602251730173710,2026-02-25 08:30:17.000 UTC,2026-02-25,0,1000000043,모듬영양찰떡,1,87500,1,true,same_universe_reconstructed
2602251730173710,2026-02-25 08:30:17.000 UTC,2026-02-25,0,1000000063,쑥이티,1,46000,1,true,same_universe_reconstructed
2602251730173710,2026-02-25 08:30:17.000 UTC,2026-02-25,0,1000000066,쑥인절미,1,87500,1,true,same_universe_reconstructed
2602251746148851,2026-02-25 08:46:14.000 UTC,2026-02-25,65466,1000000110,매화 3송이 2호,53,360400,1,true,same_universe_reconstructed
2602251750410522,2026-02-25 08:50:41.000 UTC,2026-02-25,65466,1000000112,매화 5송이 2호,38,437000,1,true,same_universe_reconstructed
2602251757303483,2026-02-25 08:57:30.000 UTC,2026-02-25,65467,1000000093,매화 2송이 1호,10,48000,1,true,same_universe_reconstructed
2602251802464844,2026-02-25 09:02:46.000 UTC,2026-02-25,65467,1000000093,매화 2송이 1호,10,48000,1,true,same_universe_reconstructed
2602251818242245,2026-02-25 09:18:24.000 UTC,2026-02-25,65469,1000000063,쑥이티,1,90000,1,true,same_universe_reconstructed
2602251942060066,2026-02-25 10:42:06.000 UTC,2026-02-25,65471,1000000087,백리향 1단 (1호 2호 3호),1,61000,1,true,same_universe_reconstructed
2602251953438007,2026-02-25 10:53:43.000 UTC,2026-02-25,65472,1000000064,2색 이티,2,44000,1,true,same_universe_reconstructed
2602251956280008,2026-02-25 10:56:28.000 UTC,2026-02-25,65472,1000000064,2색 이티,2,44000,1,true,same_universe_reconstructed
2602251958326759,2026-02-25 10:58:32.000 UTC,2026-02-25,65472,1000000064,2색 이티,2,44000,1,true,same_universe_reconstructed
2602252002191730,2026-02-25 11:02:19.000 UTC,2026-02-25,65473,1000000064,2색 이티,1,43000,1,true,same_universe_reconstructed
2602252002191730,2026-02-25 11:02:19.000 UTC,2026-02-25,65473,1000000121,깨송편 1kg,1,19500,1,true,same_universe_reconstructed
2602252035239821,2026-02-25 11:35:24.000 UTC,2026-02-25,65475,1000000064,2색 이티,2,65000,2,true,same_universe_reconstructed
2602252137279602,2026-02-25 12:37:28.000 UTC,2026-02-25,65478,1000000111,매화 3송이 3호,80,568000,1,true,same_universe_reconstructed
2602252240294943,2026-02-25 13:40:29.000 UTC,2026-02-25,65479,1000000064,2색 이티,5,215000,1,true,same_universe_reconstructed
2602252309071374,2026-02-25 14:09:07.000 UTC,2026-02-25,65479,1000000064,2색 이티,5,215000,1,true,same_universe_reconstructed
2602260751065241,2026-02-25 22:51:06.000 UTC,2026-02-25,65486,1000000064,2색 이티,1,44500,1,true,same_universe_reconstructed
2602260801026572,2026-02-25 23:01:02.000 UTC,2026-02-25,0,1000000091,일리향 2단 (1호 2호 3호),1,25000,1,true,same_universe_reconstructed
2602260818381603,2026-02-25 23:18:38.000 UTC,2026-02-25,65376,1000000108,매화 2송이 2호,30,135000,1,true,same_universe_reconstructed
2602260833510135,2026-02-25 23:33:51.000 UTC,2026-02-25,65487,1000000093,매화 2송이 1호,90,432000,1,true,same_universe_reconstructed
2602260909542266,2026-02-26 00:09:54.000 UTC,2026-02-26,37651,1000000111,매화 3송이 3호,60,426000,1,true,same_universe_reconstructed
2602260913498757,2026-02-26 00:13:49.000 UTC,2026-02-26,65143,1000000064,2색 이티,1,22000,1,true,same_universe_reconstructed
2602260915353528,2026-02-26 00:15:35.000 UTC,2026-02-26,65143,1000000064,2색 이티,1,22000,1,true,same_universe_reconstructed
2602260917468319,2026-02-26 00:17:46.000 UTC,2026-02-26,65143,1000000064,2색 이티,1,43000,1,true,same_universe_reconstructed
2602260945316660,2026-02-26 00:45:31.000 UTC,2026-02-26,61116,1000000062,흰이티,1,80000,1,true,same_universe_reconstructed
2602260945316660,2026-02-26 00:45:31.000 UTC,2026-02-26,61116,1000000127,흑임자이티,2,69500,2,true,same_universe_reconstructed
2602260956153231,2026-02-26 00:56:15.000 UTC,2026-02-26,61791,1000000085,십리향 2단 (1호 2호 3호),1,54500,1,true,same_universe_reconstructed
2602260956157532,2026-02-26 00:56:15.000 UTC,2026-02-26,61791,1000000085,십리향 2단 (1호 2호 3호),1,54500,1,true,same_universe_reconstructed
2602260956170623,2026-02-26 00:56:17.000 UTC,2026-02-26,61791,1000000085,십리향 2단 (1호 2호 3호),1,54500,1,true,same_universe_reconstructed
2602261006256494,2026-02-26 01:06:25.000 UTC,2026-02-26,65493,1000000108,매화 2송이 2호,12,54000,1,true,same_universe_reconstructed
2602261009425535,2026-02-26 01:09:42.000 UTC,2026-02-26,65493,1000000108,매화 2송이 2호,12,54000,1,true,same_universe_reconstructed
2602261015057306,2026-02-26 01:15:05.000 UTC,2026-02-26,65493,1000000108,매화 2송이 2호,12,54000,1,true,same_universe_reconstructed
2602261021391907,2026-02-26 01:21:39.000 UTC,2026-02-26,65492,1000000112,매화 5송이 2호,10,115000,1,true,same_universe_reconstructed
2602261032084488,2026-02-26 01:32:08.000 UTC,2026-02-26,65495,1000000064,2색 이티,2,129500,2,true,same_universe_reconstructed
2602261048209879,2026-02-26 01:48:21.000 UTC,2026-02-26,62438,1000000066,쑥인절미,2,90000,1,true,same_universe_reconstructed
2602261048209879,2026-02-26 01:48:21.000 UTC,2026-02-26,62438,1000000127,흑임자이티,2,92000,1,true,same_universe_reconstructed
2602261048209879,2026-02-26 01:48:21.000 UTC,2026-02-26,62438,1000000128,흑임자인절미,2,90000,1,true,same_universe_reconstructed
2602261051266260,2026-02-26 01:51:26.000 UTC,2026-02-26,0,1000000064,2색 이티,1,22000,1,true,same_universe_reconstructed
2602261051266260,2026-02-26 01:51:26.000 UTC,2026-02-26,0,1000000084,십리향 1단 (1호 2호 3호),1,26000,1,true,same_universe_reconstructed
2602261051266260,2026-02-26 01:51:26.000 UTC,2026-02-26,0,1000000087,백리향 1단 (1호 2호 3호),1,57000,1,true,same_universe_reconstructed
2602261053400961,2026-02-26 01:53:40.000 UTC,2026-02-26,65497,1000000063,쑥이티,2,47000,1,true,same_universe_reconstructed
2602261053400961,2026-02-26 01:53:40.000 UTC,2026-02-26,65497,1000000087,백리향 1단 (1호 2호 3호),1,65000,1,true,same_universe_reconstructed
2602261058248462,2026-02-26 01:58:24.000 UTC,2026-02-26,0,1000000045,완두시루떡,1,20000,1,true,same_universe_reconstructed
2602261058248462,2026-02-26 01:58:24.000 UTC,2026-02-26,0,1000000090,일리향 1단 (1호 2호 3호),23,299000,1,true,same_universe_reconstructed
2602261105219663,2026-02-26 02:05:22.000 UTC,2026-02-26,0,1000000064,2색 이티,1,22000,1,true,same_universe_reconstructed
2602261105219663,2026-02-26 02:05:22.000 UTC,2026-02-26,0,1000000084,십리향 1단 (1호 2호 3호),1,26000,1,true,same_universe_reconstructed
2602261105219663,2026-02-26 02:05:22.000 UTC,2026-02-26,0,1000000087,백리향 1단 (1호 2호 3호),1,57000,1,true,same_universe_reconstructed
2602261107275014,2026-02-26 02:07:27.000 UTC,2026-02-26,65499,1000000088,백리향 2단 (1호 2호),1,116000,1,true,same_universe_reconstructed
2602261108409715,2026-02-26 02:08:41.000 UTC,2026-02-26,65499,1000000088,백리향 2단 (1호 2호),1,116000,1,true,same_universe_reconstructed
2602261118358206,2026-02-26 02:18:35.000 UTC,2026-02-26,65500,1000000033,가래떡(40개) 4kg,1,45000,1,true,same_universe_reconstructed
2602261124067117,2026-02-26 02:24:06.000 UTC,2026-02-26,65143,1000000064,2색 이티,1,43000,1,true,same_universe_reconstructed
2602261135231068,2026-02-26 02:35:23.000 UTC,2026-02-26,65410,1000000093,매화 2송이 1호,80,376000,1,true,same_universe_reconstructed
2602261147283669,2026-02-26 02:47:28.000 UTC,2026-02-26,54393,1000000033,가래떡(40개) 4kg,1,45000,1,true,same_universe_reconstructed
2602261221056940,2026-02-26 03:21:05.000 UTC,2026-02-26,61050,1000000088,백리향 2단 (1호 2호),5,600000,1,true,same_universe_reconstructed
2602261226022901,2026-02-26 03:26:02.000 UTC,2026-02-26,64702,1000000064,2색 이티,1,43000,1,true,same_universe_reconstructed
2602261226195822,2026-02-26 03:26:19.000 UTC,2026-02-26,65131,1000000087,백리향 1단 (1호 2호 3호),1,61000,1,true,same_universe_reconstructed
2602261226326043,2026-02-26 03:26:32.000 UTC,2026-02-26,65131,1000000087,백리향 1단 (1호 2호 3호),1,61000,1,true,same_universe_reconstructed
2602261231362394,2026-02-26 03:31:36.000 UTC,2026-02-26,65502,1000000063,쑥이티,1,46000,1,true,same_universe_reconstructed
2602261346077575,2026-02-26 04:46:07.000 UTC,2026-02-26,65499,1000000142,경기 미숫가루,1,15000,1,true,same_universe_reconstructed
2602261423493266,2026-02-26 05:23:49.000 UTC,2026-02-26,26232,1000000091,일리향 2단 (1호 2호 3호),11,286000,1,true,same_universe_reconstructed
2602261425312317,2026-02-26 05:25:31.000 UTC,2026-02-26,0,1000000064,2색 이티,2,65000,2,true,same_universe_reconstructed
2602261434518868,2026-02-26 05:34:51.000 UTC,2026-02-26,65143,1000000064,2색 이티,1,22000,1,true,same_universe_reconstructed
2602261437130579,2026-02-26 05:37:13.000 UTC,2026-02-26,65143,1000000064,2색 이티,1,43000,1,true,same_universe_reconstructed
2602261447333330,2026-02-26 05:47:33.000 UTC,2026-02-26,65143,1000000064,2색 이티,1,22000,1,true,same_universe_reconstructed
2602261450571341,2026-02-26 05:50:57.000 UTC,2026-02-26,65143,1000000064,2색 이티,1,43000,1,true,same_universe_reconstructed
2602261454161872,2026-02-26 05:54:16.000 UTC,2026-02-26,65143,1000000064,2색 이티,1,43000,1,true,same_universe_reconstructed
2602261458116953,2026-02-26 05:58:11.000 UTC,2026-02-26,65143,1000000064,2색 이티,1,22000,1,true,same_universe_reconstructed
2602261502084434,2026-02-26 06:02:08.000 UTC,2026-02-26,65143,1000000064,2색 이티,1,43000,1,true,same_universe_reconstructed
2602261511429625,2026-02-26 06:11:43.000 UTC,2026-02-26,65143,1000000064,2색 이티,1,22000,1,true,same_universe_reconstructed
2602261523369286,2026-02-26 06:23:37.000 UTC,2026-02-26,64467,1000000064,2색 이티,3,66000,1,true,same_universe_reconstructed
2602261523369286,2026-02-26 06:23:37.000 UTC,2026-02-26,64467,1000000093,매화 2송이 1호,20,94000,1,true,same_universe_reconstructed
2602261621405197,2026-02-26 07:21:40.000 UTC,2026-02-26,65143,1000000064,2색 이티,1,22000,1,true,same_universe_reconstructed
2602261647510198,2026-02-26 07:47:51.000 UTC,2026-02-26,65143,1000000064,2색 이티,1,22000,1,true,same_universe_reconstructed
2602261652299219,2026-02-26 07:52:30.000 UTC,2026-02-26,65143,1000000064,2색 이티,1,22000,1,true,same_universe_reconstructed
2602261700130480,2026-02-26 08:00:13.000 UTC,2026-02-26,65143,1000000064,2색 이티,1,22000,1,true,same_universe_reconstructed
2602261709223762,2026-02-26 08:09:22.000 UTC,2026-02-26,63450,1000000090,일리향 1단 (1호 2호 3호),1,13000,1,true,same_universe_reconstructed
2602261709367223,2026-02-26 08:09:36.000 UTC,2026-02-26,63450,1000000090,일리향 1단 (1호 2호 3호),1,13000,1,true,same_universe_reconstructed
2602261731197855,2026-02-26 08:31:19.000 UTC,2026-02-26,44186,1000000093,매화 2송이 1호,90,432000,1,true,same_universe_reconstructed
2602261859027086,2026-02-26 09:59:02.000 UTC,2026-02-26,65312,1000000064,2색 이티,3,66000,1,true,same_universe_reconstructed
2602261936532407,2026-02-26 10:36:53.000 UTC,2026-02-26,0,1000000111,매화 3송이 3호,18,127800,1,true,same_universe_reconstructed
2602262017452248,2026-02-26 11:17:45.000 UTC,2026-02-26,65511,1000000093,매화 2송이 1호,50,235000,1,true,same_universe_reconstructed
2602262021080549,2026-02-26 11:21:08.000 UTC,2026-02-26,65511,1000000093,매화 2송이 1호,50,235000,1,true,same_universe_reconstructed
2602262033065480,2026-02-26 11:33:06.000 UTC,2026-02-26,65512,1000000111,매화 3송이 3호,25,175000,1,true,same_universe_reconstructed
2602262057077222,2026-02-26 11:57:07.000 UTC,2026-02-26,63141,1000000064,2색 이티,1,85000,1,true,same_universe_reconstructed
2602262103111003,2026-02-26 12:03:11.000 UTC,2026-02-26,52177,1000000093,매화 2송이 1호,22,105600,1,true,same_universe_reconstructed
2602262103136494,2026-02-26 12:03:13.000 UTC,2026-02-26,52177,1000000093,매화 2송이 1호,22,105600,1,true,same_universe_reconstructed
2602262119001646,2026-02-26 12:19:00.000 UTC,2026-02-26,65513,1000000085,십리향 2단 (1호 2호 3호),1,54500,1,true,same_universe_reconstructed
2602262210106907,2026-02-26 13:10:10.000 UTC,2026-02-26,0,1000000043,모듬영양찰떡,1,22500,1,true,same_universe_reconstructed
2602262210106907,2026-02-26 13:10:10.000 UTC,2026-02-26,0,1000000045,완두시루떡,1,20000,1,true,same_universe_reconstructed
2602262210106907,2026-02-26 13:10:10.000 UTC,2026-02-26,0,1000000064,2색 이티,1,43000,1,true,same_universe_reconstructed
2602262228029658,2026-02-26 13:28:03.000 UTC,2026-02-26,65498,1000000093,매화 2송이 1호,85,408000,1,true,same_universe_reconstructed
2602270012511961,2026-02-26 15:12:51.000 UTC,2026-02-26,0,1000000090,일리향 1단 (1호 2호 3호),1,13000,1,true,same_universe_reconstructed
2602270745130362,2026-02-26 22:45:13.000 UTC,2026-02-26,65522,1000000086,십리향 3단,1,81000,1,true,same_universe_reconstructed
2602270855213143,2026-02-26 23:55:21.000 UTC,2026-02-26,0,1000000088,백리향 2단 (1호 2호),1,116000,1,true,same_universe_reconstructed
2602270937514954,2026-02-27 00:37:51.000 UTC,2026-02-27,62173,1000000088,백리향 2단 (1호 2호),1,116000,1,true,same_universe_reconstructed
2602270943524216,2026-02-27 00:43:52.000 UTC,2026-02-27,65278,1000000064,2색 이티,1,43000,1,true,same_universe_reconstructed
2602270951260697,2026-02-27 00:51:26.000 UTC,2026-02-27,65494,1000000093,매화 2송이 1호,10,48000,1,true,same_universe_reconstructed
2602271002290388,2026-02-27 01:02:29.000 UTC,2026-02-27,65525,1000000088,백리향 2단 (1호 2호),1,120000,1,true,same_universe_reconstructed
2602271035356979,2026-02-27 01:35:35.000 UTC,2026-02-27,65515,1000000064,2색 이티,1,43000,1,true,same_universe_reconstructed
2602271047331320,2026-02-27 01:47:33.000 UTC,2026-02-27,65527,1000000085,십리향 2단 (1호 2호 3호),1,52500,1,true,same_universe_reconstructed
2602271131170162,2026-02-27 02:31:17.000 UTC,2026-02-27,57920,1000000093,매화 2송이 1호,70,329000,1,true,same_universe_reconstructed
2602271142139583,2026-02-27 02:42:14.000 UTC,2026-02-27,0,1000000084,십리향 1단 (1호 2호 3호),1,24500,1,true,same_universe_reconstructed
2602271142139583,2026-02-27 02:42:14.000 UTC,2026-02-27,0,1000000087,백리향 1단 (1호 2호 3호),1,61000,1,true,same_universe_reconstructed
2602271227524604,2026-02-27 03:27:52.000 UTC,2026-02-27,63901,1000000110,매화 3송이 2호,40,272000,1,true,same_universe_reconstructed
2602271228412735,2026-02-27 03:28:41.000 UTC,2026-02-27,63901,1000000110,매화 3송이 2호,40,272000,1,true,same_universe_reconstructed
2602271256343986,2026-02-27 03:56:34.000 UTC,2026-02-27,0,1000000088,백리향 2단 (1호 2호),2,232000,1,true,same_universe_reconstructed
2602271306020157,2026-02-27 04:06:02.000 UTC,2026-02-27,65488,1000000084,십리향 1단 (1호 2호 3호),1,27000,1,true,same_universe_reconstructed
2602271306020157,2026-02-27 04:06:02.000 UTC,2026-02-27,65488,1000000087,백리향 1단 (1호 2호 3호),1,65000,1,true,same_universe_reconstructed
2602271308110838,2026-02-27 04:08:11.000 UTC,2026-02-27,65488,1000000084,십리향 1단 (1호 2호 3호),1,27000,1,true,same_universe_reconstructed
2602271308110838,2026-02-27 04:08:11.000 UTC,2026-02-27,65488,1000000087,백리향 1단 (1호 2호 3호),1,65000,1,true,same_universe_reconstructed
2602271321227159,2026-02-27 04:21:22.000 UTC,2026-02-27,65275,1000000064,2색 이티,1,22000,1,true,same_universe_reconstructed
2602271500215710,2026-02-27 06:00:21.000 UTC,2026-02-27,65535,1000000094,매화 3송이 1호,50,330000,1,true,same_universe_reconstructed
2602271501143091,2026-02-27 06:01:14.000 UTC,2026-02-27,65351,1000000062,흰이티,3,63000,1,true,same_universe_reconstructed
2602271501143091,2026-02-27 06:01:14.000 UTC,2026-02-27,65351,1000000063,쑥이티,3,70500,1,true,same_universe_reconstructed
2602271501143091,2026-02-27 06:01:14.000 UTC,2026-02-27,65351,1000000064,2색 이티,3,66000,1,true,same_universe_reconstructed
2602271501143091,2026-02-27 06:01:14.000 UTC,2026-02-27,65351,1000000084,십리향 1단 (1호 2호 3호),1,30500,1,true,same_universe_reconstructed
2602271501199362,2026-02-27 06:01:20.000 UTC,2026-02-27,65460,1000000093,매화 2송이 1호,11,52800,1,true,same_universe_reconstructed
2602271501367603,2026-02-27 06:01:36.000 UTC,2026-02-27,65460,1000000093,매화 2송이 1호,11,52800,1,true,same_universe_reconstructed
2602271504098154,2026-02-27 06:04:09.000 UTC,2026-02-27,65451,1000000093,매화 2송이 1호,210,1008000,1,true,same_universe_reconstructed
2602271513480055,2026-02-27 06:13:48.000 UTC,2026-02-27,65351,1000000062,흰이티,3,63000,1,true,same_universe_reconstructed
2602271513480055,2026-02-27 06:13:48.000 UTC,2026-02-27,65351,1000000063,쑥이티,3,70500,1,true,same_universe_reconstructed
2602271513480055,2026-02-27 06:13:48.000 UTC,2026-02-27,65351,1000000064,2색 이티,3,66000,1,true,same_universe_reconstructed
2602271513480055,2026-02-27 06:13:48.000 UTC,2026-02-27,65351,1000000084,십리향 1단 (1호 2호 3호),1,30500,1,true,same_universe_reconstructed
2602271519224386,2026-02-27 06:19:22.000 UTC,2026-02-27,42162,1000000092,일리향 3단,1,38000,1,true,same_universe_reconstructed
2602271519224386,2026-02-27 06:19:22.000 UTC,2026-02-27,42162,1000000093,매화 2송이 1호,70,336000,1,true,same_universe_reconstructed
2602271537332447,2026-02-27 06:37:33.000 UTC,2026-02-27,65530,1000000092,일리향 3단,1,37000,1,true,same_universe_reconstructed
2602271549096848,2026-02-27 06:49:09.000 UTC,2026-02-27,65533,1000000093,매화 2송이 1호,40,188000,1,true,same_universe_reconstructed
2602271549395409,2026-02-27 06:49:39.000 UTC,2026-02-27,0,1000000088,백리향 2단 (1호 2호),2,232000,1,true,same_universe_reconstructed
2602271632007000,2026-02-27 07:32:00.000 UTC,2026-02-27,65538,1000000093,매화 2송이 1호,100,480000,1,true,same_universe_reconstructed
2602271632215391,2026-02-27 07:32:21.000 UTC,2026-02-27,65538,1000000093,매화 2송이 1호,100,480000,1,true,same_universe_reconstructed
2602271639417102,2026-02-27 07:39:41.000 UTC,2026-02-27,65538,1000000093,매화 2송이 1호,100,480000,1,true,same_universe_reconstructed
2602271716367863,2026-02-27 08:16:36.000 UTC,2026-02-27,65539,1000000043,모듬영양찰떡,1,22500,1,true,same_universe_reconstructed
2602271716367863,2026-02-27 08:16:36.000 UTC,2026-02-27,65539,1000000069,설기세트,1,18920,1,true,same_universe_reconstructed
2602271716367863,2026-02-27 08:16:36.000 UTC,2026-02-27,65539,1000000127,흑임자이티,1,46000,1,true,same_universe_reconstructed
2602271738013274,2026-02-27 08:38:01.000 UTC,2026-02-27,63379,1000000094,매화 3송이 1호,35,227500,1,true,same_universe_reconstructed
2602271745592795,2026-02-27 08:45:59.000 UTC,2026-02-27,60809,1000000062,흰이티,1,41000,1,true,same_universe_reconstructed
2602271745592795,2026-02-27 08:45:59.000 UTC,2026-02-27,60809,1000000063,쑥이티,1,46000,1,true,same_universe_reconstructed
2602271815562196,2026-02-27 09:15:56.000 UTC,2026-02-27,0,1000000064,2색 이티,2,107000,2,true,same_universe_reconstructed
2602271821338287,2026-02-27 09:21:33.000 UTC,2026-02-27,57096,1000000064,2색 이티,2,170000,1,true,same_universe_reconstructed
2602271842100658,2026-02-27 09:42:10.000 UTC,2026-02-27,65543,1000000085,십리향 2단 (1호 2호 3호),1,54500,1,true,same_universe_reconstructed
2602271950424349,2026-02-27 10:50:42.000 UTC,2026-02-27,65547,1000000064,2색 이티,4,277000,2,true,same_universe_reconstructed
2602271951025170,2026-02-27 10:51:02.000 UTC,2026-02-27,65547,1000000064,2색 이티,4,277000,2,true,same_universe_reconstructed
2602271951335981,2026-02-27 10:51:33.000 UTC,2026-02-27,65547,1000000064,2색 이티,4,277000,2,true,same_universe_reconstructed
2602271956083752,2026-02-27 10:56:08.000 UTC,2026-02-27,65547,1000000064,2색 이티,2,86000,1,true,same_universe_reconstructed
2602271956292983,2026-02-27 10:56:29.000 UTC,2026-02-27,65547,1000000064,2색 이티,2,86000,1,true,same_universe_reconstructed
2602272002220294,2026-02-27 11:02:22.000 UTC,2026-02-27,65548,1000000113,매화 5송이 3호,13,150800,1,true,same_universe_reconstructed
2602272016020845,2026-02-27 11:16:02.000 UTC,2026-02-27,65549,1000000064,2색 이티,1,43000,1,true,same_universe_reconstructed
2602272121489746,2026-02-27 12:21:49.000 UTC,2026-02-27,65531,1000000092,일리향 3단,2,76000,1,true,same_universe_reconstructed
2602272334267887,2026-02-27 14:34:26.000 UTC,2026-02-27,65372,1000000108,매화 2송이 2호,80,368000,1,true,same_universe_reconstructed
2602280000191848,2026-02-27 15:00:19.000 UTC,2026-02-27,65552,1000000093,매화 2송이 1호,20,94000,1,true,same_universe_reconstructed
2602280920039361,2026-02-28 00:20:04.000 UTC,2026-02-28,65556,1000000111,매화 3송이 3호,10,71000,1,true,same_universe_reconstructed
2602281044050812,2026-02-28 01:44:05.000 UTC,2026-02-28,65559,1000000042,약식,1,22500,1,true,same_universe_reconstructed
2602281044050812,2026-02-28 01:44:05.000 UTC,2026-02-28,65559,1000000045,완두시루떡,1,20000,1,true,same_universe_reconstructed
2602281044050812,2026-02-28 01:44:05.000 UTC,2026-02-28,65559,1000000066,쑥인절미,1,22500,1,true,same_universe_reconstructed
2602281130375213,2026-02-28 02:30:37.000 UTC,2026-02-28,61818,1000000087,백리향 1단 (1호 2호 3호),1,65000,1,true,same_universe_reconstructed
2602281150156594,2026-02-28 02:50:15.000 UTC,2026-02-28,46662,1000000111,매화 3송이 3호,18,126000,1,true,same_universe_reconstructed
2602281342182025,2026-02-28 04:42:18.000 UTC,2026-02-28,65560,1000000110,매화 3송이 2호,80,552000,1,true,same_universe_reconstructed
2602281342182025,2026-02-28 04:42:18.000 UTC,2026-02-28,65560,1000000142,경기 미숫가루,1,12000,1,true,same_universe_reconstructed
2602281442047217,2026-02-28 05:42:04.000 UTC,2026-02-28,65413,1000000108,매화 2송이 2호,80,368000,1,true,same_universe_reconstructed
2602281518189808,2026-02-28 06:18:19.000 UTC,2026-02-28,65565,1000000063,쑥이티,2,136000,2,true,same_universe_reconstructed
2602281704128689,2026-02-28 08:04:12.000 UTC,2026-02-28,65567,1000000093,매화 2송이 1호,30,144000,1,true,same_universe_reconstructed
2602281707100990,2026-02-28 08:07:10.000 UTC,2026-02-28,65568,1000000064,2색 이티,1,85000,1,true,same_universe_reconstructed
2602282147156762,2026-02-28 12:47:15.000 UTC,2026-02-28,61130,1000000064,2색 이티,1,22000,1,true,same_universe_reconstructed
2603010556198731,2026-02-28 20:56:19.000 UTC,2026-02-28,61668,1000000092,일리향 3단,1,38000,1,true,same_universe_reconstructed
2603010822218602,2026-02-28 23:22:21.000 UTC,2026-02-28,61621,1000000064,2색 이티,1,22000,1,true,same_universe_reconstructed
2603010845400973,2026-02-28 23:45:40.000 UTC,2026-02-28,65422,1000000111,매화 3송이 3호,30,213000,1,true,same_universe_reconstructed
2603010851075764,2026-02-28 23:51:07.000 UTC,2026-02-28,65422,1000000111,매화 3송이 3호,30,213000,1,true,same_universe_reconstructed
2603010921363176,2026-03-01 00:21:36.000 UTC,2026-03-01,65585,1000000094,매화 3송이 1호,30,195000,1,true,same_universe_reconstructed
2603010925486327,2026-03-01 00:25:48.000 UTC,2026-03-01,65586,1000000090,일리향 1단 (1호 2호 3호),8,104000,1,true,same_universe_reconstructed
2603011039247308,2026-03-01 01:39:24.000 UTC,2026-03-01,0,1000000111,매화 3송이 3호,70,490000,1,true,same_universe_reconstructed
2603011052350309,2026-03-01 01:52:35.000 UTC,2026-03-01,62258,1000000042,약식,2,132500,2,true,same_universe_reconstructed
2603011054547440,2026-03-01 01:54:54.000 UTC,2026-03-01,62258,1000000042,약식,2,132500,2,true,same_universe_reconstructed
2603011220340811,2026-03-01 03:20:34.000 UTC,2026-03-01,64672,1000000064,2색 이티,1,22000,1,true,same_universe_reconstructed
2603011220354182,2026-03-01 03:20:35.000 UTC,2026-03-01,64672,1000000064,2색 이티,1,22000,1,true,same_universe_reconstructed
2603011453262633,2026-03-01 05:53:26.000 UTC,2026-03-01,44241,1000000043,모듬영양찰떡,1,22500,1,true,same_universe_reconstructed
2603011453262633,2026-03-01 05:53:26.000 UTC,2026-03-01,44241,1000000064,2색 이티,1,43000,1,true,same_universe_reconstructed
2603011453262633,2026-03-01 05:53:26.000 UTC,2026-03-01,44241,1000000127,흑임자이티,1,23500,1,true,same_universe_reconstructed
2603011611488545,2026-03-01 07:11:48.000 UTC,2026-03-01,65585,1000000094,매화 3송이 1호,60,390000,1,true,same_universe_reconstructed
2603011641007466,2026-03-01 07:41:00.000 UTC,2026-03-01,63497,1000000064,2색 이티,1,43000,1,true,same_universe_reconstructed
2603011641007466,2026-03-01 07:41:00.000 UTC,2026-03-01,63497,1000000128,흑임자인절미,1,22500,1,true,same_universe_reconstructed
2603011730479997,2026-03-01 08:30:48.000 UTC,2026-03-01,65596,1000000093,매화 2송이 1호,80,384000,1,true,same_universe_reconstructed
2603011753587628,2026-03-01 08:53:58.000 UTC,2026-03-01,65596,1000000111,매화 3송이 3호,60,426000,1,true,same_universe_reconstructed
2603011814548559,2026-03-01 09:14:54.000 UTC,2026-03-01,65599,1000000094,매화 3송이 1호,30,195000,1,true,same_universe_reconstructed
2603011852100970,2026-03-01 09:52:10.000 UTC,2026-03-01,0,1000000064,2색 이티,1,22000,1,true,same_universe_reconstructed
2603011852100970,2026-03-01 09:52:10.000 UTC,2026-03-01,0,1000000069,설기세트,1,18920,1,true,same_universe_reconstructed
2603011908168001,2026-03-01 10:08:16.000 UTC,2026-03-01,65601,1000000087,백리향 1단 (1호 2호 3호),1,61000,1,true,same_universe_reconstructed
2603011911174142,2026-03-01 10:11:17.000 UTC,2026-03-01,65601,1000000087,백리향 1단 (1호 2호 3호),1,61000,1,true,same_universe_reconstructed
2603011912182643,2026-03-01 10:12:18.000 UTC,2026-03-01,65598,1000000093,매화 2송이 1호,80,384000,1,true,same_universe_reconstructed
2603011916294254,2026-03-01 10:16:29.000 UTC,2026-03-01,65601,1000000087,백리향 1단 (1호 2호 3호),1,61000,1,true,same_universe_reconstructed
2603011925211775,2026-03-01 10:25:21.000 UTC,2026-03-01,25441,1000000043,모듬영양찰떡,1,87500,1,true,same_universe_reconstructed
2603012022342706,2026-03-01 11:22:34.000 UTC,2026-03-01,65602,1000000045,완두시루떡,3,60000,1,true,same_universe_reconstructed
2603012022342706,2026-03-01 11:22:34.000 UTC,2026-03-01,65602,1000000064,2색 이티,6,132000,1,true,same_universe_reconstructed
2603012047304627,2026-03-01 11:47:30.000 UTC,2026-03-01,63749,1000000063,쑥이티,1,46000,1,true,same_universe_reconstructed
2603012125257308,2026-03-01 12:25:25.000 UTC,2026-03-01,65605,1000000156,기원상,2,58000,1,true,same_universe_reconstructed
2603012311402399,2026-03-01 14:11:40.000 UTC,2026-03-01,0,1000000088,백리향 2단 (1호 2호),1,120000,1,true,same_universe_reconstructed
2603012311504800,2026-03-01 14:11:50.000 UTC,2026-03-01,64072,1000000108,매화 2송이 2호,70,322000,1,true,same_universe_reconstructed
2603020039086381,2026-03-01 15:39:08.000 UTC,2026-03-01,61619,1000000042,약식,1,22500,1,true,same_universe_reconstructed
2603020223315802,2026-03-01 17:23:31.000 UTC,2026-03-01,65614,1000000111,매화 3송이 3호,10,70000,1,true,same_universe_reconstructed
2603020223325993,2026-03-01 17:23:32.000 UTC,2026-03-01,65614,1000000111,매화 3송이 3호,10,70000,1,true,same_universe_reconstructed
2603020225168714,2026-03-01 17:25:16.000 UTC,2026-03-01,65614,1000000111,매화 3송이 3호,10,70000,1,true,same_universe_reconstructed
2603020228006045,2026-03-01 17:28:00.000 UTC,2026-03-01,65614,1000000111,매화 3송이 3호,10,70000,1,true,same_universe_reconstructed
2603020228016766,2026-03-01 17:28:01.000 UTC,2026-03-01,65614,1000000111,매화 3송이 3호,10,70000,1,true,same_universe_reconstructed
2603020516249627,2026-03-01 20:16:25.000 UTC,2026-03-01,59927,1000000086,십리향 3단,1,77000,1,true,same_universe_reconstructed
2603020911232178,2026-03-02 00:11:23.000 UTC,2026-03-02,58521,1000000062,흰이티,1,21000,1,true,same_universe_reconstructed
2603020911232178,2026-03-02 00:11:23.000 UTC,2026-03-02,58521,1000000063,쑥이티,1,46000,1,true,same_universe_reconstructed
2603020935354669,2026-03-02 00:35:35.000 UTC,2026-03-02,65391,1000000085,십리향 2단 (1호 2호 3호),22,1078000,1,true,same_universe_reconstructed
2603020938255110,2026-03-02 00:38:25.000 UTC,2026-03-02,65391,1000000085,십리향 2단 (1호 2호 3호),22,1078000,1,true,same_universe_reconstructed
2603021034154142,2026-03-02 01:34:15.000 UTC,2026-03-02,65422,1000000093,매화 2송이 1호,130,624000,1,true,same_universe_reconstructed
2603021034154142,2026-03-02 01:34:15.000 UTC,2026-03-02,65422,1000000111,매화 3송이 3호,20,142000,1,true,same_universe_reconstructed
2603021049582893,2026-03-02 01:49:58.000 UTC,2026-03-02,65617,1000000108,매화 2송이 2호,16,72000,1,true,same_universe_reconstructed
2603021051030154,2026-03-02 01:51:03.000 UTC,2026-03-02,65617,1000000108,매화 2송이 2호,16,72000,1,true,same_universe_reconstructed
2603021052022695,2026-03-02 01:52:02.000 UTC,2026-03-02,65617,1000000108,매화 2송이 2호,16,72000,1,true,same_universe_reconstructed
2603021109162056,2026-03-02 02:09:16.000 UTC,2026-03-02,55563,1000000093,매화 2송이 1호,50,240000,1,true,same_universe_reconstructed
2603021113433437,2026-03-02 02:13:43.000 UTC,2026-03-02,65618,1000000064,2색 이티,1,43000,1,true,same_universe_reconstructed
2603021113433437,2026-03-02 02:13:43.000 UTC,2026-03-02,65618,1000000127,흑임자이티,1,46000,1,true,same_universe_reconstructed
2603021116112908,2026-03-02 02:16:11.000 UTC,2026-03-02,65618,1000000064,2색 이티,1,43000,1,true,same_universe_reconstructed
2603021116112908,2026-03-02 02:16:11.000 UTC,2026-03-02,65618,1000000127,흑임자이티,1,46000,1,true,same_universe_reconstructed
2603021149196159,2026-03-02 02:49:19.000 UTC,2026-03-02,65620,1000000093,매화 2송이 1호,16,75200,1,true,same_universe_reconstructed
2603021151288070,2026-03-02 02:51:28.000 UTC,2026-03-02,65620,1000000093,매화 2송이 1호,16,75200,1,true,same_universe_reconstructed
2603021153342911,2026-03-02 02:53:34.000 UTC,2026-03-02,65620,1000000093,매화 2송이 1호,16,75200,1,true,same_universe_reconstructed
2603021155081122,2026-03-02 02:55:08.000 UTC,2026-03-02,65620,1000000093,매화 2송이 1호,16,75200,1,true,same_universe_reconstructed
2603021246234873,2026-03-02 03:46:23.000 UTC,2026-03-02,65624,1000000088,백리향 2단 (1호 2호),2,222000,1,true,same_universe_reconstructed
2603021249572894,2026-03-02 03:49:57.000 UTC,2026-03-02,65624,1000000088,백리향 2단 (1호 2호),2,222000,1,true,same_universe_reconstructed
2603021312104055,2026-03-02 04:12:10.000 UTC,2026-03-02,65619,1000000084,십리향 1단 (1호 2호 3호),1,30500,1,true,same_universe_reconstructed
2603021312104055,2026-03-02 04:12:10.000 UTC,2026-03-02,65619,1000000087,백리향 1단 (1호 2호 3호),3,195000,1,true,same_universe_reconstructed
2603021315176846,2026-03-02 04:15:17.000 UTC,2026-03-02,65619,1000000087,백리향 1단 (1호 2호 3호),2,130000,1,true,same_universe_reconstructed
2603021507136128,2026-03-02 06:07:13.000 UTC,2026-03-02,65629,1000000093,매화 2송이 1호,24,112800,1,true,same_universe_reconstructed
2603021517330259,2026-03-02 06:17:33.000 UTC,2026-03-02,65630,1000000093,매화 2송이 1호,110,528000,1,true,same_universe_reconstructed
2603021651354920,2026-03-02 07:51:35.000 UTC,2026-03-02,65631,1000000093,매화 2송이 1호,11,52800,1,true,same_universe_reconstructed
2603021651355761,2026-03-02 07:51:35.000 UTC,2026-03-02,64813,1000000156,기원상,1,29000,1,true,same_universe_reconstructed
2603021727380172,2026-03-02 08:27:38.000 UTC,2026-03-02,65376,1000000094,매화 3송이 1호,10,65000,1,true,same_universe_reconstructed
2603021748498573,2026-03-02 08:48:49.000 UTC,2026-03-02,17749,1000000087,백리향 1단 (1호 2호 3호),1,61000,1,true,same_universe_reconstructed
2603021748498573,2026-03-02 08:48:49.000 UTC,2026-03-02,17749,1000000094,매화 3송이 1호,15,97500,1,true,same_universe_reconstructed
2603021751300074,2026-03-02 08:51:30.000 UTC,2026-03-02,17749,1000000087,백리향 1단 (1호 2호 3호),1,61000,1,true,same_universe_reconstructed
2603021751300074,2026-03-02 08:51:30.000 UTC,2026-03-02,17749,1000000094,매화 3송이 1호,15,97500,1,true,same_universe_reconstructed
2603021752197615,2026-03-02 08:52:19.000 UTC,2026-03-02,17749,1000000087,백리향 1단 (1호 2호 3호),1,61000,1,true,same_universe_reconstructed
2603021752197615,2026-03-02 08:52:19.000 UTC,2026-03-02,17749,1000000094,매화 3송이 1호,15,97500,1,true,same_universe_reconstructed
2603021753429316,2026-03-02 08:53:42.000 UTC,2026-03-02,17749,1000000087,백리향 1단 (1호 2호 3호),1,61000,1,true,same_universe_reconstructed
2603021753429316,2026-03-02 08:53:42.000 UTC,2026-03-02,17749,1000000094,매화 3송이 1호,15,97500,1,true,same_universe_reconstructed
2603021807030737,2026-03-02 09:07:03.000 UTC,2026-03-02,58079,1000000062,흰이티,2,101000,2,true,same_universe_reconstructed
2603021807030737,2026-03-02 09:07:03.000 UTC,2026-03-02,58079,1000000063,쑥이티,1,90000,1,true,same_universe_reconstructed
2603021810305488,2026-03-02 09:10:30.000 UTC,2026-03-02,58079,1000000062,흰이티,1,80000,1,true,same_universe_reconstructed
2603021810305488,2026-03-02 09:10:30.000 UTC,2026-03-02,58079,1000000063,쑥이티,2,69500,2,true,same_universe_reconstructed
2603021849395209,2026-03-02 09:49:39.000 UTC,2026-03-02,27500,1000000033,가래떡(40개) 4kg,1,45000,1,true,same_universe_reconstructed
2603021849395209,2026-03-02 09:49:39.000 UTC,2026-03-02,27500,1000000043,모듬영양찰떡,1,45000,1,true,same_universe_reconstructed
2603021945183430,2026-03-02 10:45:18.000 UTC,2026-03-02,65637,1000000093,매화 2송이 1호,40,192000,1,true,same_universe_reconstructed
2603022054369111,2026-03-02 11:54:36.000 UTC,2026-03-02,0,1000000111,매화 3송이 3호,30,213000,1,true,same_universe_reconstructed
2603022202422122,2026-03-02 13:02:42.000 UTC,2026-03-02,65643,1000000064,2색 이티,3,129000,2,true,same_universe_reconstructed
2603022215129963,2026-03-02 13:15:13.000 UTC,2026-03-02,57587,1000000084,십리향 1단 (1호 2호 3호),1,26000,1,true,same_universe_reconstructed
2603022215129963,2026-03-02 13:15:13.000 UTC,2026-03-02,57587,1000000093,매화 2송이 1호,80,376000,1,true,same_universe_reconstructed
2603022215129963,2026-03-02 13:15:13.000 UTC,2026-03-02,57587,1000000108,매화 2송이 2호,10,45000,1,true,same_universe_reconstructed
2603022224080734,2026-03-02 13:24:08.000 UTC,2026-03-02,65644,1000000064,2색 이티,1,43000,1,true,same_universe_reconstructed
2603022227205485,2026-03-02 13:27:20.000 UTC,2026-03-02,65645,1000000062,흰이티,1,21000,1,true,same_universe_reconstructed
2603022227205485,2026-03-02 13:27:20.000 UTC,2026-03-02,65645,1000000063,쑥이티,1,23500,1,true,same_universe_reconstructed
2603022227205485,2026-03-02 13:27:20.000 UTC,2026-03-02,65645,1000000066,쑥인절미,1,22500,1,true,same_universe_reconstructed
2603022228202096,2026-03-02 13:28:20.000 UTC,2026-03-02,65644,1000000064,2색 이티,1,43000,1,true,same_universe_reconstructed
2603022338108017,2026-03-02 14:38:10.000 UTC,2026-03-02,65649,1000000111,매화 3송이 3호,20,140000,1,true,same_universe_reconstructed
2603022342235318,2026-03-02 14:42:23.000 UTC,2026-03-02,65650,1000000064,2색 이티,1,44500,1,true,same_universe_reconstructed
2603022355585289,2026-03-02 14:55:58.000 UTC,2026-03-02,65622,1000000042,약식,1,22500,1,true,same_universe_reconstructed
2603022355585289,2026-03-02 14:55:58.000 UTC,2026-03-02,65622,1000000045,완두시루떡,1,20000,1,true,same_universe_reconstructed
2603022355585289,2026-03-02 14:55:58.000 UTC,2026-03-02,65622,1000000064,2색 이티,1,22000,1,true,same_universe_reconstructed
2603022357336611,2026-03-02 14:57:33.000 UTC,2026-03-02,65622,1000000042,약식,1,22500,1,true,same_universe_reconstructed
2603022357336611,2026-03-02 14:57:33.000 UTC,2026-03-02,65622,1000000045,완두시루떡,1,20000,1,true,same_universe_reconstructed
2603022357336611,2026-03-02 14:57:33.000 UTC,2026-03-02,65622,1000000064,2색 이티,1,22000,1,true,same_universe_reconstructed
2603030000119072,2026-03-02 15:00:11.000 UTC,2026-03-02,65622,1000000042,약식,1,22500,1,true,same_universe_reconstructed
2603030000119072,2026-03-02 15:00:11.000 UTC,2026-03-02,65622,1000000045,완두시루떡,1,20000,1,true,same_universe_reconstructed
2603030000119072,2026-03-02 15:00:11.000 UTC,2026-03-02,65622,1000000064,2색 이티,1,22000,1,true,same_universe_reconstructed
2603030600443151,2026-03-02 21:00:44.000 UTC,2026-03-02,0,1000000121,깨송편 1kg,1,19500,1,true,same_universe_reconstructed
2603030603039882,2026-03-02 21:03:04.000 UTC,2026-03-02,0,1000000121,깨송편 1kg,1,19500,1,true,same_universe_reconstructed
2603030727574333,2026-03-02 22:27:57.000 UTC,2026-03-02,65155,1000000111,매화 3송이 3호,10,70000,1,true,same_universe_reconstructed
2603030727591714,2026-03-02 22:27:59.000 UTC,2026-03-02,65155,1000000111,매화 3송이 3호,10,70000,1,true,same_universe_reconstructed
2603030730072095,2026-03-02 22:30:07.000 UTC,2026-03-02,65155,1000000111,매화 3송이 3호,10,70000,1,true,same_universe_reconstructed
2603030845125877,2026-03-02 23:45:12.000 UTC,2026-03-02,62579,1000000064,2색 이티,1,85000,1,true,same_universe_reconstructed
2603031005592148,2026-03-03 01:05:59.000 UTC,2026-03-03,63901,1000000110,매화 3송이 2호,80,544000,1,true,same_universe_reconstructed
2603031015290739,2026-03-03 01:15:29.000 UTC,2026-03-03,65659,1000000064,2색 이티,2,66500,2,true,same_universe_reconstructed
2603031022392240,2026-03-03 01:22:39.000 UTC,2026-03-03,65661,1000000064,2색 이티,3,213000,2,true,same_universe_reconstructed
2603031041008501,2026-03-03 01:41:00.000 UTC,2026-03-03,0,1000000064,2색 이티,2,65000,2,true,same_universe_reconstructed
2603031045560852,2026-03-03 01:45:56.000 UTC,2026-03-03,64467,1000000064,2색 이티,3,66000,1,true,same_universe_reconstructed
2603031045560852,2026-03-03 01:45:56.000 UTC,2026-03-03,64467,1000000093,매화 2송이 1호,22,103400,1,true,same_universe_reconstructed
2603031106188393,2026-03-03 02:06:18.000 UTC,2026-03-03,65664,1000000088,백리향 2단 (1호 2호),1,120000,1,true,same_universe_reconstructed
2603031113363274,2026-03-03 02:13:36.000 UTC,2026-03-03,62870,1000000064,2색 이티,2,65000,2,true,same_universe_reconstructed
2603031116287505,2026-03-03 02:16:28.000 UTC,2026-03-03,65585,1000000094,매화 3송이 1호,30,195000,1,true,same_universe_reconstructed
2603031129350686,2026-03-03 02:29:35.000 UTC,2026-03-03,65665,1000000108,매화 2송이 2호,90,414000,1,true,same_universe_reconstructed
2603031141176287,2026-03-03 02:41:17.000 UTC,2026-03-03,65665,1000000093,매화 2송이 1호,40,192000,1,true,same_universe_reconstructed
2603031214258828,2026-03-03 03:14:25.000 UTC,2026-03-03,65666,1000000093,매화 2송이 1호,160,768000,1,true,same_universe_reconstructed
2603031244402619,2026-03-03 03:44:40.000 UTC,2026-03-03,61741,1000000042,약식,1,87500,1,true,same_universe_reconstructed
2603031248573300,2026-03-03 03:48:57.000 UTC,2026-03-03,65668,1000000111,매화 3송이 3호,19,133000,1,true,same_universe_reconstructed
2603031249181241,2026-03-03 03:49:18.000 UTC,2026-03-03,65668,1000000111,매화 3송이 3호,19,133000,1,true,same_universe_reconstructed
2603031320542123,2026-03-03 04:20:54.000 UTC,2026-03-03,65669,1000000064,2색 이티,2,107000,2,true,same_universe_reconstructed
2603031339170064,2026-03-03 04:39:17.000 UTC,2026-03-03,65667,1000000111,매화 3송이 3호,10,71000,1,true,same_universe_reconstructed
2603031343063045,2026-03-03 04:43:06.000 UTC,2026-03-03,65667,1000000111,매화 3송이 3호,10,71000,1,true,same_universe_reconstructed
2603031345318226,2026-03-03 04:45:31.000 UTC,2026-03-03,0,1000000093,매화 2송이 1호,17,79900,1,true,same_universe_reconstructed
2603031416292187,2026-03-03 05:16:29.000 UTC,2026-03-03,65670,1000000086,십리향 3단,1,81000,1,true,same_universe_reconstructed
2603031416292187,2026-03-03 05:16:29.000 UTC,2026-03-03,65670,1000000089,백리향 3단,2,346000,1,true,same_universe_reconstructed
2603031458325148,2026-03-03 05:58:32.000 UTC,2026-03-03,48037,1000000111,매화 3송이 3호,50,355000,1,true,same_universe_reconstructed
2603031459041849,2026-03-03 05:59:04.000 UTC,2026-03-03,65363,1000000044,고구마찰떡,2,67500,2,true,same_universe_reconstructed
2603031512116950,2026-03-03 06:12:11.000 UTC,2026-03-03,65549,1000000064,2색 이티,8,344000,1,true,same_universe_reconstructed
2603031554030551,2026-03-03 06:54:03.000 UTC,2026-03-03,63406,1000000091,일리향 2단 (1호 2호 3호),2,53000,1,true,same_universe_reconstructed
2603031554085592,2026-03-03 06:54:08.000 UTC,2026-03-03,63406,1000000091,일리향 2단 (1호 2호 3호),2,53000,1,true,same_universe_reconstructed
2603031621197413,2026-03-03 07:21:19.000 UTC,2026-03-03,17749,1000000087,백리향 1단 (1호 2호 3호),1,61000,1,true,same_universe_reconstructed
2603031621197413,2026-03-03 07:21:19.000 UTC,2026-03-03,17749,1000000094,매화 3송이 1호,15,97500,1,true,same_universe_reconstructed
2603031628475514,2026-03-03 07:28:47.000 UTC,2026-03-03,65667,1000000111,매화 3송이 3호,10,71000,1,true,same_universe_reconstructed
2603031629324615,2026-03-03 07:29:32.000 UTC,2026-03-03,45042,1000000108,매화 2송이 2호,60,276000,1,true,same_universe_reconstructed
2603031710091626,2026-03-03 08:10:09.000 UTC,2026-03-03,0,1000000113,매화 5송이 3호,14,162400,1,true,same_universe_reconstructed
2603031726535727,2026-03-03 08:26:53.000 UTC,2026-03-03,39400,1000000087,백리향 1단 (1호 2호 3호),1,57000,1,true,same_universe_reconstructed
2603031731238138,2026-03-03 08:31:23.000 UTC,2026-03-03,39400,1000000085,십리향 2단 (1호 2호 3호),1,51000,1,true,same_universe_reconstructed
2603031805315789,2026-03-03 09:05:31.000 UTC,2026-03-03,65673,1000000086,십리향 3단,1,81000,1,true,same_universe_reconstructed
2603031805341890,2026-03-03 09:05:34.000 UTC,2026-03-03,65673,1000000086,십리향 3단,1,81000,1,true,same_universe_reconstructed
2603031926306381,2026-03-03 10:26:30.000 UTC,2026-03-03,65667,1000000093,매화 2송이 1호,10,48000,1,true,same_universe_reconstructed
2603031951041302,2026-03-03 10:51:04.000 UTC,2026-03-03,65682,1000000094,매화 3송이 1호,30,198000,1,true,same_universe_reconstructed
2603031951061393,2026-03-03 10:51:06.000 UTC,2026-03-03,65682,1000000094,매화 3송이 1호,30,198000,1,true,same_universe_reconstructed
2603032013088954,2026-03-03 11:13:08.000 UTC,2026-03-03,63645,1000000064,2색 이티,1,43000,1,true,same_universe_reconstructed
2603032048511125,2026-03-03 11:48:51.000 UTC,2026-03-03,65687,1000000064,2색 이티,1,43000,1,true,same_universe_reconstructed
2603032102045836,2026-03-03 12:02:04.000 UTC,2026-03-03,65656,1000000088,백리향 2단 (1호 2호),2,230000,1,true,same_universe_reconstructed
2603032102045836,2026-03-03 12:02:04.000 UTC,2026-03-03,65656,1000000091,일리향 2단 (1호 2호 3호),1,25000,1,true,same_universe_reconstructed
2603032143121697,2026-03-03 12:43:12.000 UTC,2026-03-03,65676,1000000093,매화 2송이 1호,100,480000,1,true,same_universe_reconstructed
2603032143165078,2026-03-03 12:43:16.000 UTC,2026-03-03,65676,1000000093,매화 2송이 1호,100,480000,1,true,same_universe_reconstructed
2603032143204949,2026-03-03 12:43:20.000 UTC,2026-03-03,65676,1000000093,매화 2송이 1호,100,480000,1,true,same_universe_reconstructed
2603032143212080,2026-03-03 12:43:21.000 UTC,2026-03-03,65676,1000000093,매화 2송이 1호,100,480000,1,true,same_universe_reconstructed
2603032143220821,2026-03-03 12:43:22.000 UTC,2026-03-03,65676,1000000093,매화 2송이 1호,100,480000,1,true,same_universe_reconstructed
2603032143295932,2026-03-03 12:43:29.000 UTC,2026-03-03,65676,1000000093,매화 2송이 1호,100,480000,1,true,same_universe_reconstructed
2603032143345273,2026-03-03 12:43:34.000 UTC,2026-03-03,65676,1000000093,매화 2송이 1호,100,480000,1,true,same_universe_reconstructed
2603032146347654,2026-03-03 12:46:34.000 UTC,2026-03-03,65676,1000000093,매화 2송이 1호,100,480000,1,true,same_universe_reconstructed
2603032150389505,2026-03-03 12:50:39.000 UTC,2026-03-03,65676,1000000093,매화 2송이 1호,100,480000,1,true,same_universe_reconstructed
2603032210291606,2026-03-03 13:10:29.000 UTC,2026-03-03,65688,1000000094,매화 3송이 1호,25,162500,1,true,same_universe_reconstructed
2603032220014657,2026-03-03 13:20:01.000 UTC,2026-03-03,65688,1000000094,매화 3송이 1호,10,65000,1,true,same_universe_reconstructed
2603032220276588,2026-03-03 13:20:27.000 UTC,2026-03-03,65688,1000000094,매화 3송이 1호,10,65000,1,true,same_universe_reconstructed
2603032302423160,2026-03-03 14:02:42.000 UTC,2026-03-03,65688,1000000064,2색 이티,2,170000,1,true,same_universe_reconstructed
2603032302423160,2026-03-03 14:02:42.000 UTC,2026-03-03,65688,1000000087,백리향 1단 (1호 2호 3호),1,57000,1,true,same_universe_reconstructed
2603032302423160,2026-03-03 14:02:42.000 UTC,2026-03-03,65688,1000000088,백리향 2단 (1호 2호),1,116000,1,true,same_universe_reconstructed
2603032302423160,2026-03-03 14:02:42.000 UTC,2026-03-03,65688,1000000091,일리향 2단 (1호 2호 3호),2,51500,2,true,same_universe_reconstructed
2603032302423160,2026-03-03 14:02:42.000 UTC,2026-03-03,65688,1000000093,매화 2송이 1호,30,141000,1,true,same_universe_reconstructed
2603032306003881,2026-03-03 14:06:00.000 UTC,2026-03-03,64919,1000000088,백리향 2단 (1호 2호),1,120000,1,true,same_universe_reconstructed
2603032339355192,2026-03-03 14:39:35.000 UTC,2026-03-03,0,1000000064,2색 이티,1,85000,1,true,same_universe_reconstructed
2603032355419073,2026-03-03 14:55:41.000 UTC,2026-03-03,65684,1000000093,매화 2송이 1호,20,94000,1,true,same_universe_reconstructed
2603040730215211,2026-03-03 22:30:21.000 UTC,2026-03-03,61668,1000000092,일리향 3단,1,37000,1,true,same_universe_reconstructed
2603040800323332,2026-03-03 23:00:32.000 UTC,2026-03-03,65696,1000000093,매화 2송이 1호,20,96000,1,true,same_universe_reconstructed
2603040808154813,2026-03-03 23:08:15.000 UTC,2026-03-03,65679,1000000087,백리향 1단 (1호 2호 3호),1,65000,1,true,same_universe_reconstructed
2603040901454914,2026-03-04 00:01:45.000 UTC,2026-03-04,65698,1000000064,2색 이티,1,85000,1,true,same_universe_reconstructed
2603040915389265,2026-03-04 00:15:39.000 UTC,2026-03-04,17749,1000000087,백리향 1단 (1호 2호 3호),2,118000,2,true,same_universe_reconstructed
2603040916117576,2026-03-04 00:16:11.000 UTC,2026-03-04,17749,1000000087,백리향 1단 (1호 2호 3호),2,118000,2,true,same_universe_reconstructed
2603040934493937,2026-03-04 00:34:49.000 UTC,2026-03-04,0,1000000093,매화 2송이 1호,20,94000,1,true,same_universe_reconstructed
2603040941008838,2026-03-04 00:41:00.000 UTC,2026-03-04,0,1000000088,백리향 2단 (1호 2호),1,116000,1,true,same_universe_reconstructed
2603040947176569,2026-03-04 00:47:17.000 UTC,2026-03-04,62164,1000000088,백리향 2단 (1호 2호),1,116000,1,true,same_universe_reconstructed
2603041018323350,2026-03-04 01:18:32.000 UTC,2026-03-04,65692,1000000153,유밀상,1,28600,1,true,same_universe_reconstructed
2603041018323350,2026-03-04 01:18:32.000 UTC,2026-03-04,65692,1000000156,기원상,1,24000,1,true,same_universe_reconstructed
2603041024064791,2026-03-04 01:24:06.000 UTC,2026-03-04,65700,1000000086,십리향 3단,2,154000,1,true,same_universe_reconstructed
2603041104413292,2026-03-04 02:04:41.000 UTC,2026-03-04,65703,1000000093,매화 2송이 1호,85,408000,1,true,same_universe_reconstructed
2603041109150203,2026-03-04 02:09:15.000 UTC,2026-03-04,54210,1000000089,백리향 3단,1,173000,1,true,same_universe_reconstructed
2603041122577134,2026-03-04 02:22:57.000 UTC,2026-03-04,65704,1000000087,백리향 1단 (1호 2호 3호),1,61000,1,true,same_universe_reconstructed
2603041127510815,2026-03-04 02:27:51.000 UTC,2026-03-04,0,1000000111,매화 3송이 3호,80,560000,1,true,same_universe_reconstructed
2603041155238386,2026-03-04 02:55:23.000 UTC,2026-03-04,65675,1000000093,매화 2송이 1호,65,312000,1,true,same_universe_reconstructed
2603041155256327,2026-03-04 02:55:25.000 UTC,2026-03-04,65675,1000000093,매화 2송이 1호,65,312000,1,true,same_universe_reconstructed
2603041206487648,2026-03-04 03:06:48.000 UTC,2026-03-04,0,1000000111,매화 3송이 3호,80,560000,1,true,same_universe_reconstructed
2603041211231059,2026-03-04 03:11:23.000 UTC,2026-03-04,0,1000000111,매화 3송이 3호,80,560000,1,true,same_universe_reconstructed
2603041257112200,2026-03-04 03:57:11.000 UTC,2026-03-04,65707,1000000062,흰이티,1,80000,1,true,same_universe_reconstructed
2603041324257491,2026-03-04 04:24:25.000 UTC,2026-03-04,65678,1000000091,일리향 2단 (1호 2호 3호),1,26000,1,true,same_universe_reconstructed
2603041325322192,2026-03-04 04:25:32.000 UTC,2026-03-04,65709,1000000087,백리향 1단 (1호 2호 3호),2,122000,1,true,same_universe_reconstructed
2603041349511763,2026-03-04 04:49:51.000 UTC,2026-03-04,0,1000000092,일리향 3단,7,259000,1,true,same_universe_reconstructed
2603041354018334,2026-03-04 04:54:02.000 UTC,2026-03-04,62317,1000000086,십리향 3단,1,81000,1,true,same_universe_reconstructed
2603041354050535,2026-03-04 04:54:05.000 UTC,2026-03-04,62317,1000000086,십리향 3단,1,81000,1,true,same_universe_reconstructed
2603041416090596,2026-03-04 05:16:09.000 UTC,2026-03-04,65711,1000000064,2색 이티,2,131000,2,true,same_universe_reconstructed
2603041419537127,2026-03-04 05:19:53.000 UTC,2026-03-04,65712,1000000108,매화 2송이 2호,40,184000,1,true,same_universe_reconstructed
2603041423530488,2026-03-04 05:23:53.000 UTC,2026-03-04,0,1000000064,2색 이티,1,85000,1,true,same_universe_reconstructed
2603041426284149,2026-03-04 05:26:28.000 UTC,2026-03-04,0,1000000044,고구마찰떡,1,22500,1,true,same_universe_reconstructed
2603041426284149,2026-03-04 05:26:28.000 UTC,2026-03-04,0,1000000064,2색 이티,1,22000,1,true,same_universe_reconstructed
2603041443107150,2026-03-04 05:43:10.000 UTC,2026-03-04,55125,1000000064,2색 이티,2,128000,2,true,same_universe_reconstructed
2603041635043451,2026-03-04 07:35:04.000 UTC,2026-03-04,65721,1000000064,2색 이티,1,43000,1,true,same_universe_reconstructed
2603041643025552,2026-03-04 07:43:02.000 UTC,2026-03-04,64709,1000000064,2색 이티,1,85000,1,true,same_universe_reconstructed
2603041648261623,2026-03-04 07:48:26.000 UTC,2026-03-04,65714,1000000092,일리향 3단,2,76000,1,true,same_universe_reconstructed
2603041648261623,2026-03-04 07:48:26.000 UTC,2026-03-04,65714,1000000108,매화 2송이 2호,50,230000,1,true,same_universe_reconstructed
2603041649162724,2026-03-04 07:49:16.000 UTC,2026-03-04,65714,1000000092,일리향 3단,2,76000,1,true,same_universe_reconstructed
2603041649162724,2026-03-04 07:49:16.000 UTC,2026-03-04,65714,1000000108,매화 2송이 2호,50,230000,1,true,same_universe_reconstructed
2603041650571925,2026-03-04 07:50:57.000 UTC,2026-03-04,65723,1000000093,매화 2송이 1호,20,94000,1,true,same_universe_reconstructed
2603041658142476,2026-03-04 07:58:14.000 UTC,2026-03-04,65714,1000000092,일리향 3단,2,76000,1,true,same_universe_reconstructed
2603041658142476,2026-03-04 07:58:14.000 UTC,2026-03-04,65714,1000000108,매화 2송이 2호,50,230000,1,true,same_universe_reconstructed
2603041700533257,2026-03-04 08:00:53.000 UTC,2026-03-04,64709,1000000064,2색 이티,2,128000,2,true,same_universe_reconstructed
2603041704121998,2026-03-04 08:04:12.000 UTC,2026-03-04,9503,1000000066,쑥인절미,1,22500,1,true,same_universe_reconstructed
2603041704121998,2026-03-04 08:04:12.000 UTC,2026-03-04,9503,1000000087,백리향 1단 (1호 2호 3호),1,57000,1,true,same_universe_reconstructed
2603041720421111,2026-03-04 08:20:42.000 UTC,2026-03-04,65717,1000000064,2색 이티,4,88000,1,true,same_universe_reconstructed
2603041721566862,2026-03-04 08:21:56.000 UTC,2026-03-04,65717,1000000064,2색 이티,4,88000,1,true,same_universe_reconstructed
2603041737012883,2026-03-04 08:37:01.000 UTC,2026-03-04,29913,1000000064,2색 이티,3,150000,3,true,same_universe_reconstructed
2603041812438554,2026-03-04 09:12:43.000 UTC,2026-03-04,65728,1000000064,2색 이티,1,85000,1,true,same_universe_reconstructed
2603041903155975,2026-03-04 10:03:15.000 UTC,2026-03-04,0,1000000064,2색 이티,1,86500,1,true,same_universe_reconstructed
2603041915382357,2026-03-04 10:15:38.000 UTC,2026-03-04,0,1000000093,매화 2송이 1호,300,1440000,1,true,same_universe_reconstructed
2603041956584048,2026-03-04 10:56:58.000 UTC,2026-03-04,62813,1000000087,백리향 1단 (1호 2호 3호),2,118000,1,true,same_universe_reconstructed
2603041957426729,2026-03-04 10:57:42.000 UTC,2026-03-04,65731,1000000087,백리향 1단 (1호 2호 3호),2,122000,1,true,same_universe_reconstructed
2603042001306240,2026-03-04 11:01:30.000 UTC,2026-03-04,65731,1000000087,백리향 1단 (1호 2호 3호),2,122000,1,true,same_universe_reconstructed
2603042004532351,2026-03-04 11:04:53.000 UTC,2026-03-04,62813,1000000087,백리향 1단 (1호 2호 3호),2,122000,1,true,same_universe_reconstructed
2603042004541232,2026-03-04 11:04:54.000 UTC,2026-03-04,65731,1000000087,백리향 1단 (1호 2호 3호),2,122000,1,true,same_universe_reconstructed
2603042008115783,2026-03-04 11:08:11.000 UTC,2026-03-04,65731,1000000087,백리향 1단 (1호 2호 3호),2,122000,1,true,same_universe_reconstructed
2603042034384504,2026-03-04 11:34:38.000 UTC,2026-03-04,65734,1000000087,백리향 1단 (1호 2호 3호),1,57000,1,true,same_universe_reconstructed
2603042034401375,2026-03-04 11:34:40.000 UTC,2026-03-04,65734,1000000087,백리향 1단 (1호 2호 3호),1,57000,1,true,same_universe_reconstructed
2603042036041846,2026-03-04 11:36:04.000 UTC,2026-03-04,65734,1000000087,백리향 1단 (1호 2호 3호),1,57000,1,true,same_universe_reconstructed
2603042045337308,2026-03-04 11:45:33.000 UTC,2026-03-04,65733,1000000088,백리향 2단 (1호 2호),2,226000,2,true,same_universe_reconstructed
2603042048196849,2026-03-04 11:48:19.000 UTC,2026-03-04,65736,1000000062,흰이티,2,82000,1,true,same_universe_reconstructed
2603042048196849,2026-03-04 11:48:19.000 UTC,2026-03-04,65736,1000000063,쑥이티,1,46000,1,true,same_universe_reconstructed
2603042048196849,2026-03-04 11:48:19.000 UTC,2026-03-04,65736,1000000127,흑임자이티,1,46000,1,true,same_universe_reconstructed
2603042156412510,2026-03-04 12:56:41.000 UTC,2026-03-04,65730,1000000064,2색 이티,1,85000,1,true,same_universe_reconstructed
2603042156412510,2026-03-04 12:56:41.000 UTC,2026-03-04,65730,1000000091,일리향 2단 (1호 2호 3호),3,76500,1,true,same_universe_reconstructed
2603042158312481,2026-03-04 12:58:31.000 UTC,2026-03-04,65730,1000000064,2색 이티,1,85000,1,true,same_universe_reconstructed
2603042158312481,2026-03-04 12:58:31.000 UTC,2026-03-04,65730,1000000091,일리향 2단 (1호 2호 3호),3,76500,1,true,same_universe_reconstructed
2603042200340182,2026-03-04 13:00:34.000 UTC,2026-03-04,65730,1000000064,2색 이티,1,85000,1,true,same_universe_reconstructed
2603042200340182,2026-03-04 13:00:34.000 UTC,2026-03-04,65730,1000000091,일리향 2단 (1호 2호 3호),3,76500,1,true,same_universe_reconstructed
2603042202083793,2026-03-04 13:02:08.000 UTC,2026-03-04,65730,1000000064,2색 이티,1,85000,1,true,same_universe_reconstructed
2603042202083793,2026-03-04 13:02:08.000 UTC,2026-03-04,65730,1000000091,일리향 2단 (1호 2호 3호),3,76500,1,true,same_universe_reconstructed
2603042202140524,2026-03-04 13:02:14.000 UTC,2026-03-04,65694,1000000111,매화 3송이 3호,200,1420000,1,true,same_universe_reconstructed
2603042205526555,2026-03-04 13:05:52.000 UTC,2026-03-04,65694,1000000111,매화 3송이 3호,200,1420000,1,true,same_universe_reconstructed
2603042211150866,2026-03-04 13:11:15.000 UTC,2026-03-04,65739,1000000064,2색 이티,1,85000,1,true,same_universe_reconstructed
2603042226034667,2026-03-04 13:26:03.000 UTC,2026-03-04,65725,1000000108,매화 2송이 2호,30,138000,1,true,same_universe_reconstructed
2603042244261068,2026-03-04 13:44:26.000 UTC,2026-03-04,65694,1000000111,매화 3송이 3호,200,1420000,1,true,same_universe_reconstructed
2603042246474509,2026-03-04 13:46:47.000 UTC,2026-03-04,65742,1000000093,매화 2송이 1호,50,240000,1,true,same_universe_reconstructed
2603042353483920,2026-03-04 14:53:48.000 UTC,2026-03-04,65735,1000000153,유밀상,1,28600,1,true,same_universe_reconstructed
2603042355166041,2026-03-04 14:55:16.000 UTC,2026-03-04,0,1000000087,백리향 1단 (1호 2호 3호),2,122000,1,true,same_universe_reconstructed
2603042357374562,2026-03-04 14:57:37.000 UTC,2026-03-04,0,1000000087,백리향 1단 (1호 2호 3호),2,122000,1,true,same_universe_reconstructed
2603050730516091,2026-03-04 22:30:51.000 UTC,2026-03-04,65388,1000000087,백리향 1단 (1호 2호 3호),7,399000,1,true,same_universe_reconstructed
2603050733422572,2026-03-04 22:33:42.000 UTC,2026-03-04,65388,1000000087,백리향 1단 (1호 2호 3호),7,399000,1,true,same_universe_reconstructed
2603050735508923,2026-03-04 22:35:51.000 UTC,2026-03-04,65388,1000000087,백리향 1단 (1호 2호 3호),7,399000,1,true,same_universe_reconstructed
2603050736497564,2026-03-04 22:36:49.000 UTC,2026-03-04,65388,1000000087,백리향 1단 (1호 2호 3호),7,399000,1,true,same_universe_reconstructed
2603050737332895,2026-03-04 22:37:33.000 UTC,2026-03-04,65752,1000000087,백리향 1단 (1호 2호 3호),1,65000,1,true,same_universe_reconstructed
2603050825174646,2026-03-04 23:25:17.000 UTC,2026-03-04,65754,1000000093,매화 2송이 1호,35,168000,1,true,same_universe_reconstructed
2603050836361567,2026-03-04 23:36:36.000 UTC,2026-03-04,59393,1000000093,매화 2송이 1호,100,480000,1,true,same_universe_reconstructed
2603050837167388,2026-03-04 23:37:16.000 UTC,2026-03-04,59393,1000000093,매화 2송이 1호,100,480000,1,true,same_universe_reconstructed
2603050923129900,2026-03-05 00:23:13.000 UTC,2026-03-05,65404,1000000108,매화 2송이 2호,33,151800,1,true,same_universe_reconstructed
2603050925219221,2026-03-05 00:25:21.000 UTC,2026-03-05,65404,1000000108,매화 2송이 2호,33,151800,1,true,same_universe_reconstructed
2603051023571622,2026-03-05 01:23:57.000 UTC,2026-03-05,56978,1000000064,2색 이티,2,65000,2,true,same_universe_reconstructed
2603051026120013,2026-03-05 01:26:12.000 UTC,2026-03-05,56978,1000000064,2색 이티,2,65000,2,true,same_universe_reconstructed
2603051029227734,2026-03-05 01:29:22.000 UTC,2026-03-05,56978,1000000064,2색 이티,2,65000,2,true,same_universe_reconstructed
2603051036100845,2026-03-05 01:36:10.000 UTC,2026-03-05,65760,1000000064,2색 이티,1,85000,1,true,same_universe_reconstructed
2603051041086496,2026-03-05 01:41:08.000 UTC,2026-03-05,65760,1000000064,2색 이티,1,85000,1,true,same_universe_reconstructed
2603051105105437,2026-03-05 02:05:10.000 UTC,2026-03-05,65755,1000000112,매화 5송이 2호,50,580000,1,true,same_universe_reconstructed
2603051108071838,2026-03-05 02:08:07.000 UTC,2026-03-05,65755,1000000112,매화 5송이 2호,50,580000,1,true,same_universe_reconstructed
2603051119286409,2026-03-05 02:19:28.000 UTC,2026-03-05,0,1000000088,백리향 2단 (1호 2호),1,120000,1,true,same_universe_reconstructed
2603051128318700,2026-03-05 02:28:31.000 UTC,2026-03-05,0,1000000108,매화 2송이 2호,150,690000,1,true,same_universe_reconstructed
2603051130596883,2026-03-05 02:30:59.000 UTC,2026-03-05,65761,1000000064,2색 이티,12,1020000,1,true,same_universe_reconstructed
2603051131261024,2026-03-05 02:31:26.000 UTC,2026-03-05,65715,1000000062,흰이티,1,21000,1,true,same_universe_reconstructed
2603051131261024,2026-03-05 02:31:26.000 UTC,2026-03-05,65715,1000000064,2색 이티,8,218000,2,true,same_universe_reconstructed
2603051131261024,2026-03-05 02:31:26.000 UTC,2026-03-05,65715,1000000127,흑임자이티,3,70500,1,true,same_universe_reconstructed
2603051136266686,2026-03-05 02:36:26.000 UTC,2026-03-05,65762,1000000108,매화 2송이 2호,50,230000,1,true,same_universe_reconstructed
2603051137118777,2026-03-05 02:37:11.000 UTC,2026-03-05,0,1000000108,매화 2송이 2호,150,690000,1,true,same_universe_reconstructed
2603051141350769,2026-03-05 02:41:35.000 UTC,2026-03-05,65764,1000000085,십리향 2단 (1호 2호 3호),1,54500,1,true,same_universe_reconstructed
2603051149152730,2026-03-05 02:49:15.000 UTC,2026-03-05,65765,1000000111,매화 3송이 3호,70,497000,1,true,same_universe_reconstructed
2603051217538781,2026-03-05 03:17:54.000 UTC,2026-03-05,65734,1000000087,백리향 1단 (1호 2호 3호),1,57000,1,true,same_universe_reconstructed
2603051219377602,2026-03-05 03:19:37.000 UTC,2026-03-05,65734,1000000087,백리향 1단 (1호 2호 3호),1,57000,1,true,same_universe_reconstructed
2603051229371333,2026-03-05 03:29:37.000 UTC,2026-03-05,65767,1000000093,매화 2송이 1호,50,240000,1,true,same_universe_reconstructed
2603051241335064,2026-03-05 03:41:33.000 UTC,2026-03-05,65768,1000000064,2색 이티,1,22000,1,true,same_universe_reconstructed
2603051241335064,2026-03-05 03:41:33.000 UTC,2026-03-05,65768,1000000093,매화 2송이 1호,11,51700,1,true,same_universe_reconstructed
2603051310100325,2026-03-05 04:10:10.000 UTC,2026-03-05,65360,1000000064,2색 이티,4,235000,3,true,same_universe_reconstructed
2603051321412166,2026-03-05 04:21:41.000 UTC,2026-03-05,65718,1000000093,매화 2송이 1호,80,376000,1,true,same_universe_reconstructed
2603051321525227,2026-03-05 04:21:52.000 UTC,2026-03-05,65718,1000000093,매화 2송이 1호,80,376000,1,true,same_universe_reconstructed
2603051327077118,2026-03-05 04:27:07.000 UTC,2026-03-05,65732,1000000085,십리향 2단 (1호 2호 3호),2,107000,1,true,same_universe_reconstructed
2603051351517939,2026-03-05 04:51:51.000 UTC,2026-03-05,65748,1000000064,2색 이티,4,340000,1,true,same_universe_reconstructed
2603051356329550,2026-03-05 04:56:33.000 UTC,2026-03-05,65360,1000000064,2색 이티,4,235000,3,true,same_universe_reconstructed
2603051421105331,2026-03-05 05:21:10.000 UTC,2026-03-05,65762,1000000108,매화 2송이 2호,50,230000,1,true,same_universe_reconstructed
2603051433050592,2026-03-05 05:33:05.000 UTC,2026-03-05,65775,1000000064,2색 이티,2,128000,2,true,same_universe_reconstructed
2603051438497393,2026-03-05 05:38:49.000 UTC,2026-03-05,0,1000000064,2색 이티,1,86500,1,true,same_universe_reconstructed
2603051452205334,2026-03-05 05:52:20.000 UTC,2026-03-05,65360,1000000064,2색 이티,4,235000,3,true,same_universe_reconstructed
2603051542402245,2026-03-05 06:42:40.000 UTC,2026-03-05,58798,1000000093,매화 2송이 1호,10,48000,1,true,same_universe_reconstructed
2603051616534236,2026-03-05 07:16:53.000 UTC,2026-03-05,38859,1000000088,백리향 2단 (1호 2호),2,240000,1,true,same_universe_reconstructed
2603051631259117,2026-03-05 07:31:25.000 UTC,2026-03-05,65782,1000000093,매화 2송이 1호,50,240000,1,true,same_universe_reconstructed
2603051708455328,2026-03-05 08:08:45.000 UTC,2026-03-05,65779,1000000091,일리향 2단 (1호 2호 3호),4,104000,1,true,same_universe_reconstructed
2603051708455328,2026-03-05 08:08:45.000 UTC,2026-03-05,65779,1000000094,매화 3송이 1호,120,780000,1,true,same_universe_reconstructed
2603051711303809,2026-03-05 08:11:30.000 UTC,2026-03-05,0,1000000064,2색 이티,1,43000,1,true,same_universe_reconstructed
2603051734247430,2026-03-05 08:34:24.000 UTC,2026-03-05,65785,1000000111,매화 3송이 3호,45,315000,1,true,same_universe_reconstructed
2603051734386821,2026-03-05 08:34:38.000 UTC,2026-03-05,65786,1000000111,매화 3송이 3호,15,106500,1,true,same_universe_reconstructed
2603051736338112,2026-03-05 08:36:33.000 UTC,2026-03-05,65785,1000000111,매화 3송이 3호,45,315000,1,true,same_universe_reconstructed
2603051738384113,2026-03-05 08:38:38.000 UTC,2026-03-05,65786,1000000111,매화 3송이 3호,15,106500,1,true,same_universe_reconstructed
2603051740566084,2026-03-05 08:40:56.000 UTC,2026-03-05,65757,1000000093,매화 2송이 1호,55,264000,1,true,same_universe_reconstructed
2603051742040035,2026-03-05 08:42:04.000 UTC,2026-03-05,65786,1000000093,매화 2송이 1호,15,72000,1,true,same_universe_reconstructed
2603051759548686,2026-03-05 08:59:54.000 UTC,2026-03-05,38859,1000000087,백리향 1단 (1호 2호 3호),1,61000,1,true,same_universe_reconstructed
2603051812490297,2026-03-05 09:12:49.000 UTC,2026-03-05,0,1000000089,백리향 3단,1,168000,1,true,same_universe_reconstructed
2603051826395198,2026-03-05 09:26:39.000 UTC,2026-03-05,14489,1000000087,백리향 1단 (1호 2호 3호),1,65000,1,true,same_universe_reconstructed
2603051905516499,2026-03-05 10:05:51.000 UTC,2026-03-05,65626,1000000087,백리향 1단 (1호 2호 3호),1,61000,1,true,same_universe_reconstructed
2603051915054720,2026-03-05 10:15:05.000 UTC,2026-03-05,65626,1000000087,백리향 1단 (1호 2호 3호),1,57000,1,true,same_universe_reconstructed
2603052102586961,2026-03-05 12:02:58.000 UTC,2026-03-05,65784,1000000108,매화 2송이 2호,95,437000,1,true,same_universe_reconstructed
2603052114354042,2026-03-05 12:14:35.000 UTC,2026-03-05,65512,1000000111,매화 3송이 3호,30,210000,1,true,same_universe_reconstructed
2603052139518073,2026-03-05 12:39:51.000 UTC,2026-03-05,65791,1000000092,일리향 3단,1,37000,1,true,same_universe_reconstructed
2603052148294954,2026-03-05 12:48:29.000 UTC,2026-03-05,47486,1000000083,백설기,1,45000,1,true,same_universe_reconstructed
2603052148294954,2026-03-05 12:48:29.000 UTC,2026-03-05,47486,1000000121,깨송편 1kg,1,20000,1,true,same_universe_reconstructed
2603052214331215,2026-03-05 13:14:33.000 UTC,2026-03-05,0,1000000042,약식,1,45000,1,true,same_universe_reconstructed
2603052214331215,2026-03-05 13:14:33.000 UTC,2026-03-05,0,1000000043,모듬영양찰떡,1,45000,1,true,same_universe_reconstructed
2603052306192756,2026-03-05 14:06:19.000 UTC,2026-03-05,65792,1000000035,떡국떡 500g,3,18000,1,true,same_universe_reconstructed
2603060017206181,2026-03-05 15:17:20.000 UTC,2026-03-05,65794,1000000064,2색 이티,1,22000,1,true,same_universe_reconstructed
2603060728562933,2026-03-05 22:28:56.000 UTC,2026-03-05,50550,1000000064,2색 이티,3,174000,2,true,same_universe_reconstructed
2603060738597504,2026-03-05 22:38:59.000 UTC,2026-03-05,50550,1000000064,2색 이티,4,259000,2,true,same_universe_reconstructed
2603060753346005,2026-03-05 22:53:34.000 UTC,2026-03-05,45894,1000000093,매화 2송이 1호,100,480000,1,true,same_universe_reconstructed
2603061041428066,2026-03-06 01:41:42.000 UTC,2026-03-06,65803,1000000064,2색 이티,1,43000,1,true,same_universe_reconstructed
2603061043432537,2026-03-06 01:43:43.000 UTC,2026-03-06,65803,1000000064,2색 이티,1,43000,1,true,same_universe_reconstructed
2603061045083758,2026-03-06 01:45:08.000 UTC,2026-03-06,65803,1000000064,2색 이티,1,43000,1,true,same_universe_reconstructed
2603061051473939,2026-03-06 01:51:47.000 UTC,2026-03-06,0,1000000086,십리향 3단,1,81000,1,true,same_universe_reconstructed
2603061053224390,2026-03-06 01:53:22.000 UTC,2026-03-06,0,1000000086,십리향 3단,1,81000,1,true,same_universe_reconstructed
2603061101247761,2026-03-06 02:01:24.000 UTC,2026-03-06,45894,1000000093,매화 2송이 1호,100,480000,1,true,same_universe_reconstructed
2603061102350782,2026-03-06 02:02:35.000 UTC,2026-03-06,0,1000000086,십리향 3단,1,81000,1,true,same_universe_reconstructed
2603061111111843,2026-03-06 02:11:11.000 UTC,2026-03-06,0,1000000086,십리향 3단,1,81000,1,true,same_universe_reconstructed
2603061115362964,2026-03-06 02:15:36.000 UTC,2026-03-06,65340,1000000064,2색 이티,1,22000,1,true,same_universe_reconstructed
2603061200481245,2026-03-06 03:00:48.000 UTC,2026-03-06,65790,1000000066,쑥인절미,1,45000,1,true,same_universe_reconstructed
2603061218041596,2026-03-06 03:18:04.000 UTC,2026-03-06,0,1000000108,매화 2송이 2호,70,322000,1,true,same_universe_reconstructed
2603061228312447,2026-03-06 03:28:31.000 UTC,2026-03-06,0,1000000108,매화 2송이 2호,70,322000,1,true,same_universe_reconstructed
2603061517197869,2026-03-06 06:17:19.000 UTC,2026-03-06,65725,1000000093,매화 2송이 1호,70,336000,1,true,same_universe_reconstructed
2603061519149800,2026-03-06 06:19:15.000 UTC,2026-03-06,55370,1000000108,매화 2송이 2호,150,690000,1,true,same_universe_reconstructed
2603061540058731,2026-03-06 06:40:05.000 UTC,2026-03-06,0,1000000093,매화 2송이 1호,30,141000,1,true,same_universe_reconstructed
2603061540073542,2026-03-06 06:40:07.000 UTC,2026-03-06,0,1000000093,매화 2송이 1호,30,141000,1,true,same_universe_reconstructed
2603061549175243,2026-03-06 06:49:17.000 UTC,2026-03-06,39400,1000000087,백리향 1단 (1호 2호 3호),1,57000,1,true,same_universe_reconstructed
2603061610523864,2026-03-06 07:10:52.000 UTC,2026-03-06,0,1000000062,흰이티,3,201000,2,true,same_universe_reconstructed
2603061612402015,2026-03-06 07:12:40.000 UTC,2026-03-06,0,1000000062,흰이티,3,201000,2,true,same_universe_reconstructed
2603061707462486,2026-03-06 08:07:46.000 UTC,2026-03-06,49913,1000000108,매화 2송이 2호,60,276000,1,true,same_universe_reconstructed
2603061757403147,2026-03-06 08:57:40.000 UTC,2026-03-06,65811,1000000064,2색 이티,1,43000,1,true,same_universe_reconstructed
2603061757403147,2026-03-06 08:57:40.000 UTC,2026-03-06,65811,1000000093,매화 2송이 1호,46,216200,1,true,same_universe_reconstructed
2603061811537458,2026-03-06 09:11:53.000 UTC,2026-03-06,65811,1000000064,2색 이티,1,43000,1,true,same_universe_reconstructed
2603061811537458,2026-03-06 09:11:53.000 UTC,2026-03-06,65811,1000000093,매화 2송이 1호,46,216200,1,true,same_universe_reconstructed
2603061814251339,2026-03-06 09:14:25.000 UTC,2026-03-06,65811,1000000064,2색 이티,1,43000,1,true,same_universe_reconstructed
2603061814251339,2026-03-06 09:14:25.000 UTC,2026-03-06,65811,1000000093,매화 2송이 1호,46,216200,1,true,same_universe_reconstructed
2603061821084990,2026-03-06 09:21:08.000 UTC,2026-03-06,65811,1000000064,2색 이티,1,43000,1,true,same_universe_reconstructed
2603061821084990,2026-03-06 09:21:08.000 UTC,2026-03-06,65811,1000000093,매화 2송이 1호,46,216200,1,true,same_universe_reconstructed
2603061824446581,2026-03-06 09:24:44.000 UTC,2026-03-06,65811,1000000064,2색 이티,1,43000,1,true,same_universe_reconstructed
2603061824446581,2026-03-06 09:24:44.000 UTC,2026-03-06,65811,1000000093,매화 2송이 1호,46,216200,1,true,same_universe_reconstructed
2603061824456472,2026-03-06 09:24:45.000 UTC,2026-03-06,65811,1000000064,2색 이티,1,43000,1,true,same_universe_reconstructed
2603061824456472,2026-03-06 09:24:45.000 UTC,2026-03-06,65811,1000000093,매화 2송이 1호,46,216200,1,true,same_universe_reconstructed
2603061836390113,2026-03-06 09:36:39.000 UTC,2026-03-06,65811,1000000064,2색 이티,1,43000,1,true,same_universe_reconstructed
2603061836390113,2026-03-06 09:36:39.000 UTC,2026-03-06,65811,1000000093,매화 2송이 1호,46,216200,1,true,same_universe_reconstructed
2603061902182154,2026-03-06 10:02:18.000 UTC,2026-03-06,0,1000000063,쑥이티,1,46000,1,true,same_universe_reconstructed
2603061902182154,2026-03-06 10:02:18.000 UTC,2026-03-06,0,1000000091,일리향 2단 (1호 2호 3호),1,26000,1,true,same_universe_reconstructed
2603061904497985,2026-03-06 10:04:49.000 UTC,2026-03-06,0,1000000063,쑥이티,1,46000,1,true,same_universe_reconstructed
2603061904497985,2026-03-06 10:04:49.000 UTC,2026-03-06,0,1000000091,일리향 2단 (1호 2호 3호),1,26000,1,true,same_universe_reconstructed
2603062002203746,2026-03-06 11:02:20.000 UTC,2026-03-06,22907,1000000043,모듬영양찰떡,1,22500,1,true,same_universe_reconstructed
2603062002203746,2026-03-06 11:02:20.000 UTC,2026-03-06,22907,1000000044,고구마찰떡,1,22500,1,true,same_universe_reconstructed
2603062002203746,2026-03-06 11:02:20.000 UTC,2026-03-06,22907,1000000064,2색 이티,1,43000,1,true,same_universe_reconstructed
2603062002203746,2026-03-06 11:02:20.000 UTC,2026-03-06,22907,1000000065,흰인절미,1,20000,1,true,same_universe_reconstructed
2603062002203746,2026-03-06 11:02:20.000 UTC,2026-03-06,22907,1000000066,쑥인절미,2,45000,1,true,same_universe_reconstructed
2603062002203746,2026-03-06 11:02:20.000 UTC,2026-03-06,22907,1000000143,"경기참기름, 경기들기름",1,13000,1,true,same_universe_reconstructed
2603062258460867,2026-03-06 13:58:46.000 UTC,2026-03-06,65819,1000000089,백리향 3단,1,173000,1,true,same_universe_reconstructed
2603070053067191,2026-03-06 15:53:06.000 UTC,2026-03-06,63727,1000000042,약식,1,45000,1,true,same_universe_reconstructed
2603070053067191,2026-03-06 15:53:06.000 UTC,2026-03-06,63727,1000000043,모듬영양찰떡,1,45000,1,true,same_universe_reconstructed
2603070053067191,2026-03-06 15:53:06.000 UTC,2026-03-06,63727,1000000045,완두시루떡,1,40000,1,true,same_universe_reconstructed
2603070841438722,2026-03-06 23:41:43.000 UTC,2026-03-06,65811,1000000064,2색 이티,1,43000,1,true,same_universe_reconstructed
2603070841438722,2026-03-06 23:41:43.000 UTC,2026-03-06,65811,1000000093,매화 2송이 1호,46,216200,1,true,same_universe_reconstructed
2603071022145743,2026-03-07 01:22:14.000 UTC,2026-03-07,65824,1000000111,매화 3송이 3호,70,490000,1,true,same_universe_reconstructed
2603071028045034,2026-03-07 01:28:04.000 UTC,2026-03-07,65825,1000000087,백리향 1단 (1호 2호 3호),1,61000,1,true,same_universe_reconstructed
2603071028045034,2026-03-07 01:28:04.000 UTC,2026-03-07,65825,1000000108,매화 2송이 2호,53,238500,1,true,same_universe_reconstructed
2603071158465515,2026-03-07 02:58:46.000 UTC,2026-03-07,0,1000000044,고구마찰떡,1,45000,1,true,same_universe_reconstructed
2603071158465515,2026-03-07 02:58:46.000 UTC,2026-03-07,0,1000000045,완두시루떡,2,40000,1,true,same_universe_reconstructed
2603071158465515,2026-03-07 02:58:46.000 UTC,2026-03-07,0,1000000064,2색 이티,1,43000,1,true,same_universe_reconstructed
2603071158465515,2026-03-07 02:58:46.000 UTC,2026-03-07,0,1000000083,백설기,1,45000,1,true,same_universe_reconstructed
2603071158465515,2026-03-07 02:58:46.000 UTC,2026-03-07,0,1000000121,깨송편 1kg,1,19500,1,true,same_universe_reconstructed
2603071305186066,2026-03-07 04:05:18.000 UTC,2026-03-07,18357,1000000064,2색 이티,1,22000,1,true,same_universe_reconstructed
2603071500525757,2026-03-07 06:00:52.000 UTC,2026-03-07,65829,1000000093,매화 2송이 1호,20,96000,1,true,same_universe_reconstructed
2603071545433108,2026-03-07 06:45:43.000 UTC,2026-03-07,0,1000000093,매화 2송이 1호,30,144000,1,true,same_universe_reconstructed
2603072208378329,2026-03-07 13:08:37.000 UTC,2026-03-07,33182,1000000063,쑥이티,1,46000,1,true,same_universe_reconstructed
2603072208378329,2026-03-07 13:08:37.000 UTC,2026-03-07,33182,1000000113,매화 5송이 3호,15,172500,1,true,same_universe_reconstructed
2603072310010430,2026-03-07 14:10:01.000 UTC,2026-03-07,65837,1000000085,십리향 2단 (1호 2호 3호),2,107000,1,true,same_universe_reconstructed
2603080629558111,2026-03-07 21:29:55.000 UTC,2026-03-07,65708,1000000111,매화 3송이 3호,110,781000,1,true,same_universe_reconstructed
2603080633311962,2026-03-07 21:33:31.000 UTC,2026-03-07,65708,1000000111,매화 3송이 3호,110,781000,1,true,same_universe_reconstructed
2603080858423793,2026-03-07 23:58:42.000 UTC,2026-03-07,43358,1000000091,일리향 2단 (1호 2호 3호),5,125000,1,true,same_universe_reconstructed
2603080858423793,2026-03-07 23:58:42.000 UTC,2026-03-07,43358,1000000111,매화 3송이 3호,70,490000,1,true,same_universe_reconstructed
2603080947521824,2026-03-08 00:47:52.000 UTC,2026-03-08,44130,1000000064,2색 이티,1,44500,1,true,same_universe_reconstructed
2603081057578015,2026-03-08 01:57:57.000 UTC,2026-03-08,65844,1000000084,십리향 1단 (1호 2호 3호),2,61000,1,true,same_universe_reconstructed
2603081132272026,2026-03-08 02:32:27.000 UTC,2026-03-08,65793,1000000094,매화 3송이 1호,25,162500,1,true,same_universe_reconstructed
2603081150468757,2026-03-08 02:50:46.000 UTC,2026-03-08,65847,1000000112,매화 5송이 2호,20,232000,1,true,same_universe_reconstructed
2603081151207118,2026-03-08 02:51:20.000 UTC,2026-03-08,0,1000000156,기원상,1,29000,1,true,same_universe_reconstructed
2603081224028639,2026-03-08 03:24:03.000 UTC,2026-03-08,65848,1000000093,매화 2송이 1호,100,480000,1,true,same_universe_reconstructed
2603081328468410,2026-03-08 04:28:46.000 UTC,2026-03-08,62115,1000000153,유밀상,2,57200,1,true,same_universe_reconstructed
2603081526414321,2026-03-08 06:26:41.000 UTC,2026-03-08,65851,1000000064,2색 이티,2,65000,2,true,same_universe_reconstructed
2603081526414321,2026-03-08 06:26:41.000 UTC,2026-03-08,65851,1000000090,일리향 1단 (1호 2호 3호),3,39000,1,true,same_universe_reconstructed
2603081629476262,2026-03-08 07:29:47.000 UTC,2026-03-08,62772,1000000042,약식,1,22500,1,true,same_universe_reconstructed
2603081629476262,2026-03-08 07:29:47.000 UTC,2026-03-08,62772,1000000064,2색 이티,1,43000,1,true,same_universe_reconstructed
2603081729143823,2026-03-08 08:29:14.000 UTC,2026-03-08,65855,1000000113,매화 5송이 3호,65,754000,1,true,same_universe_reconstructed
2603081732267004,2026-03-08 08:32:26.000 UTC,2026-03-08,65855,1000000113,매화 5송이 3호,65,754000,1,true,same_universe_reconstructed
2603081736078915,2026-03-08 08:36:07.000 UTC,2026-03-08,65855,1000000113,매화 5송이 3호,70,812000,1,true,same_universe_reconstructed
2603081742014746,2026-03-08 08:42:01.000 UTC,2026-03-08,65853,1000000093,매화 2송이 1호,30,141000,1,true,same_universe_reconstructed
2603081752151168,2026-03-08 08:52:15.000 UTC,2026-03-08,65853,1000000093,매화 2송이 1호,30,141000,1,true,same_universe_reconstructed
2603081928511440,2026-03-08 10:28:51.000 UTC,2026-03-08,65856,1000000064,2색 이티,1,43000,1,true,same_universe_reconstructed
2603082243544721,2026-03-08 13:43:54.000 UTC,2026-03-08,65869,1000000086,십리향 3단,1,81000,1,true,same_universe_reconstructed
2603082311022022,2026-03-08 14:11:02.000 UTC,2026-03-08,65812,1000000064,2색 이티,2,66500,2,true,same_universe_reconstructed
2603090122171321,2026-03-08 16:22:17.000 UTC,2026-03-08,65838,1000000153,유밀상,1,28600,1,true,same_universe_reconstructed
2603090205542772,2026-03-08 17:05:54.000 UTC,2026-03-08,65772,1000000042,약식,1,22500,1,true,same_universe_reconstructed
2603090205542772,2026-03-08 17:05:54.000 UTC,2026-03-08,65772,1000000045,완두시루떡,1,20000,1,true,same_universe_reconstructed
2603090205542772,2026-03-08 17:05:54.000 UTC,2026-03-08,65772,1000000064,2색 이티,1,43000,1,true,same_universe_reconstructed
2603090205542772,2026-03-08 17:05:54.000 UTC,2026-03-08,65772,1000000127,흑임자이티,1,23500,1,true,same_universe_reconstructed
2603090205542772,2026-03-08 17:05:54.000 UTC,2026-03-08,65772,1000000142,경기 미숫가루,1,19000,1,true,same_universe_reconstructed
2603090659367173,2026-03-08 21:59:36.000 UTC,2026-03-08,0,1000000086,십리향 3단,1,77000,1,true,same_universe_reconstructed
2603090659367173,2026-03-08 21:59:36.000 UTC,2026-03-08,0,1000000090,일리향 1단 (1호 2호 3호),1,13000,1,true,same_universe_reconstructed
2603090833258254,2026-03-08 23:33:25.000 UTC,2026-03-08,63057,1000000064,2색 이티,3,192000,2,true,same_universe_reconstructed
2603090833481255,2026-03-08 23:33:48.000 UTC,2026-03-08,65774,1000000064,2색 이티,1,43000,1,true,same_universe_reconstructed
2603090838179746,2026-03-08 23:38:18.000 UTC,2026-03-08,65875,1000000085,십리향 2단 (1호 2호 3호),2,107000,1,true,same_universe_reconstructed
2603090910178547,2026-03-09 00:10:17.000 UTC,2026-03-09,65876,1000000108,매화 2송이 2호,42,193200,1,true,same_universe_reconstructed
2603090913530468,2026-03-09 00:13:53.000 UTC,2026-03-09,65237,1000000094,매화 3송이 1호,30,198000,1,true,same_universe_reconstructed
2603091023580959,2026-03-09 01:23:58.000 UTC,2026-03-09,65880,1000000091,일리향 2단 (1호 2호 3호),3,79500,1,true,same_universe_reconstructed
2603091023580959,2026-03-09 01:23:58.000 UTC,2026-03-09,65880,1000000094,매화 3송이 1호,10,66000,1,true,same_universe_reconstructed
2603091032194660,2026-03-09 01:32:19.000 UTC,2026-03-09,65881,1000000064,2색 이티,1,43000,1,true,same_universe_reconstructed
2603091146447401,2026-03-09 02:46:44.000 UTC,2026-03-09,65889,1000000087,백리향 1단 (1호 2호 3호),1,65000,1,true,same_universe_reconstructed
2603091149391042,2026-03-09 02:49:39.000 UTC,2026-03-09,55431,1000000087,백리향 1단 (1호 2호 3호),1,61000,1,true,same_universe_reconstructed
2603091209121573,2026-03-09 03:09:12.000 UTC,2026-03-09,65883,1000000093,매화 2송이 1호,25,120000,1,true,same_universe_reconstructed
2603091212102334,2026-03-09 03:12:10.000 UTC,2026-03-09,61355,1000000062,흰이티,2,62000,2,true,same_universe_reconstructed
2603091232156595,2026-03-09 03:32:15.000 UTC,2026-03-09,65890,1000000094,매화 3송이 1호,123,811800,1,true,same_universe_reconstructed
2603091242547706,2026-03-09 03:42:54.000 UTC,2026-03-09,65891,1000000088,백리향 2단 (1호 2호),1,120000,1,true,same_universe_reconstructed
2603091244491417,2026-03-09 03:44:49.000 UTC,2026-03-09,63660,1000000094,매화 3송이 1호,55,363000,1,true,same_universe_reconstructed
2603091255202258,2026-03-09 03:55:20.000 UTC,2026-03-09,63660,1000000090,일리향 1단 (1호 2호 3호),3,39000,1,true,same_universe_reconstructed
2603091255202258,2026-03-09 03:55:20.000 UTC,2026-03-09,63660,1000000094,매화 3송이 1호,11,72600,1,true,same_universe_reconstructed
2603091306289169,2026-03-09 04:06:28.000 UTC,2026-03-09,65888,1000000156,기원상,1,29000,1,true,same_universe_reconstructed
2603091316109680,2026-03-09 04:16:11.000 UTC,2026-03-09,62765,1000000108,매화 2송이 2호,107,492200,1,true,same_universe_reconstructed
2603091319508271,2026-03-09 04:19:50.000 UTC,2026-03-09,65893,1000000088,백리향 2단 (1호 2호),1,111000,1,true,same_universe_reconstructed
2603091332432072,2026-03-09 04:32:43.000 UTC,2026-03-09,65895,1000000086,십리향 3단,1,81000,1,true,same_universe_reconstructed
2603091337056953,2026-03-09 04:37:05.000 UTC,2026-03-09,65896,1000000093,매화 2송이 1호,80,384000,1,true,same_universe_reconstructed
2603091337566854,2026-03-09 04:37:56.000 UTC,2026-03-09,65896,1000000093,매화 2송이 1호,80,384000,1,true,same_universe_reconstructed
2603091400085545,2026-03-09 05:00:08.000 UTC,2026-03-09,0,1000000113,매화 5송이 3호,106,1229600,1,true,same_universe_reconstructed
2603091401336446,2026-03-09 05:01:33.000 UTC,2026-03-09,0,1000000113,매화 5송이 3호,106,1229600,1,true,same_universe_reconstructed
2603091406028297,2026-03-09 05:06:02.000 UTC,2026-03-09,65892,1000000093,매화 2송이 1호,95,456000,1,true,same_universe_reconstructed
2603091407501828,2026-03-09 05:07:50.000 UTC,2026-03-09,65892,1000000093,매화 2송이 1호,95,456000,1,true,same_universe_reconstructed
2603091414443389,2026-03-09 05:14:44.000 UTC,2026-03-09,0,1000000112,매화 5송이 2호,70,812000,1,true,same_universe_reconstructed
2603091415073700,2026-03-09 05:15:07.000 UTC,2026-03-09,65756,1000000090,일리향 1단 (1호 2호 3호),6,78000,1,true,same_universe_reconstructed
2603091415073700,2026-03-09 05:15:07.000 UTC,2026-03-09,65756,1000000093,매화 2송이 1호,57,273600,1,true,same_universe_reconstructed
2603091432084801,2026-03-09 05:32:08.000 UTC,2026-03-09,62270,1000000045,완두시루떡,1,20000,1,true,same_universe_reconstructed
2603091432084801,2026-03-09 05:32:08.000 UTC,2026-03-09,62270,1000000063,쑥이티,1,23500,1,true,same_universe_reconstructed
2603091432084801,2026-03-09 05:32:08.000 UTC,2026-03-09,62270,1000000064,2색 이티,1,22000,1,true,same_universe_reconstructed
2603091432084801,2026-03-09 05:32:08.000 UTC,2026-03-09,62270,1000000070,마스코바도 쑥설기,1,20000,1,true,same_universe_reconstructed
2603091432112802,2026-03-09 05:32:11.000 UTC,2026-03-09,62270,1000000045,완두시루떡,1,20000,1,true,same_universe_reconstructed
2603091432112802,2026-03-09 05:32:11.000 UTC,2026-03-09,62270,1000000063,쑥이티,1,23500,1,true,same_universe_reconstructed
2603091432112802,2026-03-09 05:32:11.000 UTC,2026-03-09,62270,1000000064,2색 이티,1,22000,1,true,same_universe_reconstructed
2603091432112802,2026-03-09 05:32:11.000 UTC,2026-03-09,62270,1000000070,마스코바도 쑥설기,1,20000,1,true,same_universe_reconstructed
2603091432128873,2026-03-09 05:32:13.000 UTC,2026-03-09,62270,1000000045,완두시루떡,1,20000,1,true,same_universe_reconstructed
2603091432128873,2026-03-09 05:32:13.000 UTC,2026-03-09,62270,1000000063,쑥이티,1,23500,1,true,same_universe_reconstructed
2603091432128873,2026-03-09 05:32:13.000 UTC,2026-03-09,62270,1000000064,2색 이티,1,22000,1,true,same_universe_reconstructed
2603091432128873,2026-03-09 05:32:13.000 UTC,2026-03-09,62270,1000000070,마스코바도 쑥설기,1,20000,1,true,same_universe_reconstructed
2603091432184894,2026-03-09 05:32:18.000 UTC,2026-03-09,62270,1000000045,완두시루떡,1,20000,1,true,same_universe_reconstructed
2603091432184894,2026-03-09 05:32:18.000 UTC,2026-03-09,62270,1000000063,쑥이티,1,23500,1,true,same_universe_reconstructed
2603091432184894,2026-03-09 05:32:18.000 UTC,2026-03-09,62270,1000000064,2색 이티,1,22000,1,true,same_universe_reconstructed
2603091432184894,2026-03-09 05:32:18.000 UTC,2026-03-09,62270,1000000070,마스코바도 쑥설기,1,20000,1,true,same_universe_reconstructed
2603091456394695,2026-03-09 05:56:39.000 UTC,2026-03-09,65666,1000000087,백리향 1단 (1호 2호 3호),1,65000,1,true,same_universe_reconstructed
2603091456394695,2026-03-09 05:56:39.000 UTC,2026-03-09,65666,1000000093,매화 2송이 1호,10,48000,1,true,same_universe_reconstructed
2603091456409506,2026-03-09 05:56:41.000 UTC,2026-03-09,65666,1000000087,백리향 1단 (1호 2호 3호),1,65000,1,true,same_universe_reconstructed
2603091456409506,2026-03-09 05:56:41.000 UTC,2026-03-09,65666,1000000093,매화 2송이 1호,10,48000,1,true,same_universe_reconstructed
2603091458273357,2026-03-09 05:58:27.000 UTC,2026-03-09,0,1000000111,매화 3송이 3호,40,280000,1,true,same_universe_reconstructed
2603091459491868,2026-03-09 05:59:49.000 UTC,2026-03-09,65874,1000000045,완두시루떡,2,60000,2,true,same_universe_reconstructed
2603091459491868,2026-03-09 05:59:49.000 UTC,2026-03-09,65874,1000000064,2색 이티,2,65000,2,true,same_universe_reconstructed
2603091459491868,2026-03-09 05:59:49.000 UTC,2026-03-09,65874,1000000071,마스코바도 호박설기,2,60000,2,true,same_universe_reconstructed
2603091500481779,2026-03-09 06:00:48.000 UTC,2026-03-09,0,1000000111,매화 3송이 3호,40,280000,1,true,same_universe_reconstructed
2603091501553400,2026-03-09 06:01:55.000 UTC,2026-03-09,65874,1000000045,완두시루떡,2,60000,2,true,same_universe_reconstructed
2603091501553400,2026-03-09 06:01:55.000 UTC,2026-03-09,65874,1000000064,2색 이티,2,65000,2,true,same_universe_reconstructed
2603091501553400,2026-03-09 06:01:55.000 UTC,2026-03-09,65874,1000000071,마스코바도 호박설기,2,60000,2,true,same_universe_reconstructed
2603091506595541,2026-03-09 06:06:59.000 UTC,2026-03-09,0,1000000113,매화 5송이 3호,106,1229600,1,true,same_universe_reconstructed
2603091517326572,2026-03-09 06:17:32.000 UTC,2026-03-09,65874,1000000108,매화 2송이 2호,22,99000,1,true,same_universe_reconstructed
2603091519175423,2026-03-09 06:19:17.000 UTC,2026-03-09,65901,1000000108,매화 2송이 2호,20,90000,1,true,same_universe_reconstructed
2603091519506534,2026-03-09 06:19:50.000 UTC,2026-03-09,65874,1000000108,매화 2송이 2호,53,238500,1,true,same_universe_reconstructed
2603091524252555,2026-03-09 06:24:25.000 UTC,2026-03-09,0,1000000113,매화 5송이 3호,10,116000,1,true,same_universe_reconstructed
2603091524338066,2026-03-09 06:24:33.000 UTC,2026-03-09,65874,1000000108,매화 2송이 2호,31,139500,1,true,same_universe_reconstructed
2603091525483137,2026-03-09 06:25:48.000 UTC,2026-03-09,0,1000000113,매화 5송이 3호,10,116000,1,true,same_universe_reconstructed
2603091528310739,2026-03-09 06:28:31.000 UTC,2026-03-09,65874,1000000108,매화 2송이 2호,22,99000,1,true,same_universe_reconstructed
2603091538503190,2026-03-09 06:38:50.000 UTC,2026-03-09,0,1000000093,매화 2송이 1호,70,336000,1,true,same_universe_reconstructed
2603091538552231,2026-03-09 06:38:55.000 UTC,2026-03-09,0,1000000093,매화 2송이 1호,70,336000,1,true,same_universe_reconstructed
2603091622237362,2026-03-09 07:22:23.000 UTC,2026-03-09,0,1000000113,매화 5송이 3호,13,150800,1,true,same_universe_reconstructed
2603091630217823,2026-03-09 07:30:21.000 UTC,2026-03-09,65902,1000000093,매화 2송이 1호,50,240000,1,true,same_universe_reconstructed
2603091636545914,2026-03-09 07:36:54.000 UTC,2026-03-09,65903,1000000042,약식,3,91500,2,true,same_universe_reconstructed
2603091636545914,2026-03-09 07:36:54.000 UTC,2026-03-09,65903,1000000064,2색 이티,1,22000,1,true,same_universe_reconstructed
2603091646082605,2026-03-09 07:46:08.000 UTC,2026-03-09,65904,1000000064,2색 이티,1,43000,1,true,same_universe_reconstructed
2603091648213086,2026-03-09 07:48:21.000 UTC,2026-03-09,65904,1000000064,2색 이티,1,43000,1,true,same_universe_reconstructed
2603091650196527,2026-03-09 07:50:19.000 UTC,2026-03-09,65906,1000000064,2색 이티,1,22000,1,true,same_universe_reconstructed
2603091650196527,2026-03-09 07:50:19.000 UTC,2026-03-09,65906,1000000111,매화 3송이 3호,85,603500,1,true,same_universe_reconstructed
2603091653121018,2026-03-09 07:53:12.000 UTC,2026-03-09,41086,1000000085,십리향 2단 (1호 2호 3호),1,49000,1,true,same_universe_reconstructed
2603091653392939,2026-03-09 07:53:39.000 UTC,2026-03-09,65906,1000000064,2색 이티,1,22000,1,true,same_universe_reconstructed
2603091653392939,2026-03-09 07:53:39.000 UTC,2026-03-09,65906,1000000111,매화 3송이 3호,85,603500,1,true,same_universe_reconstructed
2603091656243830,2026-03-09 07:56:24.000 UTC,2026-03-09,65906,1000000064,2색 이티,1,22000,1,true,same_universe_reconstructed
2603091656243830,2026-03-09 07:56:24.000 UTC,2026-03-09,65906,1000000111,매화 3송이 3호,85,603500,1,true,same_universe_reconstructed
2603091656258011,2026-03-09 07:56:25.000 UTC,2026-03-09,65906,1000000064,2색 이티,1,22000,1,true,same_universe_reconstructed
2603091656258011,2026-03-09 07:56:25.000 UTC,2026-03-09,65906,1000000111,매화 3송이 3호,85,603500,1,true,same_universe_reconstructed
2603091658525582,2026-03-09 07:58:52.000 UTC,2026-03-09,65906,1000000064,2색 이티,1,22000,1,true,same_universe_reconstructed
2603091658525582,2026-03-09 07:58:52.000 UTC,2026-03-09,65906,1000000111,매화 3송이 3호,85,603500,1,true,same_universe_reconstructed
2603091704057843,2026-03-09 08:04:05.000 UTC,2026-03-09,65907,1000000108,매화 2송이 2호,11,50600,1,true,same_universe_reconstructed
2603091706309524,2026-03-09 08:06:31.000 UTC,2026-03-09,65907,1000000108,매화 2송이 2호,11,50600,1,true,same_universe_reconstructed
2603091721332595,2026-03-09 08:21:33.000 UTC,2026-03-09,65908,1000000065,흰인절미,1,20000,1,true,same_universe_reconstructed
2603091721332595,2026-03-09 08:21:33.000 UTC,2026-03-09,65908,1000000087,백리향 1단 (1호 2호 3호),13,845000,1,true,same_universe_reconstructed
2603091731155357,2026-03-09 08:31:15.000 UTC,2026-03-09,65452,1000000090,일리향 1단 (1호 2호 3호),1,13000,1,true,same_universe_reconstructed
2603091739557468,2026-03-09 08:39:55.000 UTC,2026-03-09,0,1000000093,매화 2송이 1호,90,432000,1,true,same_universe_reconstructed
2603091912126111,2026-03-09 10:12:12.000 UTC,2026-03-09,65918,1000000064,2색 이티,1,22000,1,true,same_universe_reconstructed
2603091918492782,2026-03-09 10:18:49.000 UTC,2026-03-09,49948,1000000088,백리향 2단 (1호 2호),1,120000,1,true,same_universe_reconstructed
2603091936575783,2026-03-09 10:36:57.000 UTC,2026-03-09,0,1000000064,2색 이티,4,88000,1,true,same_universe_reconstructed
2603092040073185,2026-03-09 11:40:07.000 UTC,2026-03-09,63165,1000000064,2색 이티,1,43000,1,true,same_universe_reconstructed
2603092111565057,2026-03-09 12:11:56.000 UTC,2026-03-09,65923,1000000093,매화 2송이 1호,33,158400,1,true,same_universe_reconstructed
2603092142312258,2026-03-09 12:42:31.000 UTC,2026-03-09,65928,1000000064,2색 이티,2,128000,2,true,same_universe_reconstructed
2603092144163949,2026-03-09 12:44:16.000 UTC,2026-03-09,54775,1000000093,매화 2송이 1호,35,168000,1,true,same_universe_reconstructed
2603092148554610,2026-03-09 12:48:55.000 UTC,2026-03-09,54775,1000000093,매화 2송이 1호,35,168000,1,true,same_universe_reconstructed
2603092154115211,2026-03-09 12:54:11.000 UTC,2026-03-09,65925,1000000108,매화 2송이 2호,65,299000,1,true,same_universe_reconstructed
2603092219559302,2026-03-09 13:19:55.000 UTC,2026-03-09,63083,1000000093,매화 2송이 1호,15,72000,1,true,same_universe_reconstructed
2603092234116863,2026-03-09 13:34:11.000 UTC,2026-03-09,65929,1000000044,고구마찰떡,1,22500,1,true,same_universe_reconstructed
2603092234116863,2026-03-09 13:34:11.000 UTC,2026-03-09,65929,1000000064,2색 이티,1,43000,1,true,same_universe_reconstructed
2603092251079524,2026-03-09 13:51:08.000 UTC,2026-03-09,64181,1000000064,2색 이티,1,85000,1,true,same_universe_reconstructed
2603092327145255,2026-03-09 14:27:14.000 UTC,2026-03-09,41643,1000000027,마스코바도 설기,1,40000,1,true,same_universe_reconstructed
2603092327145255,2026-03-09 14:27:14.000 UTC,2026-03-09,41643,1000000043,모듬영양찰떡,1,22500,1,true,same_universe_reconstructed
2603092332403916,2026-03-09 14:32:40.000 UTC,2026-03-09,65813,1000000113,매화 5송이 3호,40,464000,1,true,same_universe_reconstructed
2603100021374301,2026-03-09 15:21:37.000 UTC,2026-03-09,65868,1000000094,매화 3송이 1호,80,528000,1,true,same_universe_reconstructed
2603100739432262,2026-03-09 22:39:43.000 UTC,2026-03-09,60053,1000000153,유밀상,1,28600,1,true,same_universe_reconstructed
2603100739432262,2026-03-09 22:39:43.000 UTC,2026-03-09,60053,1000000156,기원상,2,58000,1,true,same_universe_reconstructed
2603100801506283,2026-03-09 23:01:50.000 UTC,2026-03-09,62499,1000000044,고구마찰떡,1,22500,1,true,same_universe_reconstructed
2603100801506283,2026-03-09 23:01:50.000 UTC,2026-03-09,62499,1000000045,완두시루떡,1,20000,1,true,same_universe_reconstructed
2603100812095974,2026-03-09 23:12:09.000 UTC,2026-03-09,65937,1000000093,매화 2송이 1호,15,70500,1,true,same_universe_reconstructed
2603100812095974,2026-03-09 23:12:09.000 UTC,2026-03-09,65937,1000000111,매화 3송이 3호,12,84000,1,true,same_universe_reconstructed
2603100852421175,2026-03-09 23:52:42.000 UTC,2026-03-09,65902,1000000093,매화 2송이 1호,50,240000,1,true,same_universe_reconstructed
2603100908594516,2026-03-10 00:08:59.000 UTC,2026-03-10,65902,1000000093,매화 2송이 1호,50,240000,1,true,same_universe_reconstructed
2603100912314968,2026-03-10 00:12:31.000 UTC,2026-03-10,44622,1000000111,매화 3송이 3호,38,266000,1,true,same_universe_reconstructed
2603100912495499,2026-03-10 00:12:49.000 UTC,2026-03-10,44622,1000000111,매화 3송이 3호,38,266000,1,true,same_universe_reconstructed
2603100957459910,2026-03-10 00:57:46.000 UTC,2026-03-10,65940,1000000093,매화 2송이 1호,12,57600,1,true,same_universe_reconstructed
2603101027265721,2026-03-10 01:27:26.000 UTC,2026-03-10,65941,1000000093,매화 2송이 1호,50,240000,1,true,same_universe_reconstructed
2603101056253772,2026-03-10 01:56:25.000 UTC,2026-03-10,65943,1000000108,매화 2송이 2호,150,690000,1,true,same_universe_reconstructed
2603101058195563,2026-03-10 01:58:19.000 UTC,2026-03-10,65943,1000000108,매화 2송이 2호,150,690000,1,true,same_universe_reconstructed
2603101100348944,2026-03-10 02:00:34.000 UTC,2026-03-10,65943,1000000108,매화 2송이 2호,150,690000,1,true,same_universe_reconstructed
2603101103527525,2026-03-10 02:03:52.000 UTC,2026-03-10,65779,1000000091,일리향 2단 (1호 2호 3호),4,104000,1,true,same_universe_reconstructed
2603101106560946,2026-03-10 02:06:56.000 UTC,2026-03-10,65945,1000000063,쑥이티,1,23500,1,true,same_universe_reconstructed
2603101106560946,2026-03-10 02:06:56.000 UTC,2026-03-10,65945,1000000070,마스코바도 쑥설기,1,20000,1,true,same_universe_reconstructed
2603101133089607,2026-03-10 02:33:09.000 UTC,2026-03-10,0,1000000108,매화 2송이 2호,34,156400,1,true,same_universe_reconstructed
2603101301107468,2026-03-10 04:01:10.000 UTC,2026-03-10,65949,1000000044,고구마찰떡,1,22500,1,true,same_universe_reconstructed
2603101301107468,2026-03-10 04:01:10.000 UTC,2026-03-10,65949,1000000045,완두시루떡,1,20000,1,true,same_universe_reconstructed
2603101303437029,2026-03-10 04:03:43.000 UTC,2026-03-10,65950,1000000093,매화 2송이 1호,60,288000,1,true,same_universe_reconstructed
2603101313320150,2026-03-10 04:13:32.000 UTC,2026-03-10,65952,1000000090,일리향 1단 (1호 2호 3호),1,13000,1,true,same_universe_reconstructed
2603101313320150,2026-03-10 04:13:32.000 UTC,2026-03-10,65952,1000000091,일리향 2단 (1호 2호 3호),4,106000,1,true,same_universe_reconstructed
2603101351224062,2026-03-10 04:51:22.000 UTC,2026-03-10,65954,1000000090,일리향 1단 (1호 2호 3호),7,91000,1,true,same_universe_reconstructed
2603101427176524,2026-03-10 05:27:17.000 UTC,2026-03-10,65894,1000000093,매화 2송이 1호,80,384000,1,true,same_universe_reconstructed
2603101508398915,2026-03-10 06:08:39.000 UTC,2026-03-10,65958,1000000064,2색 이티,2,66500,2,true,same_universe_reconstructed
2603101511339856,2026-03-10 06:11:34.000 UTC,2026-03-10,0,1000000064,2색 이티,2,170000,1,true,same_universe_reconstructed
2603101606421857,2026-03-10 07:06:42.000 UTC,2026-03-10,65962,1000000085,십리향 2단 (1호 2호 3호),2,107000,1,true,same_universe_reconstructed
2603101640572018,2026-03-10 07:40:57.000 UTC,2026-03-10,65964,1000000045,완두시루떡,2,83000,1,true,same_universe_reconstructed
2603101640572018,2026-03-10 07:40:57.000 UTC,2026-03-10,65964,1000000062,흰이티,2,85000,1,true,same_universe_reconstructed
2603101650401489,2026-03-10 07:50:40.000 UTC,2026-03-10,65964,1000000045,완두시루떡,3,160000,2,true,same_universe_reconstructed
2603101650401489,2026-03-10 07:50:40.000 UTC,2026-03-10,65964,1000000062,흰이티,1,41000,1,true,same_universe_reconstructed
2603101650401489,2026-03-10 07:50:40.000 UTC,2026-03-10,65964,1000000085,십리향 2단 (1호 2호 3호),4,218000,1,true,same_universe_reconstructed
2603101707225900,2026-03-10 08:07:22.000 UTC,2026-03-10,65965,1000000088,백리향 2단 (1호 2호),1,116000,1,true,same_universe_reconstructed
2603101738008281,2026-03-10 08:38:00.000 UTC,2026-03-10,65966,1000000063,쑥이티,5,237500,1,true,same_universe_reconstructed
2603101810349952,2026-03-10 09:10:35.000 UTC,2026-03-10,65969,1000000064,2색 이티,1,85000,1,true,same_universe_reconstructed
2603101813211813,2026-03-10 09:13:21.000 UTC,2026-03-10,65931,1000000092,일리향 3단,1,38000,1,true,same_universe_reconstructed
2603101901258514,2026-03-10 10:01:25.000 UTC,2026-03-10,0,1000000064,2색 이티,1,43000,1,true,same_universe_reconstructed
2603101907182185,2026-03-10 10:07:18.000 UTC,2026-03-10,0,1000000043,모듬영양찰떡,1,45000,1,true,same_universe_reconstructed
2603101945174906,2026-03-10 10:45:17.000 UTC,2026-03-10,65879,1000000090,일리향 1단 (1호 2호 3호),1,13000,1,true,same_universe_reconstructed
2603101945174906,2026-03-10 10:45:17.000 UTC,2026-03-10,65879,1000000091,일리향 2단 (1호 2호 3호),1,26000,1,true,same_universe_reconstructed
2603101945174906,2026-03-10 10:45:17.000 UTC,2026-03-10,65879,1000000142,경기 미숫가루,1,19000,1,true,same_universe_reconstructed
2603101948293757,2026-03-10 10:48:29.000 UTC,2026-03-10,65879,1000000092,일리향 3단,1,38000,1,true,same_universe_reconstructed
2603102012331168,2026-03-10 11:12:33.000 UTC,2026-03-10,19649,1000000111,매화 3송이 3호,85,595000,1,true,same_universe_reconstructed
2603102046278490,2026-03-10 11:46:27.000 UTC,2026-03-10,0,1000000064,2색 이티,2,170000,1,true,same_universe_reconstructed
2603102115130541,2026-03-10 12:15:13.000 UTC,2026-03-10,65849,1000000108,매화 2송이 2호,20,90000,1,true,same_universe_reconstructed
2603102238254422,2026-03-10 13:38:25.000 UTC,2026-03-10,65867,1000000088,백리향 2단 (1호 2호),1,120000,1,true,same_universe_reconstructed
2603102238504383,2026-03-10 13:38:50.000 UTC,2026-03-10,65867,1000000088,백리향 2단 (1호 2호),1,120000,1,true,same_universe_reconstructed
2603102252022904,2026-03-10 13:52:02.000 UTC,2026-03-10,0,1000000113,매화 5송이 3호,50,580000,1,true,same_universe_reconstructed
2603102254482495,2026-03-10 13:54:48.000 UTC,2026-03-10,0,1000000113,매화 5송이 3호,50,580000,1,true,same_universe_reconstructed
2603102256493386,2026-03-10 13:56:49.000 UTC,2026-03-10,0,1000000113,매화 5송이 3호,50,580000,1,true,same_universe_reconstructed
2603102259436027,2026-03-10 13:59:43.000 UTC,2026-03-10,0,1000000113,매화 5송이 3호,50,580000,1,true,same_universe_reconstructed
2603102353580028,2026-03-10 14:53:58.000 UTC,2026-03-10,0,1000000144,경기 미숫가루 쫀드기,1,9000,1,true,same_universe_reconstructed
2603110004435861,2026-03-10 15:04:43.000 UTC,2026-03-10,65976,1000000111,매화 3송이 3호,87,609000,1,true,same_universe_reconstructed
2603110025047992,2026-03-10 15:25:04.000 UTC,2026-03-10,65936,1000000108,매화 2송이 2호,56,252000,1,true,same_universe_reconstructed
2603110028443173,2026-03-10 15:28:44.000 UTC,2026-03-10,65936,1000000108,매화 2송이 2호,56,252000,1,true,same_universe_reconstructed
2603110030216144,2026-03-10 15:30:21.000 UTC,2026-03-10,65936,1000000108,매화 2송이 2호,56,252000,1,true,same_universe_reconstructed
2603110113016695,2026-03-10 16:13:01.000 UTC,2026-03-10,65936,1000000108,매화 2송이 2호,56,252000,1,true,same_universe_reconstructed
2603110338486276,2026-03-10 18:38:48.000 UTC,2026-03-10,65977,1000000043,모듬영양찰떡,1,22500,1,true,same_universe_reconstructed
2603110338486276,2026-03-10 18:38:48.000 UTC,2026-03-10,65977,1000000045,완두시루떡,1,20000,1,true,same_universe_reconstructed
2603110338486276,2026-03-10 18:38:48.000 UTC,2026-03-10,65977,1000000062,흰이티,1,80000,1,true,same_universe_reconstructed
2603110338486276,2026-03-10 18:38:48.000 UTC,2026-03-10,65977,1000000063,쑥이티,1,23500,1,true,same_universe_reconstructed
2603110338486276,2026-03-10 18:38:48.000 UTC,2026-03-10,65977,1000000111,매화 3송이 3호,10,71000,1,true,same_universe_reconstructed
2603110338486276,2026-03-10 18:38:48.000 UTC,2026-03-10,65977,1000000127,흑임자이티,1,23500,1,true,same_universe_reconstructed
2603110341009297,2026-03-10 18:41:00.000 UTC,2026-03-10,65977,1000000043,모듬영양찰떡,1,22500,1,true,same_universe_reconstructed
2603110341009297,2026-03-10 18:41:00.000 UTC,2026-03-10,65977,1000000045,완두시루떡,1,20000,1,true,same_universe_reconstructed
2603110341009297,2026-03-10 18:41:00.000 UTC,2026-03-10,65977,1000000062,흰이티,1,80000,1,true,same_universe_reconstructed
2603110341009297,2026-03-10 18:41:00.000 UTC,2026-03-10,65977,1000000063,쑥이티,1,23500,1,true,same_universe_reconstructed
2603110341009297,2026-03-10 18:41:00.000 UTC,2026-03-10,65977,1000000111,매화 3송이 3호,10,71000,1,true,same_universe_reconstructed
2603110341009297,2026-03-10 18:41:00.000 UTC,2026-03-10,65977,1000000127,흑임자이티,1,23500,1,true,same_universe_reconstructed
2603110842454879,2026-03-10 23:42:45.000 UTC,2026-03-10,65980,1000000064,2색 이티,3,108000,2,true,same_universe_reconstructed
2603110848192590,2026-03-10 23:48:19.000 UTC,2026-03-10,63742,1000000094,매화 3송이 1호,95,617500,1,true,same_universe_reconstructed
2603110848192590,2026-03-10 23:48:19.000 UTC,2026-03-10,63742,1000000112,매화 5송이 2호,10,115000,1,true,same_universe_reconstructed
2603110933101381,2026-03-11 00:33:10.000 UTC,2026-03-11,65984,1000000111,매화 3송이 3호,10,70000,1,true,same_universe_reconstructed
2603111121493712,2026-03-11 02:21:49.000 UTC,2026-03-11,62965,1000000085,십리향 2단 (1호 2호 3호),1,51000,1,true,same_universe_reconstructed
2603111147240473,2026-03-11 02:47:24.000 UTC,2026-03-11,65987,1000000064,2색 이티,2,128000,2,true,same_universe_reconstructed
2603111220060234,2026-03-11 03:20:06.000 UTC,2026-03-11,65985,1000000085,십리향 2단 (1호 2호 3호),1,54500,1,true,same_universe_reconstructed
2603111357021045,2026-03-11 04:57:02.000 UTC,2026-03-11,65992,1000000064,2색 이티,1,22000,1,true,same_universe_reconstructed
2603111358189736,2026-03-11 04:58:19.000 UTC,2026-03-11,65992,1000000064,2색 이티,1,22000,1,true,same_universe_reconstructed
2603111420327818,2026-03-11 05:20:32.000 UTC,2026-03-11,65769,1000000092,일리향 3단,1,38000,1,true,same_universe_reconstructed
2603111529363449,2026-03-11 06:29:36.000 UTC,2026-03-11,65994,1000000045,완두시루떡,1,77000,1,true,same_universe_reconstructed
2603111529363449,2026-03-11 06:29:36.000 UTC,2026-03-11,65994,1000000108,매화 2송이 2호,20,92000,1,true,same_universe_reconstructed
2603111552575910,2026-03-11 06:52:57.000 UTC,2026-03-11,65978,1000000085,십리향 2단 (1호 2호 3호),1,51000,1,true,same_universe_reconstructed
2603111559019371,2026-03-11 06:59:02.000 UTC,2026-03-11,65998,1000000113,매화 5송이 3호,50,580000,1,true,same_universe_reconstructed
2603111714175872,2026-03-11 08:14:17.000 UTC,2026-03-11,65993,1000000091,일리향 2단 (1호 2호 3호),2,52000,1,true,same_universe_reconstructed
2603111714191993,2026-03-11 08:14:19.000 UTC,2026-03-11,65993,1000000091,일리향 2단 (1호 2호 3호),2,52000,1,true,same_universe_reconstructed
2603111718556344,2026-03-11 08:18:55.000 UTC,2026-03-11,62360,1000000064,2색 이티,2,170000,1,true,same_universe_reconstructed
2603111731514105,2026-03-11 08:31:51.000 UTC,2026-03-11,66002,1000000064,2색 이티,1,85000,1,true,same_universe_reconstructed
2603111731514105,2026-03-11 08:31:51.000 UTC,2026-03-11,66002,1000000093,매화 2송이 1호,10,47000,1,true,same_universe_reconstructed
2603111734525706,2026-03-11 08:34:52.000 UTC,2026-03-11,0,1000000045,완두시루떡,1,40000,1,true,same_universe_reconstructed
2603111734525706,2026-03-11 08:34:52.000 UTC,2026-03-11,0,1000000069,설기세트,1,38920,1,true,same_universe_reconstructed
2603111740589217,2026-03-11 08:40:58.000 UTC,2026-03-11,65953,1000000092,일리향 3단,2,76000,1,true,same_universe_reconstructed
2603111840308548,2026-03-11 09:40:30.000 UTC,2026-03-11,66004,1000000062,흰이티,1,21000,1,true,same_universe_reconstructed
2603111840308548,2026-03-11 09:40:30.000 UTC,2026-03-11,66004,1000000066,쑥인절미,1,22500,1,true,same_universe_reconstructed
2603111856300259,2026-03-11 09:56:30.000 UTC,2026-03-11,32844,1000000062,흰이티,2,62000,2,true,same_universe_reconstructed
2603111856300259,2026-03-11 09:56:30.000 UTC,2026-03-11,32844,1000000065,흰인절미,1,20000,1,true,same_universe_reconstructed
2603111856300259,2026-03-11 09:56:30.000 UTC,2026-03-11,32844,1000000128,흑임자인절미,1,45000,1,true,same_universe_reconstructed
2603112007382880,2026-03-11 11:07:38.000 UTC,2026-03-11,66006,1000000085,십리향 2단 (1호 2호 3호),1,54500,1,true,same_universe_reconstructed
2603120012052711,2026-03-11 15:12:05.000 UTC,2026-03-11,66008,1000000063,쑥이티,1,90000,1,true,same_universe_reconstructed
2603120057342412,2026-03-11 15:57:34.000 UTC,2026-03-11,66010,1000000045,완두시루떡,1,20000,1,true,same_universe_reconstructed
2603120057342412,2026-03-11 15:57:34.000 UTC,2026-03-11,66010,1000000062,흰이티,1,21000,1,true,same_universe_reconstructed
2603120744042083,2026-03-11 22:44:04.000 UTC,2026-03-11,50082,1000000063,쑥이티,1,23500,1,true,same_universe_reconstructed
2603120744042083,2026-03-11 22:44:04.000 UTC,2026-03-11,50082,1000000064,2색 이티,1,22000,1,true,same_universe_reconstructed
2603120917035524,2026-03-12 00:17:03.000 UTC,2026-03-12,66014,1000000090,일리향 1단 (1호 2호 3호),2,26000,1,true,same_universe_reconstructed
2603120922363215,2026-03-12 00:22:36.000 UTC,2026-03-12,66014,1000000090,일리향 1단 (1호 2호 3호),8,104000,1,true,same_universe_reconstructed
2603120932037386,2026-03-12 00:32:03.000 UTC,2026-03-12,66016,1000000064,2색 이티,1,22000,1,true,same_universe_reconstructed
2603120932037386,2026-03-12 00:32:03.000 UTC,2026-03-12,66016,1000000127,흑임자이티,1,23500,1,true,same_universe_reconstructed
2603120942597507,2026-03-12 00:42:59.000 UTC,2026-03-12,0,1000000062,흰이티,1,21000,1,true,same_universe_reconstructed
2603120950580988,2026-03-12 00:50:58.000 UTC,2026-03-12,0,1000000062,흰이티,1,21000,1,true,same_universe_reconstructed
2603121013518189,2026-03-12 01:13:51.000 UTC,2026-03-12,66018,1000000156,기원상,1,29000,1,true,same_universe_reconstructed
2603121026139250,2026-03-12 01:26:14.000 UTC,2026-03-12,35474,1000000091,일리향 2단 (1호 2호 3호),3,78000,1,true,same_universe_reconstructed
2603121026139250,2026-03-12 01:26:14.000 UTC,2026-03-12,35474,1000000108,매화 2송이 2호,25,115000,1,true,same_universe_reconstructed
2603121044195812,2026-03-12 01:44:19.000 UTC,2026-03-12,35738,1000000095,매화 5송이 1호,12,127200,1,true,same_universe_reconstructed
2603121102453843,2026-03-12 02:02:45.000 UTC,2026-03-12,64434,1000000045,완두시루떡,1,20000,1,true,same_universe_reconstructed
2603121102453843,2026-03-12 02:02:45.000 UTC,2026-03-12,64434,1000000127,흑임자이티,1,46000,1,true,same_universe_reconstructed
2603121102453843,2026-03-12 02:02:45.000 UTC,2026-03-12,64434,1000000142,경기 미숫가루,1,19000,1,true,same_universe_reconstructed
2603121121355054,2026-03-12 02:21:35.000 UTC,2026-03-12,0,1000000064,2색 이티,1,22000,1,true,same_universe_reconstructed
2603121121355054,2026-03-12 02:21:35.000 UTC,2026-03-12,0,1000000069,설기세트,1,18920,1,true,same_universe_reconstructed
2603121125355565,2026-03-12 02:25:35.000 UTC,2026-03-12,56356,1000000042,약식,1,87500,1,true,same_universe_reconstructed
2603121151094726,2026-03-12 02:51:09.000 UTC,2026-03-12,0,1000000064,2색 이티,2,170000,1,true,same_universe_reconstructed
2603121201033317,2026-03-12 03:01:03.000 UTC,2026-03-12,20997,1000000042,약식,1,45000,1,true,same_universe_reconstructed
2603121201033317,2026-03-12 03:01:03.000 UTC,2026-03-12,20997,1000000043,모듬영양찰떡,1,45000,1,true,same_universe_reconstructed
2603121201051168,2026-03-12 03:01:05.000 UTC,2026-03-12,20997,1000000042,약식,1,45000,1,true,same_universe_reconstructed
2603121201051168,2026-03-12 03:01:05.000 UTC,2026-03-12,20997,1000000043,모듬영양찰떡,1,45000,1,true,same_universe_reconstructed
2603121233005219,2026-03-12 03:33:00.000 UTC,2026-03-12,66024,1000000111,매화 3송이 3호,30,213000,1,true,same_universe_reconstructed
2603121239075270,2026-03-12 03:39:07.000 UTC,2026-03-12,48897,1000000064,2색 이티,2,65000,2,true,same_universe_reconstructed
2603121433131831,2026-03-12 05:33:13.000 UTC,2026-03-12,66028,1000000064,2색 이티,3,217500,2,true,same_universe_reconstructed
2603121447002162,2026-03-12 05:47:00.000 UTC,2026-03-12,61207,1000000035,떡국떡 500g,1,6000,1,true,same_universe_reconstructed
2603121447002162,2026-03-12 05:47:00.000 UTC,2026-03-12,61207,1000000044,고구마찰떡,1,87500,1,true,same_universe_reconstructed
2603121447002162,2026-03-12 05:47:00.000 UTC,2026-03-12,61207,1000000062,흰이티,2,160000,1,true,same_universe_reconstructed
2603121557017493,2026-03-12 06:57:01.000 UTC,2026-03-12,0,1000000064,2색 이티,5,425000,1,true,same_universe_reconstructed
2603121557017493,2026-03-12 06:57:01.000 UTC,2026-03-12,0,1000000127,흑임자이티,3,226000,2,true,same_universe_reconstructed
2603121622352004,2026-03-12 07:22:35.000 UTC,2026-03-12,59442,1000000064,2색 이티,4,346000,1,true,same_universe_reconstructed
2603121635002745,2026-03-12 07:35:00.000 UTC,2026-03-12,66034,1000000064,2색 이티,2,44000,1,true,same_universe_reconstructed
2603121635002745,2026-03-12 07:35:00.000 UTC,2026-03-12,66034,1000000069,설기세트,2,37840,1,true,same_universe_reconstructed
2603121635002745,2026-03-12 07:35:00.000 UTC,2026-03-12,66034,1000000094,매화 3송이 1호,10,65000,1,true,same_universe_reconstructed
2603121638417636,2026-03-12 07:38:41.000 UTC,2026-03-12,59442,1000000064,2색 이티,4,340000,1,true,same_universe_reconstructed
2603121644283797,2026-03-12 07:44:28.000 UTC,2026-03-12,59442,1000000064,2색 이티,4,340000,1,true,same_universe_reconstructed
2603121647225668,2026-03-12 07:47:22.000 UTC,2026-03-12,0,1000000064,2색 이티,2,170000,1,true,same_universe_reconstructed
2603121731358929,2026-03-12 08:31:35.000 UTC,2026-03-12,47705,1000000156,기원상,3,87000,1,true,same_universe_reconstructed
2603121802534010,2026-03-12 09:02:53.000 UTC,2026-03-12,66036,1000000111,매화 3송이 3호,35,245000,1,true,same_universe_reconstructed
2603121802545551,2026-03-12 09:02:54.000 UTC,2026-03-12,66036,1000000111,매화 3송이 3호,35,245000,1,true,same_universe_reconstructed
2603121850386723,2026-03-12 09:50:38.000 UTC,2026-03-12,66040,1000000064,2색 이티,1,85000,1,true,same_universe_reconstructed
2603121850468204,2026-03-12 09:50:46.000 UTC,2026-03-12,53209,1000000093,매화 2송이 1호,93,437100,1,true,same_universe_reconstructed
2603122012532575,2026-03-12 11:12:53.000 UTC,2026-03-12,66046,1000000062,흰이티,1,41000,1,true,same_universe_reconstructed
2603122122056646,2026-03-12 12:22:05.000 UTC,2026-03-12,21156,1000000089,백리향 3단,1,173000,1,true,same_universe_reconstructed
2603122157591197,2026-03-12 12:57:59.000 UTC,2026-03-12,66050,1000000064,2색 이티,1,22000,1,true,same_universe_reconstructed
2603122157591197,2026-03-12 12:57:59.000 UTC,2026-03-12,66050,1000000093,매화 2송이 1호,11,51700,1,true,same_universe_reconstructed
2603130121241341,2026-03-12 16:21:24.000 UTC,2026-03-12,66063,1000000064,2색 이티,1,22000,1,true,same_universe_reconstructed
2603130121241341,2026-03-12 16:21:24.000 UTC,2026-03-12,66063,1000000065,흰인절미,1,20000,1,true,same_universe_reconstructed
2603130603269012,2026-03-12 21:03:26.000 UTC,2026-03-12,0,1000000064,2색 이티,1,85000,1,true,same_universe_reconstructed
2603130610198133,2026-03-12 21:10:19.000 UTC,2026-03-12,0,1000000064,2색 이티,1,85000,1,true,same_universe_reconstructed
2603130722146414,2026-03-12 22:22:14.000 UTC,2026-03-12,66065,1000000064,2색 이티,1,44500,1,true,same_universe_reconstructed
2603130741191985,2026-03-12 22:41:19.000 UTC,2026-03-12,65148,1000000045,완두시루떡,1,40000,1,true,same_universe_reconstructed
2603130741191985,2026-03-12 22:41:19.000 UTC,2026-03-12,65148,1000000064,2색 이티,1,43000,1,true,same_universe_reconstructed
2603130823359696,2026-03-12 23:23:36.000 UTC,2026-03-12,0,1000000085,십리향 2단 (1호 2호 3호),1,54500,1,true,same_universe_reconstructed
2603130956180747,2026-03-13 00:56:18.000 UTC,2026-03-13,54765,1000000093,매화 2송이 1호,16,75200,1,true,same_universe_reconstructed
2603131044532728,2026-03-13 01:44:53.000 UTC,2026-03-13,20007,1000000084,십리향 1단 (1호 2호 3호),1,27000,1,true,same_universe_reconstructed
2603131059317480,2026-03-13 01:59:31.000 UTC,2026-03-13,66062,1000000085,십리향 2단 (1호 2호 3호),1,51000,1,true,same_universe_reconstructed
2603131059317480,2026-03-13 01:59:31.000 UTC,2026-03-13,66062,1000000086,십리향 3단,1,77000,1,true,same_universe_reconstructed
2603131104392221,2026-03-13 02:04:39.000 UTC,2026-03-13,0,1000000093,매화 2송이 1호,80,376000,1,true,same_universe_reconstructed
2603131106486982,2026-03-13 02:06:48.000 UTC,2026-03-13,66070,1000000093,매화 2송이 1호,30,144000,1,true,same_universe_reconstructed
2603131107022883,2026-03-13 02:07:02.000 UTC,2026-03-13,66070,1000000093,매화 2송이 1호,30,144000,1,true,same_universe_reconstructed
2603131108282764,2026-03-13 02:08:28.000 UTC,2026-03-13,35474,1000000085,십리향 2단 (1호 2호 3호),2,100000,1,true,same_universe_reconstructed
2603131108282764,2026-03-13 02:08:28.000 UTC,2026-03-13,35474,1000000090,일리향 1단 (1호 2호 3호),4,52000,1,true,same_universe_reconstructed
2603131108282764,2026-03-13 02:08:28.000 UTC,2026-03-13,35474,1000000091,일리향 2단 (1호 2호 3호),4,104000,1,true,same_universe_reconstructed
2603131108282764,2026-03-13 02:08:28.000 UTC,2026-03-13,35474,1000000108,매화 2송이 2호,24,110400,1,true,same_universe_reconstructed
2603131207412515,2026-03-13 03:07:41.000 UTC,2026-03-13,66031,1000000094,매화 3송이 1호,100,650000,1,true,same_universe_reconstructed
2603131208035646,2026-03-13 03:08:03.000 UTC,2026-03-13,62537,1000000153,유밀상,2,57200,1,true,same_universe_reconstructed
2603131212033507,2026-03-13 03:12:03.000 UTC,2026-03-13,66031,1000000094,매화 3송이 1호,100,650000,1,true,same_universe_reconstructed
2603131214259178,2026-03-13 03:14:25.000 UTC,2026-03-13,65989,1000000062,흰이티,1,41000,1,true,same_universe_reconstructed
2603131237337719,2026-03-13 03:37:33.000 UTC,2026-03-13,65565,1000000063,쑥이티,1,90000,1,true,same_universe_reconstructed
2603131237337719,2026-03-13 03:37:33.000 UTC,2026-03-13,65565,1000000066,쑥인절미,1,87500,1,true,same_universe_reconstructed
2603131330353211,2026-03-13 04:30:35.000 UTC,2026-03-13,66064,1000000064,2색 이티,5,384500,2,true,same_universe_reconstructed
2603131333588132,2026-03-13 04:33:58.000 UTC,2026-03-13,66038,1000000043,모듬영양찰떡,1,45000,1,true,same_universe_reconstructed
2603131333588132,2026-03-13 04:33:58.000 UTC,2026-03-13,66038,1000000064,2색 이티,2,65000,2,true,same_universe_reconstructed
2603131403320613,2026-03-13 05:03:32.000 UTC,2026-03-13,66075,1000000064,2색 이티,1,43000,1,true,same_universe_reconstructed
2603131434566295,2026-03-13 05:34:56.000 UTC,2026-03-13,66078,1000000063,쑥이티,1,23500,1,true,same_universe_reconstructed
2603131434566295,2026-03-13 05:34:56.000 UTC,2026-03-13,66078,1000000066,쑥인절미,1,22500,1,true,same_universe_reconstructed
2603131457077966,2026-03-13 05:57:07.000 UTC,2026-03-13,66079,1000000063,쑥이티,1,46000,1,true,same_universe_reconstructed
2603131530469617,2026-03-13 06:30:47.000 UTC,2026-03-13,64726,1000000111,매화 3송이 3호,26,184600,1,true,same_universe_reconstructed
2603131531137748,2026-03-13 06:31:13.000 UTC,2026-03-13,64726,1000000111,매화 3송이 3호,26,184600,1,true,same_universe_reconstructed
2603131533136739,2026-03-13 06:33:13.000 UTC,2026-03-13,64726,1000000111,매화 3송이 3호,26,184600,1,true,same_universe_reconstructed
2603131534053900,2026-03-13 06:34:05.000 UTC,2026-03-13,66075,1000000064,2색 이티,1,43000,1,true,same_universe_reconstructed
2603131534186111,2026-03-13 06:34:18.000 UTC,2026-03-13,66081,1000000093,매화 2송이 1호,40,192000,1,true,same_universe_reconstructed
2603131536110292,2026-03-13 06:36:11.000 UTC,2026-03-13,64726,1000000111,매화 3송이 3호,33,234300,1,true,same_universe_reconstructed
2603131536237863,2026-03-13 06:36:23.000 UTC,2026-03-13,66075,1000000064,2색 이티,1,43000,1,true,same_universe_reconstructed
2603131546080784,2026-03-13 06:46:08.000 UTC,2026-03-13,0,1000000111,매화 3송이 3호,100,700000,1,true,same_universe_reconstructed
2603131556367635,2026-03-13 06:56:36.000 UTC,2026-03-13,66083,1000000087,백리향 1단 (1호 2호 3호),2,130000,1,true,same_universe_reconstructed
2603131559122476,2026-03-13 06:59:12.000 UTC,2026-03-13,66083,1000000087,백리향 1단 (1호 2호 3호),2,130000,1,true,same_universe_reconstructed
2603131604003737,2026-03-13 07:04:00.000 UTC,2026-03-13,66084,1000000043,모듬영양찰떡,1,22500,1,true,same_universe_reconstructed
2603131604003737,2026-03-13 07:04:00.000 UTC,2026-03-13,66084,1000000064,2색 이티,2,107000,2,true,same_universe_reconstructed
2603131604003737,2026-03-13 07:04:00.000 UTC,2026-03-13,66084,1000000143,"경기참기름, 경기들기름",2,26000,1,true,same_universe_reconstructed
2603131604003737,2026-03-13 07:04:00.000 UTC,2026-03-13,66084,1000000144,경기 미숫가루 쫀드기,2,18000,1,true,same_universe_reconstructed
2603131657420878,2026-03-13 07:57:42.000 UTC,2026-03-13,62270,1000000064,2색 이티,2,65000,2,true,same_universe_reconstructed
2603131659352379,2026-03-13 07:59:35.000 UTC,2026-03-13,0,1000000064,2색 이티,3,66000,1,true,same_universe_reconstructed
2603131659525700,2026-03-13 07:59:52.000 UTC,2026-03-13,0,1000000113,매화 5송이 3호,14,161000,1,true,same_universe_reconstructed
2603131753576441,2026-03-13 08:53:57.000 UTC,2026-03-13,59149,1000000062,흰이티,3,142000,3,true,same_universe_reconstructed
2603131803576562,2026-03-13 09:03:57.000 UTC,2026-03-13,65666,1000000088,백리향 2단 (1호 2호),1,116000,1,true,same_universe_reconstructed
2603131838381143,2026-03-13 09:38:38.000 UTC,2026-03-13,66091,1000000062,흰이티,1,21000,1,true,same_universe_reconstructed
2603131839092604,2026-03-13 09:39:09.000 UTC,2026-03-13,65988,1000000064,2색 이티,1,85000,1,true,same_universe_reconstructed
2603132052286215,2026-03-13 11:52:28.000 UTC,2026-03-13,0,1000000093,매화 2송이 1호,90,432000,1,true,same_universe_reconstructed
2603132100095826,2026-03-13 12:00:09.000 UTC,2026-03-13,0,1000000093,매화 2송이 1호,60,288000,1,true,same_universe_reconstructed
2603132151076697,2026-03-13 12:51:07.000 UTC,2026-03-13,65830,1000000064,2색 이티,10,220000,1,true,same_universe_reconstructed
2603132151076697,2026-03-13 12:51:07.000 UTC,2026-03-13,65830,1000000085,십리향 2단 (1호 2호 3호),2,98000,1,true,same_universe_reconstructed
2603132151076697,2026-03-13 12:51:07.000 UTC,2026-03-13,65830,1000000090,일리향 1단 (1호 2호 3호),20,260000,1,true,same_universe_reconstructed
2603132151076697,2026-03-13 12:51:07.000 UTC,2026-03-13,65830,1000000092,일리향 3단,3,114000,1,true,same_universe_reconstructed
2603132254515818,2026-03-13 13:54:51.000 UTC,2026-03-13,0,1000000064,2색 이티,2,170000,1,true,same_universe_reconstructed
2603132255041629,2026-03-13 13:55:04.000 UTC,2026-03-13,0,1000000064,2색 이티,2,170000,1,true,same_universe_reconstructed
2603132324070830,2026-03-13 14:24:07.000 UTC,2026-03-13,66097,1000000156,기원상,1,29000,1,true,same_universe_reconstructed
2603132332190761,2026-03-13 14:32:19.000 UTC,2026-03-13,66097,1000000156,기원상,1,29000,1,true,same_universe_reconstructed
2603140045194081,2026-03-13 15:45:19.000 UTC,2026-03-13,66101,1000000062,흰이티,1,21000,1,true,same_universe_reconstructed
2603140045194081,2026-03-13 15:45:19.000 UTC,2026-03-13,66101,1000000063,쑥이티,1,23500,1,true,same_universe_reconstructed
2603140045194081,2026-03-13 15:45:19.000 UTC,2026-03-13,66101,1000000127,흑임자이티,1,23500,1,true,same_universe_reconstructed
2603141010200502,2026-03-14 01:10:20.000 UTC,2026-03-14,66105,1000000084,십리향 1단 (1호 2호 3호),2,61000,1,true,same_universe_reconstructed
2603141010200502,2026-03-14 01:10:20.000 UTC,2026-03-14,66105,1000000091,일리향 2단 (1호 2호 3호),1,26000,1,true,same_universe_reconstructed
2603141024380753,2026-03-14 01:24:38.000 UTC,2026-03-14,66107,1000000064,2색 이티,1,22000,1,true,same_universe_reconstructed
2603141024380753,2026-03-14 01:24:38.000 UTC,2026-03-14,66107,1000000069,설기세트,1,18920,1,true,same_universe_reconstructed
2603141034166724,2026-03-14 01:34:16.000 UTC,2026-03-14,66106,1000000094,매화 3송이 1호,35,231000,1,true,same_universe_reconstructed
2603141407030955,2026-03-14 05:07:03.000 UTC,2026-03-14,34389,1000000064,2색 이티,1,85000,1,true,same_universe_reconstructed
2603141449455026,2026-03-14 05:49:45.000 UTC,2026-03-14,66110,1000000088,백리향 2단 (1호 2호),1,120000,1,true,same_universe_reconstructed
2603141451200957,2026-03-14 05:51:20.000 UTC,2026-03-14,66110,1000000088,백리향 2단 (1호 2호),1,120000,1,true,same_universe_reconstructed
2603141453126538,2026-03-14 05:53:12.000 UTC,2026-03-14,66110,1000000088,백리향 2단 (1호 2호),1,120000,1,true,same_universe_reconstructed
2603141454337369,2026-03-14 05:54:33.000 UTC,2026-03-14,66110,1000000088,백리향 2단 (1호 2호),1,120000,1,true,same_universe_reconstructed
2603141520286220,2026-03-14 06:20:28.000 UTC,2026-03-14,66110,1000000088,백리향 2단 (1호 2호),1,120000,1,true,same_universe_reconstructed
2603141528598681,2026-03-14 06:28:59.000 UTC,2026-03-14,66110,1000000088,백리향 2단 (1호 2호),1,120000,1,true,same_universe_reconstructed
2603141556409852,2026-03-14 06:56:41.000 UTC,2026-03-14,66032,1000000064,2색 이티,1,43000,1,true,same_universe_reconstructed
2603141601082033,2026-03-14 07:01:08.000 UTC,2026-03-14,34389,1000000064,2색 이티,1,85000,1,true,same_universe_reconstructed
2603141658256664,2026-03-14 07:58:25.000 UTC,2026-03-14,66115,1000000064,2색 이티,1,43000,1,true,same_universe_reconstructed
2603141733422745,2026-03-14 08:33:42.000 UTC,2026-03-14,64072,1000000094,매화 3송이 1호,150,990000,1,true,same_universe_reconstructed
2603141854593226,2026-03-14 09:54:59.000 UTC,2026-03-14,66090,1000000110,매화 3송이 2호,70,483000,1,true,same_universe_reconstructed
2603141858501747,2026-03-14 09:58:50.000 UTC,2026-03-14,66090,1000000110,매화 3송이 2호,70,483000,1,true,same_universe_reconstructed
2603141901224798,2026-03-14 10:01:22.000 UTC,2026-03-14,66090,1000000110,매화 3송이 2호,70,483000,1,true,same_universe_reconstructed
2603142022512409,2026-03-14 11:22:51.000 UTC,2026-03-14,0,1000000064,2색 이티,1,85000,1,true,same_universe_reconstructed
2603142225179070,2026-03-14 13:25:17.000 UTC,2026-03-14,66128,1000000090,일리향 1단 (1호 2호 3호),8,104000,1,true,same_universe_reconstructed
2603142337142241,2026-03-14 14:37:14.000 UTC,2026-03-14,65463,1000000044,고구마찰떡,1,22500,1,true,same_universe_reconstructed
2603142337142241,2026-03-14 14:37:14.000 UTC,2026-03-14,65463,1000000093,매화 2송이 1호,380,1824000,1,true,same_universe_reconstructed
2603142339263932,2026-03-14 14:39:26.000 UTC,2026-03-14,65463,1000000044,고구마찰떡,1,22500,1,true,same_universe_reconstructed
2603142339263932,2026-03-14 14:39:26.000 UTC,2026-03-14,65463,1000000093,매화 2송이 1호,380,1824000,1,true,same_universe_reconstructed
2603150928111551,2026-03-15 00:28:11.000 UTC,2026-03-15,65988,1000000064,2색 이티,1,85000,1,true,same_universe_reconstructed
2603151124471252,2026-03-15 02:24:47.000 UTC,2026-03-15,66136,1000000064,2색 이티,1,22000,1,true,same_universe_reconstructed
2603151124471252,2026-03-15 02:24:47.000 UTC,2026-03-15,66136,1000000127,흑임자이티,1,23500,1,true,same_universe_reconstructed
2603151124594803,2026-03-15 02:24:59.000 UTC,2026-03-15,66136,1000000064,2색 이티,1,22000,1,true,same_universe_reconstructed
2603151124594803,2026-03-15 02:24:59.000 UTC,2026-03-15,66136,1000000127,흑임자이티,1,23500,1,true,same_universe_reconstructed
2603151125516924,2026-03-15 02:25:51.000 UTC,2026-03-15,66136,1000000064,2색 이티,1,22000,1,true,same_universe_reconstructed
2603151125516924,2026-03-15 02:25:51.000 UTC,2026-03-15,66136,1000000127,흑임자이티,1,23500,1,true,same_universe_reconstructed
2603151227290975,2026-03-15 03:27:29.000 UTC,2026-03-15,66139,1000000064,2색 이티,1,85000,1,true,same_universe_reconstructed
2603151254523906,2026-03-15 03:54:52.000 UTC,2026-03-15,66092,1000000064,2색 이티,1,43000,1,true,same_universe_reconstructed
2603151254523906,2026-03-15 03:54:52.000 UTC,2026-03-15,66092,1000000127,흑임자이티,1,46000,1,true,same_universe_reconstructed
2603151403506927,2026-03-15 05:03:50.000 UTC,2026-03-15,66142,1000000093,매화 2송이 1호,75,360000,1,true,same_universe_reconstructed
2603151418173118,2026-03-15 05:18:17.000 UTC,2026-03-15,0,1000000085,십리향 2단 (1호 2호 3호),2,100000,2,true,same_universe_reconstructed
2603151418199519,2026-03-15 05:18:19.000 UTC,2026-03-15,0,1000000085,십리향 2단 (1호 2호 3호),2,100000,2,true,same_universe_reconstructed
2603151639130340,2026-03-15 07:39:13.000 UTC,2026-03-15,66148,1000000092,일리향 3단,6,222000,1,true,same_universe_reconstructed
2603151639512931,2026-03-15 07:39:51.000 UTC,2026-03-15,66148,1000000092,일리향 3단,6,222000,1,true,same_universe_reconstructed
2603151641447852,2026-03-15 07:41:44.000 UTC,2026-03-15,66148,1000000092,일리향 3단,6,222000,1,true,same_universe_reconstructed
2603151755068563,2026-03-15 08:55:06.000 UTC,2026-03-15,66151,1000000064,2색 이티,1,85000,1,true,same_universe_reconstructed
2603151806266984,2026-03-15 09:06:26.000 UTC,2026-03-15,2090,1000000089,백리향 3단,1,173000,1,true,same_universe_reconstructed
2603151829401295,2026-03-15 09:29:40.000 UTC,2026-03-15,66155,1000000156,기원상,1,29000,1,true,same_universe_reconstructed
2603152004415846,2026-03-15 11:04:41.000 UTC,2026-03-15,62684,1000000088,백리향 2단 (1호 2호),1,115000,1,true,same_universe_reconstructed
2603152243494647,2026-03-15 13:43:49.000 UTC,2026-03-15,0,1000000093,매화 2송이 1호,20,94000,1,true,same_universe_reconstructed
2603160025578181,2026-03-15 15:25:57.000 UTC,2026-03-15,66166,1000000154,화연상,2,50600,1,true,same_universe_reconstructed
2603160126203953,2026-03-15 16:26:20.000 UTC,2026-03-15,65999,1000000093,매화 2송이 1호,15,72000,1,true,same_universe_reconstructed
2603160908357485,2026-03-16 00:08:35.000 UTC,2026-03-16,66175,1000000111,매화 3송이 3호,10,71000,1,true,same_universe_reconstructed
2603160912408786,2026-03-16 00:12:40.000 UTC,2026-03-16,64309,1000000064,2색 이티,1,43000,1,true,same_universe_reconstructed
2603160918410177,2026-03-16 00:18:41.000 UTC,2026-03-16,0,1000000089,백리향 3단,1,168000,1,true,same_universe_reconstructed
2603160922151478,2026-03-16 00:22:15.000 UTC,2026-03-16,0,1000000089,백리향 3단,1,168000,1,true,same_universe_reconstructed
2603160931194939,2026-03-16 00:31:19.000 UTC,2026-03-16,65625,1000000064,2색 이티,1,86500,1,true,same_universe_reconstructed
2603160931194939,2026-03-16 00:31:19.000 UTC,2026-03-16,65625,1000000093,매화 2송이 1호,65,312000,1,true,same_universe_reconstructed
2603160931194939,2026-03-16 00:31:19.000 UTC,2026-03-16,65625,1000000127,흑임자이티,1,91500,1,true,same_universe_reconstructed
2603160936105370,2026-03-16 00:36:10.000 UTC,2026-03-16,66177,1000000093,매화 2송이 1호,10,48000,1,true,same_universe_reconstructed
2603160937093931,2026-03-16 00:37:09.000 UTC,2026-03-16,65625,1000000064,2색 이티,1,86500,1,true,same_universe_reconstructed
2603160937093931,2026-03-16 00:37:09.000 UTC,2026-03-16,65625,1000000093,매화 2송이 1호,50,240000,1,true,same_universe_reconstructed
2603160937093931,2026-03-16 00:37:09.000 UTC,2026-03-16,65625,1000000127,흑임자이티,1,91500,1,true,same_universe_reconstructed
2603160938201552,2026-03-16 00:38:20.000 UTC,2026-03-16,66137,1000000093,매화 2송이 1호,15,70500,1,true,same_universe_reconstructed
2603160938317783,2026-03-16 00:38:31.000 UTC,2026-03-16,66177,1000000093,매화 2송이 1호,10,48000,1,true,same_universe_reconstructed
2603160939515084,2026-03-16 00:39:51.000 UTC,2026-03-16,66177,1000000093,매화 2송이 1호,10,48000,1,true,same_universe_reconstructed
2603160941172565,2026-03-16 00:41:17.000 UTC,2026-03-16,66177,1000000093,매화 2송이 1호,10,48000,1,true,same_universe_reconstructed
2603160953582286,2026-03-16 00:53:58.000 UTC,2026-03-16,55587,1000000112,매화 5송이 2호,50,580000,1,true,same_universe_reconstructed
2603160954385347,2026-03-16 00:54:38.000 UTC,2026-03-16,66178,1000000087,백리향 1단 (1호 2호 3호),1,57000,1,true,same_universe_reconstructed
2603160959524708,2026-03-16 00:59:52.000 UTC,2026-03-16,64976,1000000064,2색 이티,2,65000,2,true,same_universe_reconstructed
2603161006289999,2026-03-16 01:06:29.000 UTC,2026-03-16,65463,1000000045,완두시루떡,1,20000,1,true,same_universe_reconstructed
2603161006289999,2026-03-16 01:06:29.000 UTC,2026-03-16,65463,1000000093,매화 2송이 1호,20,96000,1,true,same_universe_reconstructed
2603161023025850,2026-03-16 01:23:02.000 UTC,2026-03-16,0,1000000066,쑥인절미,1,87500,1,true,same_universe_reconstructed
2603161026027191,2026-03-16 01:26:02.000 UTC,2026-03-16,66032,1000000064,2색 이티,1,43000,1,true,same_universe_reconstructed
2603161115026902,2026-03-16 02:15:02.000 UTC,2026-03-16,66184,1000000064,2색 이티,1,44500,1,true,same_universe_reconstructed
2603161128104863,2026-03-16 02:28:10.000 UTC,2026-03-16,66185,1000000042,약식,2,134000,2,true,same_universe_reconstructed
2603161129072234,2026-03-16 02:29:07.000 UTC,2026-03-16,66185,1000000042,약식,2,134000,2,true,same_universe_reconstructed
2603161153250755,2026-03-16 02:53:25.000 UTC,2026-03-16,66143,1000000064,2색 이티,1,43000,1,true,same_universe_reconstructed
2603161153250755,2026-03-16 02:53:25.000 UTC,2026-03-16,66143,1000000127,흑임자이티,1,23500,1,true,same_universe_reconstructed
2603161155353536,2026-03-16 02:55:35.000 UTC,2026-03-16,66152,1000000064,2색 이티,1,43000,1,true,same_universe_reconstructed
2603161155353536,2026-03-16 02:55:35.000 UTC,2026-03-16,66152,1000000108,매화 2송이 2호,30,135000,1,true,same_universe_reconstructed
2603161159500527,2026-03-16 02:59:50.000 UTC,2026-03-16,66165,1000000084,십리향 1단 (1호 2호 3호),4,122000,1,true,same_universe_reconstructed
2603161203403799,2026-03-16 03:03:40.000 UTC,2026-03-16,65977,1000000064,2색 이티,1,85000,1,true,same_universe_reconstructed
2603161210309890,2026-03-16 03:10:31.000 UTC,2026-03-16,66176,1000000064,2색 이티,1,44500,1,true,same_universe_reconstructed
2603161210309890,2026-03-16 03:10:31.000 UTC,2026-03-16,66176,1000000093,매화 2송이 1호,45,216000,1,true,same_universe_reconstructed
2603161210585071,2026-03-16 03:10:58.000 UTC,2026-03-16,56050,1000000088,백리향 2단 (1호 2호),1,120000,1,true,same_universe_reconstructed
2603161214263722,2026-03-16 03:14:26.000 UTC,2026-03-16,0,1000000042,약식,1,45000,1,true,same_universe_reconstructed
2603161214263722,2026-03-16 03:14:26.000 UTC,2026-03-16,0,1000000064,2색 이티,1,22000,1,true,same_universe_reconstructed
2603161214263722,2026-03-16 03:14:26.000 UTC,2026-03-16,0,1000000071,마스코바도 호박설기,1,20000,1,true,same_universe_reconstructed
2603161215036913,2026-03-16 03:15:03.000 UTC,2026-03-16,66157,1000000088,백리향 2단 (1호 2호),1,120000,1,true,same_universe_reconstructed
2603161215036913,2026-03-16 03:15:03.000 UTC,2026-03-16,66157,1000000090,일리향 1단 (1호 2호 3호),1,13000,1,true,same_universe_reconstructed
2603161253351814,2026-03-16 03:53:35.000 UTC,2026-03-16,66190,1000000156,기원상,1,29000,1,true,same_universe_reconstructed
2603161305488925,2026-03-16 04:05:48.000 UTC,2026-03-16,65977,1000000064,2색 이티,1,85000,1,true,same_universe_reconstructed
2603161305495926,2026-03-16 04:05:49.000 UTC,2026-03-16,65977,1000000064,2색 이티,1,85000,1,true,same_universe_reconstructed
2603161322595837,2026-03-16 04:22:59.000 UTC,2026-03-16,39566,1000000088,백리향 2단 (1호 2호),2,232000,1,true,same_universe_reconstructed
2603161331332668,2026-03-16 04:31:33.000 UTC,2026-03-16,63649,1000000156,기원상,1,29000,1,true,same_universe_reconstructed
2603161332456929,2026-03-16 04:32:45.000 UTC,2026-03-16,65983,1000000089,백리향 3단,1,173000,1,true,same_universe_reconstructed
2603161332491500,2026-03-16 04:32:49.000 UTC,2026-03-16,65983,1000000089,백리향 3단,1,173000,1,true,same_universe_reconstructed
2603161338350091,2026-03-16 04:38:35.000 UTC,2026-03-16,65830,1000000090,일리향 1단 (1호 2호 3호),20,260000,1,true,same_universe_reconstructed
2603161339037742,2026-03-16 04:39:03.000 UTC,2026-03-16,65983,1000000088,백리향 2단 (1호 2호),1,120000,1,true,same_universe_reconstructed
2603161413271533,2026-03-16 05:13:27.000 UTC,2026-03-16,66191,1000000044,고구마찰떡,1,22500,1,true,same_universe_reconstructed
2603161413271533,2026-03-16 05:13:27.000 UTC,2026-03-16,66191,1000000062,흰이티,1,21000,1,true,same_universe_reconstructed
2603161413271533,2026-03-16 05:13:27.000 UTC,2026-03-16,66191,1000000063,쑥이티,1,23500,1,true,same_universe_reconstructed
2603161413271533,2026-03-16 05:13:27.000 UTC,2026-03-16,66191,1000000069,설기세트,1,18920,1,true,same_universe_reconstructed
2603161413271533,2026-03-16 05:13:27.000 UTC,2026-03-16,66191,1000000128,흑임자인절미,1,22500,1,true,same_universe_reconstructed
2603161422581464,2026-03-16 05:22:58.000 UTC,2026-03-16,66191,1000000045,완두시루떡,1,20000,1,true,same_universe_reconstructed
2603161422581464,2026-03-16 05:22:58.000 UTC,2026-03-16,66191,1000000062,흰이티,1,21000,1,true,same_universe_reconstructed
2603161422581464,2026-03-16 05:22:58.000 UTC,2026-03-16,66191,1000000063,쑥이티,1,23500,1,true,same_universe_reconstructed
2603161422581464,2026-03-16 05:22:58.000 UTC,2026-03-16,66191,1000000069,설기세트,1,18920,1,true,same_universe_reconstructed
2603161422581464,2026-03-16 05:22:58.000 UTC,2026-03-16,66191,1000000128,흑임자인절미,1,22500,1,true,same_universe_reconstructed
2603161440377845,2026-03-16 05:40:37.000 UTC,2026-03-16,66189,1000000087,백리향 1단 (1호 2호 3호),1,61000,1,true,same_universe_reconstructed
2603161556521116,2026-03-16 06:56:52.000 UTC,2026-03-16,66197,1000000110,매화 3송이 2호,10,69000,1,true,same_universe_reconstructed
2603161559264077,2026-03-16 06:59:26.000 UTC,2026-03-16,66159,1000000091,일리향 2단 (1호 2호 3호),4,106000,1,true,same_universe_reconstructed
2603161610135838,2026-03-16 07:10:13.000 UTC,2026-03-16,66201,1000000044,고구마찰떡,1,22500,1,true,same_universe_reconstructed
2603161610135838,2026-03-16 07:10:13.000 UTC,2026-03-16,66201,1000000045,완두시루떡,1,20000,1,true,same_universe_reconstructed
2603161610135838,2026-03-16 07:10:13.000 UTC,2026-03-16,66201,1000000064,2색 이티,1,22000,1,true,same_universe_reconstructed
2603161629559609,2026-03-16 07:29:56.000 UTC,2026-03-16,66071,1000000093,매화 2송이 1호,60,288000,1,true,same_universe_reconstructed
2603161632365920,2026-03-16 07:32:36.000 UTC,2026-03-16,66071,1000000093,매화 2송이 1호,60,288000,1,true,same_universe_reconstructed
2603161714332011,2026-03-16 08:14:33.000 UTC,2026-03-16,61741,1000000042,약식,1,87500,1,true,same_universe_reconstructed
2603161715264242,2026-03-16 08:15:26.000 UTC,2026-03-16,61741,1000000042,약식,1,87500,1,true,same_universe_reconstructed
2603161720038193,2026-03-16 08:20:03.000 UTC,2026-03-16,66204,1000000086,십리향 3단,1,81000,1,true,same_universe_reconstructed
2603161729359684,2026-03-16 08:29:36.000 UTC,2026-03-16,66209,1000000108,매화 2송이 2호,20,92000,1,true,same_universe_reconstructed
2603161734391455,2026-03-16 08:34:39.000 UTC,2026-03-16,35967,1000000064,2색 이티,1,85000,1,true,same_universe_reconstructed
2603161734391455,2026-03-16 08:34:39.000 UTC,2026-03-16,35967,1000000113,매화 5송이 3호,13,149500,1,true,same_universe_reconstructed
2603161859340786,2026-03-16 09:59:34.000 UTC,2026-03-16,66123,1000000086,십리향 3단,2,162000,1,true,same_universe_reconstructed
2603161915448847,2026-03-16 10:15:44.000 UTC,2026-03-16,28680,1000000093,매화 2송이 1호,88,422400,1,true,same_universe_reconstructed
2603162020094998,2026-03-16 11:20:09.000 UTC,2026-03-16,66219,1000000085,십리향 2단 (1호 2호 3호),1,50000,1,true,same_universe_reconstructed
2603162026267499,2026-03-16 11:26:26.000 UTC,2026-03-16,66220,1000000088,백리향 2단 (1호 2호),2,240000,1,true,same_universe_reconstructed
2603162106370730,2026-03-16 12:06:37.000 UTC,2026-03-16,1389,1000000088,백리향 2단 (1호 2호),1,115000,1,true,same_universe_reconstructed
2603162106370730,2026-03-16 12:06:37.000 UTC,2026-03-16,1389,1000000091,일리향 2단 (1호 2호 3호),1,27000,1,true,same_universe_reconstructed
2603162107461741,2026-03-16 12:07:46.000 UTC,2026-03-16,66221,1000000108,매화 2송이 2호,120,540000,1,true,same_universe_reconstructed
2603162116553282,2026-03-16 12:16:55.000 UTC,2026-03-16,1389,1000000088,백리향 2단 (1호 2호),1,115000,1,true,same_universe_reconstructed
2603162116553282,2026-03-16 12:16:55.000 UTC,2026-03-16,1389,1000000091,일리향 2단 (1호 2호 3호),1,27000,1,true,same_universe_reconstructed
2603162202523393,2026-03-16 13:02:52.000 UTC,2026-03-16,66144,1000000084,십리향 1단 (1호 2호 3호),4,122000,1,true,same_universe_reconstructed
2603162202523393,2026-03-16 13:02:52.000 UTC,2026-03-16,66144,1000000085,십리향 2단 (1호 2호 3호),2,109000,1,true,same_universe_reconstructed
2603162202523393,2026-03-16 13:02:52.000 UTC,2026-03-16,66144,1000000091,일리향 2단 (1호 2호 3호),1,27000,1,true,same_universe_reconstructed
2603162204572864,2026-03-16 13:04:57.000 UTC,2026-03-16,66144,1000000084,십리향 1단 (1호 2호 3호),4,122000,1,true,same_universe_reconstructed
2603162204572864,2026-03-16 13:04:57.000 UTC,2026-03-16,66144,1000000085,십리향 2단 (1호 2호 3호),2,109000,1,true,same_universe_reconstructed
2603162204572864,2026-03-16 13:04:57.000 UTC,2026-03-16,66144,1000000091,일리향 2단 (1호 2호 3호),1,27000,1,true,same_universe_reconstructed
2603162206276165,2026-03-16 13:06:27.000 UTC,2026-03-16,66144,1000000084,십리향 1단 (1호 2호 3호),4,122000,1,true,same_universe_reconstructed
2603162206276165,2026-03-16 13:06:27.000 UTC,2026-03-16,66144,1000000085,십리향 2단 (1호 2호 3호),2,109000,1,true,same_universe_reconstructed
2603162206276165,2026-03-16 13:06:27.000 UTC,2026-03-16,66144,1000000091,일리향 2단 (1호 2호 3호),1,27000,1,true,same_universe_reconstructed
2603162208294196,2026-03-16 13:08:29.000 UTC,2026-03-16,66144,1000000084,십리향 1단 (1호 2호 3호),4,122000,1,true,same_universe_reconstructed
2603162208294196,2026-03-16 13:08:29.000 UTC,2026-03-16,66144,1000000085,십리향 2단 (1호 2호 3호),2,109000,1,true,same_universe_reconstructed
2603162208294196,2026-03-16 13:08:29.000 UTC,2026-03-16,66144,1000000091,일리향 2단 (1호 2호 3호),1,27000,1,true,same_universe_reconstructed
2603162208303997,2026-03-16 13:08:30.000 UTC,2026-03-16,66144,1000000084,십리향 1단 (1호 2호 3호),4,122000,1,true,same_universe_reconstructed
2603162208303997,2026-03-16 13:08:30.000 UTC,2026-03-16,66144,1000000085,십리향 2단 (1호 2호 3호),2,109000,1,true,same_universe_reconstructed
2603162208303997,2026-03-16 13:08:30.000 UTC,2026-03-16,66144,1000000091,일리향 2단 (1호 2호 3호),1,27000,1,true,same_universe_reconstructed
2603162329088558,2026-03-16 14:29:08.000 UTC,2026-03-16,66229,1000000064,2색 이티,1,44500,1,true,same_universe_reconstructed
2603162335374139,2026-03-16 14:35:37.000 UTC,2026-03-16,66228,1000000087,백리향 1단 (1호 2호 3호),1,57000,1,true,same_universe_reconstructed
2603162346053980,2026-03-16 14:46:05.000 UTC,2026-03-16,66230,1000000086,십리향 3단,1,81000,1,true,same_universe_reconstructed
2603170019103371,2026-03-16 15:19:10.000 UTC,2026-03-16,66232,1000000066,쑥인절미,1,45000,1,true,same_universe_reconstructed
2603170210209122,2026-03-16 17:10:20.000 UTC,2026-03-16,66236,1000000064,2색 이티,2,44000,1,true,same_universe_reconstructed
2603170706336113,2026-03-16 22:06:33.000 UTC,2026-03-16,66205,1000000093,매화 2송이 1호,35,168000,1,true,same_universe_reconstructed
2603170710086804,2026-03-16 22:10:08.000 UTC,2026-03-16,66205,1000000093,매화 2송이 1호,35,168000,1,true,same_universe_reconstructed
2603170710096975,2026-03-16 22:10:09.000 UTC,2026-03-16,66205,1000000093,매화 2송이 1호,35,168000,1,true,same_universe_reconstructed
2603171054176087,2026-03-17 01:54:17.000 UTC,2026-03-17,0,1000000088,백리향 2단 (1호 2호),1,116000,1,true,same_universe_reconstructed
2603171057486048,2026-03-17 01:57:48.000 UTC,2026-03-17,0,1000000088,백리향 2단 (1호 2호),1,116000,1,true,same_universe_reconstructed
2603171210316049,2026-03-17 03:10:31.000 UTC,2026-03-17,66246,1000000064,2색 이티,1,22000,1,true,same_universe_reconstructed
2603171306497830,2026-03-17 04:06:49.000 UTC,2026-03-17,64072,1000000094,매화 3송이 1호,12,79200,1,true,same_universe_reconstructed
2603171320024471,2026-03-17 04:20:02.000 UTC,2026-03-17,64072,1000000108,매화 2송이 2호,12,54000,1,true,same_universe_reconstructed
2603171322534742,2026-03-17 04:22:53.000 UTC,2026-03-17,64072,1000000108,매화 2송이 2호,12,54000,1,true,same_universe_reconstructed
2603171326336643,2026-03-17 04:26:33.000 UTC,2026-03-17,64072,1000000108,매화 2송이 2호,12,54000,1,true,same_universe_reconstructed
2603171331309914,2026-03-17 04:31:31.000 UTC,2026-03-17,64072,1000000108,매화 2송이 2호,12,54000,1,true,same_universe_reconstructed
2603171405528415,2026-03-17 05:05:52.000 UTC,2026-03-17,0,1000000062,흰이티,1,21000,1,true,same_universe_reconstructed
2603171405528415,2026-03-17 05:05:52.000 UTC,2026-03-17,0,1000000063,쑥이티,1,46000,1,true,same_universe_reconstructed
2603171405528415,2026-03-17 05:05:52.000 UTC,2026-03-17,0,1000000127,흑임자이티,1,23500,1,true,same_universe_reconstructed
2603171509113616,2026-03-17 06:09:11.000 UTC,2026-03-17,34720,1000000094,매화 3송이 1호,30,195000,1,true,same_universe_reconstructed
2603171509129327,2026-03-17 06:09:13.000 UTC,2026-03-17,34720,1000000094,매화 3송이 1호,30,195000,1,true,same_universe_reconstructed
2603171509488428,2026-03-17 06:09:48.000 UTC,2026-03-17,52813,1000000113,매화 5송이 3호,100,1150000,1,true,same_universe_reconstructed
2603171510546919,2026-03-17 06:10:54.000 UTC,2026-03-17,34720,1000000094,매화 3송이 1호,30,195000,1,true,same_universe_reconstructed
2603171512503100,2026-03-17 06:12:50.000 UTC,2026-03-17,52813,1000000113,매화 5송이 3호,105,1207500,1,true,same_universe_reconstructed
2603171513338411,2026-03-17 06:13:33.000 UTC,2026-03-17,66251,1000000091,일리향 2단 (1호 2호 3호),5,132500,1,true,same_universe_reconstructed
2603171515509802,2026-03-17 06:15:51.000 UTC,2026-03-17,66251,1000000091,일리향 2단 (1호 2호 3호),5,132500,1,true,same_universe_reconstructed
2603171524172744,2026-03-17 06:24:17.000 UTC,2026-03-17,66252,1000000093,매화 2송이 1호,80,384000,1,true,same_universe_reconstructed
2603171541337585,2026-03-17 06:41:33.000 UTC,2026-03-17,66254,1000000064,2색 이티,2,128000,2,true,same_universe_reconstructed
2603171601198636,2026-03-17 07:01:19.000 UTC,2026-03-17,66199,1000000084,십리향 1단 (1호 2호 3호),1,27000,1,true,same_universe_reconstructed
2603171601198636,2026-03-17 07:01:19.000 UTC,2026-03-17,66199,1000000088,백리향 2단 (1호 2호),1,120000,1,true,same_universe_reconstructed
2603171603417797,2026-03-17 07:03:41.000 UTC,2026-03-17,61656,1000000108,매화 2송이 2호,60,270000,1,true,same_universe_reconstructed
2603171658054458,2026-03-17 07:58:05.000 UTC,2026-03-17,35986,1000000062,흰이티,1,41000,1,true,same_universe_reconstructed
2603171658054458,2026-03-17 07:58:05.000 UTC,2026-03-17,35986,1000000063,쑥이티,1,90000,1,true,same_universe_reconstructed
2603171759251999,2026-03-17 08:59:25.000 UTC,2026-03-17,66261,1000000087,백리향 1단 (1호 2호 3호),1,57000,1,true,same_universe_reconstructed
2603172025399900,2026-03-17 11:25:40.000 UTC,2026-03-17,61383,1000000064,2색 이티,1,43000,1,true,same_universe_reconstructed
2603172128354291,2026-03-17 12:28:35.000 UTC,2026-03-17,66271,1000000093,매화 2송이 1호,13,62400,1,true,same_universe_reconstructed
2603172150355052,2026-03-17 12:50:35.000 UTC,2026-03-17,66266,1000000142,경기 미숫가루,4,76000,1,true,same_universe_reconstructed
2603172220231903,2026-03-17 13:20:23.000 UTC,2026-03-17,66273,1000000064,2색 이티,2,65000,2,true,same_universe_reconstructed
2603172254151604,2026-03-17 13:54:15.000 UTC,2026-03-17,0,1000000085,십리향 2단 (1호 2호 3호),1,51000,1,true,same_universe_reconstructed
2603172256547525,2026-03-17 13:56:54.000 UTC,2026-03-17,0,1000000085,십리향 2단 (1호 2호 3호),1,51000,1,true,same_universe_reconstructed
2603180013173681,2026-03-17 15:13:17.000 UTC,2026-03-17,66280,1000000084,십리향 1단 (1호 2호 3호),2,54000,1,true,same_universe_reconstructed
2603180013173681,2026-03-17 15:13:17.000 UTC,2026-03-17,66280,1000000085,십리향 2단 (1호 2호 3호),2,102000,1,true,same_universe_reconstructed
2603180055480582,2026-03-17 15:55:48.000 UTC,2026-03-17,65746,1000000091,일리향 2단 (1호 2호 3호),1,26000,1,true,same_universe_reconstructed
2603180555549054,2026-03-17 20:55:54.000 UTC,2026-03-17,66285,1000000087,백리향 1단 (1호 2호 3호),1,65000,1,true,same_universe_reconstructed
2603180804230345,2026-03-17 23:04:23.000 UTC,2026-03-17,65988,1000000064,2색 이티,1,85000,1,true,same_universe_reconstructed
2603180806276136,2026-03-17 23:06:27.000 UTC,2026-03-17,65988,1000000064,2색 이티,1,85000,1,true,same_universe_reconstructed
2603180818568797,2026-03-17 23:18:56.000 UTC,2026-03-17,64672,1000000062,흰이티,1,21000,1,true,same_universe_reconstructed
2603180818568797,2026-03-17 23:18:56.000 UTC,2026-03-17,64672,1000000063,쑥이티,1,46000,1,true,same_universe_reconstructed
2603180818568797,2026-03-17 23:18:56.000 UTC,2026-03-17,64672,1000000072,마스코바도 흑임자설기,1,20000,1,true,same_universe_reconstructed
2603180818568797,2026-03-17 23:18:56.000 UTC,2026-03-17,64672,1000000127,흑임자이티,1,23500,1,true,same_universe_reconstructed
2603180913499238,2026-03-18 00:13:50.000 UTC,2026-03-18,66289,1000000064,2색 이티,3,151500,3,true,same_universe_reconstructed
2603180916441339,2026-03-18 00:16:44.000 UTC,2026-03-18,66289,1000000064,2색 이티,3,151500,3,true,same_universe_reconstructed
2603180921154210,2026-03-18 00:21:15.000 UTC,2026-03-18,66289,1000000064,2색 이티,3,150000,3,true,same_universe_reconstructed
2603180926527291,2026-03-18 00:26:52.000 UTC,2026-03-18,66292,1000000064,2색 이티,3,150000,3,true,same_universe_reconstructed
2603180927233042,2026-03-18 00:27:23.000 UTC,2026-03-18,66291,1000000087,백리향 1단 (1호 2호 3호),1,65000,1,true,same_universe_reconstructed
2603180936054703,2026-03-18 00:36:05.000 UTC,2026-03-18,44378,1000000094,매화 3송이 1호,110,726000,1,true,same_universe_reconstructed
2603180939333534,2026-03-18 00:39:33.000 UTC,2026-03-18,66295,1000000091,일리향 2단 (1호 2호 3호),1,26000,1,true,same_universe_reconstructed
2603181013248576,2026-03-18 01:13:24.000 UTC,2026-03-18,66272,1000000042,약식,1,87500,1,true,same_universe_reconstructed
2603181042106627,2026-03-18 01:42:10.000 UTC,2026-03-18,37778,1000000085,십리향 2단 (1호 2호 3호),1,51000,1,true,same_universe_reconstructed
2603181042402258,2026-03-18 01:42:40.000 UTC,2026-03-18,29640,1000000042,약식,1,45000,1,true,same_universe_reconstructed
2603181042402258,2026-03-18 01:42:40.000 UTC,2026-03-18,29640,1000000064,2색 이티,2,65000,2,true,same_universe_reconstructed
2603181042402258,2026-03-18 01:42:40.000 UTC,2026-03-18,29640,1000000127,흑임자이티,1,46000,1,true,same_universe_reconstructed
2603181050008909,2026-03-18 01:50:00.000 UTC,2026-03-18,57687,1000000064,2색 이티,1,86500,1,true,same_universe_reconstructed
2603181051172580,2026-03-18 01:51:17.000 UTC,2026-03-18,66297,1000000064,2색 이티,1,86500,1,true,same_universe_reconstructed
2603181051466271,2026-03-18 01:51:46.000 UTC,2026-03-18,66297,1000000064,2색 이티,1,86500,1,true,same_universe_reconstructed
2603181052151672,2026-03-18 01:52:15.000 UTC,2026-03-18,66297,1000000064,2색 이티,1,86500,1,true,same_universe_reconstructed
2603181052519093,2026-03-18 01:52:51.000 UTC,2026-03-18,66298,1000000111,매화 3송이 3호,75,532500,1,true,same_universe_reconstructed
2603181113474284,2026-03-18 02:13:47.000 UTC,2026-03-18,66298,1000000111,매화 3송이 3호,10,71000,1,true,same_universe_reconstructed
2603181121165445,2026-03-18 02:21:16.000 UTC,2026-03-18,66302,1000000064,2색 이티,1,22000,1,true,same_universe_reconstructed
2603181121165445,2026-03-18 02:21:16.000 UTC,2026-03-18,66302,1000000092,일리향 3단,1,38000,1,true,same_universe_reconstructed
2603181121598996,2026-03-18 02:21:59.000 UTC,2026-03-18,66294,1000000087,백리향 1단 (1호 2호 3호),1,61000,1,true,same_universe_reconstructed
2603181142159467,2026-03-18 02:42:16.000 UTC,2026-03-18,51831,1000000044,고구마찰떡,1,45000,1,true,same_universe_reconstructed
2603181142159467,2026-03-18 02:42:16.000 UTC,2026-03-18,51831,1000000064,2색 이티,1,22000,1,true,same_universe_reconstructed
2603181143141348,2026-03-18 02:43:14.000 UTC,2026-03-18,51831,1000000044,고구마찰떡,1,45000,1,true,same_universe_reconstructed
2603181143141348,2026-03-18 02:43:14.000 UTC,2026-03-18,51831,1000000064,2색 이티,1,22000,1,true,same_universe_reconstructed
2603181148585899,2026-03-18 02:48:58.000 UTC,2026-03-18,66306,1000000112,매화 5송이 2호,12,138000,1,true,same_universe_reconstructed
2603181213384010,2026-03-18 03:13:38.000 UTC,2026-03-18,0,1000000156,기원상,1,29000,1,true,same_universe_reconstructed
2603181320462701,2026-03-18 04:20:46.000 UTC,2026-03-18,50337,1000000064,2색 이티,1,44500,1,true,same_universe_reconstructed
2603181326216662,2026-03-18 04:26:21.000 UTC,2026-03-18,17722,1000000085,십리향 2단 (1호 2호 3호),1,54500,1,true,same_universe_reconstructed
2603181326569513,2026-03-18 04:26:57.000 UTC,2026-03-18,17722,1000000085,십리향 2단 (1호 2호 3호),1,54500,1,true,same_universe_reconstructed
2603181327220614,2026-03-18 04:27:22.000 UTC,2026-03-18,17722,1000000085,십리향 2단 (1호 2호 3호),1,54500,1,true,same_universe_reconstructed
2603181417569115,2026-03-18 05:17:56.000 UTC,2026-03-18,54822,1000000085,십리향 2단 (1호 2호 3호),2,105500,2,true,same_universe_reconstructed
2603181417569115,2026-03-18 05:17:56.000 UTC,2026-03-18,54822,1000000108,매화 2송이 2호,400,1840000,1,true,same_universe_reconstructed
2603181417569115,2026-03-18 05:17:56.000 UTC,2026-03-18,54822,1000000142,경기 미숫가루,1,15000,1,true,same_universe_reconstructed
2603181500389946,2026-03-18 06:00:39.000 UTC,2026-03-18,66319,1000000064,2색 이티,2,129500,2,true,same_universe_reconstructed
2603181507542847,2026-03-18 06:07:54.000 UTC,2026-03-18,66311,1000000090,일리향 1단 (1호 2호 3호),45,585000,1,true,same_universe_reconstructed
2603181523599798,2026-03-18 06:24:00.000 UTC,2026-03-18,31617,1000000093,매화 2송이 1호,20,96000,1,true,same_universe_reconstructed
2603181536462589,2026-03-18 06:36:46.000 UTC,2026-03-18,66320,1000000153,유밀상,1,23600,1,true,same_universe_reconstructed
2603181536462589,2026-03-18 06:36:46.000 UTC,2026-03-18,66320,1000000156,기원상,1,29000,1,true,same_universe_reconstructed
2603181556395000,2026-03-18 06:56:39.000 UTC,2026-03-18,66321,1000000085,십리향 2단 (1호 2호 3호),1,51000,1,true,same_universe_reconstructed
2603181646459302,2026-03-18 07:46:45.000 UTC,2026-03-18,66118,1000000091,일리향 2단 (1호 2호 3호),25,675000,1,true,same_universe_reconstructed
2603181650115553,2026-03-18 07:50:11.000 UTC,2026-03-18,66327,1000000064,2색 이티,1,43000,1,true,same_universe_reconstructed
2603181651193354,2026-03-18 07:51:19.000 UTC,2026-03-18,0,1000000111,매화 3송이 3호,10,71000,1,true,same_universe_reconstructed
2603181717237515,2026-03-18 08:17:23.000 UTC,2026-03-18,66331,1000000093,매화 2송이 1호,22,103400,1,true,same_universe_reconstructed
2603181720060496,2026-03-18 08:20:06.000 UTC,2026-03-18,66332,1000000093,매화 2송이 1호,50,240000,1,true,same_universe_reconstructed
2603181754012117,2026-03-18 08:54:01.000 UTC,2026-03-18,66336,1000000093,매화 2송이 1호,70,336000,1,true,same_universe_reconstructed
2603181756188008,2026-03-18 08:56:18.000 UTC,2026-03-18,66336,1000000093,매화 2송이 1호,70,336000,1,true,same_universe_reconstructed
2603181818151049,2026-03-18 09:18:15.000 UTC,2026-03-18,0,1000000064,2색 이티,1,86500,1,true,same_universe_reconstructed
2603181846574190,2026-03-18 09:46:57.000 UTC,2026-03-18,66340,1000000064,2색 이티,3,88500,2,true,same_universe_reconstructed
2603181852054481,2026-03-18 09:52:05.000 UTC,2026-03-18,66342,1000000064,2색 이티,1,43000,1,true,same_universe_reconstructed
2603181951099552,2026-03-18 10:51:10.000 UTC,2026-03-18,0,1000000156,기원상,1,29000,1,true,same_universe_reconstructed
2603182007532523,2026-03-18 11:07:53.000 UTC,2026-03-18,64872,1000000045,완두시루떡,1,20000,1,true,same_universe_reconstructed
2603182007532523,2026-03-18 11:07:53.000 UTC,2026-03-18,64872,1000000064,2색 이티,1,22000,1,true,same_universe_reconstructed
2603182008476554,2026-03-18 11:08:47.000 UTC,2026-03-18,66054,1000000087,백리향 1단 (1호 2호 3호),1,61000,1,true,same_universe_reconstructed
2603182010152855,2026-03-18 11:10:15.000 UTC,2026-03-18,66054,1000000087,백리향 1단 (1호 2호 3호),1,61000,1,true,same_universe_reconstructed
2603182012418406,2026-03-18 11:12:41.000 UTC,2026-03-18,66054,1000000087,백리향 1단 (1호 2호 3호),1,61000,1,true,same_universe_reconstructed
2603182015406807,2026-03-18 11:15:40.000 UTC,2026-03-18,66345,1000000087,백리향 1단 (1호 2호 3호),1,61000,1,true,same_universe_reconstructed
2603182017446638,2026-03-18 11:17:44.000 UTC,2026-03-18,66345,1000000087,백리향 1단 (1호 2호 3호),1,61000,1,true,same_universe_reconstructed
2603182017530909,2026-03-18 11:17:53.000 UTC,2026-03-18,66054,1000000087,백리향 1단 (1호 2호 3호),1,61000,1,true,same_universe_reconstructed
2603182159141370,2026-03-18 12:59:14.000 UTC,2026-03-18,66347,1000000064,2색 이티,1,43000,1,true,same_universe_reconstructed
2603182159141370,2026-03-18 12:59:14.000 UTC,2026-03-18,66347,1000000069,설기세트,1,18920,1,true,same_universe_reconstructed
2603182230250422,2026-03-18 13:30:25.000 UTC,2026-03-18,35220,1000000062,흰이티,1,21000,1,true,same_universe_reconstructed
2603182239441293,2026-03-18 13:39:44.000 UTC,2026-03-18,65782,1000000093,매화 2송이 1호,20,96000,1,true,same_universe_reconstructed
2603182309328284,2026-03-18 14:09:32.000 UTC,2026-03-18,58134,1000000156,기원상,1,29000,1,true,same_universe_reconstructed
2603190014218011,2026-03-18 15:14:21.000 UTC,2026-03-18,66353,1000000108,매화 2송이 2호,30,138000,1,true,same_universe_reconstructed
2603190015532842,2026-03-18 15:15:53.000 UTC,2026-03-18,66353,1000000108,매화 2송이 2호,30,138000,1,true,same_universe_reconstructed
2603190031014773,2026-03-18 15:31:01.000 UTC,2026-03-18,65047,1000000085,십리향 2단 (1호 2호 3호),1,54500,1,true,same_universe_reconstructed
2603190031318924,2026-03-18 15:31:31.000 UTC,2026-03-18,65047,1000000085,십리향 2단 (1호 2호 3호),1,54500,1,true,same_universe_reconstructed
2603190716219335,2026-03-18 22:16:22.000 UTC,2026-03-18,66307,1000000092,일리향 3단,1,38000,1,true,same_universe_reconstructed
2603190725017016,2026-03-18 22:25:01.000 UTC,2026-03-18,66307,1000000092,일리향 3단,1,38000,1,true,same_universe_reconstructed
2603190732562717,2026-03-18 22:32:56.000 UTC,2026-03-18,66307,1000000092,일리향 3단,1,38000,1,true,same_universe_reconstructed
2603190800256768,2026-03-18 23:00:25.000 UTC,2026-03-18,66356,1000000092,일리향 3단,1,37000,1,true,same_universe_reconstructed
2603190809309029,2026-03-18 23:09:30.000 UTC,2026-03-18,65761,1000000062,흰이티,3,240000,1,true,same_universe_reconstructed
2603190809309029,2026-03-18 23:09:30.000 UTC,2026-03-18,65761,1000000063,쑥이티,3,270000,1,true,same_universe_reconstructed
2603190809309029,2026-03-18 23:09:30.000 UTC,2026-03-18,65761,1000000127,흑임자이티,3,270000,1,true,same_universe_reconstructed
2603190844323100,2026-03-18 23:44:32.000 UTC,2026-03-18,0,1000000093,매화 2송이 1호,45,216000,1,true,same_universe_reconstructed
2603190855081171,2026-03-18 23:55:08.000 UTC,2026-03-18,66359,1000000064,2색 이티,3,255000,1,true,same_universe_reconstructed
2603190859204722,2026-03-18 23:59:20.000 UTC,2026-03-18,66360,1000000064,2색 이티,1,86500,1,true,same_universe_reconstructed
2603190912478213,2026-03-19 00:12:47.000 UTC,2026-03-19,54822,1000000108,매화 2송이 2호,50,230000,1,true,same_universe_reconstructed
2603190930121614,2026-03-19 00:30:12.000 UTC,2026-03-19,66361,1000000108,매화 2송이 2호,70,322000,1,true,same_universe_reconstructed
2603190934386935,2026-03-19 00:34:38.000 UTC,2026-03-19,66362,1000000093,매화 2송이 1호,13,61100,1,true,same_universe_reconstructed
2603191002393996,2026-03-19 01:02:39.000 UTC,2026-03-19,63398,1000000092,일리향 3단,1,37000,1,true,same_universe_reconstructed
2603191003497487,2026-03-19 01:03:49.000 UTC,2026-03-19,57942,1000000089,백리향 3단,1,173000,1,true,same_universe_reconstructed
2603191012493518,2026-03-19 01:12:49.000 UTC,2026-03-19,63398,1000000092,일리향 3단,1,37000,1,true,same_universe_reconstructed
2603191036368679,2026-03-19 01:36:36.000 UTC,2026-03-19,0,1000000064,2색 이티,1,85000,1,true,same_universe_reconstructed
2603191057508210,2026-03-19 01:57:50.000 UTC,2026-03-19,37110,1000000094,매화 3송이 1호,90,585000,1,true,same_universe_reconstructed
2603191110096231,2026-03-19 02:10:09.000 UTC,2026-03-19,63639,1000000064,2색 이티,1,43000,1,true,same_universe_reconstructed
2603191115313432,2026-03-19 02:15:31.000 UTC,2026-03-19,61407,1000000043,모듬영양찰떡,1,22500,1,true,same_universe_reconstructed
2603191115313432,2026-03-19 02:15:31.000 UTC,2026-03-19,61407,1000000045,완두시루떡,1,20000,1,true,same_universe_reconstructed
2603191115313432,2026-03-19 02:15:31.000 UTC,2026-03-19,61407,1000000064,2색 이티,1,43000,1,true,same_universe_reconstructed
2603191124549673,2026-03-19 02:24:55.000 UTC,2026-03-19,66296,1000000112,매화 5송이 2호,110,1276000,1,true,same_universe_reconstructed
2603191125210584,2026-03-19 02:25:21.000 UTC,2026-03-19,18357,1000000064,2색 이티,3,66000,1,true,same_universe_reconstructed
2603191152119215,2026-03-19 02:52:11.000 UTC,2026-03-19,0,1000000111,매화 3송이 3호,75,525000,1,true,same_universe_reconstructed
2603191203371056,2026-03-19 03:03:37.000 UTC,2026-03-19,66369,1000000092,일리향 3단,2,74000,1,true,same_universe_reconstructed
2603191203376077,2026-03-19 03:03:37.000 UTC,2026-03-19,66369,1000000092,일리향 3단,2,74000,1,true,same_universe_reconstructed
2603191203397018,2026-03-19 03:03:39.000 UTC,2026-03-19,66369,1000000092,일리향 3단,2,74000,1,true,same_universe_reconstructed
2603191230480859,2026-03-19 03:30:48.000 UTC,2026-03-19,66370,1000000044,고구마찰떡,1,22500,1,true,same_universe_reconstructed
2603191230480859,2026-03-19 03:30:48.000 UTC,2026-03-19,66370,1000000045,완두시루떡,2,40000,1,true,same_universe_reconstructed
2603191230480859,2026-03-19 03:30:48.000 UTC,2026-03-19,66370,1000000063,쑥이티,1,23500,1,true,same_universe_reconstructed
2603191230480859,2026-03-19 03:30:48.000 UTC,2026-03-19,66370,1000000069,설기세트,1,18920,1,true,same_universe_reconstructed
2603191230480859,2026-03-19 03:30:48.000 UTC,2026-03-19,66370,1000000142,경기 미숫가루,1,12000,1,true,same_universe_reconstructed
2603191232523520,2026-03-19 03:32:52.000 UTC,2026-03-19,66371,1000000085,십리향 2단 (1호 2호 3호),1,54500,1,true,same_universe_reconstructed
2603191235046311,2026-03-19 03:35:04.000 UTC,2026-03-19,66370,1000000044,고구마찰떡,1,22500,1,true,same_universe_reconstructed
2603191235046311,2026-03-19 03:35:04.000 UTC,2026-03-19,66370,1000000045,완두시루떡,2,40000,1,true,same_universe_reconstructed
2603191235046311,2026-03-19 03:35:04.000 UTC,2026-03-19,66370,1000000063,쑥이티,1,23500,1,true,same_universe_reconstructed
2603191235046311,2026-03-19 03:35:04.000 UTC,2026-03-19,66370,1000000069,설기세트,1,18920,1,true,same_universe_reconstructed
2603191235046311,2026-03-19 03:35:04.000 UTC,2026-03-19,66370,1000000142,경기 미숫가루,1,12000,1,true,same_universe_reconstructed
2603191238106232,2026-03-19 03:38:10.000 UTC,2026-03-19,66326,1000000064,2색 이티,1,22000,1,true,same_universe_reconstructed
2603191238106232,2026-03-19 03:38:10.000 UTC,2026-03-19,66326,1000000092,일리향 3단,1,38000,1,true,same_universe_reconstructed
2603191312394393,2026-03-19 04:12:39.000 UTC,2026-03-19,0,1000000088,백리향 2단 (1호 2호),2,236000,2,true,same_universe_reconstructed
2603191316000814,2026-03-19 04:16:00.000 UTC,2026-03-19,66375,1000000045,완두시루떡,1,20000,1,true,same_universe_reconstructed
2603191316000814,2026-03-19 04:16:00.000 UTC,2026-03-19,66375,1000000064,2색 이티,1,22000,1,true,same_universe_reconstructed
2603191316000814,2026-03-19 04:16:00.000 UTC,2026-03-19,66375,1000000092,일리향 3단,4,152000,1,true,same_universe_reconstructed
2603191316172745,2026-03-19 04:16:17.000 UTC,2026-03-19,66376,1000000093,매화 2송이 1호,22,103400,1,true,same_universe_reconstructed
2603191326296416,2026-03-19 04:26:29.000 UTC,2026-03-19,66369,1000000092,일리향 3단,2,74000,1,true,same_universe_reconstructed
2603191333498838,2026-03-19 04:33:49.000 UTC,2026-03-19,61067,1000000092,일리향 3단,31,1147000,1,true,same_universe_reconstructed
2603191337179829,2026-03-19 04:37:18.000 UTC,2026-03-19,61067,1000000092,일리향 3단,31,1147000,1,true,same_universe_reconstructed
2603191349054990,2026-03-19 04:49:05.000 UTC,2026-03-19,0,1000000062,흰이티,1,41000,1,true,same_universe_reconstructed
2603191356057441,2026-03-19 04:56:05.000 UTC,2026-03-19,0,1000000153,유밀상,1,28600,1,true,same_universe_reconstructed
2603191538072352,2026-03-19 06:38:07.000 UTC,2026-03-19,44271,1000000093,매화 2송이 1호,120,576000,1,true,same_universe_reconstructed
2603191545592233,2026-03-19 06:45:59.000 UTC,2026-03-19,66067,1000000064,2색 이티,1,43000,1,true,same_universe_reconstructed
2603191545592233,2026-03-19 06:45:59.000 UTC,2026-03-19,66067,1000000127,흑임자이티,1,46000,1,true,same_universe_reconstructed
2603191558317304,2026-03-19 06:58:31.000 UTC,2026-03-19,55172,1000000043,모듬영양찰떡,1,45000,1,true,same_universe_reconstructed
2603191558317304,2026-03-19 06:58:31.000 UTC,2026-03-19,55172,1000000044,고구마찰떡,1,45000,1,true,same_universe_reconstructed
2603191558317304,2026-03-19 06:58:31.000 UTC,2026-03-19,55172,1000000064,2색 이티,1,43000,1,true,same_universe_reconstructed
2603191558317304,2026-03-19 06:58:31.000 UTC,2026-03-19,55172,1000000127,흑임자이티,1,46000,1,true,same_universe_reconstructed
2603191645357355,2026-03-19 07:45:35.000 UTC,2026-03-19,66384,1000000063,쑥이티,1,23500,1,true,same_universe_reconstructed
2603191700448046,2026-03-19 08:00:44.000 UTC,2026-03-19,66387,1000000113,매화 5송이 3호,40,460000,1,true,same_universe_reconstructed
2603191707170637,2026-03-19 08:07:17.000 UTC,2026-03-19,66386,1000000064,2색 이티,2,65000,2,true,same_universe_reconstructed
2603191713182868,2026-03-19 08:13:18.000 UTC,2026-03-19,0,1000000111,매화 3송이 3호,24,170400,1,true,same_universe_reconstructed
2603191831132399,2026-03-19 09:31:13.000 UTC,2026-03-19,66389,1000000085,십리향 2단 (1호 2호 3호),1,51000,1,true,same_universe_reconstructed
2603191835540490,2026-03-19 09:35:54.000 UTC,2026-03-19,66389,1000000085,십리향 2단 (1호 2호 3호),1,51000,1,true,same_universe_reconstructed
2603191848521181,2026-03-19 09:48:52.000 UTC,2026-03-19,66365,1000000090,일리향 1단 (1호 2호 3호),1,13000,1,true,same_universe_reconstructed
2603191853307912,2026-03-19 09:53:30.000 UTC,2026-03-19,66382,1000000088,백리향 2단 (1호 2호),1,120000,1,true,same_universe_reconstructed
2603191858137103,2026-03-19 09:58:13.000 UTC,2026-03-19,66382,1000000088,백리향 2단 (1호 2호),1,120000,1,true,same_universe_reconstructed
2603192023109274,2026-03-19 11:23:11.000 UTC,2026-03-19,66382,1000000088,백리향 2단 (1호 2호),1,120000,1,true,same_universe_reconstructed
2603192045417586,2026-03-19 11:45:41.000 UTC,2026-03-19,66341,1000000069,설기세트,1,40420,1,true,same_universe_reconstructed
2603192119562547,2026-03-19 12:19:56.000 UTC,2026-03-19,66396,1000000064,2색 이티,3,66000,1,true,same_universe_reconstructed
2603192159114848,2026-03-19 12:59:11.000 UTC,2026-03-19,66397,1000000088,백리향 2단 (1호 2호),1,120000,1,true,same_universe_reconstructed
2603192206161089,2026-03-19 13:06:16.000 UTC,2026-03-19,66397,1000000088,백리향 2단 (1호 2호),1,120000,1,true,same_universe_reconstructed
2603192308298140,2026-03-19 14:08:29.000 UTC,2026-03-19,66401,1000000064,2색 이티,1,85000,1,true,same_universe_reconstructed
2603200109146402,2026-03-19 16:09:14.000 UTC,2026-03-19,66408,1000000093,매화 2송이 1호,19,89300,1,true,same_universe_reconstructed
2603200835436183,2026-03-19 23:35:43.000 UTC,2026-03-19,66413,1000000091,일리향 2단 (1호 2호 3호),3,76500,1,true,same_universe_reconstructed
2603200843117324,2026-03-19 23:43:11.000 UTC,2026-03-19,66414,1000000093,매화 2송이 1호,90,432000,1,true,same_universe_reconstructed
2603200845409255,2026-03-19 23:45:40.000 UTC,2026-03-19,66414,1000000093,매화 2송이 1호,90,432000,1,true,same_universe_reconstructed
2603200848249656,2026-03-19 23:48:25.000 UTC,2026-03-19,66414,1000000093,매화 2송이 1호,90,432000,1,true,same_universe_reconstructed
2603200940262927,2026-03-20 00:40:26.000 UTC,2026-03-20,63071,1000000062,흰이티,1,21000,1,true,same_universe_reconstructed
2603200940262927,2026-03-20 00:40:26.000 UTC,2026-03-20,63071,1000000070,마스코바도 쑥설기,1,20000,1,true,same_universe_reconstructed
2603200940262927,2026-03-20 00:40:26.000 UTC,2026-03-20,63071,1000000071,마스코바도 호박설기,1,20000,1,true,same_universe_reconstructed
2603200942017448,2026-03-20 00:42:01.000 UTC,2026-03-20,63071,1000000062,흰이티,1,21000,1,true,same_universe_reconstructed
2603200942017448,2026-03-20 00:42:01.000 UTC,2026-03-20,63071,1000000070,마스코바도 쑥설기,1,20000,1,true,same_universe_reconstructed
2603200942017448,2026-03-20 00:42:01.000 UTC,2026-03-20,63071,1000000071,마스코바도 호박설기,1,20000,1,true,same_universe_reconstructed
2603201003482979,2026-03-20 01:03:48.000 UTC,2026-03-20,66416,1000000093,매화 2송이 1호,40,188000,1,true,same_universe_reconstructed
2603201029189270,2026-03-20 01:29:19.000 UTC,2026-03-20,66419,1000000064,2색 이티,2,170000,1,true,same_universe_reconstructed
2603201029189270,2026-03-20 01:29:19.000 UTC,2026-03-20,66419,1000000142,경기 미숫가루,1,19000,1,true,same_universe_reconstructed
2603201103244701,2026-03-20 02:03:24.000 UTC,2026-03-20,61251,1000000064,2색 이티,1,22000,1,true,same_universe_reconstructed
2603201103244701,2026-03-20 02:03:24.000 UTC,2026-03-20,61251,1000000069,설기세트,1,18920,1,true,same_universe_reconstructed
2603201103244701,2026-03-20 02:03:24.000 UTC,2026-03-20,61251,1000000091,일리향 2단 (1호 2호 3호),1,25500,1,true,same_universe_reconstructed
2603201146234722,2026-03-20 02:46:23.000 UTC,2026-03-20,66425,1000000042,약식,1,45000,1,true,same_universe_reconstructed
2603201146234722,2026-03-20 02:46:23.000 UTC,2026-03-20,66425,1000000063,쑥이티,1,23500,1,true,same_universe_reconstructed
2603201252090533,2026-03-20 03:52:09.000 UTC,2026-03-20,66429,1000000064,2색 이티,1,22000,1,true,same_universe_reconstructed
2603201253572814,2026-03-20 03:53:57.000 UTC,2026-03-20,66429,1000000064,2색 이티,1,22000,1,true,same_universe_reconstructed
2603201308071315,2026-03-20 04:08:07.000 UTC,2026-03-20,15859,1000000063,쑥이티,1,90000,1,true,same_universe_reconstructed
2603201308071315,2026-03-20 04:08:07.000 UTC,2026-03-20,15859,1000000069,설기세트,1,75920,1,true,same_universe_reconstructed
2603201317298376,2026-03-20 04:17:29.000 UTC,2026-03-20,66325,1000000064,2색 이티,1,22000,1,true,same_universe_reconstructed
2603201317298376,2026-03-20 04:17:29.000 UTC,2026-03-20,66325,1000000085,십리향 2단 (1호 2호 3호),1,51000,1,true,same_universe_reconstructed
2603201317298376,2026-03-20 04:17:29.000 UTC,2026-03-20,66325,1000000086,십리향 3단,1,77000,1,true,same_universe_reconstructed
2603201328118047,2026-03-20 04:28:11.000 UTC,2026-03-20,0,1000000063,쑥이티,1,90000,1,true,same_universe_reconstructed
2603201407074628,2026-03-20 05:07:07.000 UTC,2026-03-20,66420,1000000042,약식,1,22500,1,true,same_universe_reconstructed
2603201407074628,2026-03-20 05:07:07.000 UTC,2026-03-20,66420,1000000043,모듬영양찰떡,1,22500,1,true,same_universe_reconstructed
2603201407074628,2026-03-20 05:07:07.000 UTC,2026-03-20,66420,1000000064,2색 이티,1,22000,1,true,same_universe_reconstructed
2603201407074628,2026-03-20 05:07:07.000 UTC,2026-03-20,66420,1000000066,쑥인절미,1,22500,1,true,same_universe_reconstructed
2603201419309799,2026-03-20 05:19:31.000 UTC,2026-03-20,66427,1000000093,매화 2송이 1호,23,108100,1,true,same_universe_reconstructed
2603201512358700,2026-03-20 06:12:35.000 UTC,2026-03-20,62191,1000000064,2색 이티,1,43000,1,true,same_universe_reconstructed
2603201523127451,2026-03-20 06:23:12.000 UTC,2026-03-20,18197,1000000045,완두시루떡,2,60000,2,true,same_universe_reconstructed
2603201523127451,2026-03-20 06:23:12.000 UTC,2026-03-20,18197,1000000064,2색 이티,2,65000,2,true,same_universe_reconstructed
2603201612320662,2026-03-20 07:12:32.000 UTC,2026-03-20,0,1000000090,일리향 1단 (1호 2호 3호),15,180000,1,true,same_universe_reconstructed
2603201631447133,2026-03-20 07:31:44.000 UTC,2026-03-20,66436,1000000108,매화 2송이 2호,102,469200,1,true,same_universe_reconstructed
2603201718127024,2026-03-20 08:18:12.000 UTC,2026-03-20,66438,1000000064,2색 이티,1,43000,1,true,same_universe_reconstructed
2603202231518715,2026-03-20 13:31:51.000 UTC,2026-03-20,66425,1000000042,약식,1,45000,1,true,same_universe_reconstructed
2603202231518715,2026-03-20 13:31:51.000 UTC,2026-03-20,66425,1000000063,쑥이티,1,23500,1,true,same_universe_reconstructed
2603202234377126,2026-03-20 13:34:37.000 UTC,2026-03-20,66442,1000000064,2색 이티,1,86500,1,true,same_universe_reconstructed
2603202249318887,2026-03-20 13:49:31.000 UTC,2026-03-20,66445,1000000093,매화 2송이 1호,55,264000,1,true,same_universe_reconstructed
2603202254441868,2026-03-20 13:54:44.000 UTC,2026-03-20,66445,1000000093,매화 2송이 1호,35,168000,1,true,same_universe_reconstructed
2603202332467109,2026-03-20 14:32:46.000 UTC,2026-03-20,66425,1000000042,약식,1,22500,1,true,same_universe_reconstructed
2603202332467109,2026-03-20 14:32:46.000 UTC,2026-03-20,66425,1000000063,쑥이티,1,23500,1,true,same_universe_reconstructed
2603202338547830,2026-03-20 14:38:54.000 UTC,2026-03-20,66449,1000000062,흰이티,1,21000,1,true,same_universe_reconstructed
2603202338547830,2026-03-20 14:38:54.000 UTC,2026-03-20,66449,1000000063,쑥이티,1,23500,1,true,same_universe_reconstructed
2603202338547830,2026-03-20 14:38:54.000 UTC,2026-03-20,66449,1000000127,흑임자이티,1,23500,1,true,same_universe_reconstructed
2603210059218251,2026-03-20 15:59:21.000 UTC,2026-03-20,66451,1000000092,일리향 3단,1,37000,1,true,same_universe_reconstructed
2603210059218251,2026-03-20 15:59:21.000 UTC,2026-03-20,66451,1000000093,매화 2송이 1호,10,47000,1,true,same_universe_reconstructed
2603210913549172,2026-03-21 00:13:55.000 UTC,2026-03-21,66322,1000000064,2색 이티,2,65000,2,true,same_universe_reconstructed
2603210949357973,2026-03-21 00:49:35.000 UTC,2026-03-21,66453,1000000064,2색 이티,5,110000,1,true,same_universe_reconstructed
2603211212245234,2026-03-21 03:12:24.000 UTC,2026-03-21,66457,1000000087,백리향 1단 (1호 2호 3호),2,122000,2,true,same_universe_reconstructed
2603211216595725,2026-03-21 03:16:59.000 UTC,2026-03-21,66458,1000000063,쑥이티,1,46000,1,true,same_universe_reconstructed
2603211216595725,2026-03-21 03:16:59.000 UTC,2026-03-21,66458,1000000127,흑임자이티,2,69500,2,true,same_universe_reconstructed
2603211313325726,2026-03-21 04:13:32.000 UTC,2026-03-21,66459,1000000062,흰이티,1,21000,1,true,same_universe_reconstructed
2603211313325726,2026-03-21 04:13:32.000 UTC,2026-03-21,66459,1000000064,2색 이티,1,43000,1,true,same_universe_reconstructed
2603211338073337,2026-03-21 04:38:07.000 UTC,2026-03-21,35767,1000000087,백리향 1단 (1호 2호 3호),1,57000,1,true,same_universe_reconstructed
2603211343405278,2026-03-21 04:43:40.000 UTC,2026-03-21,35767,1000000087,백리향 1단 (1호 2호 3호),1,57000,1,true,same_universe_reconstructed
2603211414538409,2026-03-21 05:14:53.000 UTC,2026-03-21,66460,1000000069,설기세트,1,38920,1,true,same_universe_reconstructed
2603211414538409,2026-03-21 05:14:53.000 UTC,2026-03-21,66460,1000000143,"경기참기름, 경기들기름",1,59000,1,true,same_universe_reconstructed
2603211509548290,2026-03-21 06:09:54.000 UTC,2026-03-21,0,1000000042,약식,1,87500,1,true,same_universe_reconstructed
2603211509548290,2026-03-21 06:09:54.000 UTC,2026-03-21,0,1000000069,설기세트,1,18920,1,true,same_universe_reconstructed
2603211615226311,2026-03-21 07:15:22.000 UTC,2026-03-21,0,1000000092,일리향 3단,1,38000,1,true,same_universe_reconstructed
2603211635212322,2026-03-21 07:35:21.000 UTC,2026-03-21,0,1000000092,일리향 3단,1,37000,1,true,same_universe_reconstructed
2603211659038663,2026-03-21 07:59:04.000 UTC,2026-03-21,66464,1000000088,백리향 2단 (1호 2호),1,116000,1,true,same_universe_reconstructed
2603211724178324,2026-03-21 08:24:17.000 UTC,2026-03-21,66462,1000000085,십리향 2단 (1호 2호 3호),1,54500,1,true,same_universe_reconstructed
2603211734343395,2026-03-21 08:34:34.000 UTC,2026-03-21,66465,1000000108,매화 2송이 2호,65,292500,1,true,same_universe_reconstructed
2603211734359036,2026-03-21 08:34:35.000 UTC,2026-03-21,66465,1000000108,매화 2송이 2호,65,292500,1,true,same_universe_reconstructed
2603211746518857,2026-03-21 08:46:52.000 UTC,2026-03-21,65943,1000000108,매화 2송이 2호,100,460000,1,true,same_universe_reconstructed
2603211853148078,2026-03-21 09:53:14.000 UTC,2026-03-21,66467,1000000110,매화 3송이 2호,180,1242000,1,true,same_universe_reconstructed
2603211853148078,2026-03-21 09:53:14.000 UTC,2026-03-21,66467,1000000112,매화 5송이 2호,20,230000,1,true,same_universe_reconstructed
2603211931002469,2026-03-21 10:31:00.000 UTC,2026-03-21,65734,1000000087,백리향 1단 (1호 2호 3호),2,114000,1,true,same_universe_reconstructed
2603212027366970,2026-03-21 11:27:36.000 UTC,2026-03-21,0,1000000108,매화 2송이 2호,40,184000,1,true,same_universe_reconstructed
2603212027484551,2026-03-21 11:27:48.000 UTC,2026-03-21,0,1000000108,매화 2송이 2호,40,184000,1,true,same_universe_reconstructed
2603220031125741,2026-03-21 15:31:12.000 UTC,2026-03-21,66474,1000000063,쑥이티,1,23500,1,true,same_universe_reconstructed
2603220723467162,2026-03-21 22:23:46.000 UTC,2026-03-21,63204,1000000063,쑥이티,1,46000,1,true,same_universe_reconstructed
2603220723467162,2026-03-21 22:23:46.000 UTC,2026-03-21,63204,1000000127,흑임자이티,1,46000,1,true,same_universe_reconstructed
2603220913077783,2026-03-22 00:13:07.000 UTC,2026-03-22,0,1000000045,완두시루떡,1,40000,1,true,same_universe_reconstructed
2603220913077783,2026-03-22 00:13:07.000 UTC,2026-03-22,0,1000000064,2색 이티,1,43000,1,true,same_universe_reconstructed
2603220939428554,2026-03-22 00:39:42.000 UTC,2026-03-22,16601,1000000044,고구마찰떡,1,87500,1,true,same_universe_reconstructed
2603220939428554,2026-03-22 00:39:42.000 UTC,2026-03-22,16601,1000000064,2색 이티,1,85000,1,true,same_universe_reconstructed
2603220947008605,2026-03-22 00:47:00.000 UTC,2026-03-22,16601,1000000044,고구마찰떡,1,87500,1,true,same_universe_reconstructed
2603220947008605,2026-03-22 00:47:00.000 UTC,2026-03-22,16601,1000000064,2색 이티,1,85000,1,true,same_universe_reconstructed
2603221028463766,2026-03-22 01:28:46.000 UTC,2026-03-22,66477,1000000063,쑥이티,1,90000,1,true,same_universe_reconstructed
2603221028463766,2026-03-22 01:28:46.000 UTC,2026-03-22,66477,1000000127,흑임자이티,1,90000,1,true,same_universe_reconstructed
2603221403123247,2026-03-22 05:03:12.000 UTC,2026-03-22,66482,1000000085,십리향 2단 (1호 2호 3호),2,109000,1,true,same_universe_reconstructed
2603221526008018,2026-03-22 06:26:00.000 UTC,2026-03-22,65983,1000000094,매화 3송이 1호,22,143000,1,true,same_universe_reconstructed
2603221550173809,2026-03-22 06:50:17.000 UTC,2026-03-22,66054,1000000084,십리향 1단 (1호 2호 3호),1,27000,1,true,same_universe_reconstructed
2603221608395240,2026-03-22 07:08:39.000 UTC,2026-03-22,66484,1000000108,매화 2송이 2호,50,225000,1,true,same_universe_reconstructed
2603222001066881,2026-03-22 11:01:06.000 UTC,2026-03-22,66490,1000000044,고구마찰떡,1,45000,1,true,same_universe_reconstructed
2603222001066881,2026-03-22 11:01:06.000 UTC,2026-03-22,66490,1000000064,2색 이티,1,43000,1,true,same_universe_reconstructed
2603222003265152,2026-03-22 11:03:26.000 UTC,2026-03-22,66490,1000000044,고구마찰떡,1,45000,1,true,same_universe_reconstructed
2603222003265152,2026-03-22 11:03:26.000 UTC,2026-03-22,66490,1000000064,2색 이티,1,43000,1,true,same_universe_reconstructed
2603222016123163,2026-03-22 11:16:12.000 UTC,2026-03-22,0,1000000064,2색 이티,1,22000,1,true,same_universe_reconstructed
2603222018259054,2026-03-22 11:18:25.000 UTC,2026-03-22,0,1000000064,2색 이티,1,22000,1,true,same_universe_reconstructed
2603222020235505,2026-03-22 11:20:23.000 UTC,2026-03-22,0,1000000064,2색 이티,1,22000,1,true,same_universe_reconstructed
2603222211435816,2026-03-22 13:11:43.000 UTC,2026-03-22,0,1000000063,쑥이티,1,23500,1,true,same_universe_reconstructed
2603222217508407,2026-03-22 13:17:50.000 UTC,2026-03-22,66428,1000000062,흰이티,1,21000,1,true,same_universe_reconstructed
2603222217508407,2026-03-22 13:17:50.000 UTC,2026-03-22,66428,1000000063,쑥이티,1,23500,1,true,same_universe_reconstructed
2603222217508407,2026-03-22 13:17:50.000 UTC,2026-03-22,66428,1000000084,십리향 1단 (1호 2호 3호),2,61000,1,true,same_universe_reconstructed
2603222217508407,2026-03-22 13:17:50.000 UTC,2026-03-22,66428,1000000087,백리향 1단 (1호 2호 3호),2,130000,1,true,same_universe_reconstructed
2603222217508407,2026-03-22 13:17:50.000 UTC,2026-03-22,66428,1000000111,매화 3송이 3호,100,700000,1,true,same_universe_reconstructed
2603222217508407,2026-03-22 13:17:50.000 UTC,2026-03-22,66428,1000000127,흑임자이티,1,23500,1,true,same_universe_reconstructed
2603222235115258,2026-03-22 13:35:11.000 UTC,2026-03-22,34123,1000000108,매화 2송이 2호,65,292500,1,true,same_universe_reconstructed
2603222239189109,2026-03-22 13:39:19.000 UTC,2026-03-22,34123,1000000108,매화 2송이 2호,65,292500,1,true,same_universe_reconstructed
2603222240597500,2026-03-22 13:40:59.000 UTC,2026-03-22,34123,1000000108,매화 2송이 2호,65,292500,1,true,same_universe_reconstructed
2603222244052071,2026-03-22 13:44:05.000 UTC,2026-03-22,66498,1000000064,2색 이티,1,22000,1,true,same_universe_reconstructed
2603222244052071,2026-03-22 13:44:05.000 UTC,2026-03-22,66498,1000000086,십리향 3단,1,77000,1,true,same_universe_reconstructed
2603222244052071,2026-03-22 13:44:05.000 UTC,2026-03-22,66498,1000000128,흑임자인절미,1,22500,1,true,same_universe_reconstructed
2603222247416772,2026-03-22 13:47:41.000 UTC,2026-03-22,65983,1000000094,매화 3송이 1호,12,78000,1,true,same_universe_reconstructed
