date,product_id,product_name,first_customer_cnt,entry_gravity_score,entry_gravity_primary_type,expansion_gravity_score,expansion_gravity_primary_type,revenue_90d,convergence_gravity_score,return_gravity_score,return_customer_rate_90d,return_loop_rate_90d,simple_repeat_rate_90d,distinct_source_product_cnt_90d,scored_observed_flag,demand_observed_flag
2026-04-06,1000000027,마스코바도 설기,15,0.0008007556775097137,Qualified,0.11115088214237276,Core,3216920,0.02151946342077154,0,0,0,0.13333333333333333,7,true,true
2026-04-06,1000000028,마스코바도 딸기설기,14,0.0006942440914142006,None,0.014191109250605101,None,3204840,0.015214510743606895,0.08415078818779867,0.07142857142857142,0.07142857142857142,0.07142857142857142,6,true,true
2026-04-06,1000000033,가래떡(40개) 4kg,46,0.00742633125536641,None,0.06787423160687867,None,6815500,0.06574965208350997,0,0,0,0.06521739130434782,9,true,true
2026-04-06,1000000035,떡국떡 500g,77,0.02840763783349637,None,0.12643485772012616,None,21966100,0.11978699671331852,0.1662839763011776,0.03896103896103896,0.03896103896103896,0.012987012987012988,12,true,true
2026-04-06,1000000042,약식,188,0.07632876274664893,Qualified,0.48889125283112866,Scale,36574640,0.3935904810416066,0.13923437139460854,0.02127659574468085,0.026595744680851064,0.11702127659574468,20,true,true
2026-04-06,1000000043,모듬영양찰떡,194,0.07690868679029218,None,0.18305639730414305,None,35854580,0.3446964091852257,0.3419395530794667,0.04639175257731959,0.07216494845360824,0.061855670103092786,19,true,true
2026-04-06,1000000044,고구마찰떡,142,0.0524435917678477,None,0.14456767707597667,None,28061540,0.22739311330083953,0.35201779001405076,0.056338028169014086,0.07746478873239436,0.028169014084507043,17,true,true
2026-04-06,1000000045,완두시루떡,311,0.21622292169405913,Broad,0.1937002615822669,None,101158040,0.4137526354004412,0.49306312862271867,0.06109324758842444,0.08681672025723473,0.06430868167202572,23,true,true
2026-04-06,1000000062,흰이티,240,0.1019041062853333,Broad,0.02442879075965854,None,44132400,0.22875808217870938,0.10636948504688677,0.016666666666666666,0.016666666666666666,0.025,11,true,true
2026-04-06,1000000063,쑥이티,297,0.1511098176712658,Broad,0.14082039399662422,None,64541180,0.17767638783249476,0.22828437971635004,0.03367003367003367,0.03367003367003367,0.037037037037037035,12,true,true
2026-04-06,1000000064,2색 이티,1660,1,Broad,0.1104387966065445,None,249294240,1,0.17419678714859438,0.01566265060240964,0.019879518072289156,0.08132530120481928,31,true,true
2026-04-06,1000000065,흰인절미,50,0.010986710793700937,None,0.07672569099659875,None,10244100,0.03444277592330294,0.335593584626801,0.08,0.12,0.02,4,true,true
2026-04-06,1000000066,쑥인절미,86,0.022783789196818508,None,0.07801067371581386,None,14615040,0.03429015077713736,0.2730373580053484,0.046511627906976744,0.08139534883720931,0.011627906976744186,4,true,true
2026-04-06,1000000069,설기세트,103,0.03423683651385458,None,0.03624599631519141,None,21292540,0.02889630862354472,0.20613040571121868,0.038834951456310676,0.04854368932038835,0,3,true,true
2026-04-06,1000000070,마스코바도 쑥설기,23,0.0018903363707075149,None,0.04211171272884761,None,3663420,0.008440038922683421,0.0895204962411981,0.043478260869565216,0.043478260869565216,0.043478260869565216,2,true,true
2026-04-06,1000000071,마스코바도 호박설기,35,0.004842758112494763,None,0.05575799671387668,None,5767840,0.023950257551822077,0.2416179857601323,0.08571428571428572,0.08571428571428572,0,2,true,true
2026-04-06,1000000072,마스코바도 흑임자설기,13,0.0001522769644758907,None,0.015753596068873013,None,1470500,0.002479134236875667,0,0,0,0,1,true,true
2026-04-06,1000000083,백설기,78,0.026748908540749516,None,0.12404698467852669,None,20116880,0.053917456545810837,0.275117328224029,0.0641025641025641,0.0641025641025641,0.01282051282051282,6,true,true
2026-04-06,1000000084,십리향 1단 (1호 2호 3호),148,0.06858121526947349,None,0.02448822513897196,None,39059600,0.15220343029354108,0.03703364696632001,0.006756756756756757,0.006756756756756757,0.02702702702702703,13,true,true
2026-04-06,1000000085,십리향 2단 (1호 2호 3호),316,0.16666201167645037,Broad,0.20037242056919496,None,70411000,0.21029300166262013,0.1745793540258106,0.02531645569620253,0.02531645569620253,0.060126582278481014,12,true,true
2026-04-06,1000000086,십리향 3단,199,0.10027560688375299,Qualified,0.5566544318890125,Deep,50936020,0.21270246686747105,0.23746719302484,0.035175879396984924,0.04522613065326633,0.10552763819095477,15,true,true
2026-04-06,1000000087,백리향 1단 (1호 2호 3호),463,0.24955999645750673,Broad,0.16667062193503362,None,91346320,0.3830055363765513,0.3136552268177844,0.0367170626349892,0.047516198704103674,0.0734341252699784,19,true,true
2026-04-06,1000000088,백리향 2단 (1호 2호),352,0.2135503482633896,Broad,0.2804368612789878,None,91264200,0.36505147438025315,0.08065318792792842,0.011363636363636364,0.011363636363636364,0.11363636363636363,18,true,true
2026-04-06,1000000089,백리향 3단,50,0.01926520855852659,Qualified,0.34716577720013897,Deep,20093420,0.053522506996604144,0.1388663108800556,0.04,0.04,0.08,7,true,true
2026-04-06,1000000090,일리향 1단 (1호 2호 3호),130,0.05673736979743281,None,0.0023253035512148666,None,33902320,0.12184177592404138,0,0,0,0.023076923076923078,11,true,true
2026-04-06,1000000091,일리향 2단 (1호 2호 3호),180,0.17282443635078162,None,0.16963188263836695,None,106293980,0.17965031425675762,0.12990218370267467,0.022222222222222223,0.022222222222222223,0.06111111111111111,13,true,true
2026-04-06,1000000092,일리향 3단,156,0.07404169614596641,None,0.12252463127500884,None,41394660,0.1345297730494137,0.07152560513117959,0.01282051282051282,0.01282051282051282,0.057692307692307696,12,true,true
2026-04-06,1000000093,매화 2송이 1호,704,0.6233275867084518,Broad,0.18318598998962143,None,238527840,0.3403583184615157,0.09538511783784641,0.011363636363636364,0.011363636363636364,0.11079545454545454,17,true,true
2026-04-06,1000000094,매화 3송이 1호,190,0.15897972424580242,None,0.17208586139199195,None,93608140,0.2105883905006708,0.12518702426794356,0.021052631578947368,0.021052631578947368,0.08421052631578947,12,true,true
2026-04-06,1000000095,매화 5송이 1호,7,0,None,0,None,5727000,0,0,0,0,0,1,true,true
2026-04-06,1000000108,매화 2송이 2호,247,0.2212413471851513,Broad,0.18836630851243066,None,119471300,0.21864194783937896,0.2084479223317424,0.032388663967611336,0.032388663967611336,0.09716599190283401,14,true,true
2026-04-06,1000000110,매화 3송이 2호,71,0.04043636004284884,None,0.07876222008653454,None,35632400,0.045334132737870333,0.05799919474781847,0.014084507042253521,0.014084507042253521,0.08450704225352113,5,true,true
2026-04-06,1000000111,매화 3송이 3호,336,0.3064779683976517,Broad,0.22000556023343537,None,149154500,0.29260287865837675,0.08345889939270612,0.011904761904761904,0.011904761904761904,0.10119047619047619,18,true,true
2026-04-06,1000000112,매화 5송이 2호,93,0.06695977109235784,None,0.09210614206279766,None,52769100,0.1078241825350095,0.1489563445800268,0.03225806451612903,0.03225806451612903,0.03225806451612903,11,true,true
2026-04-06,1000000113,매화 5송이 3호,102,0.07430097655597764,Heavy,0.1266845322053535,None,56058000,0.0624129287714217,0.11346507535424663,0.0196078431372549,0.029411764705882353,0.0784313725490196,7,true,true
2026-04-06,1000000121,깨송편 1kg,183,0.05966277826246557,None,0.10431491739448423,None,25815100,0.15845344684166368,0.20872483926746987,0.02185792349726776,0.0546448087431694,0.09289617486338798,11,true,true
2026-04-06,1000000127,흑임자이티,246,0.09970985309352366,Broad,0.033978196202693094,None,41649980,0.03782795234182498,0.19380585858350655,0.028455284552845527,0.032520325203252036,0.008130081300813009,3,true,true
2026-04-06,1000000128,흑임자인절미,61,0.014823899879600056,None,0.05109359843172883,None,12027760,0.028949964796032488,0.06291306473560783,0.01639344262295082,0.01639344262295082,0,3,true,true
2026-04-06,1000000142,경기 미숫가루,35,0.006769374506764733,None,0.0775608031212259,None,8590840,0.010448732550721908,0,0,0,0,2,true,true
2026-04-06,1000000143,"경기참기름, 경기들기름",25,0.005032579947808037,None,0.06077973667780719,None,9081420,0.009987663149832387,0.0883593591273068,0.04,0.04,0,2,true,true
2026-04-06,1000000144,경기 미숫가루 쫀드기,61,0.01877828277174198,None,0,None,16283740,0,0.06291306473560783,0.01639344262295082,0.01639344262295082,0,0,true,true
2026-04-06,1000000153,유밀상,55,0.006307856166826636,None,0.04649407414145859,None,3817000,0.04992369009928218,0,0,0,0.05454545454545454,6,true,true
2026-04-06,1000000154,화연상,36,0.0033876714286969044,None,0.053073714263937616,None,3447000,0.006575302554347784,0,0,0,0.1111111111111111,1,true,true
2026-04-06,1000000156,기원상,68,0.008936910494414295,None,0.10146400237966263,None,4514600,0.05814347079368195,0.05938499186896273,0.014705882352941176,0.014705882352941176,0.14705882352941177,6,true,true
2026-04-07,1000000027,마스코바도 설기,15,0.0007952468232457556,Qualified,0.11106334517535661,Core,3216920,0.021502395751350788,0,0,0,0.13333333333333333,7,true,true
2026-04-07,1000000028,마스코바도 딸기설기,14,0.0006894167582924601,None,0.014179933031051563,None,3204840,0.015215190427661354,0.08408451516658647,0.07142857142857142,0.07142857142857142,0.07142857142857142,6,true,true
2026-04-07,1000000033,가래떡(40개) 4kg,46,0.0073774267336936825,None,0.06782077720094955,None,6815500,0.06569786091001259,0,0,0,0.06521739130434782,9,true,true
2026-04-07,1000000035,떡국떡 500g,77,0.028207555006417195,None,0.12633528384579776,None,21966100,0.11968953531314987,0.16615301922132156,0.03896103896103896,0.03896103896103896,0.012987012987012988,12,true,true
2026-04-07,1000000042,약식,189,0.0761975834851012,Qualified,0.48715212467494895,Scale,36658140,0.40529566319803867,0.1386195418694617,0.021164021164021163,0.026455026455026454,0.1164021164021164,21,true,true
2026-04-07,1000000043,모듬영양찰떡,194,0.07638757960802821,None,0.18291223109057778,None,35854580,0.34447791607035266,0.3416702583082287,0.04639175257731959,0.07216494845360824,0.061855670103092786,19,true,true
2026-04-07,1000000044,고구마찰떡,142,0.0520860178254798,None,0.14445382268511733,None,28061540,0.22725128526004593,0.351740558119174,0.056338028169014086,0.07746478873239436,0.028169014084507043,17,true,true
2026-04-07,1000000045,완두시루떡,311,0.2147049639792353,Broad,0.19354771278479158,None,101168540,0.4134082209867414,0.4926748163574878,0.06109324758842444,0.08681672025723473,0.06430868167202572,23,true,true
2026-04-07,1000000062,흰이티,240,0.10139022578671639,Broad,0.0244095518457628,None,44247400,0.228659297354279,0.10628571367301548,0.016666666666666666,0.016666666666666666,0.025,11,true,true
2026-04-07,1000000063,쑥이티,296,0.1498265582097515,Broad,0.14166254331923372,None,64577180,0.17740701020256064,0.25152881378267,0.037162162162162164,0.037162162162162164,0.037162162162162164,12,true,true
2026-04-07,1000000064,2색 이티,1667,1,Broad,0.10885692683948416,None,251030740,1,0.17346530693861228,0.015596880623875225,0.01979604079184163,0.08098380323935213,31,true,true
2026-04-07,1000000065,흰인절미,50,0.010911565222950934,None,0.07666526561667728,None,10244100,0.034417591709892816,0.335329287628144,0.08,0.12,0.02,4,true,true
2026-04-07,1000000066,쑥인절미,86,0.022630857477144464,None,0.07794923634671388,None,14615040,0.03426434149502379,0.27282232721349853,0.046511627906976744,0.08139534883720931,0.011627906976744186,4,true,true
2026-04-07,1000000069,설기세트,103,0.03400242226158163,None,0.03621745075151477,None,21292540,0.028880621004202096,0.20596806754369382,0.038834951456310676,0.04854368932038835,0,3,true,true
2026-04-07,1000000070,마스코바도 쑥설기,23,0.0018778884098421462,None,0.042078547615471217,None,3663420,0.008430430569950246,0.08944999430207091,0.043478260869565216,0.043478260869565216,0.043478260869565216,2,true,true
2026-04-07,1000000071,마스코바도 호박설기,35,0.004810505079457745,None,0.05571408445852474,None,5767840,0.023938991848980268,0.24142769932027391,0.08571428571428572,0.08571428571428572,0,2,true,true
2026-04-07,1000000072,마스코바도 흑임자설기,13,0.00015151541256300217,None,0.015741189311563607,None,1470500,0.0024777547608375943,0,0,0,0,1,true,true
2026-04-07,1000000083,백설기,78,0.02656206228928265,None,0.12394929137554106,None,20116880,0.053884933399590725,0.2749006593499532,0.0641025641025641,0.0641025641025641,0.01282051282051282,6,true,true
2026-04-07,1000000084,십리향 1단 (1호 2호 3호),147,0.06766205275431397,None,0.025568413809627637,None,38944600,0.1516567120061398,0.0371704252372221,0.006802721088435374,0.006802721088435374,0.027210884353741496,13,true,true
2026-04-07,1000000085,십리향 2단 (1호 2호 3호),318,0.16634285703499133,Broad,0.1981395871142221,None,70540000,0.21034080691235907,0.17364104474375516,0.025157232704402517,0.025157232704402517,0.059748427672955975,12,true,true
2026-04-07,1000000086,십리향 3단,200,0.10034626908027526,Qualified,0.5546961623910128,Deep,51260020,0.21268962642242673,0.26664592532261594,0.04,0.05,0.105,15,true,true
2026-04-07,1000000087,백리향 1단 (1호 2호 3호),464,0.24852152899868585,Broad,0.16583195707637083,None,91536820,0.38271054042116437,0.31289857007520966,0.036637931034482756,0.04741379310344827,0.07327586206896551,19,true,true
2026-04-07,1000000088,백리향 2단 (1호 2호),355,0.2137531609112833,Broad,0.2768694985626578,None,91677200,0.3655306926642491,0.08008719770147911,0.011267605633802818,0.011267605633802818,0.11267605633802817,18,true,true
2026-04-07,1000000089,백리향 3단,50,0.019125983399799422,Qualified,0.3468923665118731,Deep,20093420,0.05346213307644682,0.13875694660474924,0.04,0.04,0.08,7,true,true
2026-04-07,1000000090,일리향 1단 (1호 2호 3호),128,0.05515779787043716,None,0.004513059165564536,None,33405320,0.12106429815490075,0,0,0,0.0234375,11,true,true
2026-04-07,1000000091,일리향 2단 (1호 2호 3호),180,0.17156077695432387,None,0.16949828891217067,None,106298980,0.17955413480367394,0.12979987913296787,0.022222222222222223,0.022222222222222223,0.06111111111111111,13,true,true
2026-04-07,1000000092,일리향 3단,156,0.07352369275513616,None,0.12242813690267587,None,41394660,0.13444814218804152,0.07146927508308193,0.01282051282051282,0.01282051282051282,0.057692307692307696,12,true,true
2026-04-07,1000000093,매화 2송이 1호,706,0.6225901287510982,Broad,0.18844171417511477,None,239966840,0.34033931753490787,0.09510011107307023,0.0113314447592068,0.0113314447592068,0.11189801699716714,17,true,true
2026-04-07,1000000094,매화 3송이 1호,190,0.15782130303011296,None,0.171950335032846,None,93608140,0.21048894342169153,0.12508843312585838,0.021052631578947368,0.021052631578947368,0.08421052631578947,12,true,true
2026-04-07,1000000095,매화 5송이 1호,7,0,None,0,None,5727000,0,0,0,0,0,1,true,true
2026-04-07,1000000108,매화 2송이 2호,248,0.22000878816337824,Broad,0.1940152968146593,None,119448700,0.21878834731347047,0.20768700023231934,0.03225806451612903,0.03225806451612903,0.0967741935483871,14,true,true
2026-04-07,1000000110,매화 3송이 2호,71,0.040676034091955915,None,0.09438879097055343,None,36173400,0.04573472804510567,0.05795351743514452,0.014084507042253521,0.014084507042253521,0.09859154929577464,5,true,true
2026-04-07,1000000111,매화 3송이 3호,337,0.30498340319073847,Broad,0.2187996627684222,None,149341300,0.29267112870493833,0.08321157357606382,0.011869436201780416,0.011869436201780416,0.10089020771513353,18,true,true
2026-04-07,1000000112,매화 5송이 2호,93,0.06646780445737249,None,0.09203360379621504,None,52769100,0.1077600038788019,0.14883903389052958,0.03225806451612903,0.03225806451612903,0.03225806451612903,11,true,true
2026-04-07,1000000113,매화 5송이 3호,102,0.07375601868834221,Heavy,0.12658476169968258,None,56058000,0.06234994997233284,0.11337571584249714,0.0196078431372549,0.029411764705882353,0.0784313725490196,7,true,true
2026-04-07,1000000121,깨송편 1kg,184,0.05961694434243251,None,0.10299428847600807,None,25888100,0.15859519323079146,0.2077855388262532,0.021739130434782608,0.05434782608695652,0.09239130434782608,11,true,true
2026-04-07,1000000127,흑임자이티,247,0.09944681266031899,Broad,0.033160561483142524,None,41737480,0.03784928541850705,0.1930964015748923,0.02834008097165992,0.032388663967611336,0.008097165991902834,3,true,true
2026-04-07,1000000128,흑임자인절미,61,0.014722894857694397,None,0.05105335962701179,None,12027760,0.02893403988096917,0.06286351750065569,0.01639344262295082,0.01639344262295082,0,3,true,true
2026-04-07,1000000142,경기 미숫가루,35,0.0067222092738164485,None,0.07749972004807609,None,8590840,0.010431043218236707,0,0,0,0,2,true,true
2026-04-07,1000000143,"경기참기름, 경기들기름",25,0.0049962624217349955,None,0.06073186954709023,None,9081420,0.009981161620339752,0.0882897716426516,0.04,0.04,0,2,true,true
2026-04-07,1000000144,경기 미숫가루 쫀드기,61,0.0186466688557461,None,0,None,16283740,0,0.06286351750065569,0.01639344262295082,0.01639344262295082,0,0,true,true
2026-04-07,1000000153,유밀상,55,0.006270635510355465,None,0.04645745769581173,None,3817000,0.04988866090925219,0,0,0,0.05454545454545454,6,true,true
2026-04-07,1000000154,화연상,36,0.0033669662384110256,None,0.05303191601739743,None,3447000,0.006571539951991028,0,0,0,0.1111111111111111,1,true,true
2026-04-07,1000000156,기원상,68,0.008884063946306805,None,0.10138409432262843,None,4514600,0.05810692046685066,0.05933822317064661,0.014705882352941176,0.014705882352941176,0.14705882352941177,6,true,true
2026-04-08,1000000027,마스코바도 설기,15,0.0007966422973715449,Qualified,0.11105088111591688,Core,3216920,0.021437623515661138,0,0,0,0.13333333333333333,7,true,true
2026-04-08,1000000028,마스코바도 딸기설기,14,0.0006906923499338096,None,0.014178341691191672,None,3204840,0.015179185031307236,0.08407507880039974,0.07142857142857142,0.07142857142857142,0.07142857142857142,6,true,true
2026-04-08,1000000033,가래떡(40개) 4kg,46,0.007387506516346854,None,0.06781316602917235,None,6815500,0.06556135265967403,0,0,0,0.06521739130434782,9,true,true
2026-04-08,1000000035,떡국떡 500g,77,0.028263099891134714,None,0.12632110589640588,None,21966100,0.1188937159173168,0.16613437273535092,0.03896103896103896,0.03896103896103896,0.012987012987012988,12,true,true
2026-04-08,1000000042,약식,188,0.07589852692881786,Qualified,0.48845140362646117,Scale,36549140,0.40702518250110836,0.13910910401220877,0.02127659574468085,0.026595744680851064,0.11702127659574468,21,true,true
2026-04-08,1000000043,모듬영양찰떡,194,0.07651109794114166,None,0.18289170380574798,None,35854580,0.34750960104514733,0.34163191443877644,0.04639175257731959,0.07216494845360824,0.061855670103092786,19,true,true
2026-04-08,1000000044,고구마찰떡,141,0.051432674309265854,None,0.14612508085886186,None,27689040,0.22665136925240964,0.31513518018169867,0.04964539007092199,0.07092198581560284,0.028368794326241134,17,true,true
2026-04-08,1000000045,완두시루떡,310,0.21410363316993497,Broad,0.19456885152413722,None,100753040,0.4112732459825162,0.48456332961804943,0.06129032258064516,0.08387096774193549,0.06451612903225806,23,true,true
2026-04-08,1000000062,흰이티,237,0.0998574755061197,Broad,0.01950953905685238,None,43683400,0.2275609156331276,0.10722315774335121,0.016877637130801686,0.016877637130801686,0.02531645569620253,11,true,true
2026-04-08,1000000063,쑥이티,299,0.1513759409449555,Broad,0.1449466450882509,None,64808680,0.17759235806539253,0.24966950495164092,0.03678929765886288,0.03678929765886288,0.04013377926421405,12,true,true
2026-04-08,1000000064,2색 이티,1668,1,Broad,0.11187795325869479,None,250284240,1,0.17336131095123902,0.015587529976019185,0.019784172661870502,0.0815347721822542,31,true,true
2026-04-08,1000000065,흰인절미,50,0.010930128636821796,None,0.07665666187413647,None,10244100,0.03432768515942441,0.3352916553727291,0.08,0.12,0.02,4,true,true
2026-04-08,1000000066,쑥인절미,86,0.02285629586535651,None,0.09200667134859611,None,14792040,0.008125894449663136,0.2727917097879428,0.046511627906976744,0.08139534883720931,0.011627906976744186,1,true,true
2026-04-08,1000000069,설기세트,104,0.03437989782735461,None,0.03476473733421732,None,21358040,0.028924084830430682,0.20472567541261313,0.038461538461538464,0.04807692307692308,0,3,true,true
2026-04-08,1000000070,마스코바도 쑥설기,22,0.0016875052224205856,None,0.04467560481266495,None,3511420,0.008094662814844214,0.08988306206357592,0.045454545454545456,0.045454545454545456,0.045454545454545456,2,true,true
2026-04-08,1000000071,마스코바도 호박설기,35,0.004817550751791643,None,0.055707831957672864,None,5767840,0.0237998631471788,0.2414006051499158,0.08571428571428572,0.08571428571428572,0,2,true,true
2026-04-08,1000000072,마스코바도 흑임자설기,13,0.00015140719962281415,None,0.01573942276006166,None,1470500,0.0024622736693791134,0,0,0,0,1,true,true
2026-04-08,1000000083,백설기,78,0.026735904311461643,None,0.13881738562829637,None,20236380,0.05368893004759573,0.2748698086840315,0.0641025641025641,0.0641025641025641,0.01282051282051282,6,true,true
2026-04-08,1000000084,십리향 1단 (1호 2호 3호),148,0.07025558767072186,None,0.02446619339614834,None,40592600,0.15171062896758075,0.037000328268000614,0.006756756756756757,0.006756756756756757,0.02702702702702703,13,true,true
2026-04-08,1000000085,십리향 2단 (1호 2호 3호),318,0.1667550532364311,Broad,0.19811735094271787,None,70611000,0.20871896264865933,0.17362155791577022,0.025157232704402517,0.025157232704402517,0.059748427672955975,12,true,true
2026-04-08,1000000086,십리향 3단,200,0.10053490888802043,Qualified,0.5546339117364146,Deep,51260020,0.2120041035688012,0.26661600104240146,0.04,0.05,0.105,15,true,true
2026-04-08,1000000087,백리향 1단 (1호 2호 3호),462,0.24317091527954432,Broad,0.15832507129353235,None,88733820,0.37994252514777876,0.313884462073203,0.0367965367965368,0.047619047619047616,0.07142857142857142,19,true,true
2026-04-08,1000000088,백리향 2단 (1호 2호),355,0.2141557290544126,Broad,0.2768384269441892,None,91677200,0.3636480479823111,0.0800782099333641,0.011267605633802818,0.011267605633802818,0.11267605633802817,18,true,true
2026-04-08,1000000089,백리향 3단,50,0.019168267501656566,Qualified,0.34685343659247836,Deep,20093420,0.05333693526812451,0.13874137463699135,0.04,0.04,0.08,7,true,true
2026-04-08,1000000090,일리향 1단 (1호 2호 3호),127,0.054839975860224315,None,0.005623839831727092,None,33291320,0.12037458467329537,0,0,0,0.023622047244094488,11,true,true
2026-04-08,1000000091,일리향 2단 (1호 2호 3호),181,0.17261843240842692,None,0.16797994016258813,None,106444480,0.17936567318121766,0.12929625909468784,0.022099447513812154,0.022099447513812154,0.06077348066298342,13,true,true
2026-04-08,1000000092,일리향 3단,156,0.07362224586769757,None,0.12241439743198876,None,41363660,0.13417323753855392,0.07146125445943384,0.01282051282051282,0.01282051282051282,0.057692307692307696,12,true,true
2026-04-08,1000000093,매화 2송이 1호,709,0.6279513128611162,Broad,0.19326844858666,None,241386840,0.3376314307630122,0.09477654787419816,0.011283497884344146,0.011283497884344146,0.11142454160789844,17,true,true
2026-04-08,1000000094,매화 3송이 1호,188,0.15589052280412594,None,0.1748609358126,None,92570140,0.20880940997466405,0.1259856036336985,0.02127659574468085,0.02127659574468085,0.0851063829787234,12,true,true
2026-04-08,1000000095,매화 5송이 1호,7,0,None,0,None,5727000,0,0,0,0,0,1,true,true
2026-04-08,1000000108,매화 2송이 2호,250,0.2217083185772214,Broad,0.20548903737702648,None,119689700,0.21817985822366145,0.2064817380406836,0.032,0.032,0.1,14,true,true
2026-04-08,1000000110,매화 3송이 2호,72,0.042771565776148955,None,0.09212054147983145,None,37821400,0.04587550287259204,0.057500910471252144,0.013888888888888888,0.013888888888888888,0.09722222222222222,5,true,true
2026-04-08,1000000111,매화 3송이 3호,337,0.3051064932395818,Broad,0.21314418752258418,None,149011900,0.2920564891162392,0.08320223517555474,0.011869436201780416,0.011869436201780416,0.10089020771513353,18,true,true
2026-04-08,1000000112,매화 5송이 2호,94,0.06732023361793806,None,0.0901228655170393,None,53035100,0.1079326914628985,0.14787149779009362,0.031914893617021274,0.031914893617021274,0.031914893617021274,11,true,true
2026-04-08,1000000113,매화 5송이 3호,101,0.07339594782154339,Heavy,0.1285922964421301,None,55939200,0.06204458134074,0.11404828897265284,0.019801980198019802,0.0297029702970297,0.07920792079207921,7,true,true
2026-04-08,1000000121,깨송편 1kg,184,0.05969873890908571,None,0.10298272996467843,None,25888100,0.15816883606810894,0.20776222013994353,0.021739130434782608,0.05434782608695652,0.09239130434782608,11,true,true
2026-04-08,1000000127,흑임자이티,248,0.10005651165414227,Broad,0.03939773458065795,None,41856480,0.07817780055543937,0.19252154835207155,0.028225806451612902,0.03225806451612903,0.008064516129032258,6,true,true
2026-04-08,1000000128,흑임자인절미,61,0.014747437425864457,None,0.05104763017497714,None,12027760,0.02883975005044625,0.06285646265625602,0.01639344262295082,0.01639344262295082,0,3,true,true
2026-04-08,1000000142,경기 미숫가루,36,0.006951412833314162,None,0.0745898567613797,None,8626840,0.010607724424657926,0,0,0,0,2,true,true
2026-04-08,1000000143,"경기참기름, 경기들기름",25,0.0050072418181559865,None,0.06072505392641244,None,9081420,0.009956398160152426,0.08827986334248346,0.04,0.04,0,2,true,true
2026-04-08,1000000144,경기 미숫가루 쫀드기,61,0.0186825429758543,None,0,None,16283740,0,0.06285646265625602,0.01639344262295082,0.01639344262295082,0,0,true,true
2026-04-08,1000000153,유밀상,55,0.006273561808873662,None,0.04645224401785862,None,3817000,0.049773290185302126,0,0,0,0.05454545454545454,6,true,true
2026-04-08,1000000154,화연상,36,0.003369470055437157,None,0.05302596452230785,None,3447000,0.0065352090716373126,0,0,0,0.1111111111111111,1,true,true
2026-04-08,1000000156,기원상,68,0.00888835405993753,None,0.10137271651498285,None,4514600,0.05795285331929347,0.05933156395162634,0.014705882352941176,0.014705882352941176,0.14705882352941177,6,true,true
2026-04-09,1000000027,마스코바도 설기,16,0.0036250738855266467,None,0.1491142616034675,None,3347920,0.05239183477099374,0,0,0,0.125,7,true,true
2026-04-09,1000000028,마스코바도 딸기설기,15,0.0034393196768415938,None,0.07727471740807358,None,3335840,0.0397906729441036,0.20606591308819627,0.06666666666666667,0.06666666666666667,0.06666666666666667,6,true,true
2026-04-09,1000000033,가래떡,47,0.01285641523682975,None,0.1507666730084433,None,6851500,0.0931864853040893,0,0,0,0.06382978723404255,9,true,true
2026-04-09,1000000035,떡국떡 500g,77,0.038437795816084884,None,0.21217037031199243,None,21966100,0.15147735248716584,0.21217037031199246,0.03896103896103896,0.03896103896103896,0.012987012987012988,12,true,true
2026-04-09,1000000042,약식,189,0.08954579667509904,Qualified,0.5931035386691705,Scale,36524640,0.46017100515937387,0.15818482059916483,0.021164021164021163,0.026455026455026454,0.1111111111111111,21,true,true
2026-04-09,1000000043,모듬영양찰떡,196,0.09050351268437203,None,0.2676072002986551,None,35974080,0.39285834056890306,0.3510078182779107,0.04081632653061224,0.0663265306122449,0.061224489795918366,19,true,true
2026-04-09,1000000044,고구마찰떡,141,0.06312718524877485,None,0.23592480819403353,None,27689040,0.26482538474327866,0.37073898430490987,0.04964539007092199,0.07092198581560284,0.028368794326241134,17,true,true
2026-04-09,1000000045,완두시루떡,309,0.23570359991867476,Broad,0.28658906801249123,None,100595040,0.447163293544583,0.5317313925028938,0.061488673139158574,0.08414239482200647,0.06796116504854369,23,true,true
2026-04-09,1000000062,흰이티,238,0.1147186315573367,Broad,0.14563892693166122,None,43756400,0.2490050818020299,0.11949860671315794,0.01680672268907563,0.01680672268907563,0.025210084033613446,11,true,true
2026-04-09,1000000063,쑥이티,297,0.16781986854283396,Broad,0.24887658239914678,None,64701180,0.1784163031657035,0.2754860283160367,0.037037037037037035,0.037037037037037035,0.04040404040404041,11,true,true
2026-04-09,1000000064,2색 이티,1669,1,Broad,0.26288196524865187,None,250784640,1,0.1732574395845816,0.015578190533253445,0.019772318753744758,0.08268424206111444,31,true,true
2026-04-09,1000000065,흰인절미,50,0.017356922661547234,None,0.16247715656002604,None,10244100,0.04749295667814882,0.46536667064106224,0.08,0.12,0.02,4,true,true
2026-04-09,1000000066,쑥인절미,86,0.031067579744783108,None,0.1834020002223064,None,14719540,0.010185009870955736,0.342350400414972,0.046511627906976744,0.08139534883720931,0.011627906976744186,1,true,true
2026-04-09,1000000069,설기세트,104,0.04451180567384166,None,0.13798959611812525,None,21358040,0.03527767699212159,0.25003243057301333,0.038461538461538464,0.04807692307692308,0,3,true,true
2026-04-09,1000000070,마스코바도 쑥설기,23,0.005089591605716362,None,0.1204465061572905,None,3642420,0.015093807512552026,0.16059534154305405,0.043478260869565216,0.043478260869565216,0.043478260869565216,2,true,true
2026-04-09,1000000071,마스코바도 호박설기,35,0.009341959018717729,None,0.13809847547113524,None,5767840,0.03472134157382979,0.3682626012563607,0.08571428571428572,0.08571428571428572,0,2,true,true
2026-04-09,1000000072,마스코바도 흑임자설기,13,0.0017884059950583808,None,0.08343752241006379,None,1470500,0.006801950647196693,0,0,0,0,1,true,true
2026-04-09,1000000074,경기 콩약과(10ea),1,0,None,0,None,89500,0,0,0,0,0,0,true,true
2026-04-09,1000000083,백설기,78,0.03644023575784998,None,0.2233147017521165,None,20236380,0.06829658197748466,0.35029757137586903,0.0641025641025641,0.0641025641025641,0.01282051282051282,6,true,true
2026-04-09,1000000084,십리향 1단 (1호 2호 3호),148,0.08470442257989941,None,0.1380056812304445,None,40592600,0.17718371108505904,0.043295899993864934,0.006756756756756757,0.006756756756756757,0.02702702702702703,13,true,true
2026-04-09,1000000085,십리향 2단 (1호 2호 3호),319,0.18493675736451715,Broad,0.28822096463129004,None,70654000,0.2275565681444694,0.18919119729643655,0.025078369905956112,0.025078369905956112,0.05956112852664577,12,true,true
2026-04-09,1000000086,십리향 3단,200,0.11625872547178251,Qualified,0.6403061826283339,Deep,51035020,0.22704953411544684,0.3026642379424901,0.04,0.05,0.105,14,true,true
2026-04-09,1000000087,백리향 1단 (1호 2호 3호),460,0.26014091317680205,Broad,0.2702880968514373,None,88509320,0.4029885495882237,0.3354795348454155,0.03695652173913044,0.04782608695652174,0.07173913043478261,19,true,true
2026-04-09,1000000088,백리향 2단 (1호 2호),356,0.23446918368645978,Broad,0.349071769180132,None,91639700,0.3931029455404538,0.08659144661832731,0.011235955056179775,0.011235955056179775,0.11235955056179775,18,true,true
2026-04-09,1000000089,백리향 3단,50,0.028705205374465578,Qualified,0.48141379721489197,Deep,20093420,0.07387751146703048,0.1925655188859568,0.04,0.04,0.08,7,true,true
2026-04-09,1000000090,일리향 1단 (1호 2호 3호),127,0.06780346151227784,None,0.11865015665019174,None,33291320,0.14321931546026706,0,0,0,0.023622047244094488,11,true,true
2026-04-09,1000000091,일리향 2단 (1호 2호 3호),180,0.19907881659461096,None,0.25811290142297516,None,106359480,0.2048569130734414,0.1488218530727064,0.022222222222222223,0.022222222222222223,0.06111111111111111,13,true,true
2026-04-09,1000000092,일리향 3단,155,0.08699905608063117,None,0.21151568333844825,None,40789660,0.14301710246689628,0.08356175144234992,0.012903225806451613,0.012903225806451613,0.05806451612903226,11,true,true
2026-04-09,1000000093,매화 2송이 1호,710,0.6515341521391822,Broad,0.29742822189764134,None,240853640,0.3502322767300982,0.09837419225555062,0.011267605633802818,0.011267605633802818,0.10985915492957747,17,true,true
2026-04-09,1000000094,매화 3송이 1호,187,0.17928568866921832,None,0.2640863108066907,None,92374940,0.23730553236270885,0.14445746915921542,0.0213903743315508,0.0213903743315508,0.0855614973262032,12,true,true
2026-04-09,1000000095,매화 5송이 1호,7,0.003076838339829715,None,0.05519622672005255,None,5727000,0.004080655630334165,0,0,0,0,1,true,true
2026-04-09,1000000108,매화 2송이 2호,249,0.2472468905469201,Broad,0.29183801862082925,None,119179700,0.24201977858097215,0.23058806409547003,0.0321285140562249,0.0321285140562249,0.10040160642570281,14,true,true
2026-04-09,1000000110,매화 3송이 2호,72,0.05739279948230453,None,0.1810260048751436,None,37821400,0.05917386064964918,0.07426707892313585,0.013888888888888888,0.013888888888888888,0.09722222222222222,5,true,true
2026-04-09,1000000111,매화 3송이 3호,338,0.33415439476115577,Broad,0.30050551175353213,None,149314900,0.3171470274774407,0.09029273592594392,0.011834319526627219,0.011834319526627219,0.10059171597633136,18,true,true
2026-04-09,1000000112,매화 5송이 2호,93,0.0849610447338282,None,0.18461474573394646,None,52899100,0.1330594660459664,0.18461474573394643,0.03225806451612903,0.03225806451612903,0.03225806451612903,11,true,true
2026-04-09,1000000113,매화 5송이 3호,101,0.09213711042969248,Heavy,0.21699755708873392,None,55939200,0.07599367841349387,0.13984287012385074,0.019801980198019802,0.0297029702970297,0.07920792079207921,7,true,true
2026-04-09,1000000121,깨송편 1kg,184,0.07108334665205425,None,0.2057244524371178,None,25888100,0.18038189863251358,0.23772603392733613,0.021739130434782608,0.05434782608695652,0.09239130434782608,11,true,true
2026-04-09,1000000127,흑임자이티,248,0.11416055730123933,Broad,0.16265086163111106,None,41856480,0.08695318268518441,0.2144581731136131,0.028225806451612902,0.03225806451612903,0.008064516129032258,6,true,true
2026-04-09,1000000128,흑임자인절미,61,0.021929181048849982,None,0.14120930650915572,None,12027760,0.038118492654134854,0.08367958904246267,0.01639344262295082,0.01639344262295082,0,3,true,true
2026-04-09,1000000142,경기 미숫가루,36,0.012502232277284517,None,0.15812432186806177,None,8626840,0.01602162412128108,0,0,0,0,2,true,true
2026-04-09,1000000143,"경기참기름, 경기들기름",25,0.01039950853538225,None,0.1429752167524822,None,9081420,0.01716209366536325,0.15250689786931437,0.04,0.04,0,2,true,true
2026-04-09,1000000144,경기 미숫가루 쫀드기,61,0.02712859211375061,None,0.0941395376727705,None,16283740,0,0.08367958904246267,0.01639344262295082,0.01639344262295082,0,0,true,true
2026-04-09,1000000153,유밀상,55,0.010832974944985516,None,0.1350861793026593,None,3817000,0.08637002308121651,0,0,0,0.05454545454545454,8,true,true
2026-04-09,1000000154,화연상,38,0.007554108739591762,None,0.13071838635888622,None,3530600,0.01003814615947611,0,0,0,0.10526315789473684,1,true,true
2026-04-09,1000000156,기원상,70,0.014506701885764134,None,0.1847602962134268,None,4599400,0.07601415283760918,0.0757990958824315,0.014285714285714285,0.014285714285714285,0.14285714285714285,6,true,true
2026-04-10,1000000027,마스코바도 설기,16,0.0029102340760852477,None,0.1287241602374354,None,3347920,0.045271242041943424,0,0,0,0.125,7,true,true
2026-04-10,1000000028,마스코바도 딸기설기,15,0.0027369161143355474,None,0.06625345464866224,None,3335840,0.034176276377141865,0.17962047704748435,0.06666666666666667,0.06666666666666667,0.06666666666666667,6,true,true
2026-04-10,1000000033,가래떡,47,0.01161856247465604,None,0.14008706415555722,None,6851500,0.08662177605348138,0,0,0,0.06382978723404255,9,true,true
2026-04-10,1000000035,떡국떡 500g,77,0.03606253021550471,None,0.20096186764067756,None,21966100,0.14303640571454604,0.20431123210135552,0.03896103896103896,0.03896103896103896,0.012987012987012988,12,true,true
2026-04-10,1000000042,약식,192,0.08797822004749967,None,0.3090148188289391,None,36908640,0.45630362611164726,0.15393515974997152,0.020833333333333332,0.026041666666666668,0.109375,21,true,true
2026-04-10,1000000043,모듬영양찰떡,197,0.08837398100873514,None,0.27145691997500976,None,36314080,0.38199570098119934,0.3439857197822863,0.04060913705583756,0.06598984771573604,0.06598984771573604,19,true,true
2026-04-10,1000000044,고구마찰떡,140,0.060191261432279895,None,0.22857452566667052,None,27658040,0.2550624039108391,0.36426797423704327,0.05,0.07142857142857142,0.02857142857142857,17,true,true
2026-04-10,1000000045,완두시루떡,309,0.23106503189594974,Broad,0.2851470917082354,None,100781040,0.437694171663226,0.552472490184706,0.06472491909385113,0.08737864077669903,0.06796116504854369,23,true,true
2026-04-10,1000000062,흰이티,238,0.11155577501760652,Broad,0.14196387514329484,None,43756400,0.24293356474439096,0.11842456593150066,0.01680672268907563,0.01680672268907563,0.025210084033613446,11,true,true
2026-04-10,1000000063,쑥이티,298,0.16459948306187794,Broad,0.24294655778163513,None,64836680,0.17482901971518225,0.27340400884105187,0.03691275167785235,0.03691275167785235,0.040268456375838924,11,true,true
2026-04-10,1000000064,2색 이티,1660,1,Broad,0.2676957831325301,None,250795640,1,0.18293172690763054,0.016265060240963854,0.020481927710843374,0.0825301204819277,31,true,true
2026-04-10,1000000065,흰인절미,50,0.015842612183229136,None,0.1513813019397612,None,10244100,0.04405166106040832,0.4395664471139733,0.08,0.12,0.02,4,true,true
2026-04-10,1000000066,쑥인절미,85,0.02884629733682527,None,0.17578444585005873,None,14641120,0.009650610985806751,0.3322977080069259,0.047058823529411764,0.08235294117647059,0.011764705882352941,1,true,true
2026-04-10,1000000069,설기세트,103,0.04184473539965425,None,0.1328428534958652,None,21279620,0.03370941110929166,0.24434001771205294,0.038834951456310676,0.04854368932038835,0,3,true,true
2026-04-10,1000000070,마스코바도 쑥설기,23,0.0042769995055879344,None,0.10734932633659548,None,3642420,0.01346963388117616,0.14551797570071834,0.043478260869565216,0.043478260869565216,0.043478260869565216,2,true,true
2026-04-10,1000000071,마스코바도 호박설기,36,0.008577032213246438,None,0.12429156960004036,None,5911840,0.032181154390363044,0.3369682553601095,0.08333333333333333,0.08333333333333333,0,2,true,true
2026-04-10,1000000072,마스코바도 흑임자설기,13,0.0013111569454490896,None,0.07034825094331448,None,1470500,0.005738471171576482,0,0,0,0,1,true,true
2026-04-10,1000000074,경기 콩약과(10ea),2,0,None,0,None,334000,0,0,0,0,0,0,true,true
2026-04-10,1000000083,백설기,77,0.03402035921327664,None,0.22608210109576224,None,20313380,0.06458308890882401,0.40862246420271103,0.07792207792207792,0.07792207792207792,0.012987012987012988,6,true,true
2026-04-10,1000000084,십리향 1단 (1호 2호 3호),147,0.08104900324525635,None,0.13383223037736228,None,40547600,0.2117856552061382,0.0426863584471587,0.006802721088435374,0.006802721088435374,0.027210884353741496,16,true,true
2026-04-10,1000000085,십리향 2단 (1호 2호 3호),318,0.18105795350039977,Broad,0.2831426510544597,None,70813500,0.22448716635821767,0.1889553691823266,0.025157232704402517,0.025157232704402517,0.05660377358490566,12,true,true
2026-04-10,1000000086,십리향 3단,200,0.11264760652040354,Qualified,0.6219774547663804,Deep,51035020,0.22077161470281742,0.29843823470618747,0.04,0.05,0.105,14,true,true
2026-04-10,1000000087,백리향 1단 (1호 2호 3호),457,0.2555711286074138,Broad,0.2710814515454178,None,88530320,0.3970637269683167,0.3373458063676311,0.037199124726477024,0.04814004376367615,0.07221006564551423,19,true,true
2026-04-10,1000000088,백리향 2단 (1호 2호),355,0.22982158483026696,Broad,0.34745984840857885,None,91656700,0.3886774707337128,0.08662089707452694,0.011267605633802818,0.011267605633802818,0.11267605633802817,18,true,true
2026-04-10,1000000089,백리향 3단,50,0.026425755701697494,Qualified,0.44853719093262584,Deep,20093420,0.06884870730460654,0.1824051243126012,0.04,0.04,0.08,7,true,true
2026-04-10,1000000090,일리향 1단 (1호 2호 3호),127,0.06483433712114128,None,0.1140478265504337,None,33291320,0.13768961196156027,0,0,0,0.023622047244094488,11,true,true
2026-04-10,1000000091,일리향 2단 (1호 2호 3호),182,0.19404003502982475,None,0.24807610798742494,None,106665980,0.1992845123144249,0.14541878762506114,0.02197802197802198,0.02197802197802198,0.06043956043956044,13,true,true
2026-04-10,1000000092,일리향 3단,154,0.0833726925605753,None,0.2053004481833404,None,40753660,0.1379542833790593,0.0824581223979178,0.012987012987012988,0.012987012987012988,0.05844155844155844,11,true,true
2026-04-10,1000000093,매화 2송이 1호,710,0.6468439352542674,Broad,0.2949070103535445,None,240948040,0.34796063893525714,0.11156172174614708,0.01267605633802817,0.01267605633802817,0.10985915492957747,17,true,true
2026-04-10,1000000094,매화 3송이 1호,188,0.17335410591244813,None,0.25512690819252526,None,91927740,0.2308111348181859,0.14188254267572917,0.02127659574468085,0.02127659574468085,0.0851063829787234,12,true,true
2026-04-10,1000000095,매화 5송이 1호,7,0.0021934109401145502,None,0.04159257634092745,None,5727000,0.0030730306249242166,0,0,0,0,1,true,true
2026-04-10,1000000108,매화 2송이 2호,249,0.2410740659633351,Broad,0.28471932216033335,None,119179700,0.2356735132022341,0.22871280529093443,0.0321285140562249,0.0321285140562249,0.10040160642570281,14,true,true
2026-04-10,1000000110,매화 3송이 2호,71,0.053402377608253435,None,0.17272957521544546,None,37691900,0.055719853017284,0.07204447239755334,0.014084507042253521,0.014084507042253521,0.09859154929577464,5,true,true
2026-04-10,1000000111,매화 3송이 3호,338,0.32809627718314943,Broad,0.2947700346994836,None,149495900,0.31116894616127205,0.09004555676578906,0.011834319526627219,0.011834319526627219,0.10059171597633136,18,true,true
2026-04-10,1000000112,매화 5송이 2호,93,0.08064391200388883,None,0.17591654395920786,None,52899100,0.12691307257215634,0.17884848635852796,0.03225806451612903,0.03225806451612903,0.03225806451612903,11,true,true
2026-04-10,1000000113,매화 5송이 3호,102,0.08826211232275248,Heavy,0.20581492515830435,None,56077200,0.07282592090346747,0.13446575110342554,0.0196078431372549,0.029411764705882353,0.0784313725490196,7,true,true
2026-04-10,1000000121,깨송편 1kg,184,0.06859724341872454,None,0.19948252170286523,None,25888100,0.17470388507434242,0.23287737348423382,0.021739130434782608,0.05434782608695652,0.09239130434782608,11,true,true
2026-04-10,1000000127,흑임자이티,249,0.1117561358133155,Broad,0.16344998124019136,None,42084480,0.08497571666843493,0.2118405491629147,0.028112449799196786,0.0321285140562249,0.008032128514056224,6,true,true
2026-04-10,1000000128,흑임자인절미,61,0.020255783133524427,None,0.13263675048833493,None,12027760,0.035830492561833564,0.07990954844235489,0.01639344262295082,0.01639344262295082,0,3,true,true
2026-04-10,1000000142,경기 미숫가루,37,0.01149105849844786,None,0.14258538078413005,None,8742840,0.014858396804552365,0,0,0,0,2,true,true
2026-04-10,1000000143,"경기참기름, 경기들기름",25,0.009061083242954102,None,0.1282036791943658,None,9081420,0.01540100349574445,0.13902976765966782,0.04,0.04,0,2,true,true
2026-04-10,1000000144,경기 미숫가루 쫀드기,61,0.025277334957119712,None,0.10316191704648271,None,16399740,0,0.07990954844235489,0.01639344262295082,0.01639344262295082,0,0,true,true
2026-04-10,1000000153,유밀상,55,0.009790582302091386,None,0.12636645557650814,None,3817000,0.08080720369363711,0,0,0,0.05454545454545454,8,true,true
2026-04-10,1000000154,화연상,38,0.006636300724991302,None,0.12021728092772939,None,3530600,0.009263163398726099,0,0,0,0.10526315789473684,1,true,true
2026-04-10,1000000156,기원상,70,0.013336086701723206,None,0.17442611851871578,None,4599400,0.07182953203735426,0.07275209045908829,0.014285714285714285,0.014285714285714285,0.14285714285714285,6,true,true
2026-04-11,1000000027,마스코바도 설기,16,0.0029194567797416137,None,0.12878562715502445,None,3347920,0.04532439040460726,0,0,0,0.125,7,true,true
2026-04-11,1000000028,마스코바도 딸기설기,15,0.0027455681244591985,None,0.06628509125541397,None,3335840,0.034197176427366124,0.1797062474035668,0.06666666666666667,0.06666666666666667,0.06666666666666667,6,true,true
2026-04-11,1000000033,가래떡,47,0.01165590072111223,None,0.14015395695961091,None,6851500,0.08672404433223128,0,0,0,0.06382978723404255,9,true,true
2026-04-11,1000000035,떡국떡 500g,77,0.03617574420305694,None,0.20105782869829117,None,21966100,0.14315679350650012,0.20440879250992935,0.03896103896103896,0.03896103896103896,0.012987012987012988,12,true,true
2026-04-11,1000000042,약식,192,0.08822177330766749,None,0.3091623761201867,None,36885720,0.4568692445660739,0.15400866514135225,0.020833333333333332,0.026041666666666668,0.109375,21,true,true
2026-04-11,1000000043,모듬영양찰떡,197,0.08873759299237645,None,0.27158654303954016,None,36365580,0.3826792034047283,0.344149975986022,0.04060913705583756,0.06598984771573604,0.06598984771573604,19,true,true
2026-04-11,1000000044,고구마찰떡,140,0.06038254137010408,None,0.22868367201111894,None,27658040,0.25538401458497834,0.3644419153954976,0.05,0.07142857142857142,0.02857142857142857,17,true,true
2026-04-11,1000000045,완두시루떡,309,0.2317877663620364,Broad,0.28528325195006143,None,100781040,0.43825143090800983,0.552736300653244,0.06472491909385113,0.08737864077669903,0.06796116504854369,23,true,true
2026-04-11,1000000062,흰이티,239,0.11238591448064224,Broad,0.14157228516914164,None,43876400,0.2435805289331956,0.11809790626075406,0.016736401673640166,0.016736401673640166,0.02510460251046025,11,true,true
2026-04-11,1000000063,쑥이티,298,0.16512085414720987,Broad,0.24306256689770284,None,64836680,0.17507997912567663,0.2735345616576245,0.03691275167785235,0.03691275167785235,0.040268456375838924,11,true,true
2026-04-11,1000000064,2색 이티,1655,1,Broad,0.26623867069486407,None,250162720,1,0.18348439073514605,0.016314199395770394,0.02054380664652568,0.08277945619335347,31,true,true
2026-04-11,1000000065,흰인절미,50,0.01589288568142127,None,0.15145358784159726,None,10244100,0.04410418620556576,0.43977634395486026,0.08,0.12,0.02,4,true,true
2026-04-11,1000000066,쑥인절미,85,0.02893841731765171,None,0.1758683844675379,None,14641120,0.00965466231887633,0.3324563830823384,0.047058823529411764,0.08235294117647059,0.011764705882352941,1,true,true
2026-04-11,1000000069,설기세트,102,0.0415353397503532,None,0.13384358233579163,None,21136700,0.03358592199640885,0.2461806745184817,0.0392156862745098,0.049019607843137254,0,3,true,true
2026-04-11,1000000070,마스코바도 쑥설기,23,0.0042907014478428575,None,0.10740058658318012,None,3642420,0.013483030651741505,0.14558746181275528,0.043478260869565216,0.043478260869565216,0.043478260869565216,2,true,true
2026-04-11,1000000071,마스코바도 호박설기,36,0.008604471340280239,None,0.12435091991665169,None,5911840,0.03224380960877014,0.3371291606629224,0.08333333333333333,0.08333333333333333,0,2,true,true
2026-04-11,1000000072,마스코바도 흑임자설기,13,0.0013154251332293829,None,0.07038184285127713,None,1470500,0.005745622294723392,0,0,0,0,1,true,true
2026-04-11,1000000074,경기 콩약과(10ea),2,0,None,0,None,334000,0,0,0,0,0,0,true,true
2026-04-11,1000000083,백설기,78,0.034535527376198,None,0.22416324035369617,None,20433380,0.06490319781884248,0.4051543010837176,0.07692307692307693,0.07692307692307693,0.01282051282051282,6,true,true
2026-04-11,1000000084,십리향 1단 (1호 2호 3호),147,0.08130374832029183,None,0.13389613644332682,None,40547600,0.21203845356787443,0.04270674155839444,0.006802721088435374,0.006802721088435374,0.027210884353741496,16,true,true
2026-04-11,1000000085,십리향 2단 (1호 2호 3호),318,0.18163101406503263,Broad,0.28327785415826096,None,70813500,0.22342120284996816,0.18904559703142745,0.025157232704402517,0.025157232704402517,0.05660377358490566,12,true,true
2026-04-11,1000000086,십리향 3단,200,0.11278102523254357,Qualified,0.6222744544662335,Deep,50896520,0.22113988261396106,0.2985807415855819,0.04,0.05,0.105,14,true,true
2026-04-11,1000000087,백리향 1단 (1호 2호 3호),454,0.25509509501077604,Broad,0.2726462318754542,None,88333320,0.3971097734431011,0.33929308855612084,0.037444933920704845,0.048458149779735685,0.07268722466960352,19,true,true
2026-04-11,1000000088,백리향 2단 (1호 2호),355,0.2304146808572067,Broad,0.34363006510777433,None,91584700,0.38898606496256866,0.08666225931400202,0.011267605633802818,0.011267605633802818,0.11267605633802817,18,true,true
2026-04-11,1000000089,백리향 3단,50,0.026507908203390343,Qualified,0.4487513713825105,Deep,20093420,0.06892607686045897,0.18249222436222096,0.04,0.04,0.08,7,true,true
2026-04-11,1000000090,일리향 1단 (1호 2호 3호),127,0.06503843559009828,None,0.11410228538972894,None,33291320,0.1378374015648955,0,0,0,0.023622047244094488,11,true,true
2026-04-11,1000000091,일리향 2단 (1호 2호 3호),182,0.19463840526029813,None,0.24819456650878835,None,106665980,0.1995775787293619,0.14548822637392042,0.02197802197802198,0.02197802197802198,0.06043956043956044,13,true,true
2026-04-11,1000000092,일리향 3단,154,0.0836350833642636,None,0.20539848095128546,None,40753660,0.13809678527030456,0.08249749687590727,0.012987012987012988,0.012987012987012988,0.05844155844155844,11,true,true
2026-04-11,1000000093,매화 2송이 1호,707,0.6459147302713478,Broad,0.29377555807302447,None,240072240,0.3481082768681203,0.11200193151534062,0.01272984441301273,0.01272984441301273,0.11032531824611033,17,true,true
2026-04-11,1000000094,매화 3송이 1호,188,0.17373771198823332,None,0.25524873353294064,None,91830640,0.2311121218958778,0.1419502928365528,0.02127659574468085,0.02127659574468085,0.0851063829787234,12,true,true
2026-04-11,1000000095,매화 5송이 1호,7,0.0022001098627103598,None,0.041612437161596606,None,5727000,0.0030758873517848064,0,0,0,0,1,true,true
2026-04-11,1000000108,매화 2송이 2호,249,0.24182072518308198,Broad,0.2848552781384415,None,119179700,0.23590998541037833,0.22882201766511845,0.0321285140562249,0.0321285140562249,0.10040160642570281,14,true,true
2026-04-11,1000000110,매화 3송이 2호,71,0.053567351901352714,None,0.17281205510535405,None,37691900,0.055781558389996634,0.07207887426616477,0.014084507042253521,0.014084507042253521,0.09859154929577464,5,true,true
2026-04-11,1000000111,매화 3송이 3호,339,0.32952592588657414,Broad,0.2942240557170133,None,149509900,0.311755505801762,0.08987877257583882,0.011799410029498525,0.011799410029498525,0.10029498525073746,18,true,true
2026-04-11,1000000112,매화 5송이 2호,93,0.0808927065423044,None,0.1760005456546949,None,52899100,0.12704858889130408,0.1789338880822731,0.03225806451612903,0.03225806451612903,0.03225806451612903,11,true,true
2026-04-11,1000000113,매화 5송이 3호,102,0.08853460886888566,Heavy,0.20591320359352558,None,56077200,0.07288455002448088,0.1345299596811034,0.0196078431372549,0.029411764705882353,0.0784313725490196,7,true,true
2026-04-11,1000000121,깨송편 1kg,184,0.06881795348772132,None,0.19957777635979482,None,25888100,0.1748929162109857,0.23298857447632343,0.021739130434782608,0.05434782608695652,0.09239130434782608,11,true,true
2026-04-11,1000000127,흑임자이티,249,0.11211327080789912,Broad,0.16352803004243863,None,42084480,0.08468932510319198,0.21194170488654415,0.028112449799196786,0.0321285140562249,0.008032128514056224,6,true,true
2026-04-11,1000000128,흑임자인절미,61,0.02032015076078018,None,0.132700085702148,None,12027760,0.03587907074140447,0.07994770595388671,0.01639344262295082,0.01639344262295082,0,3,true,true
2026-04-11,1000000142,경기 미숫가루,37,0.011527340849529204,None,0.14265346655632616,None,8742840,0.014871125625365307,0,0,0,0,2,true,true
2026-04-11,1000000143,"경기참기름, 경기들기름",25,0.009089309055460001,None,0.1282648975776834,None,9081420,0.015422455905254843,0.13909615559535446,0.04,0.04,0,2,true,true
2026-04-11,1000000144,경기 미숫가루 쫀드기,61,0.025356830332818315,None,0.10321117776833733,None,16399740,0,0.07994770595388671,0.01639344262295082,0.01639344262295082,0,0,true,true
2026-04-11,1000000153,유밀상,55,0.009822985349613627,None,0.12642679666940487,None,3817000,0.08089269990272618,0,0,0,0.05454545454545454,8,true,true
2026-04-11,1000000154,화연상,38,0.006658025558852232,None,0.12027468573569965,None,3530600,0.009300900661315581,0,0,0,0.10526315789473684,1,true,true
2026-04-11,1000000156,기원상,70,0.013380298449576822,None,0.17450940852295893,None,4599400,0.07191977132164484,0.07278683022154184,0.014285714285714285,0.014285714285714285,0.14285714285714285,6,true,true
2026-04-12,1000000027,마스코바도 설기,16,0.002920243491987909,None,0.13461103781668202,None,3347920,0.04531778300945136,0,0,0,0.125,7,true,true
2026-04-12,1000000028,마스코바도 딸기설기,15,0.002746368225600227,None,0.06928339072281824,None,3335840,0.0341936034866143,0.1796890660753364,0.06666666666666667,0.06666666666666667,0.06666666666666667,6,true,true
2026-04-12,1000000033,가래떡,47,0.011657528281005863,None,0.14649359573128237,None,6851500,0.08683265284244497,0,0,0,0.06382978723404255,9,true,true
2026-04-12,1000000035,떡국떡 500g,77,0.03618858660783236,None,0.2101523561295151,None,21966100,0.15327960177643254,0.2043892494244327,0.03896103896103896,0.03896103896103896,0.012987012987012988,13,true,true
2026-04-12,1000000042,약식,192,0.08788577490625034,None,0.31641461303263296,None,36660720,0.4552289629971192,0.15399394070375286,0.020833333333333332,0.026041666666666668,0.109375,21,true,true
2026-04-12,1000000043,모듬영양찰떡,198,0.08920743601055428,None,0.2827772431807037,None,36480080,0.38223340097718317,0.342790796689154,0.04040404040404041,0.06565656565656566,0.06565656565656566,19,true,true
2026-04-12,1000000044,고구마찰떡,141,0.060493587488090875,None,0.22927649295254965,None,27547540,0.25560419736544765,0.36248677079295777,0.04964539007092199,0.07092198581560284,0.028368794326241134,17,true,true
2026-04-12,1000000045,완두시루떡,308,0.23091945744863382,Broad,0.2942762646672274,None,100430040,0.4377902231101373,0.554091606212588,0.06493506493506493,0.08766233766233766,0.06818181818181818,23,true,true
2026-04-12,1000000062,흰이티,239,0.1124105596036634,Broad,0.14797607973564866,None,43876400,0.24357232773337895,0.11808661517365997,0.016736401673640166,0.016736401673640166,0.02510460251046025,11,true,true
2026-04-12,1000000063,쑥이티,298,0.16477447547760352,Broad,0.24926358068877758,None,64613180,0.17490585416256527,0.2735084096058506,0.03691275167785235,0.03691275167785235,0.040268456375838924,11,true,true
2026-04-12,1000000064,2색 이티,1656,1,Broad,0.2781400966183574,None,249958220,1,0.18337359098228664,0.016304347826086956,0.020531400966183576,0.08272946859903382,31,true,true
2026-04-12,1000000065,흰인절미,50,0.015896962256273774,None,0.1583043472380375,None,10244100,0.04406325471781836,0.43973429788343754,0.08,0.12,0.02,4,true,true
2026-04-12,1000000066,쑥인절미,86,0.02931961128631353,None,0.18231195069010983,None,14755620,0.009684208720948339,0.3296911126425455,0.046511627906976744,0.08139534883720931,0.011627906976744186,1,true,true
2026-04-12,1000000069,설기세트,102,0.04154609506640088,None,0.13989778146311202,None,21136700,0.03358499064241985,0.24615713771308964,0.0392156862745098,0.049019607843137254,0,3,true,true
2026-04-12,1000000070,마스코바도 쑥설기,23,0.004291423344877531,None,0.11225867933755879,None,3642420,0.01347129247044253,0.1455735425083139,0.043478260869565216,0.043478260869565216,0.043478260869565216,2,true,true
2026-04-12,1000000071,마스코바도 호박설기,36,0.008606035881782513,None,0.12997573373067617,None,5911840,0.0322479713734681,0.3370969284681653,0.08333333333333333,0.08333333333333333,0,2,true,true
2026-04-12,1000000072,마스코바도 흑임자설기,13,0.0013154512799421667,None,0.0735654522865086,None,1470500,0.005745748720287789,0,0,0,0,1,true,true
2026-04-12,1000000074,경기 콩약과(10ea),2,0,None,0,None,334000,0,0,0,0,0,0,true,true
2026-04-12,1000000083,백설기,78,0.03399661238432268,None,0.23430290391053263,None,19991380,0.06488878437303575,0.33759630429285925,0.0641025641025641,0.0641025641025641,0.01282051282051282,6,true,true
2026-04-12,1000000084,십리향 1단 (1호 2호 3호),148,0.08196520659325025,None,0.13924719257585186,None,40778600,0.21234731221440717,0.042487388691111266,0.006756756756756757,0.006756756756756757,0.02702702702702703,16,true,true
2026-04-12,1000000085,십리향 2단 (1호 2호 3호),318,0.18168196391055397,Broad,0.2960914721704525,None,70813500,0.2234158087674558,0.18902752278804397,0.025157232704402517,0.025157232704402517,0.05660377358490566,12,true,true
2026-04-12,1000000086,십리향 3단,200,0.1129812605792454,Qualified,0.6448727410322861,Deep,50999020,0.2213930711839095,0.29855219492235474,0.04,0.05,0.11,14,true,true
2026-04-12,1000000087,백리향 1단 (1호 2호 3호),453,0.252998315950619,Broad,0.28548290072105836,None,87363320,0.41744104793055914,0.33986059609649805,0.037527593818984545,0.04856512141280353,0.0728476821192053,20,true,true
2026-04-12,1000000088,백리향 2단 (1호 2호),354,0.22899150189663986,Broad,0.35997610555438647,None,90935700,0.3581307222832746,0.08684758123246945,0.011299435028248588,0.011299435028248588,0.11016949152542373,17,true,true
2026-04-12,1000000089,백리향 3단,49,0.025137897304957486,Qualified,0.44557223798504364,Deep,19076920,0.06844944065203909,0.1848973232454943,0.04081632653061224,0.04081632653061224,0.08163265306122448,7,true,true
2026-04-12,1000000090,일리향 1단 (1호 2호 3호),128,0.06549920184832542,None,0.11857711537405022,None,33403320,0.13818421919615714,0,0,0,0.0234375,11,true,true
2026-04-12,1000000091,일리향 2단 (1호 2호 3호),182,0.1941551560292932,None,0.25942124844407416,None,106292980,0.19911174759886022,0.1454743165571661,0.02197802197802198,0.02197802197802198,0.06043956043956044,13,true,true
2026-04-12,1000000092,일리향 3단,153,0.082657391741439,None,0.2157379918821242,None,40275160,0.13782445983774883,0.08289252648532108,0.013071895424836602,0.013071895424836602,0.058823529411764705,11,true,true
2026-04-12,1000000093,매화 2송이 1호,707,0.6460179742845923,Broad,0.3070640228337152,None,239998240,0.34801778073186473,0.11199122325129524,0.01272984441301273,0.01272984441301273,0.11032531824611033,17,true,true
2026-04-12,1000000094,매화 3송이 1호,188,0.17215902857807905,None,0.2667944993652374,None,90776640,0.15581792099929848,0.10645254095551727,0.015957446808510637,0.015957446808510637,0.09042553191489362,11,true,true
2026-04-12,1000000108,매화 2송이 2호,249,0.24193607985148946,Broad,0.29774024838671015,None,119179700,0.23586572692792798,0.2288001404836145,0.0321285140562249,0.0321285140562249,0.10040160642570281,14,true,true
2026-04-12,1000000110,매화 3송이 2호,71,0.05348223697940763,None,0.18062893040823141,None,37599400,0.055743926921876054,0.07207198295985164,0.014084507042253521,0.014084507042253521,0.09859154929577464,5,true,true
2026-04-12,1000000111,매화 3송이 3호,340,0.3306128920006805,Broad,0.3068186715581826,None,149814900,0.31198121262625456,0.08966148780803457,0.011764705882352941,0.011764705882352941,0.1,18,true,true
2026-04-12,1000000112,매화 5송이 2호,93,0.08093413120095973,None,0.18396164719811667,None,52899100,0.08485067620379305,0.1789167805976581,0.03225806451612903,0.03225806451612903,0.03225806451612903,7,true,true
2026-04-12,1000000113,매화 5송이 3호,103,0.08936889052322146,None,0.21372013724927888,None,56382200,0.07306738794183514,0.13357508578079932,0.019417475728155338,0.02912621359223301,0.07766990291262135,7,true,true
2026-04-12,1000000121,깨송편 1kg,184,0.06882681017682303,None,0.2086053560045075,None,25888100,0.17484221232616246,0.23296629893927429,0.021739130434782608,0.05434782608695652,0.09239130434782608,11,true,true
2026-04-12,1000000127,흑임자이티,248,0.11106154472180595,Broad,0.17145865278771824,None,41607480,0.08456428086993567,0.21258314422879265,0.028225806451612902,0.03225806451612903,0.008064516129032258,6,true,true
2026-04-12,1000000128,흑임자인절미,61,0.020325101460516307,None,0.1387025605988353,None,12027760,0.03588024853574114,0.07994006232548143,0.01639344262295082,0.01639344262295082,0,3,true,true
2026-04-12,1000000142,경기 미숫가루,37,0.011530831392450036,None,0.14910616662354179,None,8742840,0.014874627370437286,0,0,0,0,2,true,true
2026-04-12,1000000143,"경기참기름, 경기들기름",26,0.00950520495870084,None,0.13116324788467196,None,9283420,0.01569332180093965,0.13607071634294202,0.038461538461538464,0.038461538461538464,0,2,true,true
2026-04-12,1000000144,경기 미숫가루 쫀드기,61,0.025365426312218938,None,0.10787976935464967,None,16399740,0,0.07994006232548143,0.01639344262295082,0.01639344262295082,0,0,true,true
2026-04-12,1000000153,유밀상,55,0.009821628085392237,None,0.1321455094287924,None,3817000,0.08089112145848326,0,0,0,0.05454545454545454,8,true,true
2026-04-12,1000000154,화연상,38,0.006657803797570532,None,0.12571511765415322,None,3530600,0.009301037316943908,0,0,0,0.10526315789473684,1,true,true
2026-04-12,1000000156,기원상,70,0.013378237176271634,None,0.1824030608770798,None,4599400,0.07190800427969729,0.07277987122908078,0.014285714285714285,0.014285714285714285,0.14285714285714285,6,true,true
2026-04-13,1000000027,마스코바도 설기,16,0.0029038643047908787,None,0.13725350596520766,None,3347920,0.045662923137240345,0,0,0,0.125,7,true,true
2026-04-13,1000000028,마스코바도 딸기설기,15,0.0027309611683033084,None,0.07064345120653748,None,3335840,0.034402477175003485,0.17955210514994943,0.06666666666666667,0.06666666666666667,0.06666666666666667,6,true,true
2026-04-13,1000000033,가래떡,47,0.011592200128508994,None,0.14936932321218985,None,6851500,0.08723844513811584,0,0,0,0.06382978723404255,9,true,true
2026-04-13,1000000035,떡국떡 500g,77,0.035985492036455714,None,0.21427773036640438,None,21966100,0.1543814787620902,0.20423346175547916,0.03896103896103896,0.03896103896103896,0.012987012987012988,13,true,true
2026-04-13,1000000042,약식,192,0.08739296365778919,None,0.3226259575867509,None,36660720,0.4609009871996738,0.15387656487736878,0.020833333333333332,0.026041666666666668,0.109375,21,true,true
2026-04-13,1000000043,모듬영양찰떡,198,0.08870725220380393,None,0.28832827280169593,None,36480080,0.38662316837620825,0.34252951788263497,0.04040404040404041,0.06565656565656566,0.06565656565656566,19,true,true
2026-04-13,1000000044,고구마찰떡,142,0.06057406851977928,None,0.2325532871040551,None,27659040,0.2553102254952958,0.36031404359949276,0.04929577464788732,0.07042253521126761,0.028169014084507043,17,true,true
2026-04-13,1000000045,완두시루떡,309,0.2302074959182891,Broad,0.299290479053052,None,100571040,0.44203503030094543,0.5281130939904384,0.061488673139158574,0.08414239482200647,0.06796116504854369,23,true,true
2026-04-13,1000000062,흰이티,238,0.11139931639775533,Broad,0.15137049290423418,None,43811400,0.24637896075239285,0.11837948804049082,0.01680672268907563,0.01680672268907563,0.025210084033613446,11,true,true
2026-04-13,1000000063,쑥이티,298,0.16364123583523618,Broad,0.24926909449739504,None,64493180,0.17587206997267482,0.27329993857475826,0.03691275167785235,0.03691275167785235,0.040268456375838924,11,true,true
2026-04-13,1000000064,2색 이티,1664,1,Broad,0.28365384615384615,None,251179220,1,0.1824919871794872,0.01622596153846154,0.020432692307692308,0.0829326923076923,31,true,true
2026-04-13,1000000065,흰인절미,50,0.015807807132865007,None,0.16141192446301467,None,10244100,0.04444533978640318,0.43939912770487327,0.08,0.12,0.02,4,true,true
2026-04-13,1000000066,쑥인절미,86,0.029155244463592533,None,0.18589080670821934,None,14755620,0.009706203167429085,0.32943981855512205,0.046511627906976744,0.08139534883720931,0.011627906976744186,1,true,true
2026-04-13,1000000069,설기세트,102,0.041313087231112225,None,0.1426440304896526,None,21136700,0.033734238347886004,0.24596951411356763,0.0392156862745098,0.049019607843137254,0,3,true,true
2026-04-13,1000000070,마스코바도 쑥설기,23,0.00426737045454409,None,0.11446236180934113,None,3642420,0.013526635922978831,0.14546258479937102,0.043478260869565216,0.043478260869565216,0.043478260869565216,2,true,true
2026-04-13,1000000071,마스코바도 호박설기,36,0.008557793502594717,None,0.13252720901855186,None,5911840,0.032750104499677725,0.33683998958881933,0.08333333333333333,0.08333333333333333,0,2,true,true
2026-04-13,1000000072,마스코바도 흑임자설기,13,0.0013080857230110864,None,0.07500957133983406,None,1470500,0.005770728003359212,0,0,0,0,1,true,true
2026-04-13,1000000074,경기 콩약과(10ea),2,0,None,0,None,334000,0,0,0,0,0,0,true,true
2026-04-13,1000000083,백설기,78,0.033805859932201414,None,0.23890236299451814,None,19991380,0.06523575758296689,0.33733898478392604,0.0641025641025641,0.0641025641025641,0.01282051282051282,6,true,true
2026-04-13,1000000084,십리향 1단 (1호 2호 3호),148,0.08152372407225685,None,0.14198067028407965,None,40791100,0.19637777626814806,0.04245500434965127,0.006756756756756757,0.006756756756756757,0.02702702702702703,15,true,true
2026-04-13,1000000085,십리향 2단 (1호 2호 3호),319,0.18119256915362408,Broad,0.30115931166095095,None,70944000,0.2252784204655064,0.18841762062890263,0.025078369905956112,0.025078369905956112,0.05642633228840126,12,true,true
2026-04-13,1000000086,십리향 3단,201,0.11307689896959075,Qualified,0.6575760598713032,Deep,51273020,0.22307813358475348,0.2971907931878034,0.03980099502487562,0.04975124378109453,0.10945273631840796,14,true,true
2026-04-13,1000000087,백리향 1단 (1호 2호 3호),454,0.25212921985432696,Broad,0.29057319547050936,None,87493820,0.4015513452139451,0.33900206138226086,0.037444933920704845,0.048458149779735685,0.07268722466960352,19,true,true
2026-04-13,1000000088,백리향 2단 (1호 2호),355,0.22828853538363708,Broad,0.36622433910517743,None,91082700,0.36120510910603815,0.08658792513727064,0.011267605633802818,0.011267605633802818,0.10985915492957747,17,true,true
2026-04-13,1000000089,백리향 3단,50,0.02548329252876534,Qualified,0.44836645684170745,Deep,19265920,0.056916264698386364,0.18233569244896106,0.04,0.04,0.08,6,true,true
2026-04-13,1000000090,일리향 1단 (1호 2호 3호),128,0.0651494751677948,None,0.12090483125531913,None,33415820,0.1388984734620686,0,0,0,0.0234375,11,true,true
2026-04-13,1000000091,일리향 2단 (1호 2호 3호),182,0.1930643599047456,None,0.2645137906098793,None,106292980,0.2004654149888674,0.14536343447930306,0.02197802197802198,0.02197802197802198,0.06043956043956044,13,true,true
2026-04-13,1000000092,일리향 3단,153,0.08219358515628651,None,0.21997301436781186,None,40275160,0.13844549720796595,0.08282934491627485,0.013071895424836602,0.013071895424836602,0.058823529411764705,11,true,true
2026-04-13,1000000093,매화 2송이 1호,710,0.6448761118347881,Broad,0.31201015934583237,None,240656640,0.35097209487686,0.11151925617243619,0.01267605633802817,0.01267605633802817,0.10985915492957747,17,true,true
2026-04-13,1000000094,매화 3송이 1호,187,0.16977366596877083,None,0.2731363126252373,None,90111640,0.15654679130175633,0.10680330173166332,0.016042780748663103,0.016042780748663103,0.09090909090909091,11,true,true
2026-04-13,1000000108,매화 2송이 2호,249,0.24057719719853177,Broad,0.30358500774416686,None,119179700,0.2377902390899179,0.2286257465727676,0.0321285140562249,0.0321285140562249,0.10040160642570281,14,true,true
2026-04-13,1000000110,매화 3송이 2호,71,0.05303864264456867,None,0.18417474806960346,None,37480400,0.05608781404461351,0.07201704892465265,0.014084507042253521,0.014084507042253521,0.09859154929577464,5,true,true
2026-04-13,1000000111,매화 3송이 3호,340,0.3287561598642283,Broad,0.3128416439690303,None,149814900,0.29323850363884063,0.08959314686437017,0.011764705882352941,0.011764705882352941,0.1,17,true,true
2026-04-13,1000000112,매화 5송이 2호,94,0.08104923329574712,None,0.18614752744219612,None,53045100,0.08551034875993019,0.17742186209334318,0.031914893617021274,0.031914893617021274,0.031914893617021274,7,true,true
2026-04-13,1000000113,매화 5송이 3호,104,0.08943050074704137,None,0.21640266852060036,None,56522200,0.07343295036584377,0.13254663446886772,0.019230769230769232,0.028846153846153848,0.07692307692307693,7,true,true
2026-04-13,1000000121,깨송편 1kg,184,0.06844114040932509,None,0.2127003620143747,None,25888100,0.17625630601919276,0.23278872953795451,0.021739130434782608,0.05434782608695652,0.09239130434782608,11,true,true
2026-04-13,1000000127,흑임자이티,248,0.11043895751559464,Broad,0.17482445425637402,None,41607480,0.08490120030200315,0.21242111108570177,0.028225806451612902,0.03225806451612903,0.008064516129032258,6,true,true
2026-04-13,1000000128,흑임자인절미,61,0.020211121924056268,None,0.14142534696499132,None,12027760,0.022894771021324683,0.07987913115615251,0.01639344262295082,0.01639344262295082,0,2,true,true
2026-04-13,1000000142,경기 미숫가루,37,0.011466144237343703,None,0.152033179908946,None,8742840,0.014908744462429872,0,0,0,0,2,true,true
2026-04-13,1000000143,"경기참기름, 경기들기름",26,0.009451837179352347,None,0.1337380345471478,None,9283420,0.015801387957788064,0.13596700178960028,0.038461538461538464,0.038461538461538464,0,2,true,true
2026-04-13,1000000153,유밀상,55,0.009766693998636666,None,0.13473957827559696,None,3817000,0.08139519073201659,0,0,0,0.05454545454545454,8,true,true
2026-04-13,1000000154,화연상,38,0.0066205382665616,None,0.12818295535585533,None,3530600,0.009368535589728678,0,0,0,0.10526315789473684,1,true,true
2026-04-13,1000000156,기원상,70,0.013679492540126174,None,0.20029014430315084,None,4913400,0.07246017273867979,0.07272439763388215,0.014285714285714285,0.014285714285714285,0.14285714285714285,6,true,true
2026-04-14,1000000027,마스코바도 설기,16,0.002898394006589361,None,0.13997198414551673,None,3347920,0.04563121878609372,0,0,0,0.125,7,true,true
2026-04-14,1000000028,마스코바도 딸기설기,15,0.0027257881313934623,None,0.07204263353952198,None,3335840,0.034407825890491066,0.17951800024145592,0.06666666666666667,0.06666666666666667,0.06666666666666667,6,true,true
2026-04-14,1000000033,가래떡,47,0.011571129705666846,None,0.15232777037974563,None,6851500,0.08709893542410352,0,0,0,0.06382978723404255,9,true,true
2026-04-14,1000000035,떡국떡 500g,77,0.03591615282805741,None,0.21852177011191645,None,21966100,0.15437816720090977,0.204194668762667,0.03896103896103896,0.03896103896103896,0.012987012987012988,13,true,true
2026-04-14,1000000042,약식,191,0.08679805076690646,None,0.3303259601788529,None,36555720,0.4602754233859392,0.15445988612173453,0.020942408376963352,0.02617801047120419,0.1099476439790576,21,true,true
2026-04-14,1000000043,모듬영양찰떡,198,0.08854236644496839,None,0.29403897660387274,None,36480080,0.38650909059736877,0.34246445633488,0.04040404040404041,0.06565656565656566,0.06565656565656566,19,true,true
2026-04-14,1000000044,고구마찰떡,142,0.06046091420108204,None,0.23715929721873863,None,27659040,0.2551588508008249,0.360245603981502,0.04929577464788732,0.07042253521126761,0.028169014084507043,17,true,true
2026-04-14,1000000045,완두시루떡,312,0.23128975312162864,Broad,0.3029112144842546,None,100868540,0.4430701488100352,0.5240216310327779,0.060897435897435896,0.08333333333333333,0.0673076923076923,23,true,true
2026-04-14,1000000062,흰이티,239,0.11186720335472729,Broad,0.15978734479691306,None,44054400,0.2651733364397053,0.11797419550486199,0.016736401673640166,0.016736401673640166,0.029288702928870293,12,true,true
2026-04-14,1000000063,쑥이티,298,0.16375868172194993,Broad,0.25919061713006486,None,64738180,0.17581136295278318,0.2732480267946731,0.03691275167785235,0.03691275167785235,0.040268456375838924,11,true,true
2026-04-14,1000000064,2색 이티,1666,1,Broad,0.29020408163265304,None,251662800,1,0.18227290916366545,0.016206482593037214,0.02040816326530612,0.08343337334933974,31,true,true
2026-04-14,1000000065,흰인절미,50,0.015778135812494005,None,0.1646088904829984,None,10244100,0.04441219857190325,0.43931566632172775,0.08,0.12,0.02,4,true,true
2026-04-14,1000000066,쑥인절미,87,0.029497138894327056,None,0.2005649401626626,None,14887620,0.009738355444141372,0.32669636392917367,0.04597701149425287,0.08045977011494253,0.011494252873563218,1,true,true
2026-04-14,1000000069,설기세트,101,0.040890468063657405,None,0.14650423993965167,None,21063780,0.033640794724091774,0.24767245188390086,0.039603960396039604,0.04950495049504951,0,3,true,true
2026-04-14,1000000070,마스코바도 쑥설기,23,0.00425955094530585,None,0.1167294327366529,None,3642420,0.013526831647177925,0.14543495500277426,0.043478260869565216,0.043478260869565216,0.043478260869565216,2,true,true
2026-04-14,1000000071,마스코바도 호박설기,36,0.008542055246860423,None,0.13515207694801315,None,5911840,0.03277198218730692,0.3367760087348367,0.08333333333333333,0.08333333333333333,0,2,true,true
2026-04-14,1000000072,마스코바도 흑임자설기,13,0.0013057864781842968,None,0.07649523016922209,None,1470500,0.005752008123091397,0,0,0,0,1,true,true
2026-04-14,1000000074,경기 콩약과(10ea),2,0,None,0,None,334000,0,0,0,0,0,0,true,true
2026-04-14,1000000083,백설기,78,0.033741241823014044,None,0.2436341245364747,None,19991380,0.06517758121508216,0.33727490914862374,0.0641025641025641,0.0641025641025641,0.01282051282051282,6,true,true
2026-04-14,1000000084,십리향 1단 (1호 2호 3호),148,0.0813670912181502,None,0.14479277589463335,None,40791100,0.19627522080747675,0.0424469402613064,0.006756756756756757,0.006756756756756757,0.02702702702702703,15,true,true
2026-04-14,1000000085,십리향 2단 (1호 2호 3호),322,0.1821927334616659,Broad,0.30956106269154887,None,71197000,0.2268259036413312,0.18699965165561971,0.024844720496894408,0.024844720496894408,0.055900621118012424,12,true,true
2026-04-14,1000000086,십리향 3단,201,0.11286092708521062,Qualified,0.6652716445650412,Deep,51273020,0.22271347736200478,0.29713434347478934,0.03980099502487562,0.04975124378109453,0.10945273631840796,14,true,true
2026-04-14,1000000087,백리향 1단 (1호 2호 3호),456,0.25262726261269,Broad,0.2988440238719769,None,87686820,0.4029141755724459,0.33774583307971245,0.03728070175438596,0.04824561403508772,0.07236842105263158,19,true,true
2026-04-14,1000000088,백리향 2단 (1호 2호),355,0.22785237626261834,Broad,0.3734778723971277,None,91082700,0.3603315942137371,0.08657147824982821,0.011267605633802818,0.011267605633802818,0.10985915492957747,17,true,true
2026-04-14,1000000089,백리향 3단,51,0.02597889401638057,Qualified,0.4513536921442444,Deep,19509920,0.05728993674254401,0.17995147203136544,0.0392156862745098,0.0392156862745098,0.0784313725490196,6,true,true
2026-04-14,1000000090,일리향 1단 (1호 2호 3호),129,0.0653813792696875,None,0.1225948747169272,None,33471820,0.13910443757220856,0,0,0,0.023255813953488372,11,true,true
2026-04-14,1000000091,일리향 2단 (1호 2호 3호),182,0.19326747289287283,None,0.26975281866316686,None,106673480,0.20025540118922266,0.1453358235157497,0.02197802197802198,0.02197802197802198,0.06043956043956044,13,true,true
2026-04-14,1000000092,일리향 3단,153,0.08203621143731472,None,0.22432985637057495,None,40275160,0.1383871382382378,0.08281361194992178,0.013071895424836602,0.013071895424836602,0.058823529411764705,11,true,true
2026-04-14,1000000093,매화 2송이 1호,710,0.6441617003131089,Broad,0.31818991267345526,None,240919140,0.35083620766836515,0.11149807371944379,0.01267605633802817,0.01267605633802817,0.10985915492957747,17,true,true
2026-04-14,1000000094,매화 3송이 1호,188,0.17003917318185138,None,0.27741971268446874,None,90257640,0.1566771523127404,0.10635119704469957,0.015957446808510637,0.015957446808510637,0.09042553191489362,11,true,true
2026-04-14,1000000108,매화 2송이 2호,247,0.23859846423040065,Broad,0.31153795396935985,None,118742900,0.23717368248154885,0.23001470820783043,0.032388663967611336,0.032388663967611336,0.10121457489878542,14,true,true
2026-04-14,1000000110,매화 3송이 2호,72,0.05406135032156541,None,0.18601777526382698,None,38125400,0.05627483264446905,0.07131149001441332,0.013888888888888888,0.013888888888888888,0.09722222222222222,5,true,true
2026-04-14,1000000111,매화 3송이 3호,340,0.3281052755312803,Broad,0.319037865894592,None,149814900,0.29288576718330456,0.08957612915203034,0.011764705882352941,0.011764705882352941,0.1,17,true,true
2026-04-14,1000000112,매화 5송이 2호,95,0.0817303107899036,None,0.1884054002065275,None,53401600,0.08554884763893154,0.17605284026651621,0.031578947368421054,0.031578947368421054,0.031578947368421054,7,true,true
2026-04-14,1000000113,매화 5송이 3호,104,0.08925144630801836,None,0.22068879533679284,None,56522200,0.07341541393377185,0.13252145798410356,0.019230769230769232,0.028846153846153848,0.07692307692307693,7,true,true
2026-04-14,1000000121,깨송편 1kg,184,0.06831710840999465,None,0.21691315999730196,None,25888100,0.17632549719261426,0.23274451263327062,0.021739130434782608,0.05434782608695652,0.09239130434782608,11,true,true
2026-04-14,1000000127,흑임자이티,248,0.11042068967132036,Broad,0.1782870722852415,None,41718480,0.08490200594374946,0.2123807628951327,0.028225806451612902,0.03225806451612903,0.008064516129032258,6,true,true
2026-04-14,1000000128,흑임자인절미,61,0.0201733179032635,None,0.14422645369930254,None,12027760,0.02289723803477392,0.07986395856624416,0.01639344262295082,0.01639344262295082,0,2,true,true
2026-04-14,1000000142,경기 미숫가루,37,0.011444352252741563,None,0.15504438810620863,None,8742840,0.014907350893452727,0,0,0,0,2,true,true
2026-04-14,1000000143,"경기참기름, 경기들기름",26,0.009433308450255098,None,0.13638688439791957,None,9283420,0.01580035752359896,0.13594117562537736,0.038461538461538464,0.038461538461538464,0,2,true,true
2026-04-14,1000000153,유밀상,55,0.009750315133076613,None,0.1374082649586104,None,3817000,0.08137293413961402,0,0,0,0.05454545454545454,8,true,true
2026-04-14,1000000154,화연상,38,0.0066090837993777254,None,0.1307217798818442,None,3530600,0.00939739343452287,0,0,0,0.10526315789473684,1,true,true
2026-04-14,1000000156,기원상,70,0.013656494285057181,None,0.20425714232764647,None,4913400,0.07244632649772026,0.07271058404520561,0.014285714285714285,0.014285714285714285,0.14285714285714285,6,true,true
2026-04-15,1000000027,마스코바도 설기,16,0.002383110063879648,None,0.1213501110261308,None,3347920,0.03988755957111998,0,0,0,0.125,7,true,true
2026-04-15,1000000028,마스코바도 딸기설기,15,0.002221352943166695,None,0.06200834614633972,None,3335840,0.029878442167096845,0.15639493361692852,0.06666666666666667,0.06666666666666667,0.06666666666666667,6,true,true
2026-04-15,1000000033,가래떡,47,0.010611497896201168,None,0.141892082340233,None,6851500,0.08178881895995121,0,0,0,0.06382978723404255,9,true,true
2026-04-15,1000000035,떡국떡 500g,77,0.03401567502978063,None,0.20706288636117082,None,21966100,0.147664787967704,0.19584210259309073,0.03896103896103896,0.03896103896103896,0.012987012987012988,13,true,true
2026-04-15,1000000042,약식,189,0.08351105563985707,None,0.32207825642234716,None,36395720,0.4472968195408402,0.15209633617982143,0.021164021164021163,0.026455026455026454,0.1111111111111111,21,true,true
2026-04-15,1000000043,모듬영양찰떡,199,0.08640555921929984,None,0.2835781298984107,None,36541080,0.3774220411897739,0.3326647666369255,0.04020100502512563,0.06532663316582915,0.06532663316582915,19,true,true
2026-04-15,1000000044,고구마찰떡,143,0.058654292822823306,None,0.2269830281664695,None,27736040,0.2600527073437727,0.34773307524763486,0.04895104895104895,0.06993006993006994,0.027972027972027972,18,true,true
2026-04-15,1000000045,완두시루떡,310,0.22595636571909433,Broad,0.2920951559850533,None,100660040,0.43511388917568866,0.5180738676517332,0.06129032258064516,0.08387096774193549,0.06451612903225806,23,true,true
2026-04-15,1000000062,흰이티,239,0.10911510311041397,Broad,0.15516944483674266,None,44036900,0.259507360650026,0.11595913337857576,0.016736401673640166,0.016736401673640166,0.029288702928870293,12,true,true
2026-04-15,1000000063,쑥이티,296,0.15956643044428695,Broad,0.253855513397818,None,64547180,0.17237874966617273,0.27088095329626266,0.037162162162162164,0.037162162162162164,0.04054054054054054,11,true,true
2026-04-15,1000000064,2색 이티,1666,1,Broad,0.2878893930453537,None,251681300,1,0.1825980392156863,0.016206482593037214,0.02040816326530612,0.08343337334933974,31,true,true
2026-04-15,1000000065,흰인절미,49,0.014305218709502509,None,0.15562847933474258,None,10169100,0.0412002258623171,0.4186878222191893,0.08163265306122448,0.12244897959183673,0.02040816326530612,4,true,true
2026-04-15,1000000066,쑥인절미,89,0.028654653077628423,None,0.1877746393049786,None,15080120,0.009402160439105788,0.3078384225379943,0.0449438202247191,0.07865168539325842,0.011235955056179775,1,true,true
2026-04-15,1000000069,설기세트,102,0.039563043906865214,None,0.13889073197645393,None,21286280,0.0324774348575216,0.2371292449202858,0.0392156862745098,0.049019607843137254,0,3,true,true
2026-04-15,1000000070,마스코바도 쑥설기,23,0.0036601034209708993,None,0.10453646707827743,None,3642420,0.01220151063936255,0.13182881696821785,0.043478260869565216,0.043478260869565216,0.043478260869565216,2,true,true
2026-04-15,1000000071,마스코바도 호박설기,37,0.00802432633269281,None,0.12247212983827517,None,6075340,0.030776342722267095,0.3088942345080032,0.08108108108108109,0.08108108108108109,0,2,true,true
2026-04-15,1000000072,마스코바도 흑임자설기,13,0.0009821699486807331,None,0.06465639785552237,None,1470500,0.004934614339569688,0,0,0,0,1,true,true
2026-04-15,1000000074,경기 콩약과(10ea),3,0,None,0,None,497500,0,0,0,0,0,0,true,true
2026-04-15,1000000083,백설기,78,0.031947880013895404,None,0.2309454747440643,None,19991380,0.062238293346415965,0.3236007232754677,0.0641025641025641,0.0641025641025641,0.01282051282051282,6,true,true
2026-04-15,1000000084,십리향 1단 (1호 2호 3호),147,0.07833787319916585,None,0.14832991264092904,None,40786100,0.1901381168943485,0.04156796496418492,0.006802721088435374,0.006802721088435374,0.027210884353741496,15,true,true
2026-04-15,1000000085,십리향 2단 (1호 2호 3호),324,0.1797705385291385,Broad,0.3050665842564929,None,71414000,0.22381790607190097,0.16077569818408605,0.021604938271604937,0.021604938271604937,0.05864197530864197,12,true,true
2026-04-15,1000000086,십리향 3단,199,0.10859557083389447,Qualified,0.6484926226359005,Deep,50866020,0.2154504179575568,0.2794384039750174,0.04020100502512563,0.04522613065326633,0.11055276381909548,14,true,true
2026-04-15,1000000087,백리향 1단 (1호 2호 3호),457,0.2492900855229441,Broad,0.288834357900877,None,87585820,0.39745485567839844,0.315969958486497,0.0350109409190372,0.045951859956236324,0.07221006564551423,19,true,true
2026-04-15,1000000088,백리향 2단 (1호 2호),355,0.22402293289998165,Broad,0.3647879443514347,None,91094700,0.355230883856314,0.08558635775128855,0.011267605633802818,0.011267605633802818,0.10985915492957747,17,true,true
2026-04-15,1000000089,백리향 3단,51,0.024218857363453156,Qualified,0.42315460070882277,Deep,19509920,0.054022714203302354,0.1702147129623888,0.0392156862745098,0.0392156862745098,0.0784313725490196,6,true,true
2026-04-15,1000000090,일리향 1단 (1호 2호 3호),127,0.05941025520859882,None,0.10985730616477508,None,31302820,0.12065071064838155,0,0,0,0.023622047244094488,10,true,true
2026-04-15,1000000091,일리향 2단 (1호 2호 3호),181,0.18651799247353665,None,0.26180763299251303,None,105956480,0.19504221422309584,0.14277201830876513,0.022099447513812154,0.022099447513812154,0.06077348066298342,13,true,true
2026-04-15,1000000092,일리향 3단,151,0.07859067549493239,None,0.21820066034905042,None,40157160,0.13403834413388352,0.08153138494286051,0.013245033112582781,0.013245033112582781,0.059602649006622516,11,true,true
2026-04-15,1000000093,매화 2송이 1호,712,0.6403358581838622,Broad,0.31015341319701634,None,241099740,0.3473346789449318,0.11087097860767596,0.012640449438202247,0.012640449438202247,0.10955056179775281,17,true,true
2026-04-15,1000000094,매화 3송이 1호,186,0.16330323120911786,None,0.27044750638167625,None,89334840,0.15235009019842907,0.10494026502027044,0.016129032258064516,0.016129032258064516,0.0913978494623656,11,true,true
2026-04-15,1000000108,매화 2송이 2호,246,0.23074495645549203,Broad,0.29800252984736747,None,117362300,0.23175149069405052,0.2269010971494631,0.032520325203252036,0.032520325203252036,0.1016260162601626,14,true,true
2026-04-15,1000000110,매화 3송이 2호,73,0.0518961745787624,None,0.17431213037549637,None,38366900,0.054045170857394104,0.06763738147408517,0.0136986301369863,0.0136986301369863,0.0958904109589041,5,true,true
2026-04-15,1000000111,매화 3송이 3호,340,0.32285588519888264,Broad,0.3114329857505532,None,149970400,0.2883785296642318,0.08850519831206596,0.011764705882352941,0.011764705882352941,0.1,17,true,true
2026-04-15,1000000112,매화 5송이 2호,93,0.07446309986276156,None,0.17082007383210895,None,51001600,0.06875733397041336,0.17233418252674035,0.03225806451612903,0.03225806451612903,0.03225806451612903,6,true,true
2026-04-15,1000000113,매화 5송이 3호,104,0.085649622743859,None,0.21080954414298414,None,56522200,0.0707017104283752,0.12760686602122429,0.019230769230769232,0.028846153846153848,0.07692307692307693,7,true,true
2026-04-15,1000000121,깨송편 1kg,184,0.06621741073762628,None,0.20970967027447518,None,25888100,0.1714979711675607,0.22567305295496287,0.021739130434782608,0.05434782608695652,0.09239130434782608,11,true,true
2026-04-15,1000000127,흑임자이티,248,0.10777225098205781,Broad,0.1732358732046239,None,41709980,0.08317347563066832,0.20859811658065197,0.028225806451612902,0.03225806451612903,0.008064516129032258,6,true,true
2026-04-15,1000000128,흑임자인절미,62,0.019250614707928715,None,0.13425126725536896,None,12191260,0.02183880725230219,0.07524513261432,0.016129032258064516,0.016129032258064516,0,2,true,true
2026-04-15,1000000142,경기 미숫가루,37,0.010402257814928342,None,0.1428841514779877,None,8742840,0.013849033499370514,0,0,0,0,2,true,true
2026-04-15,1000000143,"경기참기름, 경기들기름",26,0.008394409003102852,None,0.12319183978007998,None,9283420,0.014326939914318881,0.12428378308354665,0.038461538461538464,0.038461538461538464,0,2,true,true
2026-04-15,1000000153,유밀상,55,0.008940559354122362,None,0.12877515376850082,None,3817000,0.07683202469328133,0,0,0,0.05454545454545454,8,true,true
2026-04-15,1000000154,화연상,38,0.005913038319024134,None,0.12062508040489904,None,3530600,0.008715879961546867,0,0,0,0.10526315789473684,1,true,true
2026-04-15,1000000156,기원상,71,0.012928493421821135,None,0.19119623981577225,None,4946400,0.06933828485728478,0.06888962786494447,0.014084507042253521,0.014084507042253521,0.14084507042253522,6,true,true
2026-04-16,1000000027,마스코바도 설기,16,0.002382582261594083,None,0.1146918369766749,None,3347920,0.03997379407990231,0,0,0,0.125,7,true,true
2026-04-16,1000000028,마스코바도 딸기설기,15,0.002220813351325347,None,0.05860605373387586,None,3335840,0.029968490032683315,0.15641049199128088,0.06666666666666667,0.06666666666666667,0.06666666666666667,6,true,true
2026-04-16,1000000033,가래떡,47,0.01061052248797964,None,0.13410670528799618,None,6851500,0.0819765039658436,0,0,0,0.06382978723404255,9,true,true
2026-04-16,1000000035,떡국떡 500g,77,0.03400553793692774,None,0.19570169821551564,None,21966100,0.14854500698909087,0.19586158522386166,0.03896103896103896,0.03896103896103896,0.012987012987012988,13,true,true
2026-04-16,1000000042,약식,190,0.08392722128379651,None,0.30321594866167834,None,36502720,0.4499038258271618,0.15151661459105797,0.021052631578947368,0.02631578947368421,0.11052631578947368,21,true,true
2026-04-16,1000000043,모듬영양찰떡,197,0.08557973885889683,None,0.27004412802472116,None,36361080,0.3781031224733181,0.33521209589125345,0.04060913705583756,0.06598984771573604,0.06598984771573604,19,true,true
2026-04-16,1000000044,고구마찰떡,144,0.05934177411710721,None,0.22135606388146356,None,28047040,0.2615486969762347,0.34601955519596983,0.04861111111111111,0.06944444444444445,0.034722222222222224,18,true,true
2026-04-16,1000000045,완두시루떡,307,0.2160058766441813,Broad,0.2736592347716338,None,95509320,0.43583067722026103,0.5220236340281068,0.06188925081433225,0.08469055374592833,0.06514657980456026,23,true,true
2026-04-16,1000000062,흰이티,239,0.10909659966583113,Broad,0.14665556150290304,None,44036900,0.26051176835098355,0.11597066914616717,0.016736401673640166,0.016736401673640166,0.029288702928870293,12,true,true
2026-04-16,1000000063,쑥이티,296,0.15953127090625238,Broad,0.23992689344950965,None,64547180,0.15458701664818353,0.27090790089091193,0.037162162162162164,0.037162162162162164,0.04054054054054054,10,true,true
2026-04-16,1000000064,2색 이티,1665,1,Broad,0.274527027027027,None,251868380,1,0.18025525525525526,0.016216216216216217,0.01981981981981982,0.08468468468468468,31,true,true
2026-04-16,1000000065,흰인절미,49,0.014302228924289848,None,0.14708940955929206,None,10169100,0.041300944622766685,0.4187294738361837,0.08163265306122448,0.12244897959183673,0.02040816326530612,4,true,true
2026-04-16,1000000066,쑥인절미,89,0.028650545706756535,None,0.17747176444595966,None,15080120,0.009417491196377316,0.30786904671044757,0.0449438202247191,0.07865168539325842,0.011235955056179775,1,true,true
2026-04-16,1000000069,설기세트,101,0.038165485077987255,None,0.1321715843527857,None,20395760,0.03243061449423588,0.16280562175179736,0.0297029702970297,0.0297029702970297,0.009900990099009901,3,true,true
2026-04-16,1000000070,마스코바도 쑥설기,23,0.0036596680148156613,None,0.09880072905477276,None,3642420,0.012211792629563076,0.13184193147287215,0.043478260869565216,0.043478260869565216,0.043478260869565216,2,true,true
2026-04-16,1000000071,마스코바도 호박설기,37,0.00802325940445786,None,0.11575229252631601,None,6075340,0.030918020047684906,0.3089249637140243,0.08108108108108109,0.08108108108108109,0,2,true,true
2026-04-16,1000000072,마스코바도 흑임자설기,13,0.0009822080963824145,None,0.061108811352861336,None,1470500,0.004929842037189211,0,0,0,0,1,true,true
2026-04-16,1000000074,경기 콩약과(10ea),3,0,None,0,None,497500,0,0,0,0,0,0,true,true
2026-04-16,1000000083,백설기,78,0.031939286721391395,None,0.2182738896229221,None,19991380,0.062318711792139346,0.3236329155023959,0.0641025641025641,0.0641025641025641,0.01282051282051282,6,true,true
2026-04-16,1000000084,십리향 1단 (1호 2호 3호),149,0.07908994910945713,None,0.13882368434189918,None,40921600,0.19131090959762553,0.04116654885471472,0.006711409395973154,0.006711409395973154,0.026845637583892617,15,true,true
2026-04-16,1000000085,십리향 2단 (1호 2호 3호),322,0.17891912558679887,Broad,0.28971171482145364,None,71294000,0.22438708465637186,0.16156329168497158,0.021739130434782608,0.021739130434782608,0.059006211180124224,12,true,true
2026-04-16,1000000086,십리향 3단,198,0.10807070657300757,Qualified,0.6282207391259822,Deep,50736020,0.2158147690422531,0.28051775502208154,0.04040404040404041,0.045454545454545456,0.1111111111111111,14,true,true
2026-04-16,1000000087,백리향 1단 (1호 2호 3호),457,0.24913979669006805,Broad,0.2729865082900221,None,87529820,0.3989382803527893,0.3160013915948756,0.0350109409190372,0.045951859956236324,0.07221006564551423,19,true,true
2026-04-16,1000000088,백리향 2단 (1호 2호),355,0.22396327632471702,Broad,0.3447726507279578,None,91094700,0.3567616166550325,0.08559487199508505,0.011267605633802818,0.011267605633802818,0.10985915492957747,17,true,true
2026-04-16,1000000089,백리향 3단,51,0.024297726192771967,Qualified,0.42523170384381437,Deep,19596500,0.06423812584115632,0.17023164614662503,0.0392156862745098,0.0392156862745098,0.0784313725490196,7,true,true
2026-04-16,1000000090,일리향 1단 (1호 2호 3호),127,0.059395011861444996,None,0.10382962275686666,None,31302820,0.12101155419970369,0,0,0,0.023622047244094488,10,true,true
2026-04-16,1000000091,일리향 2단 (1호 2호 3호),181,0.18623553033812165,None,0.24075505340450912,None,105824980,0.19575552785495548,0.1427862214575278,0.022099447513812154,0.022099447513812154,0.055248618784530384,13,true,true
2026-04-16,1000000092,일리향 3단,149,0.07768666104452455,None,0.20052309960496545,None,39943160,0.13375624325320398,0.08233309770942944,0.013422818791946308,0.013422818791946308,0.06040268456375839,11,true,true
2026-04-16,1000000093,매화 2송이 1호,713,0.6404909045431092,Broad,0.2928038463379299,None,241095240,0.34829266738844245,0.11075643407872908,0.012622720897615708,0.012622720897615708,0.1093969144460028,17,true,true
2026-04-16,1000000094,매화 3송이 1호,186,0.16323569008189154,None,0.25560851201855267,None,89334840,0.1526613313772161,0.10495070461629866,0.016129032258064516,0.016129032258064516,0.0913978494623656,11,true,true
2026-04-16,1000000108,매화 2송이 2호,246,0.23064993853974086,Broad,0.2816516382463893,None,117362300,0.23275085829271902,0.22692366956999346,0.032520325203252036,0.032520325203252036,0.1016260162601626,14,true,true
2026-04-16,1000000110,매화 3송이 2호,73,0.051314843966081033,None,0.15207500350867484,None,37882900,0.0540697369435256,0.06764411013003874,0.0136986301369863,0.0136986301369863,0.0821917808219178,5,true,true
2026-04-16,1000000111,매화 3송이 3호,338,0.32122822395511874,Broad,0.29569509539286365,None,149561400,0.2887487203084002,0.08891994031268416,0.011834319526627219,0.011834319526627219,0.10059171597633136,17,true,true
2026-04-16,1000000112,매화 5송이 2호,94,0.07532576776493674,None,0.17094970425823242,None,51416100,0.0764974925777962,0.17108936904929306,0.031914893617021274,0.031914893617021274,0.031914893617021274,6,true,true
2026-04-16,1000000113,매화 5송이 3호,104,0.0856121052670197,None,0.19924278326179626,None,56522200,0.07079516384019867,0.12761956052062767,0.019230769230769232,0.028846153846153848,0.07692307692307693,7,true,true
2026-04-16,1000000121,깨송편 1kg,184,0.06621195723256602,None,0.19820325760042476,None,25888100,0.17198690180195716,0.22569550320803636,0.021739130434782608,0.05434782608695652,0.09239130434782608,11,true,true
2026-04-16,1000000127,흑임자이티,247,0.10735106740784087,Broad,0.16423345773531278,None,41626480,0.08323553543410371,0.2092594411934234,0.02834008097165992,0.032388663967611336,0.008097165991902834,6,true,true
2026-04-16,1000000128,흑임자인절미,62,0.01924693311065645,None,0.12688512872187796,None,12191260,0.02189359801456198,0.07525261809939507,0.016129032258064516,0.016129032258064516,0,2,true,true
2026-04-16,1000000142,경기 미숫가루,36,0.010157772273966054,None,0.13715143487676382,None,8708840,0.01369976757676231,0,0,0,0,2,true,true
2026-04-16,1000000143,"경기참기름, 경기들기름",26,0.008391353584315283,None,0.11643251320858795,None,9283420,0.014358812923121977,0.12429614699827472,0.038461538461538464,0.038461538461538464,0,2,true,true
2026-04-16,1000000153,유밀상,55,0.008942160868564265,None,0.1217094802614789,None,3817000,0.07702365707483998,0,0,0,0.05454545454545454,8,true,true
2026-04-16,1000000154,화연상,38,0.005913502457302412,None,0.11400658755160017,None,3530600,0.008762388336161185,0,0,0,0.10526315789473684,1,true,true
2026-04-16,1000000156,기원상,71,0.012930705893851355,None,0.1807056275604215,None,4946400,0.06952640672257282,0.06889648109602127,0.014084507042253521,0.014084507042253521,0.14084507042253522,6,true,true
2026-04-17,1000000027,마스코바도 설기,16,0.002380756160940036,None,0.11991532440795433,None,3347920,0.0400132895700369,0,0,0,0.125,7,true,true
2026-04-17,1000000028,마스코바도 딸기설기,15,0.00221914530718848,None,0.06127518863610996,None,3335840,0.02995223648579444,0.15318797159027492,0.06666666666666667,0.06666666666666667,0.06666666666666667,6,true,true
2026-04-17,1000000033,가래떡,47,0.010601445105850637,None,0.14021441711812932,None,6851500,0.06968195281810503,0,0,0,0.06382978723404255,8,true,true
2026-04-17,1000000035,떡국떡 500g,77,0.03398127027834306,None,0.20461467221484814,None,21966100,0.14862877762108598,0.19182625520142013,0.03896103896103896,0.03896103896103896,0.012987012987012988,13,true,true
2026-04-17,1000000042,약식,190,0.08377120945419075,None,0.31702551644390736,None,36444220,0.4496647876168245,0.14839492259076514,0.021052631578947368,0.02631578947368421,0.11052631578947368,21,true,true
2026-04-17,1000000043,모듬영양찰떡,197,0.08551113915880094,None,0.2823429292804271,None,36361080,0.37807085604574564,0.32830573172142685,0.04060913705583756,0.06598984771573604,0.06598984771573604,19,true,true
2026-04-17,1000000044,고구마찰떡,145,0.060298719413308,None,0.23028127777611976,None,28572040,0.2616501439240635,0.3371975853150325,0.04827586206896552,0.06896551724137931,0.034482758620689655,18,true,true
2026-04-17,1000000045,완두시루떡,308,0.2168971888866139,Broad,0.2854065326738599,None,95921320,0.4362065126338081,0.5099887223188644,0.06168831168831169,0.08441558441558442,0.06493506493506493,23,true,true
2026-04-17,1000000062,흰이티,240,0.10957814399186157,Broad,0.15285096961675335,None,44218900,0.26054281086882475,0.11322294045685435,0.016666666666666666,0.016666666666666666,0.029166666666666667,12,true,true
2026-04-17,1000000063,쑥이티,298,0.16059487726998237,Broad,0.24955869445738535,None,64895180,0.1549763299624363,0.26395631144531145,0.03691275167785235,0.03691275167785235,0.040268456375838924,10,true,true
2026-04-17,1000000064,2색 이티,1667,1,Broad,0.2855428914217157,None,251937800,1,0.17636472705458908,0.016196760647870425,0.01979604079184163,0.08458308338332333,31,true,true
2026-04-17,1000000065,흰인절미,48,0.014030424817118579,None,0.15573658188020836,None,10122100,0.040943637440663545,0.41529755168055565,0.08333333333333333,0.125,0.020833333333333332,4,true,true
2026-04-17,1000000066,쑥인절미,89,0.028627049125610402,None,0.1855544803168284,None,15080120,0.009417804845828746,0.3015260305148461,0.0449438202247191,0.07865168539325842,0.011235955056179775,1,true,true
2026-04-17,1000000069,설기세트,101,0.03813563956943603,None,0.13819116366931083,None,20395760,0.03240898927573603,0.15945134269535863,0.0297029702970297,0.0297029702970297,0.009900990099009901,3,true,true
2026-04-17,1000000070,마스코바도 쑥설기,23,0.0036566054834815194,None,0.1033004770754083,None,3642420,0.01219667339676972,0.12912559634426038,0.043478260869565216,0.043478260869565216,0.043478260869565216,2,true,true
2026-04-17,1000000071,마스코바도 호박설기,37,0.008016623546119293,None,0.12102407699756794,None,6075340,0.03089371431503171,0.30256019249391986,0.08108108108108109,0.08108108108108109,0,2,true,true
2026-04-17,1000000072,마스코바도 흑임자설기,13,0.0009812800377686432,None,0.0638919310277778,None,1470500,0.004910729717670355,0,0,0,0,1,true,true
2026-04-17,1000000074,경기 콩약과(10ea),3,0,None,0,None,497500,0,0,0,0,0,0,true,true
2026-04-17,1000000083,백설기,78,0.03191585565055855,None,0.22821488410933596,None,19991380,0.06230349880869009,0.31696511681852213,0.0641025641025641,0.0641025641025641,0.01282051282051282,6,true,true
2026-04-17,1000000084,십리향 1단 (1호 2호 3호),149,0.0790328455793274,None,0.145146224720002,None,40921600,0.19123347423709505,0.040318395755556104,0.006711409395973154,0.006711409395973154,0.026845637583892617,15,true,true
2026-04-17,1000000085,십리향 2단 (1호 2호 3호),322,0.17767167166531056,Broad,0.30290625020388057,None,70654500,0.2244456457854713,0.15823460831545996,0.021739130434782608,0.021739130434782608,0.059006211180124224,12,true,true
2026-04-17,1000000086,십리향 3단,198,0.10801751929632769,Qualified,0.6449807643527031,Deep,50753020,0.21598066109267852,0.27473825662082696,0.04040404040404041,0.045454545454545456,0.1111111111111111,14,true,true
2026-04-17,1000000087,백리향 1단 (1호 2호 3호),457,0.24942949771632722,Broad,0.2854193163481211,None,87789820,0.39949567159748145,0.309490824955794,0.0350109409190372,0.045951859956236324,0.07221006564551423,19,true,true
2026-04-17,1000000088,백리향 2단 (1호 2호),351,0.22063468690530724,Broad,0.35520772261517614,None,90029200,0.34168511074391616,0.08457326728932767,0.011396011396011397,0.011396011396011397,0.10541310541310542,16,true,true
2026-04-17,1000000089,백리향 3단,50,0.023732599030289143,Qualified,0.4219285417150013,Deep,19334500,0.06370923742366354,0.16877141668600054,0.04,0.04,0.08,7,true,true
2026-04-17,1000000090,일리향 1단 (1호 2호 3호),127,0.059350931128711655,None,0.10855840506397434,None,31302820,0.12096645434400814,0,0,0,0.023622047244094488,10,true,true
2026-04-17,1000000091,일리향 2단 (1호 2호 3호),181,0.18612198713834435,None,0.2517199226456498,None,105824980,0.1958413881202936,0.13984440146980545,0.022099447513812154,0.022099447513812154,0.055248618784530384,13,true,true
2026-04-17,1000000092,일리향 3단,149,0.07763022585924095,None,0.20965565792889174,None,39943160,0.13371072517055066,0.08063679151111221,0.013422818791946308,0.013422818791946308,0.06040268456375839,11,true,true
2026-04-17,1000000093,매화 2송이 1호,715,0.6414447038093866,Broad,0.3054475824160486,None,241404840,0.3482662431313854,0.10822945833639518,0.012587412587412588,0.012587412587412588,0.10909090909090909,17,true,true
2026-04-17,1000000094,매화 3송이 1호,186,0.16346522356178483,None,0.274102422882426,None,89553840,0.15262012569735148,0.10278840858090973,0.016129032258064516,0.016129032258064516,0.0967741935483871,11,true,true
2026-04-17,1000000108,매화 2송이 2호,246,0.23050339772696657,Broad,0.29447908814309354,None,117362300,0.2325997612973758,0.22224836840988194,0.032520325203252036,0.032520325203252036,0.1016260162601626,14,true,true
2026-04-17,1000000110,매화 3송이 2호,73,0.05128293166554521,None,0.15900105762358877,None,37882900,0.054009164373285366,0.06625044067649531,0.0136986301369863,0.0136986301369863,0.0821917808219178,5,true,true
2026-04-17,1000000111,매화 3송이 3호,337,0.3202776247885428,Broad,0.3098732018274298,None,149360400,0.2890361847038737,0.0872882258668816,0.011869436201780416,0.011869436201780416,0.10089020771513353,17,true,true
2026-04-17,1000000112,매화 5송이 2호,95,0.07617271941529935,None,0.17743859502390272,None,51828100,0.07703001113527494,0.16634868283490878,0.031578947368421054,0.031578947368421054,0.031578947368421054,6,true,true
2026-04-17,1000000113,매화 5송이 3호,102,0.0844370914932465,None,0.21115162047527974,None,56242200,0.07034684002881779,0.12669097228516785,0.0196078431372549,0.029411764705882353,0.0784313725490196,7,true,true
2026-04-17,1000000121,깨송편 1kg,184,0.0661548816374042,None,0.20723016180045964,None,25888100,0.17184866179304245,0.22104550592049024,0.021739130434782608,0.05434782608695652,0.09239130434782608,11,true,true
2026-04-17,1000000127,흑임자이티,245,0.10609358246610372,Broad,0.16720195283608846,None,41239400,0.08311922070602543,0.2062157418311758,0.02857142857142857,0.0326530612244898,0.00816326530612245,6,true,true
2026-04-17,1000000128,흑임자인절미,62,0.019231783652267194,None,0.1326639434358649,None,12191260,0.021882131802192863,0.07370219079770272,0.016129032258064516,0.016129032258064516,0,2,true,true
2026-04-17,1000000142,경기 미숫가루,36,0.010150238920340983,None,0.14339781487333159,None,8708840,0.01371184284702374,0,0,0,0,2,true,true
2026-04-17,1000000143,"경기참기름, 경기들기름",26,0.008385746418271991,None,0.12173527742764062,None,9283420,0.014351969129122333,0.12173527742764062,0.038461538461538464,0.038461538461538464,0,2,true,true
2026-04-17,1000000153,유밀상,55,0.008932844741842067,None,0.1272525769383826,None,3817000,0.07697604718348774,0,0,0,0.05454545454545454,8,true,true
2026-04-17,1000000154,화연상,38,0.005907750680878873,None,0.11919886620766487,None,3530600,0.008758074846250031,0,0,0,0.10526315789473684,1,true,true
2026-04-17,1000000156,기원상,71,0.012917304950865334,None,0.1889356254330276,None,4946400,0.06946894416117412,0.06747700908322415,0.014084507042253521,0.014084507042253521,0.14084507042253522,6,true,true
2026-04-18,1000000027,마스코바도 설기,17,0.002602149189876151,None,0.11500782761547278,None,3457920,0.04417658936191286,0,0,0,0.11764705882352941,7,true,true
2026-04-18,1000000028,마스코바도 딸기설기,15,0.00222072661125578,None,0.060067608117438574,None,3335840,0.03166773224298391,0.15323369417713925,0.06666666666666667,0.06666666666666667,0.06666666666666667,6,true,true
2026-04-18,1000000033,가래떡,47,0.010611362666699951,None,0.13745114209087086,None,6851500,0.07348420019729274,0,0,0,0.06382978723404255,8,true,true
2026-04-18,1000000035,떡국떡 500g,77,0.034002723803650166,None,0.20058222943497608,None,21966100,0.1583334948440104,0.1918835103013164,0.03896103896103896,0.03896103896103896,0.012987012987012988,13,true,true
2026-04-18,1000000042,약식,190,0.08371760449847966,None,0.3107777374308895,None,36365220,0.4854866406150312,0.14843921457836667,0.021052631578947368,0.02631578947368421,0.11052631578947368,21,true,true
2026-04-18,1000000043,모듬영양찰떡,197,0.08558124412365992,None,0.2767786572059919,None,36361080,0.40486881395941593,0.3284037223611674,0.04060913705583756,0.06598984771573604,0.06598984771573604,19,true,true
2026-04-18,1000000044,고구마찰떡,145,0.06034633864753185,None,0.22574301047663212,None,28572040,0.27811114654548336,0.33729822993957426,0.04827586206896552,0.06896551724137931,0.034482758620689655,18,true,true
2026-04-18,1000000045,완두시루떡,308,0.21698329534344438,Broad,0.2797818846486167,None,95895320,0.4662685802079743,0.5101409405603751,0.06168831168831169,0.08441558441558442,0.06493506493506493,23,true,true
2026-04-18,1000000062,흰이티,239,0.10948485511930994,Broad,0.150312949522266,None,44275400,0.22518278983529166,0.11361523017556009,0.016736401673640166,0.016736401673640166,0.029288702928870293,11,true,true
2026-04-18,1000000063,쑥이티,297,0.1601876252684964,Broad,0.24527361149215196,None,64760180,0.1634350636044144,0.264718379750164,0.037037037037037035,0.037037037037037035,0.04040404040404041,10,true,true
2026-04-18,1000000064,2색 이티,1664,1,Broad,0.28151442307692304,None,251982800,1,0.17668269230769232,0.01622596153846154,0.019831730769230768,0.08533653846153846,30,true,true
2026-04-18,1000000065,흰인절미,48,0.014041021479702027,None,0.15266740385711236,None,10122100,0.04352691171972061,0.41542150709418335,0.08333333333333333,0.125,0.020833333333333332,4,true,true
2026-04-18,1000000066,쑥인절미,90,0.029014059193868312,None,0.18051496128089686,None,15190120,0.009861877705884536,0.29932327763414024,0.044444444444444446,0.07777777777777778,0.011111111111111112,1,true,true
2026-04-18,1000000069,설기세트,101,0.038165304343330805,None,0.13546776190076454,None,20395760,0.034140744763748794,0.15949893473402418,0.0297029702970297,0.0297029702970297,0.009900990099009901,3,true,true
2026-04-18,1000000070,마스코바도 쑥설기,23,0.003659877245882678,None,0.10126468336408205,None,3642420,0.012836562375736413,0.1291641369439822,0.043478260869565216,0.043478260869565216,0.043478260869565216,2,true,true
2026-04-18,1000000071,마스코바도 호박설기,37,0.008023637265913586,None,0.11863899551637731,None,6075340,0.033592521059507705,0.30265049876626865,0.08108108108108109,0.08108108108108109,0,2,true,true
2026-04-18,1000000074,경기 콩약과(10ea),3,0,None,0,None,497500,0,0,0,0,0,0,true,true
2026-04-18,1000000083,백설기,77,0.0315237574010326,None,0.22565500811434805,None,19856380,0.06539411845060358,0.319805850502194,0.06493506493506493,0.06493506493506493,0.012987012987012988,6,true,true
2026-04-18,1000000084,십리향 1단 (1호 2호 3호),149,0.07908415336069927,None,0.14228575611546665,None,40921600,0.2131080424893167,0.04033042973794406,0.006711409395973154,0.006711409395973154,0.026845637583892617,16,true,true
2026-04-18,1000000085,십리향 2단 (1호 2호 3호),321,0.17730594305752997,Broad,0.2976514402094702,None,70541000,0.2390426069702031,0.15866281461059184,0.021806853582554516,0.021806853582554516,0.059190031152647975,12,true,true
2026-04-18,1000000086,십리향 3단,199,0.10854651565563585,Qualified,0.636366335238421,Deep,50857020,0.22992322689906328,0.27379006433121983,0.04020100502512563,0.04522613065326633,0.11055276381909548,14,true,true
2026-04-18,1000000087,백리향 1단 (1호 2호 3호),455,0.2485038201962452,Broad,0.27738213868511025,None,87513820,0.427261664204492,0.31065694974688807,0.035164835164835165,0.046153846153846156,0.07032967032967033,19,true,true
2026-04-18,1000000088,백리향 2단 (1호 2호),351,0.22078432138792561,Broad,0.34820746793690766,None,90029200,0.36750142251202605,0.08459851018875308,0.011396011396011397,0.011396011396011397,0.10541310541310542,16,true,true
2026-04-18,1000000089,백리향 3단,49,0.023261506705951566,Qualified,0.41877115875706206,Deep,19136500,0.06669868755273502,0.17092700357431104,0.04081632653061224,0.04081632653061224,0.08163265306122448,7,true,true
2026-04-18,1000000090,일리향 1단 (1호 2호 3호),128,0.06018415133321831,None,0.10582468416780161,None,31681320,0.1278967674860864,0,0,0,0.0234375,10,true,true
2026-04-18,1000000091,일리향 2단 (1호 2호 3호),181,0.18619799266191264,None,0.24675915334384432,None,105824980,0.2082623387548541,0.1398861413513857,0.022099447513812154,0.022099447513812154,0.055248618784530384,13,true,true
2026-04-18,1000000092,일리향 3단,148,0.07734203607961962,None,0.20653067239955608,None,39907160,0.1403555364370946,0.08105599387737682,0.013513513513513514,0.013513513513513514,0.060810810810810814,11,true,true
2026-04-18,1000000093,매화 2송이 1호,717,0.6443090477930735,Broad,0.29875331266377814,None,242250340,0.3700978312740257,0.10801782958275764,0.012552301255230125,0.012552301255230125,0.1087866108786611,17,true,true
2026-04-18,1000000094,매화 3송이 1호,185,0.16186108788756395,None,0.2562874214007564,None,88699240,0.161074674136616,0.10323070142350553,0.016216216216216217,0.016216216216216217,0.08648648648648649,11,true,true
2026-04-18,1000000108,매화 2송이 2호,245,0.22993695553342763,Broad,0.2895687172126886,None,117189300,0.24763866222510444,0.22300247763780415,0.0326530612244898,0.0326530612244898,0.10204081632653061,14,true,true
2026-04-18,1000000110,매화 3송이 2호,73,0.0513052170772004,None,0.155867544958705,None,37882900,0.05711309711631774,0.06627021469332696,0.0136986301369863,0.0136986301369863,0.0821917808219178,5,true,true
2026-04-18,1000000111,매화 3송이 3호,338,0.3208852359596403,Broad,0.30306932442442236,None,149395400,0.30687895167109863,0.08711391906422028,0.011834319526627219,0.011834319526627219,0.09763313609467456,17,true,true
2026-04-18,1000000112,매화 5송이 2호,96,0.07684220613299411,None,0.1618979074094938,None,52035400,0.08252005935812662,0.1652019463362182,0.03125,0.03125,0.03125,6,true,true
2026-04-18,1000000113,매화 5송이 3호,102,0.08447262441079666,None,0.20699035081544917,None,56242200,0.07354360682188857,0.1267287862135403,0.0196078431372549,0.029411764705882353,0.0784313725490196,7,true,true
2026-04-18,1000000121,깨송편 1kg,184,0.06621769073235362,None,0.2031461742707357,None,25888100,0.18291014342487721,0.2211114821994402,0.021739130434782608,0.05434782608695652,0.09239130434782608,11,true,true
2026-04-18,1000000127,흑임자이티,244,0.10546573453393789,Broad,0.1644158182016456,None,40962900,0.08743814502947761,0.20691786644424787,0.028688524590163935,0.03278688524590164,0.00819672131147541,6,true,true
2026-04-18,1000000128,흑임자인절미,62,0.019246950830977536,None,0.13004946933649245,None,12191260,0.023245319614371648,0.07372418896626555,0.016129032258064516,0.016129032258064516,0,2,true,true
2026-04-18,1000000142,경기 미숫가루,35,0.009827090661355396,None,0.14280735956123078,None,8573840,0.01415667964905933,0,0,0,0,2,true,true
2026-04-18,1000000143,"경기참기름, 경기들기름",26,0.00839022366002394,None,0.11933617996700802,None,9283420,0.015200660281865012,0.12177161221123269,0.038461538461538464,0.038461538461538464,0,2,true,true
2026-04-18,1000000153,유밀상,55,0.008944770091401405,None,0.12474474732117659,None,3817000,0.08137758836035486,0,0,0,0.05454545454545454,8,true,true
2026-04-18,1000000154,화연상,38,0.005914762253137116,None,0.11684975506033066,None,3530600,0.009286984067250375,0,0,0,0.10526315789473684,1,true,true
2026-04-18,1000000156,기원상,71,0.012934400326602926,None,0.18521217740072787,None,4946400,0.07383125731099405,0.067497149198516,0.014084507042253521,0.014084507042253521,0.14084507042253522,6,true,true
2026-04-05,1000000027,마스코바도 설기,15,0.0008045664608272103,Qualified,0.11293910384043644,Core,3216920,0,0,0,0,0,0,true,false
2026-04-05,1000000028,마스코바도 딸기설기,13,0.0004038396144877456,None,0.016221732047205128,None,2453840,0,0,0,0,0,0,true,false
2026-04-05,1000000033,가래떡(40개) 4kg,46,0.007460322368297388,None,0.06989119139675219,None,6815500,0,0,0,0,0,0,true,false
2026-04-05,1000000035,떡국떡 500g,77,0.028545683431010452,None,0.13019201294711857,None,21966100,0,0,0,0,0,0,true,false
2026-04-05,1000000042,약식,188,0.07668865338053574,Qualified,0.49650854127257493,Scale,36574640,0,0,0,0,0,0,true,false
2026-04-05,1000000043,모듬영양찰떡,194,0.07727193198691498,None,0.18849612581230568,None,35856080,0,0,0,0,0,0,true,false
2026-04-05,1000000044,고구마찰떡,141,0.05234607165579076,None,0.15060284885945555,None,27996040,0,0,0,0,0,0,true,false
2026-04-05,1000000045,완두시루떡,312,0.21772828170156652,Broad,0.19838674482444682,None,101212040,0,0,0,0,0,0,true,false
2026-04-05,1000000062,흰이티,240,0.10238234417495859,Broad,0.025154719989514778,None,44132400,0,0,0,0,0,0,true,false
2026-04-05,1000000063,쑥이티,296,0.15124948078703063,Broad,0.1459871788189511,None,64375180,0,0,0,0,0,0,true,false
2026-04-05,1000000064,2색 이티,1655,1,Broad,0.11482761419488655,None,248129740,0,0,0,0,0,0,true,false
2026-04-05,1000000065,흰인절미,50,0.011038722888536719,None,0.0790056819434829,None,10244100,0,0,0,0,0,0,true,false
2026-04-05,1000000066,쑥인절미,86,0.022889862631939387,None,0.0803288493819056,None,14615040,0,0,0,0,0,0,true,false
2026-04-05,1000000069,설기세트,103,0.034399066423677245,None,0.03732308721376795,None,21292540,0,0,0,0,0,0,true,false
2026-04-05,1000000070,마스코바도 쑥설기,23,0.0018989881579461981,None,0.04336311004482376,None,3663420,0,0,0,0,0,0,true,false
2026-04-05,1000000071,마스코바도 호박설기,35,0.004865146932827364,None,0.0574149088390431,None,5767840,0,0,0,0,0,0,true,false
2026-04-05,1000000072,마스코바도 흑임자설기,13,0.0001528253185746204,None,0.016221732047205128,None,1470500,0,0,0,0,0,0,true,false
2026-04-05,1000000083,백설기,78,0.026877939438498484,None,0.12773318154924443,None,20116880,0,0,0,0,0,0,true,false
2026-04-05,1000000084,십리향 1단 (1호 2호 3호),147,0.0685809717805855,None,0.02634895937546153,None,39029600,0,0,0,0,0,0,true,false
2026-04-05,1000000085,십리향 2단 (1호 2호 3호),315,0.16696590656969434,Broad,0.20740370571239916,None,70304000,0,0,0,0,0,0,true,false
2026-04-05,1000000086,십리향 3단,199,0.100525937373643,Qualified,0.5492608909456661,Deep,50777520,0,0,0,0,0,0,true,false
2026-04-05,1000000087,백리향 1단 (1호 2호 3호),457,0.2470207911099425,Broad,0.17142307189037947,None,90366820,0,0,0,0,0,0,true,false
2026-04-05,1000000088,백리향 2단 (1호 2호),350,0.2132909840131832,Broad,0.2910950908039243,None,90903200,0,0,0,0,0,0,true,false
2026-04-05,1000000089,백리향 3단,51,0.019977022960634288,Qualified,0.35100335297362195,Deep,20477420,0,0,0,0,0,0,true,false
2026-04-05,1000000090,일리향 1단 (1호 2호 3호),128,0.055892358602135664,None,0.004650832605335015,None,33467120,0,0,0,0,0,0,true,false
2026-04-05,1000000091,일리향 2단 (1호 2호 3호),179,0.17287487688949071,None,0.16714322297740364,None,106031980,0,0,0,0,0,0,true,false
2026-04-05,1000000092,일리향 3단,154,0.07308551773390348,None,0.12923170536736317,None,40859460,0,0,0,0,0,0,true,false
2026-04-05,1000000093,매화 2송이 1호,697,0.6187229896434655,Broad,0.19240572839236536,None,236151940,0,0,0,0,0,0,true,false
2026-04-05,1000000094,매화 3송이 1호,190,0.159776132259288,None,0.17719958798036375,None,93608140,0,0,0,0,0,0,true,false
2026-04-05,1000000095,매화 5송이 1호,7,0,None,0,None,5727000,0,0,0,0,0,0,true,false
2026-04-05,1000000108,매화 2송이 2호,247,0.22253012099564068,Broad,0.20122705201000793,None,119587300,0,0,0,0,0,0,true,false
2026-04-05,1000000110,매화 3송이 2호,71,0.04063946602643541,None,0.08110272880559914,None,35632400,0,0,0,0,0,0,true,false
2026-04-05,1000000111,매화 3송이 3호,337,0.30903555801438143,Broad,0.22547911922009836,None,149515500,0,0,0,0,0,0,true,false
2026-04-05,1000000112,매화 5송이 2호,93,0.06702999677493739,None,0.09484318056095747,None,52530900,0,0,0,0,0,0,true,false
2026-04-05,1000000113,매화 5송이 3호,102,0.07467537649055656,Heavy,0.13044910679290941,None,56058000,0,0,0,0,0,0,true,false
2026-04-05,1000000121,깨송편 1kg,183,0.05993609312461938,None,0.10741475350146615,None,25815100,0,0,0,0,0,0,true,false
2026-04-05,1000000127,흑임자이티,245,0.09944218325097523,Broad,0.03580770264791278,None,41356980,0,0,0,0,0,0,true,false
2026-04-05,1000000128,흑임자인절미,61,0.014893840127982701,None,0.05261190267056899,None,12027760,0,0,0,0,0,0,true,false
2026-04-05,1000000142,경기 미숫가루,34,0.006490238355096702,None,0.06022723003519105,None,8416840,0,0,0,0,0,0,true,false
2026-04-05,1000000143,"경기참기름, 경기들기름",25,0.005057573600639037,None,0.06258587550274847,None,9081420,0,0,0,0,0,0,true,false
2026-04-05,1000000144,경기 미숫가루 쫀드기,61,0.01870661333246669,None,0,None,16109740,0,0,0,0,0,0,true,false
2026-04-05,1000000153,유밀상,55,0.006334068083627038,None,0.047875698298235306,None,3817000,0,0,0,0,0,0,true,false
2026-04-05,1000000154,화연상,36,0.003402188586687617,None,0.054650859891008714,None,3447000,0,0,0,0,0,0,true,false
2026-04-05,1000000156,기원상,68,0.008974116324695837,None,0.10447912031285295,None,4514600,0,0,0,0,0,0,true,false
