AA_Broad_Ratio,AA_Qualified_Ratio,AA_Heavy_Ratio,AA_Concentration_Index,Chain_Balance_Index,Value_Readiness,BHI,Confidence_Index
0.24290220820189273,0.2555205047318612,0.0,0.19342631716710915,0.7155348697911799,0.9406825443128166,0.7419708609669201,High
